repository,file,wmc,dit,noc,cbo,rfc,lcom,lcom_star,num_methods,num_static_methods,num_fields,num_static_fields,tcc,lcc,num_classes
NationalSecurityAgency/datawave,core/annotation/src/test/java/datawave/annotation/data/transform/VisibilityTransformerTest.java,22,1,0,12,36,28,0,10,4,2,2,0.0,0.0,2
NationalSecurityAgency/datawave,warehouse/query-core/src/main/java/datawave/query/index/lookup/Intersection.java,105,2,0,18,90,71,0,31,9,15,2,0.6666667,1.0,2
NationalSecurityAgency/datawave,core/base-rest-responses/src/main/java/datawave/webservice/query/exception/TimeoutQueryException.java,12,4,1,2,0,66,0,12,0,1,1,0.0,0.0,1
NationalSecurityAgency/datawave,warehouse/age-off/src/test/java/datawave/ingest/util/cache/watch/FileRuleDataTypeMergeTest.java,4,1,0,10,11,1,0,3,1,4,2,0.0,0.0,1
NationalSecurityAgency/datawave,warehouse/query-core/src/test/java/datawave/query/IndexValueHoleQueryTest.java,15,4,0,15,23,1,0,12,1,15,15,0.41666666,0.41666666,3
NationalSecurityAgency/datawave,warehouse/ingest-core/src/test/java/datawave/ingest/mapreduce/job/statsd/StatsDEnabledClassesTest.java,64,6,0,18,29,1273,0,64,0,1,0,0.0007843137,0.0007843137,6
NationalSecurityAgency/datawave,warehouse/query-core/src/main/java/datawave/query/data/parsers/KeyParserFactory.java,5,1,0,5,0,1,0,2,1,0,0,0.0,0.0,2
NationalSecurityAgency/datawave,warehouse/query-core/src/main/java/datawave/query/common/grouping/Group.java,17,1,0,10,14,26,0,16,0,5,0,0.39166668,1.0,1
NationalSecurityAgency/datawave,core/base-rest-responses/src/test/java/datawave/webservice/query/exception/QueryExceptionTest.java,12,1,0,5,14,0,0,12,0,7,1,1.0,1.0,1
NationalSecurityAgency/datawave,warehouse/query-core/src/main/java/datawave/query/CloseableIterable.java,0,1,0,1,0,0,0,0,0,0,0,0.0,0.0,1
NationalSecurityAgency/datawave,microservices/starters/datawave/src/main/java/datawave/microservice/authorization/jwt/JWTPreauthToken.java,9,1,0,2,4,26,0,8,0,2,1,0.035714287,0.035714287,1
NationalSecurityAgency/datawave,core/utils/type-utils/src/main/java/datawave/data/normalizer/regex/DigitCharClassNode.java,5,2,0,4,1,10,0,5,0,0,0,0.0,0.0,1
NationalSecurityAgency/datawave,core/utils/type-utils/src/main/java/datawave/data/normalizer/regex/visitor/EqualityVisitor.java,28,1,0,23,5,231,0,22,1,0,0,0.0,0.0,1
NationalSecurityAgency/datawave,microservices/services/audit/service/src/test/java/datawave/microservice/audit/AuditServiceTest.java,46,3,0,33,86,10,0,28,0,13,2,1.0,1.0,10
NationalSecurityAgency/datawave,warehouse/query-core/src/test/java/datawave/query/index/day/DayIndexIngestUtil.java,11,1,0,7,14,39,0,10,2,3,1,0.10714286,0.10714286,1
NationalSecurityAgency/datawave,warehouse/ingest-core/src/main/java/datawave/util/flag/config/ConfigUtil.java,8,1,0,8,30,6,0,4,4,1,1,0.0,0.0,1
NationalSecurityAgency/datawave,warehouse/ingest-core/src/main/java/datawave/ingest/mapreduce/handler/edge/evaluation/EdgePreconditionArithmetic.java,107,2,0,4,23,108,0,16,0,3,0,0.021978023,0.021978023,1
NationalSecurityAgency/datawave,warehouse/ingest-core/src/main/java/datawave/ingest/input/reader/LineReader.java,0,1,0,0,0,0,0,0,0,3,3,0.0,0.0,2
NationalSecurityAgency/datawave,warehouse/query-core/src/test/java/datawave/query/testframework/MockStatusReporter.java,7,2,0,4,4,15,0,7,0,3,0,0.14285715,0.14285715,1
NationalSecurityAgency/datawave,microservices/services/query-metric/service/src/test/java/datawave/microservice/querymetric/AlternateQueryMetricTest.java,3,2,0,12,16,3,0,3,0,0,0,0.0,0.0,1
NationalSecurityAgency/datawave,microservices/services/query-executor/service/src/test/java/datawave/microservice/query/executor/QueryExecutorTest.java,73,7,10,40,94,45,0,35,1,22,4,0.2777778,0.2777778,12
NationalSecurityAgency/datawave,warehouse/ingest-core/src/main/java/datawave/ingest/mapreduce/handler/facet/FacetValue.java,12,2,0,5,13,22,0,8,1,3,0,0.04761905,0.04761905,1
NationalSecurityAgency/datawave,microservices/starters/query-metric/src/main/java/datawave/microservice/querymetric/QueryMetricClient.java,54,1,0,23,77,13,0,22,0,16,2,0.4,0.6,3
NationalSecurityAgency/datawave,warehouse/query-core/src/main/java/datawave/query/function/CountMap.java,6,3,0,1,6,10,0,5,0,2,2,0.0,0.0,1
NationalSecurityAgency/datawave,warehouse/query-core/src/main/java/datawave/query/language/functions/jexl/Geowave.java,16,16,14,5,15,6,0,11,0,1,1,0.0,0.0,8
NationalSecurityAgency/datawave,web-services/common/src/main/java/datawave/webservice/common/health/HealthBean.java,41,1,0,30,32,11,0,28,0,24,5,0.5,0.6,6
NationalSecurityAgency/datawave,warehouse/query-core/src/test/java/datawave/query/lucene/visitors/LuceneQueryStringBuildingVisitorTest.java,53,1,0,38,15,1354,0,53,0,4,2,0.0008865248,0.0008865248,1
NationalSecurityAgency/datawave,warehouse/query-core/src/main/java/datawave/query/planner/comparator/DefaultQueryPlanComparator.java,1,1,0,1,6,0,0,1,0,0,0,0.0,0.0,1
NationalSecurityAgency/datawave,core/utils/type-utils/src/main/java/datawave/data/normalizer/AbstractNormalizer.java,2,1,0,1,2,1,0,2,0,0,0,0.0,0.0,1
NationalSecurityAgency/datawave,microservices/services/accumulo/service/src/main/java/datawave/microservice/accumulo/lookup/config/LookupAuditProperties.java,47,1,0,5,2,31,0,18,0,7,0,0.3846154,1.0,2
NationalSecurityAgency/datawave,microservices/starters/audit/src/test/java/datawave/microservice/audit/AuditClientTest.java,13,2,0,27,41,0,0,11,1,9,4,0.71428573,0.71428573,4
NationalSecurityAgency/datawave,warehouse/query-core/src/main/java/datawave/query/discovery/LiteralRangeType.java,2,1,0,2,1,0,0,2,2,1,1,1.0,1.0,2
NationalSecurityAgency/datawave,warehouse/query-core/src/test/java/datawave/query/iterator/AccumuloTableIterableTest.java,4,1,0,10,10,0,0,2,0,4,1,1.0,1.0,1
NationalSecurityAgency/datawave,warehouse/core/src/main/java/datawave/util/AccumuloCounterSource.java,14,2,0,11,24,18,0,9,1,8,0,0.14285715,0.2857143,1
NationalSecurityAgency/datawave,web-services/query/src/test/java/datawave/webservice/query/runner/QueryExecutorBeanTest.java,36,1,0,68,196,108,0,21,0,31,2,0.15238096,0.2,2
NationalSecurityAgency/datawave,warehouse/core/src/main/java/datawave/mr/bulk/split/DefaultLocationStrategy.java,0,2,0,1,0,0,0,0,0,1,1,0.0,0.0,1
NationalSecurityAgency/datawave,microservices/services/query-metric/api/src/main/java/datawave/microservice/querymetric/QueryMetricsDetailListResponse.java,0,4,0,2,0,0,0,0,0,0,0,0.0,0.0,1
NationalSecurityAgency/datawave,warehouse/query-core/src/main/java/datawave/query/attributes/Numeric.java,36,2,0,11,36,0,0,20,0,4,2,0.40952381,0.52380955,1
NationalSecurityAgency/datawave,warehouse/query-core/src/main/java/datawave/query/tables/AnyFieldScannerBuilder.java,10,2,0,8,9,6,0,4,1,0,0,0.0,0.0,1
NationalSecurityAgency/datawave,warehouse/query-core/src/test/java/datawave/query/planner/MultiValueCompositeIndexTest.java,51,2,0,58,137,0,0,19,6,22,19,0.6,0.6666667,3
NationalSecurityAgency/datawave,warehouse/ops-tools/config-compare/src/main/java/datawave/configuration/ConfField.java,6,1,0,1,4,0,0,4,0,2,0,1.0,1.0,1
NationalSecurityAgency/datawave,core/tables/src/main/java/datawave/table/constants/ColumnFamilyConstants.java,1,1,0,1,0,0,0,1,0,4,4,0.0,0.0,1
NationalSecurityAgency/datawave,warehouse/query-core/src/main/java/datawave/core/query/iterator/KeyAggregatingTransformIterator.java,16,2,0,7,10,7,0,8,0,3,0,1.0,1.0,2
NationalSecurityAgency/datawave,warehouse/query-core/src/test/java/datawave/query/HitsAreAlwaysIncludedCommonalityTokenTest.java,23,3,4,25,55,17,0,13,4,8,3,0.33333334,0.33333334,3
NationalSecurityAgency/datawave,core/utils/metadata-utils/src/main/java/datawave/query/util/TypeMetadataHelper.java,37,1,0,17,53,1,0,12,0,10,2,0.8095238,1.0,2
NationalSecurityAgency/datawave,core/utils/type-utils/src/main/java/datawave/data/normalizer/regex/visitor/SimpleNumberEncoder.java,10,3,0,12,17,3,0,3,1,0,0,0.0,0.0,1
NationalSecurityAgency/datawave,warehouse/query-core/src/main/java/datawave/query/util/sortedset/FileSortedSet.java,185,1,0,12,88,57,0,92,0,15,2,1.0,1.0,12
NationalSecurityAgency/datawave,web-services/accumulo/src/main/java/datawave/webservice/operations/user/ListUserPermissionsBean.java,1,1,0,14,1,0,0,1,0,1,0,0.0,0.0,1
NationalSecurityAgency/datawave,warehouse/query-core/src/test/java/datawave/query/function/DescendantCountFunctionTest.java,39,1,0,18,52,29,0,36,0,11,0,0.79532164,0.79532164,2
NationalSecurityAgency/datawave,core/utils/metadata-utils/src/test/java/datawave/query/util/MetadataHelperTest.java,27,1,0,18,73,35,0,26,1,7,4,0.33333334,0.5,6
NationalSecurityAgency/datawave,warehouse/query-core/src/main/java/datawave/query/lucene/visitors/PrintingVisitor.java,50,2,0,39,36,774,0,46,4,4,1,1.0,1.0,4
NationalSecurityAgency/datawave,warehouse/query-core/src/test/java/datawave/query/jexl/visitors/PullupUnexecutableNodesVisitorTest.java,18,1,0,7,14,118,0,16,0,6,0,0.0,0.0,1
NationalSecurityAgency/datawave,warehouse/query-core/src/main/java/datawave/query/common/grouping/GroupingAttribute.java,10,3,0,7,13,10,0,5,0,1,1,0.0,0.0,1
NationalSecurityAgency/datawave,warehouse/query-core/src/main/java/datawave/query/index/stats/MinMaxIterator.java,19,1,0,9,20,0,0,7,0,11,4,0.5714286,1.0,1
NationalSecurityAgency/datawave,warehouse/query-core/src/test/java/datawave/query/util/ColorsIngest.java,31,1,0,12,41,66,0,13,13,11,11,0.11111111,0.2777778,1
NationalSecurityAgency/datawave,warehouse/metrics-core/src/main/java/datawave/metrics/analytic/FileByteSummaryLoader.java,8,3,0,14,56,3,0,5,1,4,2,0.0,0.0,2
NationalSecurityAgency/datawave,warehouse/query-core/src/test/java/datawave/query/rules/UnescapedWildcardsInPhrasesRuleTest.java,7,2,0,6,6,21,0,7,0,0,0,0.0,0.0,1
NationalSecurityAgency/datawave,warehouse/query-core/src/main/java/datawave/query/jexl/visitors/SortedUIDsRequiredVisitor.java,22,3,0,15,12,50,0,13,1,7,1,0.17948718,0.46153846,1
NationalSecurityAgency/datawave,core/base-rest-responses/src/main/java/datawave/user/UserAuthorizations.java,28,1,0,7,15,36,0,16,1,4,2,0.52380955,0.52380955,2
NationalSecurityAgency/datawave,warehouse/query-core/src/main/java/datawave/query/jexl/lookups/RegexIndexLookup.java,62,3,0,26,79,35,0,15,0,12,2,0.6,1.0,2
NationalSecurityAgency/datawave,warehouse/core/src/main/java/datawave/data/hash/SnowflakeUID.java,63,2,2,6,31,207,0,31,11,19,16,0.27741936,0.36774194,1
NationalSecurityAgency/datawave,warehouse/metrics-core/src/main/java/datawave/metrics/iterators/IngestTypeFilter.java,11,3,1,8,8,1,0,4,0,1,0,1.0,1.0,3
NationalSecurityAgency/datawave,core/utils/type-utils/src/test/java/datawave/data/normalizer/GeoNormalizerTest.java,7,1,0,2,7,1,0,2,0,2,0,0.0,0.0,1
NationalSecurityAgency/datawave,microservices/starters/cached-results/src/main/java/datawave/microservice/query/cachedresults/monitor/config/MonitorProperties.java,17,1,0,5,1,98,0,17,0,7,0,0.13970588,0.22794117,1
NationalSecurityAgency/datawave,warehouse/query-core/src/main/java/datawave/query/tables/keyword/extractor/ParameterFieldedTagCloudInputExtractor.java,7,2,0,2,13,0,0,1,0,4,4,0.0,0.0,1
NationalSecurityAgency/datawave,warehouse/ingest-core/src/main/java/datawave/ingest/table/aggregator/util/IndexKeyParser.java,5,1,0,1,0,10,0,5,0,0,0,0.0,0.0,1
NationalSecurityAgency/datawave,warehouse/query-core/src/main/java/datawave/query/discovery/LiteralRangeSerializer.java,14,1,0,8,13,1,0,2,0,0,0,0.0,0.0,1
NationalSecurityAgency/datawave,core/utils/metadata-utils/src/main/java/datawave/util/StringMultimapSchema.java,43,1,0,6,21,36,0,25,0,3,1,0.61904764,1.0,3
NationalSecurityAgency/datawave,warehouse/query-core/src/main/java/datawave/query/jexl/visitors/PrintingVisitor.java,115,2,0,98,29,4980,0,107,11,8,2,1.0,1.0,4
NationalSecurityAgency/datawave,warehouse/query-core/src/test/java/datawave/query/attributes/AttributeTest.java,6,1,8,6,16,10,0,5,0,0,0,0.0,0.0,1
NationalSecurityAgency/datawave,warehouse/core/src/main/java/datawave/edge/protobuf/EdgeData.java,539,3,0,20,226,1745,0,247,39,56,23,0.29049897,0.6254272,9
NationalSecurityAgency/datawave,warehouse/ingest-core/src/main/java/datawave/ingest/mapreduce/job/metrics/MetricsTableConfigHelper.java,6,2,0,6,8,0,0,2,0,3,0,1.0,1.0,1
NationalSecurityAgency/datawave,warehouse/query-core/src/main/java/datawave/query/language/functions/QueryFunction.java,7,1,0,2,0,21,0,7,0,0,0,0.0,0.0,1
NationalSecurityAgency/datawave,warehouse/query-core/src/test/java/datawave/query/iterator/logic/BaseNestedIteratorYieldingTest.java,21,1,3,16,43,26,0,10,0,7,2,0.035714287,0.035714287,3
NationalSecurityAgency/datawave,web-services/common-util/src/main/java/datawave/resteasy/util/DateFormatter.java,13,1,0,4,15,0,0,4,1,5,2,0.2,0.3,1
NationalSecurityAgency/datawave,web-services/cached-results/src/main/java/datawave/webservice/query/database/CachedResultsCleanupConfiguration.java,2,1,0,0,0,0,0,2,0,1,0,1.0,1.0,1
NationalSecurityAgency/datawave,microservices/configcheck/src/test/java/datawave/microservice/configcheck/ConfigCheckApplicationTest.java,9,1,0,6,12,0,0,9,1,1,1,1.0,1.0,1
NationalSecurityAgency/datawave,warehouse/query-core/src/main/java/datawave/query/common/grouping/GroupFields.java,105,1,0,7,80,233,0,38,5,17,9,0.37241378,0.8689655,1
NationalSecurityAgency/datawave,web-services/cached-results/src/main/java/datawave/webservice/query/cache/CachedResultsQueryCache.java,1,2,0,4,5,0,0,1,0,0,0,0.0,0.0,1
NationalSecurityAgency/datawave,warehouse/query-core/src/test/java/datawave/query/testframework/IpAddressDataType.java,17,2,0,8,23,7,0,12,3,6,3,0.035714287,0.035714287,3
NationalSecurityAgency/datawave,microservices/services/accumulo/service/src/test/java/datawave/microservice/accumulo/stats/StatsServiceTest.java,13,1,0,25,47,7,0,8,2,13,5,0.3,0.6,3
NationalSecurityAgency/datawave,warehouse/query-core/src/main/java/datawave/query/language/functions/jexl/UniqueByFunction.java,8,2,14,2,7,3,0,3,0,0,0,0.0,0.0,1
NationalSecurityAgency/datawave,core/utils/type-utils/src/main/java/datawave/data/normalizer/regex/visitor/SubExpressionVisitor.java,15,2,6,8,16,3,0,3,0,1,1,0.0,0.0,1
NationalSecurityAgency/datawave,warehouse/core/src/test/java/datawave/util/OperationEvaluatorTest.java,36,8,0,5,91,11,0,36,0,6,0,0.06666667,0.13333334,10
NationalSecurityAgency/datawave,warehouse/ingest-core/src/test/java/datawave/ingest/mapreduce/job/statsd/CounterToStatsDConfigurationTest.java,26,1,0,8,12,99,0,26,0,3,0,0.08888889,0.08888889,3
NationalSecurityAgency/datawave,microservices/services/query/service/src/test/java/datawave/microservice/query/QueryServiceRemoveTest.java,16,2,0,15,38,55,0,11,0,0,0,0.0,0.0,1
NationalSecurityAgency/datawave,microservices/starters/datawave/src/main/java/datawave/microservice/authorization/jwt/exception/InvalidTokenException.java,2,2,0,1,0,1,0,2,0,0,0,0.0,0.0,1
NationalSecurityAgency/datawave,warehouse/core/src/test/java/datawave/edge/util/ExtendedHyperLogLogPlusTest.java,3,1,0,3,6,1,0,2,0,0,0,0.0,0.0,1
NationalSecurityAgency/datawave,warehouse/query-core/src/test/java/datawave/query/testframework/GroupsIndexConfiguration.java,3,2,0,2,5,1,0,2,0,6,6,0.0,0.0,1
NationalSecurityAgency/datawave,microservices/starters/query/src/test/java/datawave/microservice/query/messaging/TestQueryResultsManager.java,44,1,0,9,45,1,0,18,0,10,1,0.64285713,0.75,3
NationalSecurityAgency/datawave,warehouse/query-core/src/main/java/datawave/query/jexl/visitors/FieldsWithNumericRangeValuesVisitor.java,13,4,0,11,8,28,0,8,1,0,0,0.0,0.0,1
NationalSecurityAgency/datawave,warehouse/ingest-core/src/main/java/datawave/ingest/mapreduce/job/BulkIngestMapFileLoader.java,242,1,0,32,212,15,0,37,1,45,21,0.6666667,1.0,3
NationalSecurityAgency/datawave,warehouse/query-core/src/main/java/datawave/query/jexl/StatefulArithmetic.java,1,1,0,1,0,0,0,1,0,0,0,0.0,0.0,1
NationalSecurityAgency/datawave,core/utils/metadata-utils/src/test/java/datawave/query/util/IndexFieldHoleTest.java,122,4,0,20,102,465,0,116,1,11,3,0.33333334,0.33333334,6
NationalSecurityAgency/datawave,microservices/starters/datawave/src/main/java/datawave/microservice/config/accumulo/AccumuloProperties.java,8,1,0,3,0,20,0,8,0,4,0,0.14285715,0.14285715,1
NationalSecurityAgency/datawave,warehouse/query-core/src/main/java/datawave/query/jexl/DatawaveJexlEngine.java,8,2,0,13,8,15,0,6,0,0,0,0.0,0.0,1
NationalSecurityAgency/datawave,warehouse/query-core/src/test/java/datawave/query/tables/BatchScannerSessionBuilderTest.java,23,1,0,24,55,169,0,22,1,8,6,0.12105263,0.14736842,1
NationalSecurityAgency/datawave,warehouse/core/src/main/java/datawave/ingest/mapreduce/StandaloneTaskAttemptContext.java,7,2,0,7,3,13,0,6,0,1,0,0.06666667,0.06666667,1
NationalSecurityAgency/datawave,warehouse/query-core/src/test/java/datawave/query/MaxExpansionIndexOnlyQueryTest.java,15,2,0,13,20,0,0,9,1,2,2,0.5833333,0.5833333,1
NationalSecurityAgency/datawave,warehouse/query-core/src/main/java/datawave/query/jexl/functions/arguments/JexlArgumentDescriptor.java,20,1,0,6,7,28,0,12,4,0,0,0.0,0.0,2
NationalSecurityAgency/datawave,warehouse/query-core/src/test/java/datawave/query/tables/ScanSessionManagerTest.java,31,2,0,26,44,87,0,29,1,8,2,0.8181818,0.8181818,2
NationalSecurityAgency/datawave,core/common-util/src/main/java/datawave/core/cache/GuavaCVCache.java,6,1,0,5,6,4,0,5,0,1,0,0.16666667,0.16666667,2
NationalSecurityAgency/datawave,warehouse/query-core/src/main/java/datawave/query/index/lookup/ShardRangeStream.java,11,3,0,20,53,6,0,6,0,1,0,1.0,1.0,2
NationalSecurityAgency/datawave,microservices/starters/audit/src/test/java/datawave/microservice/audit/replay/ReplayClientTest.java,29,1,0,22,48,0,0,29,1,5,1,0.9259259,0.9259259,3
NationalSecurityAgency/datawave,microservices/starters/query/src/test/java/datawave/microservice/query/storage/QueryStorageCacheTest.java,29,7,10,30,106,32,0,23,0,11,0,0.94545454,1.0,9
NationalSecurityAgency/datawave,warehouse/query-core/src/test/java/datawave/query/IvaratorReloadTest.java,14,1,0,23,60,21,0,10,4,6,2,1.0,1.0,3
NationalSecurityAgency/datawave,warehouse/core/src/main/java/datawave/edge/util/EdgeKey.java,289,3,0,12,138,575,0,111,14,63,12,0.33333334,1.0,7
NationalSecurityAgency/datawave,warehouse/ingest-core/src/main/java/datawave/ingest/input/reader/raw/RawInputFormat.java,4,2,0,10,6,3,0,3,0,0,0,0.0,0.0,1
NationalSecurityAgency/datawave,warehouse/query-core/src/main/java/datawave/query/util/QueryInformation.java,29,1,0,2,18,10,0,13,1,5,3,0.43589744,0.84615386,1
NationalSecurityAgency/datawave,warehouse/core/src/test/java/datawave/util/accumulo/RFileUtilTest.java,34,1,0,12,36,0,0,16,4,2,0,0.5416667,0.55,1
NationalSecurityAgency/datawave,warehouse/query-core/src/main/java/datawave/query/tables/remote/RemoteQueryLogic.java,2,1,0,3,0,1,0,2,0,0,0,0.0,0.0,1
NationalSecurityAgency/datawave,warehouse/query-core/src/test/java/datawave/query/jexl/visitors/ExecutableExpansionVisitorTest.java,123,4,4,41,116,272,0,49,6,12,3,0.33333334,0.5,4
NationalSecurityAgency/datawave,warehouse/query-core/src/test/java/datawave/query/ancestor/AncestorQueryIteratorIT.java,5,4,0,4,2,3,0,5,0,0,0,0.0,0.0,2
NationalSecurityAgency/datawave,warehouse/query-core/src/main/java/datawave/query/jexl/nodes/DefaultJexlNodeComparator.java,15,2,0,11,13,3,0,3,0,3,1,0.0,0.0,1
NationalSecurityAgency/datawave,warehouse/core/src/main/java/datawave/ingest/protobuf/TermWeightPosition.java,29,1,0,4,23,49,0,23,2,13,5,0.26666668,0.47619048,3
NationalSecurityAgency/datawave,warehouse/query-core/src/main/java/datawave/query/attributes/Document.java,137,3,1,25,126,454,0,45,0,10,5,0.22804879,0.33780488,2
NationalSecurityAgency/datawave,warehouse/query-core/src/test/java/datawave/query/UseOccurrenceToCountInJexlContextTest.java,43,3,4,25,104,13,0,14,6,16,10,0.4,0.6,5
NationalSecurityAgency/datawave,web-services/cached-results/src/main/java/datawave/webservice/results/cached/CachedRunningQuery.java,261,2,0,20,174,1566,0,73,10,47,16,0.16072473,0.93278784,3
NationalSecurityAgency/datawave,core/tables/src/test/java/datawave/table/constants/TableNameTest.java,2,1,0,2,2,1,0,2,0,0,0,0.0,0.0,1
NationalSecurityAgency/datawave,warehouse/query-core/src/test/java/org/apache/commons/jexl3/parser/JexlNodesTest.java,3,1,0,3,5,3,0,3,0,0,0,0.0,0.0,1
NationalSecurityAgency/datawave,warehouse/query-core/src/test/java/datawave/query/jexl/functions/QueryFunctionsTest.java,26,1,0,7,37,13,0,26,2,8,0,0.4,0.6,5
NationalSecurityAgency/datawave,warehouse/query-core/src/main/java/datawave/query/jexl/visitors/JexlStringBuildingVisitor.java,84,3,1,42,34,800,0,41,4,5,4,0.012820513,0.012820513,1
NationalSecurityAgency/datawave,warehouse/query-core/src/test/java/datawave/query/planner/DatePartitionedQueryPlannerTest.java,87,3,4,41,148,609,0,49,3,20,4,0.93333334,1.0,5
NationalSecurityAgency/datawave,microservices/services/audit/service/src/main/java/datawave/microservice/audit/auditors/file/config/FileAuditConfig.java,5,1,0,11,18,1,0,2,0,0,0,0.0,0.0,1
NationalSecurityAgency/datawave,warehouse/query-core/src/test/java/datawave/query/RebuildingScannerTestHelper.java,148,9,0,20,79,76,0,100,4,26,0,1.0,1.0,23
NationalSecurityAgency/datawave,warehouse/ingest-core/src/main/java/datawave/iterators/EdgeCombiner.java,38,2,0,13,65,43,0,10,0,3,1,0.0,0.0,1
NationalSecurityAgency/datawave,microservices/services/dictionary/api/src/main/java/datawave/webservice/dictionary/data/FieldsBase.java,5,2,0,9,0,10,0,5,0,0,0,0.0,0.0,1
NationalSecurityAgency/datawave,warehouse/query-core/src/test/java/datawave/query/index/day/DayIndexQueryBuilderTest.java,59,1,0,7,31,839,0,43,0,9,0,0.006048387,0.006048387,1
NationalSecurityAgency/datawave,web-services/client/src/main/java/datawave/webservice/query/result/rollup/EdgeSummaryQueryMessage.java,22,1,0,7,11,36,0,15,1,5,2,0.2,0.2,2
NationalSecurityAgency/datawave,web-services/client/src/main/java/datawave/webservice/result/ResponseMessages.java,975,4,0,22,416,2926,0,465,57,90,36,0.23724549,0.6179364,13
NationalSecurityAgency/datawave,warehouse/ingest-core/src/main/java/datawave/ingest/test/ParsingInternals.java,0,1,0,0,0,0,0,0,0,0,0,0.0,0.0,1
NationalSecurityAgency/datawave,warehouse/ingest-json/src/test/java/datawave/ingest/json/config/helper/JsonIngestHelperTest.java,13,1,0,18,46,24,0,9,1,1,1,0.16666667,0.16666667,1
NationalSecurityAgency/datawave,warehouse/query-core/src/main/java/datawave/query/jexl/visitors/BoundedRangeIndexExpansionVisitor.java,14,5,0,22,30,6,0,5,1,2,1,0.2,0.3,1
NationalSecurityAgency/datawave,warehouse/query-core/src/main/java/datawave/query/function/GroupFields.java,12,1,0,8,25,0,0,3,0,4,2,1.0,1.0,1
NationalSecurityAgency/datawave,core/annotation/src/test/java/datawave/annotation/util/v1/AnnotationBinarySerializationTest.java,3,1,0,8,25,0,0,2,0,2,2,1.0,1.0,1
NationalSecurityAgency/datawave,warehouse/query-core/src/main/java/datawave/query/language/functions/jexl/Exclude.java,4,3,0,3,2,3,0,3,0,1,1,0.0,0.0,1
NationalSecurityAgency/datawave,core/query/src/main/java/datawave/core/query/logic/composite/CompositeQueryLogicResults.java,10,1,0,3,10,0,0,8,0,6,0,0.60714287,0.75,1
NationalSecurityAgency/datawave,warehouse/query-core/src/main/java/datawave/query/function/RangeProvider.java,3,1,0,2,0,3,0,3,0,0,0,0.0,0.0,1
NationalSecurityAgency/datawave,warehouse/query-core/src/test/java/datawave/query/jexl/visitors/TermCountingVisitorTest.java,16,1,0,3,6,120,0,16,0,0,0,0.0,0.0,1
NationalSecurityAgency/datawave,warehouse/query-core/src/main/java/datawave/query/tables/ssdeep/ScoredSSDeepPair.java,20,1,0,4,16,7,0,11,0,5,1,0.42222223,0.62222224,2
NationalSecurityAgency/datawave,core/utils/type-utils/src/main/java/datawave/webservice/query/util/TypedValue.java,136,1,0,22,93,43,0,27,3,23,17,0.31666666,0.39166668,2
NationalSecurityAgency/datawave,microservices/services/authorization/service/src/main/java/datawave/microservice/authorization/OAuthControllerV2.java,5,1,0,13,4,0,0,5,0,1,0,1.0,1.0,1
NationalSecurityAgency/datawave,warehouse/query-core/src/main/java/datawave/query/ancestor/AncestorRangeStream.java,3,3,0,8,1,3,0,3,0,0,0,0.0,0.0,1
NationalSecurityAgency/datawave,microservices/services/accumulo/service/src/main/java/datawave/microservice/accumulo/stats/StatsService.java,14,2,0,20,33,0,0,8,0,7,0,1.0,1.0,2
NationalSecurityAgency/datawave,microservices/services/authorization/service/src/main/java/datawave/microservice/authorization/mock/MockDULProperties.java,6,1,0,4,0,9,0,6,0,3,0,0.2,0.2,1
NationalSecurityAgency/datawave,warehouse/query-core/src/test/java/datawave/query/planner/ThreadedRangeBundlerIteratorTest.java,22,2,0,12,30,1,0,11,0,5,0,1.0,1.0,2
NationalSecurityAgency/datawave,core/utils/type-utils/src/main/java/datawave/data/normalizer/GeoNormalizer.java,99,6,0,10,64,62,0,35,8,9,8,0.17948718,0.1923077,6
NationalSecurityAgency/datawave,core/utils/type-utils/src/main/java/datawave/data/normalizer/DiscreteIndexNormalizer.java,4,1,0,1,0,6,0,4,0,0,0,0.0,0.0,1
NationalSecurityAgency/datawave,warehouse/query-core/src/main/java/datawave/query/exceptions/DatawaveIvaratorMaxResultsException.java,4,4,0,1,0,6,0,4,0,1,1,0.0,0.0,1
NationalSecurityAgency/datawave,warehouse/query-core/src/main/java/datawave/query/tables/DedupingIterator.java,26,1,0,8,18,25,0,12,0,8,3,0.2857143,0.53571427,2
NationalSecurityAgency/datawave,core/connection-pool/src/main/java/datawave/core/common/cache/SharedBooleanListener.java,1,1,0,2,0,0,0,1,0,0,0,0.0,0.0,1
NationalSecurityAgency/datawave,web-services/common/src/main/java/datawave/webservice/common/audit/AuditService.java,1,1,0,0,0,0,0,1,0,0,0,0.0,0.0,1
NationalSecurityAgency/datawave,web-services/query/src/test/java/datawave/webservice/query/util/QueryUtilTest.java,1,1,0,9,23,0,0,1,0,0,0,0.0,0.0,1
NationalSecurityAgency/datawave,warehouse/core/src/main/java/datawave/iterators/CountMetadataCombiner.java,6,2,0,6,7,0,0,1,0,1,1,0.0,0.0,1
NationalSecurityAgency/datawave,microservices/starters/query/src/main/java/datawave/microservice/query/logic/config/DiscoveryQueryConfiguration.java,2,1,0,7,2,1,0,2,0,0,0,0.0,0.0,1
NationalSecurityAgency/datawave,core/common-util/src/main/java/datawave/core/query/cache/ResultsPage.java,7,1,0,2,0,3,0,7,0,2,0,0.42857143,0.71428573,2
NationalSecurityAgency/datawave,core/utils/type-utils/src/main/java/datawave/data/type/RawDateType.java,3,2,0,2,3,3,0,3,0,2,2,0.0,0.0,1
NationalSecurityAgency/datawave,microservices/services/hazelcast/service/src/main/java/datawave/microservice/cached/server/HazelcastServerProperties.java,14,1,0,5,0,35,0,14,0,7,0,0.33333334,0.33333334,2
NationalSecurityAgency/datawave,web-services/query/src/main/java/datawave/webservice/query/runner/RunningQuery.java,182,2,0,27,124,331,0,45,1,26,2,0.23484848,0.8238636,3
NationalSecurityAgency/datawave,warehouse/query-core/src/test/java/datawave/audit/SplitSelectorExtractorTest.java,10,1,0,4,12,45,0,10,0,0,0,0.0,0.0,1
NationalSecurityAgency/datawave,warehouse/query-core/src/test/java/datawave/query/jexl/functions/GroupingRequiredFilterFunctionsTest.java,43,5,0,9,66,56,0,41,0,9,0,0.1,0.13333334,6
NationalSecurityAgency/datawave,warehouse/ingest-core/src/main/java/datawave/ingest/metadata/MetadataWithMostRecentDate.java,20,1,0,3,9,7,0,14,1,7,1,0.6785714,1.0,2
NationalSecurityAgency/datawave,warehouse/ingest-core/src/main/java/datawave/ingest/mapreduce/handler/shard/ShardIdGenerator.java,2,1,0,1,0,1,0,2,0,0,0,0.0,0.0,1
NationalSecurityAgency/datawave,warehouse/query-core/src/test/java/datawave/query/scanner/LocalBatchScanner.java,32,3,0,15,27,66,0,22,0,6,0,0.46666667,1.0,3
NationalSecurityAgency/datawave,warehouse/query-core/src/test/java/datawave/query/testframework/GroupsDataManager.java,12,3,0,8,21,9,0,11,2,3,3,0.2,0.2,2
NationalSecurityAgency/datawave,warehouse/query-core/src/main/java/datawave/query/attributes/DiacriticContent.java,19,2,0,11,23,1,0,14,0,3,2,0.4945055,0.4945055,1
NationalSecurityAgency/datawave,microservices/services/authorization/service/src/test/java/datawave/microservice/authorization/OAuthOperationsV2HttpsTest.java,13,2,0,12,23,28,0,12,0,3,0,0.5,0.5,2
NationalSecurityAgency/datawave,warehouse/query-core/src/main/java/datawave/query/function/CardinalitySummation.java,46,1,1,12,38,0,0,5,0,6,2,0.5,0.6,1
NationalSecurityAgency/datawave,warehouse/query-core/src/main/java/datawave/query/util/MetadataHelperCacheManagementListener.java,17,1,0,5,19,1,0,5,0,4,1,0.0,0.0,2
NationalSecurityAgency/datawave,warehouse/query-core/src/test/java/datawave/query/rules/IncludeExcludeIndexOnlyFieldsRuleTest.java,9,2,0,10,9,34,0,9,1,1,1,0.027777778,0.027777778,1
NationalSecurityAgency/datawave,warehouse/query-core/src/main/java/datawave/query/common/grouping/Groups.java,13,1,0,4,15,0,0,11,0,1,0,0.6545454,0.6545454,1
NationalSecurityAgency/datawave,core/metrics-reporter/src/main/java/datawave/metrics/NSQMetricsReporterFactory.java,3,2,0,4,0,1,0,3,0,0,0,0.0,0.0,2
NationalSecurityAgency/datawave,microservices/services/accumulo/api/src/test/java/datawave/webservice/response/LookupResponseTest.java,6,1,0,11,50,2,0,4,0,2,0,0.0,0.0,1
NationalSecurityAgency/datawave,warehouse/query-core/src/main/java/datawave/query/language/builder/lucene/FunctionQueryNodeBuilder.java,10,1,0,16,15,3,0,6,0,1,0,0.3,0.3,1
NationalSecurityAgency/datawave,warehouse/ingest-core/src/test/java/datawave/ingest/mapreduce/job/SafeFileOutputCommitterTest.java,91,3,0,29,96,1326,0,62,2,19,13,0.09059233,0.09059233,4
NationalSecurityAgency/datawave,core/utils/type-utils/src/test/java/datawave/data/normalizer/DateNormalizerTest.java,12,1,0,5,25,3,0,6,1,3,1,0.4,0.4,1
NationalSecurityAgency/datawave,warehouse/ingest-core/src/main/java/datawave/ingest/mapreduce/handler/shard/NumShards.java,44,1,0,14,55,43,0,15,0,22,12,0.25757575,1.0,1
NationalSecurityAgency/datawave,warehouse/metrics-core/src/main/java/datawave/metrics/mapreduce/FlagMakerMetricsIngester.java,0,3,0,1,0,0,0,0,0,0,0,0.0,0.0,1
NationalSecurityAgency/datawave,core/connection-pool/src/main/java/datawave/core/common/result/AccumuloTableCacheStatus.java,6,2,0,8,10,6,0,5,0,3,2,0.2,0.2,1
NationalSecurityAgency/datawave,warehouse/query-core/src/test/java/datawave/query/util/sortedmap/BufferedFileBackedRewritableSortedMapTest.java,12,2,0,9,22,10,0,7,0,0,0,0.0,0.0,2
NationalSecurityAgency/datawave,warehouse/query-core/src/main/java/datawave/query/common/grouping/MinAggregator.java,16,2,0,7,11,0,0,10,1,1,0,0.5833333,0.5833333,1
NationalSecurityAgency/datawave,warehouse/query-core/src/main/java/datawave/query/jexl/visitors/FixUnindexedNumericTerms.java,16,4,0,19,12,49,0,11,1,1,0,0.054545455,0.054545455,1
NationalSecurityAgency/datawave,warehouse/query-core/src/test/java/datawave/query/testframework/BooksDataType.java,14,2,0,6,24,2,0,11,2,7,3,0.33333334,0.33333334,3
NationalSecurityAgency/datawave,core/utils/accumulo-utils/src/test/java/datawave/security/util/AuthorizationsMinimizerTest.java,6,1,0,3,5,15,0,6,0,0,0,0.0,0.0,1
NationalSecurityAgency/datawave,microservices/services/audit/api/src/main/java/datawave/microservice/audit/replay/status/Status.java,32,1,0,2,5,68,0,32,0,16,2,0.25,1.0,4
NationalSecurityAgency/datawave,warehouse/query-core/src/test/java/datawave/query/jexl/visitors/QueryPatternsVisitorTest.java,13,1,0,4,9,68,0,13,0,2,0,0.0,0.0,1
NationalSecurityAgency/datawave,warehouse/query-core/src/main/java/datawave/query/attributes/DocumentKey.java,25,2,0,10,36,210,0,21,0,2,2,0.0,0.0,1
NationalSecurityAgency/datawave,web-services/common-util/src/main/java/datawave/webservice/results/cached/CachedResultsConfiguration.java,9,1,0,1,3,28,0,9,0,4,0,0.11111111,0.11111111,1
NationalSecurityAgency/datawave,warehouse/query-core/src/main/java/datawave/query/language/functions/jexl/UniqueByMonth.java,2,3,0,3,0,1,0,2,0,0,0,0.0,0.0,1
NationalSecurityAgency/datawave,warehouse/metrics-core/src/main/java/datawave/metrics/keys/InvalidKeyException.java,1,3,0,0,0,0,0,1,0,1,1,0.0,0.0,1
NationalSecurityAgency/datawave,warehouse/ingest-core/src/main/java/datawave/ingest/mapreduce/job/TableConfigHelperFactory.java,4,1,0,4,6,0,0,1,1,0,0,0.0,0.0,1
NationalSecurityAgency/datawave,warehouse/ingest-core/src/test/java/datawave/ingest/data/config/ingest/FieldNameAliaserNormalizerTest.java,4,1,0,5,12,0,0,4,0,1,0,1.0,1.0,1
NationalSecurityAgency/datawave,warehouse/query-core/src/main/java/datawave/query/function/DescendantCount.java,4,1,0,1,0,6,0,4,0,0,0,0.0,0.0,1
NationalSecurityAgency/datawave,core/utils/metadata-utils/src/main/java/datawave/iterators/filter/EdgeMetadataCQStrippingIterator.java,3,2,0,5,9,1,0,2,1,0,0,0.0,0.0,1
NationalSecurityAgency/datawave,core/utils/type-utils/src/main/java/datawave/data/type/HexStringType.java,4,2,0,4,5,6,0,4,0,2,2,0.0,0.0,1
NationalSecurityAgency/datawave,microservices/services/query-metric/service/src/main/java/datawave/microservice/querymetric/handler/ShardTableQueryMetricHandler.java,180,2,0,55,262,308,0,35,0,17,0,0.2044335,0.3768473,4
NationalSecurityAgency/datawave,warehouse/query-core/src/main/java/datawave/query/statsd/QueryStatsDClient.java,50,2,0,7,37,230,0,24,0,15,5,0.058333334,0.175,1
NationalSecurityAgency/datawave,warehouse/query-core/src/main/java/datawave/query/attributes/DateContent.java,28,2,0,11,31,34,0,20,0,4,2,0.34285715,0.34285715,1
NationalSecurityAgency/datawave,warehouse/query-core/src/test/java/datawave/query/data/parsers/KeyParserFactoryTest.java,3,1,0,5,2,3,0,3,0,0,0,0.0,0.0,1
NationalSecurityAgency/datawave,warehouse/core/src/main/java/datawave/edge/model/EdgeModelFields.java,37,1,0,2,15,88,0,32,0,13,9,0.43655914,0.8731183,2
NationalSecurityAgency/datawave,warehouse/query-core/src/test/java/datawave/query/ShapesTest.java,123,2,0,34,109,2074,0,105,3,19,8,0.28003368,0.50831056,1
NationalSecurityAgency/datawave,microservices/services/query-metric/service/src/test/java/datawave/microservice/querymetric/MessagingTest.java,5,2,0,16,28,6,0,4,0,0,0,0.0,0.0,1
NationalSecurityAgency/datawave,warehouse/query-core/src/main/java/datawave/query/util/cache/ClassCache.java,4,1,0,2,6,1,0,3,0,1,0,0.0,0.0,2
NationalSecurityAgency/datawave,warehouse/query-core/src/test/java/datawave/query/jexl/nodes/TermCostComparatorTest.java,22,2,0,7,10,53,0,11,0,2,0,0.0,0.0,1
NationalSecurityAgency/datawave,warehouse/query-core/src/test/java/datawave/query/jexl/visitors/MergeAdjacentJunctionsVisitorTest.java,5,1,0,7,14,6,0,4,0,0,0,0.0,0.0,1
NationalSecurityAgency/datawave,warehouse/age-off/src/main/java/datawave/iterators/filter/ageoff/FilterRule.java,5,1,0,5,0,10,0,5,0,0,0,0.0,0.0,1
NationalSecurityAgency/datawave,warehouse/query-core/src/main/java/datawave/query/predicate/KeyProjection.java,8,1,0,6,8,0,0,8,0,1,0,0.75,0.75,1
NationalSecurityAgency/datawave,core/utils/type-utils/src/test/java/datawave/data/normalizer/HexStringNormalizerTest.java,9,1,0,2,4,0,0,9,0,1,0,1.0,1.0,1
NationalSecurityAgency/datawave,warehouse/ingest-core/src/test/java/datawave/ingest/table/aggregator/util/ShardedYearIndexKeyParserTest.java,4,1,0,5,11,0,0,4,0,1,0,1.0,1.0,1
NationalSecurityAgency/datawave,web-services/security/src/test/java/datawave/util/MockInitialContextFactory.java,3,1,0,0,0,0,0,2,1,1,1,1.0,1.0,1
NationalSecurityAgency/datawave,contrib/datawave-utils/assert-properties/src/main/java/datawave/maven/AssertProperties.java,32,2,0,5,33,15,0,10,0,4,1,0.33333334,0.8,1
NationalSecurityAgency/datawave,microservices/services/accumulo/api/src/main/java/datawave/webservice/request/objects/ReferencedValue.java,16,1,0,6,7,6,0,8,1,3,0,0.52380955,0.52380955,1
NationalSecurityAgency/datawave,warehouse/ingest-core/src/main/java/datawave/ingest/mapreduce/handler/summary/util/MetricRuleUtil.java,9,1,0,2,11,0,0,3,2,3,3,0.0,0.0,1
NationalSecurityAgency/datawave,web-services/common/src/test/java/datawave/webservice/common/remote/TestJSSESecurityDomain.java,23,1,0,2,6,99,0,21,0,4,0,0.028571429,0.028571429,2
NationalSecurityAgency/datawave,warehouse/ingest-core/src/test/java/datawave/ingest/mapreduce/partition/SplitBasedHashPartitionerTest.java,23,1,0,13,21,6,0,15,0,3,2,1.0,1.0,2
NationalSecurityAgency/datawave,warehouse/query-core/src/test/java/datawave/query/jexl/functions/ContentFunctionQueryTest.java,40,4,0,56,142,102,0,33,5,17,16,0.022222223,0.022222223,4
NationalSecurityAgency/datawave,core/query/src/test/java/datawave/core/query/logic/composite/CompositeQueryLogicResultsIteratorTest.java,20,4,0,11,19,45,0,16,0,2,0,0.0,0.0,4
NationalSecurityAgency/datawave,warehouse/query-core/src/main/java/datawave/query/planner/QueryModelProvider.java,2,1,0,1,0,0,0,2,0,0,0,0.0,0.0,2
NationalSecurityAgency/datawave,web-services/common/src/main/java/datawave/configuration/spring/BeanProvider.java,7,1,0,5,6,0,0,5,3,2,1,0.6666667,1.0,1
NationalSecurityAgency/datawave,microservices/starters/cache/src/main/java/datawave/autoconfigure/DatawaveCacheAutoConfiguration.java,6,1,0,24,11,1,0,5,0,2,0,1.0,1.0,3
NationalSecurityAgency/datawave,warehouse/core/src/main/java/datawave/util/TextUtil.java,13,1,0,3,12,34,0,9,9,1,1,0.027777778,0.027777778,1
NationalSecurityAgency/datawave,warehouse/query-core/src/main/java/datawave/query/util/sortedmap/FileSortedMap.java,184,1,0,16,100,412,0,94,0,13,2,1.0,1.0,15
NationalSecurityAgency/datawave,microservices/services/dictionary/service/src/main/java/datawave/microservice/dictionary/edge/EdgeDictionaryImpl.java,18,1,0,15,38,6,0,5,0,3,1,0.33333334,0.33333334,1
NationalSecurityAgency/datawave,warehouse/keyword-common/src/main/java/datawave/util/keyword/TagCloudPartition.java,23,1,0,5,19,0,0,17,3,5,1,0.44852942,0.5735294,2
NationalSecurityAgency/datawave,warehouse/query-core/src/test/java/datawave/query/testframework/HadoopTestConfiguration.java,6,2,0,9,14,3,0,3,0,2,2,0.0,0.0,1
NationalSecurityAgency/datawave,warehouse/metrics-core/src/main/java/datawave/metrics/analytic/FileLatency.java,30,1,0,6,36,128,0,21,2,6,0,0.18128654,0.21052632,1
NationalSecurityAgency/datawave,warehouse/query-core/src/main/java/datawave/query/function/IndexOnlyContextCreatorBuilder.java,13,1,0,15,0,54,0,13,0,12,0,0.15384616,1.0,1
NationalSecurityAgency/datawave,warehouse/query-core/src/main/java/datawave/query/attributes/Metadata.java,0,4,2,1,0,0,0,0,0,1,1,0.0,0.0,1
NationalSecurityAgency/datawave,warehouse/query-core/src/main/java/datawave/query/iterator/NestedIterator.java,10,1,0,6,0,45,0,10,0,0,0,0.0,0.0,1
NationalSecurityAgency/datawave,microservices/starters/datawave/src/main/java/datawave/microservice/authorization/federation/FederatedAuthorizationService.java,18,4,0,17,55,37,0,11,0,6,2,0.1904762,0.2857143,2
NationalSecurityAgency/datawave,warehouse/index-stats/src/main/java/datawave/mapreduce/shardStats/StatsCounters.java,18,1,0,6,10,0,0,13,0,4,1,0.65384614,0.7051282,1
NationalSecurityAgency/datawave,warehouse/query-core/src/test/java/datawave/query/tld/TLDQueryIteratorIT.java,23,3,0,9,28,190,0,22,0,0,0,0.0,0.0,2
NationalSecurityAgency/datawave,web-services/examples/http-client/src/main/java/datawave/webservice/examples/Options.java,2,1,0,5,4,0,0,1,0,9,0,0.0,0.0,2
NationalSecurityAgency/datawave,web-services/accumulo/src/main/java/datawave/webservice/operations/remote/RemoteStatsService.java,2,3,0,8,3,0,0,2,0,2,1,1.0,1.0,1
NationalSecurityAgency/datawave,warehouse/ingest-core/src/main/java/datawave/ingest/protobuf/RawRecordContainer.java,390,2,0,17,131,1990,0,180,21,42,17,0.2525154,0.6338851,5
NationalSecurityAgency/datawave,microservices/services/query/api/src/main/java/datawave/microservice/query/QueryParameters.java,42,1,0,3,0,861,0,42,0,19,0,0.0,0.0,1
NationalSecurityAgency/datawave,warehouse/age-off-utils/src/test/java/datawave/age/off/util/IndentingDelegatingWriterTest.java,3,1,0,2,5,3,0,3,0,0,0,0.0,0.0,1
NationalSecurityAgency/datawave,warehouse/ingest-configuration/src/main/java/datawave/ingest/config/IngestConfigurationImpl.java,5,1,0,13,0,10,0,5,0,0,0,0.0,0.0,1
NationalSecurityAgency/datawave,warehouse/query-core/src/main/java/datawave/query/jexl/visitors/PushdownMissingIndexRangeNodesVisitor.java,36,4,0,18,46,31,0,11,1,6,1,0.21428572,0.21428572,1
NationalSecurityAgency/datawave,warehouse/ingest-core/src/test/java/datawave/ingest/mapreduce/partition/LocalityGroupPartitionerTest.java,6,1,0,6,8,0,0,2,0,1,1,1.0,1.0,1
NationalSecurityAgency/datawave,core/connection-pool/src/main/java/datawave/core/common/result/ConnectionPool.java,18,1,0,10,4,119,0,18,0,9,1,0.11111111,0.13725491,2
NationalSecurityAgency/datawave,warehouse/accumulo-extensions/src/main/java/datawave/ingest/table/balancer/ShardedTableTabletBalancer.java,33,2,2,11,45,26,0,14,1,8,4,1.0,1.0,3
NationalSecurityAgency/datawave,warehouse/ingest-core/src/main/java/datawave/ingest/mapreduce/job/BulkIngestKey.java,38,2,0,8,33,10,0,19,3,3,0,0.55128205,0.7051282,2
NationalSecurityAgency/datawave,warehouse/ingest-core/src/main/java/datawave/ingest/table/config/TableConfigHelper.java,2,1,0,3,0,1,0,2,0,2,0,0.0,0.0,1
NationalSecurityAgency/datawave,warehouse/query-core/src/main/java/datawave/query/lucene/visitors/InvalidIncludeExcludeArgsVisitor.java,21,2,0,5,14,1,0,9,1,5,2,0.85714287,1.0,3
NationalSecurityAgency/datawave,warehouse/query-core/src/test/java/datawave/test/MacTestUtil.java,27,1,0,5,22,22,0,8,7,1,1,0.0,0.0,1
NationalSecurityAgency/datawave,microservices/services/authorization/service/src/test/java/datawave/microservice/authorization/AuthorizationServiceV2Test.java,6,1,0,17,21,3,0,6,1,9,4,0.6666667,1.0,2
NationalSecurityAgency/datawave,microservices/starters/query/src/main/java/datawave/microservice/query/storage/TaskKey.java,13,2,0,7,17,35,0,11,0,4,3,0.18181819,0.18181819,1
NationalSecurityAgency/datawave,warehouse/query-core/src/test/java/datawave/query/statsd/QueryStatsdDClientTest.java,21,1,0,4,27,3,0,9,0,6,0,0.6666667,1.0,2
NationalSecurityAgency/datawave,microservices/services/query/service/src/main/java/datawave/microservice/query/web/filter/QueryMetricsEnrichmentFilterAdvice.java,29,3,0,24,52,2,0,9,0,8,0,1.0,1.0,3
NationalSecurityAgency/datawave,microservices/starters/query/src/main/java/datawave/microservice/query/planner/config/DefaultQueryPlannerProperties.java,2,1,0,0,0,0,0,2,0,2,1,1.0,1.0,1
NationalSecurityAgency/datawave,warehouse/query-core/src/main/java/datawave/query/tables/shard/CountAggregatingIterator.java,23,2,0,10,31,6,0,13,0,17,2,1.0,1.0,3
NationalSecurityAgency/datawave,warehouse/query-core/src/main/java/datawave/query/exceptions/EmptySetComparisonException.java,4,3,0,0,0,6,0,4,0,1,1,0.0,0.0,1
NationalSecurityAgency/datawave,warehouse/query-core/src/main/java/datawave/query/jexl/nodes/JexlNodeComparator.java,9,1,4,3,5,6,0,4,0,0,0,0.0,0.0,1
NationalSecurityAgency/datawave,warehouse/query-core/src/main/java/datawave/query/tables/chained/strategy/ChainStrategy.java,1,1,0,6,0,0,0,1,0,0,0,0.0,0.0,1
NationalSecurityAgency/datawave,microservices/services/dictionary/api/src/test/java/datawave/webservice/dictionary/data/DefaultDescriptionTest.java,6,1,0,9,30,1,0,2,0,0,0,0.0,0.0,1
NationalSecurityAgency/datawave,warehouse/query-core/src/main/java/datawave/query/jexl/visitors/QueryFieldsVisitor.java,50,3,0,53,17,1023,0,46,2,1,0,0.006060606,0.006060606,1
NationalSecurityAgency/datawave,warehouse/ingest-json/src/main/java/datawave/ingest/json/config/helper/JsonIngestFlattener.java,57,3,0,8,59,28,0,22,1,15,5,1.0,1.0,5
NationalSecurityAgency/datawave,microservices/services/query-metric/service/src/main/java/datawave/microservice/querymetric/handler/LocalShardTableQueryMetricHandler.java,22,3,0,22,43,20,0,12,0,9,1,0.8333333,1.0,2
NationalSecurityAgency/datawave,warehouse/ingest-core/src/test/java/datawave/ingest/mapreduce/handler/MockStatusReporter.java,7,2,0,4,4,15,0,7,0,3,0,0.14285715,0.14285715,1
NationalSecurityAgency/datawave,microservices/services/accumulo/api/src/main/java/datawave/webservice/request/objects/ValueReference.java,2,1,0,3,0,0,0,2,0,1,0,1.0,1.0,1
NationalSecurityAgency/datawave,web-services/query/src/main/java/datawave/webservice/query/hud/HudBean.java,12,1,0,29,38,4,0,5,0,7,0,1.0,1.0,1
NationalSecurityAgency/datawave,core/base-rest-responses/src/main/java/datawave/webservice/query/exception/QueryCanceledQueryException.java,12,4,0,2,0,66,0,12,0,1,1,0.0,0.0,1
NationalSecurityAgency/datawave,warehouse/query-core/src/main/java/datawave/query/ancestor/AncestorUidIntersector.java,20,1,0,6,17,1,0,2,0,0,0,0.0,0.0,1
NationalSecurityAgency/datawave,microservices/starters/query/src/main/java/org/springframework/cloud/bus/event/RemoteMapReduceQueryRequestEvent.java,4,2,0,2,1,0,0,4,0,1,0,1.0,1.0,1
NationalSecurityAgency/datawave,warehouse/query-core/src/test/java/datawave/query/util/sortedmap/BufferedFileBackedKeyDocumentSortedMapTest.java,9,3,0,15,12,15,0,8,0,2,0,0.0,0.0,3
NationalSecurityAgency/datawave,warehouse/query-core/src/main/java/datawave/query/language/functions/lucene/GroupBy.java,8,2,0,7,3,6,0,4,0,0,0,0.0,0.0,1
NationalSecurityAgency/datawave,web-services/query/src/test/java/datawave/webservice/query/logic/filtered/QueryLogicFilterByParameterTest.java,3,1,0,3,7,3,0,3,0,0,0,0.0,0.0,1
NationalSecurityAgency/datawave,microservices/starters/query/src/main/java/datawave/microservice/query/util/QueryStatusUpdater.java,2,1,0,2,0,1,0,2,0,0,0,0.0,0.0,1
NationalSecurityAgency/datawave,warehouse/common/src/main/java/datawave/common/io/Files.java,52,1,0,1,22,129,0,19,18,13,13,0.13725491,0.13725491,1
NationalSecurityAgency/datawave,warehouse/query-core/src/main/java/datawave/query/iterator/profile/EvaluationTrackingIterable.java,3,2,0,11,5,0,0,3,0,5,0,1.0,1.0,1
NationalSecurityAgency/datawave,warehouse/query-core/src/main/java/datawave/query/iterator/IndexOnlyFunctionIterator.java,44,5,0,29,52,25,0,23,0,13,2,1.0,1.0,4
NationalSecurityAgency/datawave,warehouse/query-core/src/main/java/datawave/query/predicate/ParentEventDataFilter.java,4,2,0,5,0,6,0,4,0,0,0,0.0,0.0,1
NationalSecurityAgency/datawave,core/common/src/main/java/datawave/core/common/audit/PrivateAuditConstants.java,1,1,0,0,4,0,0,1,1,6,6,0.0,0.0,1
NationalSecurityAgency/datawave,core/metrics-reporter/src/main/java/datawave/metrics/StatsDMetricReporter.java,18,2,0,13,39,0,0,8,0,2,1,0.33333334,0.33333334,1
NationalSecurityAgency/datawave,warehouse/query-core/src/main/java/datawave/query/predicate/TimeFilter.java,8,1,0,8,8,3,0,8,1,5,2,0.4,0.6666667,3
NationalSecurityAgency/datawave,warehouse/query-core/src/main/java/datawave/query/postprocessing/tf/PhraseIndexes.java,56,1,0,6,64,64,0,17,4,6,5,0.3,0.3,1
NationalSecurityAgency/datawave,warehouse/ingest-core/src/test/java/datawave/ingest/mapreduce/partition/MultiTableRangePartitionerTest.java,9,1,0,13,19,0,0,9,0,3,1,1.0,1.0,3
NationalSecurityAgency/datawave,warehouse/query-core/src/test/java/datawave/query/util/ShapesIngest.java,23,1,0,20,38,13,0,6,6,25,25,0.0,0.0,2
NationalSecurityAgency/datawave,web-services/client/src/test/java/datawave/webservice/query/data/ObjectSizeOfTest.java,7,1,0,7,7,15,0,7,0,2,0,0.0,0.0,4
NationalSecurityAgency/datawave,warehouse/query-core/src/main/java/datawave/query/tld/TLDEventDataScanNestedIterator.java,2,2,0,5,1,1,0,2,0,0,0,0.0,0.0,1
NationalSecurityAgency/datawave,warehouse/age-off/src/main/java/datawave/iterators/filter/TokenTtlTrie.java,35,2,0,8,24,3,0,9,0,15,4,0.4,0.6666667,3
NationalSecurityAgency/datawave,warehouse/core/src/main/java/datawave/ingest/util/cache/watch/Reloadable.java,2,1,0,1,0,1,0,2,0,0,0,0.0,0.0,1
NationalSecurityAgency/datawave,warehouse/query-core/src/test/java/datawave/query/tables/term/TermFrequencyQueryTableTest.java,23,3,4,36,46,41,0,13,3,8,3,0.035714287,0.035714287,3
NationalSecurityAgency/datawave,web-services/client/src/main/java/datawave/webservice/result/QueryWizardStep2Response.java,18,2,0,7,11,11,0,6,0,7,3,0.13333334,0.2,1
NationalSecurityAgency/datawave,microservices/services/accumulo/service/src/main/java/datawave/microservice/accumulo/stats/util/AccumuloMonitorLocator.java,5,1,0,6,15,1,0,3,0,6,5,0.33333334,0.33333334,1
NationalSecurityAgency/datawave,microservices/starters/query/src/main/java/datawave/microservice/query/mapreduce/status/cache/MapReduceQueryIdByUsernameCache.java,6,2,0,6,5,2,0,4,0,2,1,0.33333334,0.33333334,1
NationalSecurityAgency/datawave,microservices/services/query/service/src/main/java/datawave/microservice/query/translateid/TranslateIdService.java,17,1,0,12,39,0,0,6,0,6,3,0.8,1.0,1
NationalSecurityAgency/datawave,microservices/services/query-metric/service/src/test/java/datawave/microservice/querymetric/HazelcastUtils.java,67,1,0,14,50,358,0,35,28,2,1,1.0,1.0,5
NationalSecurityAgency/datawave,microservices/services/query-metric/service/src/test/java/datawave/microservice/querymetric/QueryMetricSplitBrainMergePolicyTest.java,13,1,0,23,58,10,0,10,0,4,1,1.0,1.0,3
NationalSecurityAgency/datawave,core/base-rest-responses/src/test/java/datawave/webservice/query/exception/PreConditionFailedQueryExceptionTest.java,12,1,0,4,7,0,0,12,0,7,0,1.0,1.0,1
NationalSecurityAgency/datawave,microservices/services/audit/service/src/main/java/datawave/microservice/audit/replay/ReplayController.java,110,1,0,31,61,0,0,26,0,11,0,1.0,1.0,2
NationalSecurityAgency/datawave,warehouse/query-core/src/main/java/datawave/query/jexl/JexlRule.java,20,2,0,11,25,7,0,6,1,4,1,0.3,0.3,1
NationalSecurityAgency/datawave,warehouse/ingest-core/src/main/java/datawave/ingest/data/config/NormalizedContentInterface.java,13,1,0,1,0,78,0,13,0,0,0,0.0,0.0,1
NationalSecurityAgency/datawave,microservices/services/query-executor/service/src/main/java/datawave/microservice/query/executor/action/PredictTask.java,4,2,0,12,16,0,0,3,0,3,1,1.0,1.0,1
NationalSecurityAgency/datawave,warehouse/ingest-core/src/main/java/datawave/ingest/metric/IngestInput.java,0,1,0,0,0,0,0,0,0,0,0,0.0,0.0,1
NationalSecurityAgency/datawave,web-services/security/src/main/java/datawave/security/login/DatawaveUsersRolesLoginModule.java,14,2,0,5,20,8,0,5,1,1,0,0.1,0.1,1
NationalSecurityAgency/datawave,warehouse/ingest-core/src/main/java/datawave/ingest/data/config/MarkingsHelper.java,16,1,0,6,15,3,0,8,0,6,0,0.16666667,0.16666667,2
NationalSecurityAgency/datawave,warehouse/ingest-core/src/test/java/datawave/ingest/data/normalizer/SimpleGroupFieldNameParserTest.java,11,1,0,7,9,49,0,11,0,1,0,0.054545455,0.054545455,1
NationalSecurityAgency/datawave,warehouse/metrics-core/src/main/java/datawave/metrics/mapreduce/error/ProcessingErrorsMapper.java,3,2,0,7,9,0,0,1,0,1,1,0.0,0.0,1
NationalSecurityAgency/datawave,warehouse/query-core/src/main/java/datawave/query/predicate/EmptyDocumentFilter.java,5,1,0,5,8,0,0,1,0,1,1,0.0,0.0,1
NationalSecurityAgency/datawave,microservices/starters/datawave/src/main/java/datawave/microservice/config/metrics/MetricsConfigurationProperties.java,10,1,0,4,0,35,0,10,0,5,0,0.11111111,0.11111111,1
NationalSecurityAgency/datawave,web-services/common-util/src/test/java/datawave/resteasy/interceptor/CreateQuerySessionIDFilterTest.java,7,2,0,15,23,1,0,7,0,5,0,1.0,1.0,2
NationalSecurityAgency/datawave,microservices/services/authorization/service/src/main/java/datawave/microservice/authorization/AuthorizationOperationsV2.java,6,2,0,13,11,10,0,5,0,0,0,0.0,0.0,1
NationalSecurityAgency/datawave,microservices/starters/datawave/src/main/java/datawave/microservice/config/web/SslContextConfig.java,73,7,0,13,89,36,0,39,0,17,6,1.0,1.0,11
NationalSecurityAgency/datawave,warehouse/query-core/src/test/java/datawave/query/cardinality/TestCardinalityAggregation.java,4,1,0,2,5,6,0,4,0,0,0,0.0,0.0,1
NationalSecurityAgency/datawave,warehouse/query-core/src/main/java/datawave/query/jexl/visitors/BaseIndexExpansionVisitor.java,38,5,2,22,58,47,0,23,0,27,3,1.0,1.0,3
NationalSecurityAgency/datawave,warehouse/query-core/src/main/java/datawave/core/iterators/IvaratorFuture.java,9,1,0,2,6,0,0,9,0,2,0,0.6666667,1.0,1
NationalSecurityAgency/datawave,microservices/services/authorization/service/src/main/java/datawave/microservice/authorization/AuthorizationOperationsV1.java,23,1,1,24,56,28,0,13,0,9,0,0.45454547,0.8181818,1
NationalSecurityAgency/datawave,core/utils/type-utils/src/main/java/datawave/data/normalizer/regex/ExpressionNode.java,7,2,0,4,1,21,0,7,0,0,0,0.0,0.0,1
NationalSecurityAgency/datawave,warehouse/query-core/src/main/java/datawave/query/jexl/functions/ContentUnorderedEvaluator.java,40,2,0,6,38,3,0,13,0,12,1,1.0,1.0,3
NationalSecurityAgency/datawave,microservices/starters/metadata/src/main/java/datawave/microservice/metadata/remote/TableCacheReloadRequestHandler.java,1,1,0,1,0,0,0,1,0,0,0,0.0,0.0,2
NationalSecurityAgency/datawave,warehouse/query-core/src/test/java/datawave/query/util/SummaryTest.java,37,3,4,26,59,1,0,25,4,9,3,0.53801167,0.53801167,3
NationalSecurityAgency/datawave,warehouse/query-core/src/test/java/datawave/test/JexlNodeIterableAssert.java,11,2,0,8,8,28,0,8,0,0,0,0.0,0.0,1
NationalSecurityAgency/datawave,warehouse/query-core/src/test/java/datawave/query/iterator/logic/RangeFilterIteratorTest.java,26,1,0,11,34,167,0,19,0,4,1,0.0,0.0,1
NationalSecurityAgency/datawave,web-services/query/src/test/java/datawave/webservice/query/logic/composite/CompositeQueryLogicTest.java,151,12,0,31,121,130,0,104,0,37,6,1.0,1.0,24
NationalSecurityAgency/datawave,warehouse/query-core/src/test/java/datawave/query/JexlNumericQueryTest.java,27,2,0,12,12,0,0,17,1,2,2,0.77205884,0.77205884,1
NationalSecurityAgency/datawave,warehouse/query-core/src/main/java/datawave/query/tables/stats/StatsListener.java,10,2,0,3,5,0,0,6,0,2,0,0.6,0.6666667,1
NationalSecurityAgency/datawave,warehouse/query-core/src/test/java/datawave/query/tables/keyword/KeywordUUIDQueryFunctionalTest.java,13,1,0,32,55,27,0,11,2,10,2,0.0952381,0.14285715,1
NationalSecurityAgency/datawave,warehouse/query-core/src/main/java/datawave/query/iterator/GetParentDocument.java,5,1,0,9,14,0,0,2,0,4,1,1.0,1.0,1
NationalSecurityAgency/datawave,warehouse/query-core/src/main/java/datawave/query/attributes/GeoPoint.java,24,2,0,11,24,29,0,15,0,3,2,0.36190477,0.42857143,1
NationalSecurityAgency/datawave,warehouse/query-core/src/main/java/datawave/query/metrics/MockStatusReporter.java,7,2,0,4,4,15,0,7,0,3,0,0.14285715,0.14285715,1
NationalSecurityAgency/datawave,web-services/common/src/main/java/datawave/webservice/common/connection/AccumuloConnectionFactoryBean.java,18,1,0,33,24,31,0,15,0,6,0,0.35238096,0.35238096,1
NationalSecurityAgency/datawave,warehouse/query-core/src/main/java/datawave/query/jexl/functions/QueryFunctions.java,65,1,0,6,40,190,0,20,20,19,19,0.0,0.0,1
NationalSecurityAgency/datawave,warehouse/query-core/src/test/java/datawave/test/JexlNodeAssert.java,39,2,0,6,23,276,0,24,1,1,1,0.0,0.0,1
NationalSecurityAgency/datawave,web-services/client/src/main/java/datawave/audit/SelectorExtractor.java,1,1,0,1,0,0,0,1,0,0,0,0.0,0.0,1
NationalSecurityAgency/datawave,web-services/client/src/main/java/datawave/webservice/query/result/event/FieldCardinalityBase.java,14,1,1,6,2,78,0,13,0,1,0,0.0,0.0,1
NationalSecurityAgency/datawave,warehouse/ingest-core/src/test/java/datawave/ingest/mapreduce/job/statsd/CounterStatsDClientTest.java,23,2,0,8,13,190,0,23,0,6,0,0.0,0.0,3
NationalSecurityAgency/datawave,warehouse/core/src/test/java/datawave/edge/util/EdgeValueTest.java,21,1,0,8,48,136,0,17,0,0,0,0.0,0.0,1
NationalSecurityAgency/datawave,warehouse/query-core/src/main/java/datawave/query/data/parsers/DayIndexKey.java,17,1,0,4,9,11,0,10,0,6,0,0.2777778,0.5833333,1
NationalSecurityAgency/datawave,warehouse/ssdeep-common/src/main/java/datawave/util/ssdeep/NGramByteHashGenerator.java,2,1,0,3,5,0,0,2,0,2,0,1.0,1.0,1
NationalSecurityAgency/datawave,web-services/query/src/main/java/datawave/webservice/query/remote/RemoteQueryServiceImpl.java,24,2,0,17,31,29,0,11,0,13,8,0.25,0.5833333,1
NationalSecurityAgency/datawave,microservices/services/audit/service/src/main/java/datawave/microservice/audit/auditors/accumulo/config/AccumuloAuditConfig.java,4,1,0,16,12,6,0,4,0,2,0,0.0,0.0,1
NationalSecurityAgency/datawave,microservices/services/query/service/src/test/java/datawave/microservice/query/QueryServiceCloseTest.java,17,2,0,16,41,36,0,9,0,0,0,0.0,0.0,1
NationalSecurityAgency/datawave,warehouse/query-core/src/main/java/datawave/query/discovery/DiscoveryLogic.java,87,2,0,40,176,221,0,28,0,8,5,0.08974359,0.12820514,2
NationalSecurityAgency/datawave,core/common-util/src/test/java/datawave/core/common/util/EnvProviderTest.java,3,1,0,2,4,3,0,3,0,0,0,0.0,0.0,1
NationalSecurityAgency/datawave,microservices/services/config/src/main/java/datawave/microservice/config/server/DatawaveJGitEnvironmentRepository.java,13,2,0,9,5,15,0,10,0,2,0,0.14285715,0.14285715,3
NationalSecurityAgency/datawave,warehouse/query-core/src/main/java/datawave/query/jexl/DatawaveJexlContext.java,18,2,3,3,15,1,0,10,0,2,0,0.41666666,0.41666666,1
NationalSecurityAgency/datawave,core/utils/type-utils/src/main/java/datawave/data/type/LcType.java,3,2,0,1,1,3,0,3,0,2,2,0.0,0.0,1
NationalSecurityAgency/datawave,core/base-rest-responses/src/main/java/datawave/webservice/result/VoidResponse.java,31,2,0,6,25,36,0,12,1,3,2,0.33333334,0.33333334,2
NationalSecurityAgency/datawave,warehouse/query-core/src/test/java/datawave/query/jexl/nodes/FieldCostComparatorTest.java,15,2,0,7,10,64,0,12,0,2,0,0.0,0.0,1
NationalSecurityAgency/datawave,warehouse/query-core/src/main/java/datawave/query/language/functions/jexl/Sum.java,7,2,0,4,6,6,0,4,0,0,0,0.0,0.0,1
NationalSecurityAgency/datawave,warehouse/query-core/src/test/java/datawave/query/index/lookup/IndexStreamComparatorTest.java,21,1,0,13,34,105,0,15,0,3,0,0.0,0.0,1
NationalSecurityAgency/datawave,warehouse/query-core/src/test/java/datawave/query/jexl/visitors/BoundedRangeIndexExpansionVisitorTest.java,11,1,0,6,17,45,0,10,0,0,0,0.0,0.0,1
NationalSecurityAgency/datawave,warehouse/query-core/src/test/java/datawave/query/testframework/cardata/CarDataManager.java,10,3,0,9,21,13,0,7,2,2,2,0.16666667,0.16666667,2
NationalSecurityAgency/datawave,core/annotation/src/main/java/datawave/annotation/protobuf/v1/Annotation.java,354,2,0,21,170,4434,0,164,18,39,14,0.09841047,0.42777,4
NationalSecurityAgency/datawave,warehouse/ingest-core/src/test/java/datawave/ingest/mapreduce/job/reduce/AggregatingReducerTest.java,22,10,0,15,35,3,0,22,0,7,0,0.5,0.8333333,6
NationalSecurityAgency/datawave,warehouse/query-core/src/test/java/datawave/query/util/DateIndexHelperTest.java,18,1,0,31,64,74,0,16,4,7,4,0.33333334,0.33333334,1
NationalSecurityAgency/datawave,common-test/src/main/java/datawave/common/test/logging/TestLogCollector.java,14,2,0,7,31,2,0,13,0,8,0,1.0,1.0,4
NationalSecurityAgency/datawave,warehouse/ingest-core/src/test/java/datawave/ingest/data/config/DataTypeHelperImplTest.java,4,1,0,5,15,0,0,4,0,1,0,1.0,1.0,1
NationalSecurityAgency/datawave,warehouse/ops-tools/index-validation/src/main/java/datawave/index/validation/AccumuloIndexAgeDisplay.java,57,1,0,14,65,75,0,18,5,7,2,0.5555556,0.7777778,1
NationalSecurityAgency/datawave,warehouse/query-core/src/main/java/datawave/query/index/day/DayIndexEntryIterator.java,33,1,0,14,58,70,0,17,2,11,2,0.2777778,0.5833333,1
NationalSecurityAgency/datawave,microservices/services/audit/api/src/main/java/datawave/webservice/common/audit/Auditor.java,1,1,0,1,0,0,0,1,0,1,0,0.0,0.0,2
NationalSecurityAgency/datawave,warehouse/ingest-core/src/main/java/datawave/util/flag/FlagSocket.java,12,2,0,2,18,0,0,3,0,3,1,1.0,1.0,1
NationalSecurityAgency/datawave,warehouse/ingest-core/src/main/java/datawave/ingest/mapreduce/job/metrics/KeyValueCountingContextWriter.java,14,1,0,17,29,0,0,10,0,11,6,1.0,1.0,2
NationalSecurityAgency/datawave,warehouse/query-core/src/test/java/datawave/query/tables/RemoteQueryServiceTestUtil.java,32,2,0,26,85,21,0,16,0,22,5,0.26666668,1.0,2
NationalSecurityAgency/datawave,web-services/examples/http-client/src/main/java/datawave/webservice/examples/JacksonQueryExample.java,13,1,0,22,45,0,0,1,1,3,3,0.0,0.0,1
NationalSecurityAgency/datawave,warehouse/core/src/main/java/datawave/edge/util/EdgeKeyUtil.java,58,1,0,6,19,53,0,11,11,2,2,0.018181818,0.018181818,1
NationalSecurityAgency/datawave,warehouse/query-core/src/main/java/org/apache/commons/jexl3/internal/DatawaveJexlScript.java,19,2,0,10,17,0,0,15,1,3,0,0.42857143,0.6043956,2
NationalSecurityAgency/datawave,core/utils/type-utils/src/test/java/datawave/data/type/util/IpV6AddressTypeTest.java,11,1,0,5,11,45,0,10,0,3,1,0.0,0.0,1
NationalSecurityAgency/datawave,warehouse/query-core/src/main/java/datawave/query/jexl/visitors/ExpandCompositeTerms.java,184,7,0,39,141,517,0,50,4,10,1,0.03846154,0.03846154,4
NationalSecurityAgency/datawave,warehouse/metrics-core/src/main/java/datawave/metrics/iterators/AnalyticIngestTypeFilter.java,4,3,0,4,3,0,0,1,0,1,0,0.0,0.0,1
NationalSecurityAgency/datawave,warehouse/query-core/src/main/java/datawave/query/iterator/NestedQueryIterator.java,33,1,0,8,22,64,0,21,0,4,1,0.34761906,0.64761907,1
NationalSecurityAgency/datawave,microservices/starters/query/src/main/java/datawave/microservice/query/mapreduce/config/MapReduceQueryProperties.java,26,1,0,4,1,285,0,26,0,19,7,0.06153846,0.08615384,1
NationalSecurityAgency/datawave,warehouse/query-core/src/main/java/datawave/query/data/parsers/FieldIndexKey.java,35,1,0,4,10,0,0,9,0,9,0,0.42857143,1.0,1
NationalSecurityAgency/datawave,warehouse/query-core/src/test/java/datawave/query/jexl/visitors/JexlFormattedStringBuildingVisitorTest.java,18,1,0,2,3,153,0,18,0,0,0,0.0,0.0,1
NationalSecurityAgency/datawave,warehouse/query-core/src/main/java/datawave/query/iterator/CloseableListIterable.java,2,4,0,2,0,1,0,2,0,1,1,0.0,0.0,1
NationalSecurityAgency/datawave,microservices/starters/datawave/src/test/java/datawave/microservice/config/web/DatawaveServerPropertiesTest.java,17,2,0,11,25,0,0,14,1,3,0,1.0,1.0,3
NationalSecurityAgency/datawave,microservices/services/query-metric/service/src/test/java/datawave/microservice/querymetric/QueryMetricTestBase.java,98,1,8,53,186,468,0,35,10,28,5,0.049910873,0.10338681,3
NationalSecurityAgency/datawave,web-services/client/src/main/java/datawave/webservice/query/QueryMessages.java,646,3,0,18,234,2648,0,286,39,60,25,0.26494962,0.62150055,9
NationalSecurityAgency/datawave,warehouse/ingest-core/src/main/java/datawave/ingest/mapreduce/job/writer/DedupeContextWriter.java,4,3,0,10,8,0,0,4,0,2,1,0.5,0.5,1
NationalSecurityAgency/datawave,warehouse/query-core/src/test/java/datawave/query/tracking/ActiveQueryLogTest.java,18,1,0,6,33,19,0,9,2,5,1,1.0,1.0,2
NationalSecurityAgency/datawave,warehouse/query-core/src/main/java/datawave/query/util/sortedmap/BufferedFileBackedSortedMap.java,111,1,0,13,58,45,0,46,1,22,4,0.53763443,0.8731183,3
NationalSecurityAgency/datawave,warehouse/query-core/src/main/java/datawave/query/tables/ssdeep/StatefulSSDeepDiscoveryChainStrategy.java,13,2,0,12,36,0,0,7,0,4,1,0.61904764,1.0,1
NationalSecurityAgency/datawave,warehouse/query-core/src/test/java/datawave/query/jexl/visitors/ExpandCompositeTermsTest.java,50,2,0,13,44,267,0,49,1,6,4,0.015503876,0.031007752,2
NationalSecurityAgency/datawave,warehouse/query-core/src/test/java/datawave/query/predicate/KeyProjectionTest.java,9,1,0,4,13,0,0,9,0,2,0,1.0,1.0,1
NationalSecurityAgency/datawave,warehouse/metrics-core/src/main/java/datawave/metrics/iterators/DataTypeFilter.java,13,2,1,8,20,0,0,4,0,2,1,1.0,1.0,2
NationalSecurityAgency/datawave,warehouse/core/src/main/java/datawave/mr/bulk/BulkInputFormat.java,167,3,0,49,218,582,0,60,35,48,32,0.8,1.0,5
NationalSecurityAgency/datawave,warehouse/query-core/src/test/java/datawave/query/transformer/QueryValidationResultTransformerTest.java,10,1,0,8,16,0,0,10,0,3,0,0.0,0.0,1
NationalSecurityAgency/datawave,microservices/services/dictionary/service/src/main/java/datawave/microservice/dictionary/config/DataDictionaryProperties.java,0,1,0,8,0,0,0,0,0,18,0,0.0,0.0,3
NationalSecurityAgency/datawave,microservices/starters/metadata/src/main/java/datawave/microservice/metadata/config/AuthorizationsConverter.java,1,1,0,4,1,0,0,1,0,0,0,0.0,0.0,1
NationalSecurityAgency/datawave,warehouse/ingest-nyctlc/src/test/java/datawave/ingest/nyctlc/mr/handler/NYCTLCColumnBasedHandlerTest.java,4,1,0,16,28,0,0,4,1,2,1,0.33333334,0.33333334,1
NationalSecurityAgency/datawave,warehouse/query-core/src/main/java/datawave/query/iterator/filter/EventKeyDataTypeFilter.java,8,2,0,5,5,10,0,5,0,0,0,0.0,0.0,1
NationalSecurityAgency/datawave,warehouse/ingest-core/src/test/java/datawave/ingest/mapreduce/job/util/AccumuloUtilTest.java,15,1,0,11,21,0,0,7,0,2,0,1.0,1.0,1
NationalSecurityAgency/datawave,warehouse/query-core/src/test/java/datawave/next/StochasticScanResultTest.java,9,1,0,4,18,4,0,5,0,3,0,1.0,1.0,1
NationalSecurityAgency/datawave,core/utils/type-utils/src/main/java/datawave/data/type/Type.java,19,1,0,3,4,120,0,18,1,0,0,0.0,0.0,2
NationalSecurityAgency/datawave,web-services/metrics/src/main/java/datawave/query/map/SimpleQueryGeometryHandler.java,11,1,0,13,22,8,0,5,3,5,3,0.0,0.0,1
NationalSecurityAgency/datawave,microservices/starters/query/src/main/java/datawave/microservice/query/storage/QueryStatus.java,78,1,0,15,25,1682,0,65,0,26,1,0.09567308,0.5259615,3
NationalSecurityAgency/datawave,microservices/starters/query/src/main/java/datawave/microservice/query/logic/config/EdgeQueryLogicProperties.java,2,1,0,0,0,0,0,2,0,1,0,1.0,1.0,1
NationalSecurityAgency/datawave,warehouse/ingest-core/src/main/java/datawave/ingest/mapreduce/handler/shard/ShardedDataTypeHandler.java,246,2,0,39,168,4006,0,93,2,71,41,0.020224718,0.15131086,2
NationalSecurityAgency/datawave,warehouse/ingest-core/src/main/java/datawave/ingest/mapreduce/job/ConstraintInitializer.java,1,1,0,2,0,0,0,1,0,0,0,0.0,0.0,1
NationalSecurityAgency/datawave,microservices/starters/query/src/main/java/datawave/microservice/query/mapreduce/status/cache/util/CacheUpdater.java,2,1,0,2,0,1,0,2,0,0,0,0.0,0.0,1
NationalSecurityAgency/datawave,microservices/services/query-metric/service/src/main/java/datawave/microservice/querymetric/QueryMetricOperationsStats.java,52,1,0,23,112,86,0,17,0,27,12,0.24175824,0.6043956,3
NationalSecurityAgency/datawave,warehouse/query-core/src/main/java/datawave/query/postprocessing/tf/Function.java,6,1,0,2,5,0,0,5,0,2,0,0.9,1.0,1
NationalSecurityAgency/datawave,microservices/services/accumulo/service/src/main/java/datawave/microservice/accumulo/lookup/config/LookupProperties.java,4,1,0,3,0,2,0,4,0,2,0,0.33333334,0.33333334,1
NationalSecurityAgency/datawave,warehouse/query-core/src/main/java/datawave/query/common/grouping/MaxAggregator.java,16,2,0,7,11,0,0,10,1,1,0,0.5833333,0.5833333,1
NationalSecurityAgency/datawave,microservices/starters/query/src/main/java/datawave/microservice/query/executor/status/cache/util/LockedCacheUpdateUtil.java,4,1,0,3,6,0,0,2,0,1,0,1.0,1.0,1
NationalSecurityAgency/datawave,warehouse/query-core/src/test/java/datawave/test/GroupAssert.java,19,2,0,9,17,78,0,13,1,0,0,0.0,0.0,1
NationalSecurityAgency/datawave,core/connection-pool/src/test/java/datawave/core/common/result/ConnectionPoolTest.java,3,1,0,4,11,1,0,3,0,1,0,1.0,1.0,1
NationalSecurityAgency/datawave,warehouse/core/src/main/java/datawave/edge/util/EdgeValue.java,152,1,0,8,99,201,0,56,7,23,1,0.22792023,1.0,2
NationalSecurityAgency/datawave,warehouse/query-core/src/main/java/datawave/core/iterators/filter/CsvKeyFilter.java,16,2,0,9,15,0,0,2,0,7,3,1.0,1.0,2
NationalSecurityAgency/datawave,warehouse/ssdeep-common/src/main/java/datawave/util/ssdeep/BucketAccumuloKeyGenerator.java,3,1,0,7,14,0,0,2,0,10,5,1.0,1.0,1
NationalSecurityAgency/datawave,warehouse/ingest-json/src/main/java/datawave/ingest/json/mr/input/JsonRecordReader.java,33,2,0,22,68,78,0,16,0,15,1,0.175,0.65,1
NationalSecurityAgency/datawave,web-services/query/src/main/java/datawave/webservice/query/limit/QueryHeartbeatCache.java,29,1,0,5,30,10,0,15,0,6,1,1.0,1.0,2
NationalSecurityAgency/datawave,warehouse/query-core/src/main/java/datawave/query/dashboard/DashboardQueryLogic.java,12,2,0,11,11,28,0,9,0,2,0,0.11111111,0.16666667,1
NationalSecurityAgency/datawave,warehouse/ssdeep-common/src/test/java/datawave/util/ssdeep/ChunkSizeEncodingTest.java,6,1,0,5,9,0,0,1,0,1,1,0.0,0.0,1
NationalSecurityAgency/datawave,web-services/query/src/test/java/datawave/webservice/query/limit/ActiveQueryTrackerTest.java,13,1,0,12,36,0,0,12,0,2,0,0.8363636,1.0,1
NationalSecurityAgency/datawave,warehouse/ingest-core/src/main/java/datawave/ingest/mapreduce/job/DelegatingPartitioner.java,15,2,0,11,18,0,0,9,2,9,6,0.46666667,0.6666667,1
NationalSecurityAgency/datawave,warehouse/query-core/src/main/java/datawave/query/jexl/visitors/ValidateFilterFunctionVisitor.java,39,3,0,38,14,490,0,32,1,2,1,0.0021505377,0.0021505377,1
NationalSecurityAgency/datawave,warehouse/query-core/src/test/java/datawave/query/edge/ExtendedEdgeQueryLogicTest.java,18,2,0,11,19,78,0,13,0,0,0,0.0,0.0,1
NationalSecurityAgency/datawave,warehouse/query-core/src/test/java/datawave/query/util/sortedset/ByteArrayComparatorTest.java,12,1,0,3,4,0,0,2,0,1,0,1.0,1.0,1
NationalSecurityAgency/datawave,microservices/services/authorization/service/src/test/java/datawave/microservice/authorization/config/CachingConfigurerTest.java,32,2,0,20,28,21,0,25,0,6,4,0.6,0.6,5
NationalSecurityAgency/datawave,warehouse/query-core/src/main/java/datawave/query/language/builder/jexl/RangeQueryNodeBuilder.java,3,1,0,8,8,0,0,1,0,0,0,0.0,0.0,1
NationalSecurityAgency/datawave,warehouse/query-core/src/main/java/datawave/query/rules/NumericValueRule.java,13,3,0,13,20,10,0,5,0,2,2,0.0,0.0,1
NationalSecurityAgency/datawave,warehouse/ingest-core/src/test/java/datawave/ingest/mapreduce/job/BulkIngestMapFileLoaderTest.java,186,6,0,36,165,629,0,113,11,35,18,0.6111111,1.0,6
NationalSecurityAgency/datawave,warehouse/query-core/src/main/java/datawave/query/tables/RemoteEdgeQueryLogic.java,22,5,0,16,13,43,0,15,0,4,1,1.0,1.0,3
NationalSecurityAgency/datawave,warehouse/query-core/src/main/java/datawave/query/common/grouping/AggregateOperation.java,0,1,0,0,0,0,0,0,0,0,0,0.0,0.0,1
NationalSecurityAgency/datawave,warehouse/query-core/src/main/java/datawave/query/iterator/SeekableIterator.java,1,1,0,2,0,0,0,1,0,0,0,0.0,0.0,1
NationalSecurityAgency/datawave,microservices/services/audit/service/src/main/java/datawave/microservice/audit/auditors/accumulo/config/AccumuloAuditProperties.java,23,1,0,5,1,20,0,23,0,11,0,0.33333334,0.52380955,3
NationalSecurityAgency/datawave,warehouse/ingest-core/src/main/java/datawave/ingest/mapreduce/job/reindex/RepartitionerJob.java,23,5,0,21,76,0,0,13,1,20,1,1.0,1.0,5
NationalSecurityAgency/datawave,warehouse/query-core/src/main/java/datawave/query/tld/TLDTermFrequencyAggregator.java,7,2,0,3,3,1,0,2,0,0,0,0.0,0.0,1
NationalSecurityAgency/datawave,warehouse/core/src/main/java/datawave/attribute/EventFieldValueTuple.java,10,1,0,1,3,11,0,6,2,2,0,0.13333334,0.13333334,1
NationalSecurityAgency/datawave,warehouse/ingest-core/src/test/java/datawave/ingest/mapreduce/SimpleRawRecord.java,49,1,0,9,29,784,0,45,0,15,0,0.10404041,0.5050505,1
NationalSecurityAgency/datawave,warehouse/ingest-core/src/test/java/datawave/ingest/mapreduce/handler/dateindex/DateIndexDataTypeHandlerTest.java,24,2,0,22,69,62,0,14,8,5,0,0.5,0.5,2
NationalSecurityAgency/datawave,warehouse/query-core/src/test/java/datawave/query/tables/ssdeep/testframework/SSDeepDataType.java,22,2,0,11,28,17,0,17,5,11,7,0.6666667,1.0,3
NationalSecurityAgency/datawave,web-services/model/src/main/java/datawave/webservice/query/model/ModelBean.java,64,1,0,48,62,0,0,12,0,13,5,0.7222222,1.0,1
NationalSecurityAgency/datawave,microservices/services/audit/service/src/main/java/datawave/microservice/audit/health/rabbit/RabbitOutageStats.java,26,2,0,2,14,64,0,17,0,8,0,0.2647059,0.88235295,1
NationalSecurityAgency/datawave,warehouse/age-off/src/main/java/datawave/iterators/filter/AgeOffTtlUnits.java,0,1,0,0,0,0,0,0,0,5,5,0.0,0.0,1
NationalSecurityAgency/datawave,warehouse/age-off/src/test/java/datawave/iterators/filter/ConfigurableAgeOffFilterTest.java,27,7,0,18,46,80,0,26,6,5,2,0.8181818,0.8181818,5
NationalSecurityAgency/datawave,microservices/starters/datawave/src/main/java/datawave/microservice/config/web/filter/ResponseHeaderWebFilter.java,7,1,0,7,17,2,0,4,0,2,0,0.33333334,0.33333334,1
NationalSecurityAgency/datawave,warehouse/ingest-core/src/test/java/datawave/ingest/mapreduce/job/BulkIngestKeyTest.java,12,1,0,6,13,10,0,5,0,0,0,0.0,0.0,1
NationalSecurityAgency/datawave,warehouse/query-core/src/test/java/datawave/query/iterator/logic/TestUtil.java,11,1,0,5,15,10,0,5,5,1,1,0.0,0.0,1
NationalSecurityAgency/datawave,warehouse/query-core/src/main/java/datawave/query/iterator/Util.java,33,1,0,11,21,78,0,14,13,5,5,0.0,0.0,2
NationalSecurityAgency/datawave,warehouse/query-core/src/main/java/datawave/query/tables/facets/FacetedFunction.java,4,1,0,7,6,0,0,2,0,5,0,1.0,1.0,1
NationalSecurityAgency/datawave,warehouse/query-core/src/test/java/datawave/query/QueryAuthsTest.java,22,2,0,17,35,4,0,12,1,5,2,0.53571427,0.53571427,2
NationalSecurityAgency/datawave,warehouse/query-core/src/main/java/datawave/query/planner/QueryOptionsSwitch.java,29,1,0,7,41,0,0,1,1,1,1,0.0,0.0,1
NationalSecurityAgency/datawave,warehouse/ssdeep-common/src/main/java/datawave/util/ssdeep/SSDeepHash.java,51,1,0,3,20,55,0,18,6,11,7,0.23529412,0.43137255,1
NationalSecurityAgency/datawave,warehouse/query-core/src/test/java/datawave/query/RangeQueryTest.java,30,2,0,18,24,15,0,15,1,2,2,0.4945055,0.4945055,1
NationalSecurityAgency/datawave,warehouse/ingest-core/src/main/java/datawave/ingest/mapreduce/handler/shard/content/BoundedOffsetQueue.java,17,1,0,6,23,3,0,14,0,7,1,0.6785714,1.0,4
NationalSecurityAgency/datawave,microservices/starters/query/src/main/java/datawave/microservice/query/planner/config/WiredQueryModelProviderConfiguration.java,2,1,0,5,2,1,0,2,0,0,0,0.0,0.0,1
NationalSecurityAgency/datawave,warehouse/ingest-core/src/test/java/datawave/ingest/mapreduce/job/DelegatingPartitionerTest.java,48,9,0,18,18,28,0,37,0,5,2,1.0,1.0,6
NationalSecurityAgency/datawave,warehouse/query-core/src/main/java/datawave/query/function/deserializer/WritableDocumentDeserializer.java,2,2,0,2,1,0,0,1,0,1,1,0.0,0.0,1
NationalSecurityAgency/datawave,warehouse/query-core/src/main/java/datawave/query/iterator/WrappingIterator.java,4,1,2,1,3,0,0,4,0,1,0,1.0,1.0,1
NationalSecurityAgency/datawave,microservices/starters/datawave/src/main/java/datawave/microservice/validator/NotBlankIfFieldEqualsValidator.java,7,1,0,3,12,0,0,2,0,3,0,1.0,1.0,1
NationalSecurityAgency/datawave,warehouse/query-core/src/test/java/datawave/query/transformer/GroupingTest.java,101,2,0,31,112,441,0,77,4,24,9,0.52380955,0.5576923,4
NationalSecurityAgency/datawave,microservices/services/query/service/src/main/java/datawave/microservice/query/monitor/config/MonitorProperties.java,32,1,0,5,1,422,0,32,0,13,0,0.07459678,0.12298387,1
NationalSecurityAgency/datawave,warehouse/ingest-core/src/test/java/datawave/ingest/mapreduce/handler/tokenize/ContentIndexingColumnBasedHandlerTest.java,50,4,0,31,67,69,0,37,2,48,41,0.8,0.8181818,6
NationalSecurityAgency/datawave,warehouse/query-core/src/main/java/datawave/query/exceptions/InvalidQueryException.java,4,5,0,1,0,6,0,4,0,1,1,0.0,0.0,1
NationalSecurityAgency/datawave,web-services/annotations/src/test/java/datawave/webservice/annotation/AnnotationManagerBeanFunctionalTest.java,46,1,0,51,118,238,0,44,13,13,4,0.4777328,0.54790825,1
NationalSecurityAgency/datawave,microservices/services/audit/service/src/main/java/datawave/microservice/audit/health/rabbit/config/RabbitHealthProperties.java,74,1,0,8,1,252,0,74,0,37,0,0.2,0.2,6
NationalSecurityAgency/datawave,warehouse/index-stats/src/main/java/datawave/mapreduce/shardStats/HyperLogFieldSummary.java,12,1,0,6,7,0,0,7,0,2,0,0.95238096,1.0,1
NationalSecurityAgency/datawave,warehouse/query-core/src/test/java/datawave/query/index/year/YearRowIteratorTest.java,13,1,0,4,15,44,0,12,0,3,0,0.0,0.0,1
NationalSecurityAgency/datawave,warehouse/ingest-core/src/main/java/datawave/ingest/metadata/MetadataCounterGroup.java,18,1,0,4,9,9,0,15,1,7,1,0.6785714,1.0,2
NationalSecurityAgency/datawave,warehouse/query-core/src/test/java/datawave/query/index/day/TruncatedIndexIngest.java,9,2,0,13,29,1,0,3,0,2,1,0.33333334,0.33333334,1
NationalSecurityAgency/datawave,warehouse/query-core/src/test/java/datawave/query/MatchRegexTest.java,14,2,0,11,14,0,0,9,1,3,3,0.5833333,0.5833333,1
NationalSecurityAgency/datawave,microservices/services/query-metric/service/src/test/java/datawave/microservice/querymetric/QueryMetricHttpTest.java,10,2,0,13,17,13,0,9,0,1,0,0.04761905,0.04761905,3
NationalSecurityAgency/datawave,warehouse/ingest-core/src/main/java/datawave/ingest/util/DiskSpaceStarvationStrategy.java,14,5,0,8,7,0,0,6,0,7,2,0.7,1.0,2
NationalSecurityAgency/datawave,warehouse/ingest-core/src/main/java/datawave/iterators/TotalAggregatingIterator.java,1,2,0,3,2,0,0,1,0,0,0,0.0,0.0,1
NationalSecurityAgency/datawave,microservices/starters/query/src/main/java/datawave/microservice/query/logic/config/QueryLogicFactoryConfiguration.java,15,1,0,15,13,28,0,8,0,1,0,0.0,0.0,1
NationalSecurityAgency/datawave,warehouse/query-core/src/main/java/datawave/query/rules/AmbiguousNotRule.java,9,3,0,13,19,21,0,7,0,1,1,0.0,0.0,1
NationalSecurityAgency/datawave,web-services/client/src/main/java/datawave/webservice/results/cached/result/CachedresultMessages.java,490,4,0,20,254,1630,0,268,57,42,21,0.16885246,0.36393443,13
NationalSecurityAgency/datawave,core/utils/type-utils/src/main/java/datawave/data/normalizer/regex/visitor/NonEncodedNumbersChecker.java,9,2,0,6,4,0,0,4,1,1,0,0.16666667,0.16666667,1
NationalSecurityAgency/datawave,warehouse/query-core/src/main/java/datawave/query/jexl/functions/GroupingRequiredFilterFunctionsDescriptor.java,27,1,0,12,22,0,0,10,0,2,1,0.7777778,0.7777778,2
NationalSecurityAgency/datawave,warehouse/query-core/src/test/java/datawave/query/transformer/ExcerptTransformTest.java,23,2,0,24,66,40,0,21,0,8,1,0.64444447,0.8,1
NationalSecurityAgency/datawave,warehouse/query-core/src/main/java/datawave/next/scanner/DocumentIdProducer.java,24,1,0,17,60,0,0,8,0,9,1,0.5,1.0,1
NationalSecurityAgency/datawave,warehouse/query-core/src/main/java/datawave/query/language/functions/jexl/MostRecentUniqueByHour.java,2,3,0,3,0,1,0,2,0,0,0,0.0,0.0,1
NationalSecurityAgency/datawave,warehouse/ingest-core/src/test/java/datawave/iterators/PropogatingIteratorSeekTest.java,26,3,0,14,23,66,0,22,1,7,4,1.0,1.0,4
NationalSecurityAgency/datawave,warehouse/ingest-core/src/test/java/datawave/ingest/data/config/NormalizedFieldAndValueTest.java,44,1,0,7,19,193,0,42,0,17,0,0.16190477,0.8300395,3
NationalSecurityAgency/datawave,warehouse/ingest-json/src/main/java/datawave/ingest/json/util/JsonObjectFlattener.java,18,1,0,6,0,36,0,18,0,0,0,0.0,0.0,7
NationalSecurityAgency/datawave,microservices/services/dictionary/service/src/main/java/datawave/microservice/dictionary/DataDictionaryControllerV1.java,9,1,0,33,7,0,0,9,0,1,0,1.0,1.0,1
NationalSecurityAgency/datawave,warehouse/ingest-core/src/main/java/datawave/ingest/mapreduce/handler/stats/CardinalityEstimator.java,1,1,0,2,0,0,0,1,0,0,0,0.0,0.0,1
NationalSecurityAgency/datawave,microservices/services/dictionary/service/src/main/java/datawave/microservice/dictionary/DataDictionaryControllerV2.java,12,1,0,36,10,0,0,12,0,1,0,1.0,1.0,1
NationalSecurityAgency/datawave,warehouse/query-core/src/main/java/datawave/query/jexl/visitors/whindex/SplitGeoWaveFunctionVisitor.java,14,4,0,12,17,0,0,3,1,1,0,1.0,1.0,1
NationalSecurityAgency/datawave,warehouse/core/src/main/java/datawave/policy/Policy.java,7,3,0,2,0,10,0,7,0,0,0,0.0,0.0,3
NationalSecurityAgency/datawave,web-services/annotations/src/main/java/datawave/webservice/annotation/AnnotationManagerConfig.java,12,1,0,4,0,54,0,12,0,6,0,0.09090909,0.09090909,1
NationalSecurityAgency/datawave,microservices/starters/query/src/main/java/datawave/microservice/query/remote/QueryRequest.java,13,1,0,2,0,0,0,13,7,2,0,0.84444445,1.0,2
NationalSecurityAgency/datawave,warehouse/query-core/src/main/java/datawave/query/util/cache/QueryModelLoader.java,18,3,0,12,21,26,0,8,0,2,1,0.035714287,0.035714287,1
NationalSecurityAgency/datawave,warehouse/ingest-core/src/main/java/datawave/ingest/util/NGramTokenizationStrategy.java,28,2,1,12,19,15,0,6,0,2,0,0.0,0.0,1
NationalSecurityAgency/datawave,warehouse/ingest-csv/src/main/java/datawave/ingest/csv/config/helper/ExtendedCSVIngestHelper.java,22,2,0,17,36,25,0,10,0,4,1,0.22222222,0.33333334,1
NationalSecurityAgency/datawave,warehouse/ingest-json/src/test/java/datawave/ingest/json/mr/handler/ColumnBasedHandlerTestUtil.java,52,3,0,21,57,8,0,7,5,8,7,1.0,1.0,2
NationalSecurityAgency/datawave,warehouse/query-core/src/test/java/datawave/query/function/serializer/DocumentSerializationIT.java,19,1,0,21,26,37,0,10,0,10,1,0.14285715,0.14285715,1
NationalSecurityAgency/datawave,core/in-memory-accumulo/src/main/java/datawave/accumulo/inmemory/InMemoryNamespace.java,6,1,0,3,11,1,0,2,0,2,0,0.0,0.0,1
NationalSecurityAgency/datawave,core/query/src/main/java/datawave/core/query/logic/filtered/FilteredQueryLogic.java,28,2,1,12,25,85,0,16,0,3,1,0.0952381,0.0952381,3
NationalSecurityAgency/datawave,core/tables/src/main/java/datawave/table/key/parser/IndexKeyParser.java,5,1,0,1,0,10,0,5,0,0,0,0.0,0.0,1
NationalSecurityAgency/datawave,web-services/query/src/main/java/datawave/webservice/query/factory/Persister.java,53,1,0,35,70,0,0,11,0,7,3,0.75,0.75,2
NationalSecurityAgency/datawave,microservices/services/accumulo/service/src/main/java/datawave/microservice/accumulo/lookup/config/ResponseObjectFactory.java,3,1,0,5,0,3,0,3,0,0,0,0.0,0.0,1
NationalSecurityAgency/datawave,warehouse/query-core/src/test/java/datawave/query/lucene/visitors/InvalidQuoteVisitorTest.java,13,1,0,6,12,68,0,13,0,3,1,0.0,0.0,1
NationalSecurityAgency/datawave,warehouse/query-core/src/main/java/datawave/query/attributes/WaitWindowExceededMetadata.java,1,5,0,1,0,0,0,1,0,0,0,0.0,0.0,1
NationalSecurityAgency/datawave,warehouse/query-core/src/test/java/datawave/query/util/sortedmap/MergeSortIteratorTest.java,19,1,0,2,15,3,0,4,0,0,0,0.0,0.0,2
NationalSecurityAgency/datawave,warehouse/age-off/src/main/java/datawave/iterators/filter/ageoff/DataTypeAgeOffFilter.java,53,2,1,13,31,6,0,5,0,13,9,0.2,0.3,1
NationalSecurityAgency/datawave,warehouse/query-core/src/main/java/datawave/query/attributes/TypeAttribute.java,35,2,0,15,46,0,0,16,0,4,2,0.52380955,0.52380955,1
NationalSecurityAgency/datawave,microservices/services/query-executor/service/src/main/java/datawave/microservice/query/executor/config/QueryExecutorConfig.java,5,1,0,13,1,10,0,5,0,0,0,0.0,0.0,1
NationalSecurityAgency/datawave,warehouse/query-core/src/test/java/datawave/core/query/iterator/KeyAggregatingTransformIteratorTest.java,5,1,0,6,12,10,0,5,0,0,0,0.0,0.0,1
NationalSecurityAgency/datawave,warehouse/query-core/src/main/java/datawave/query/cardinality/CardinalityScanner.java,79,1,0,17,128,5,0,23,3,21,14,0.47252747,1.0,4
NationalSecurityAgency/datawave,microservices/services/query/service/src/main/java/datawave/microservice/query/PoolHealthController.java,26,2,0,19,35,9,0,16,0,10,0,0.2,0.2,3
NationalSecurityAgency/datawave,warehouse/query-core/src/test/java/datawave/query/jexl/visitors/TreeFlatteningRebuildingVisitorTest.java,28,1,0,10,34,300,0,25,0,1,0,0.0,0.0,1
NationalSecurityAgency/datawave,warehouse/query-core/src/main/java/datawave/query/jexl/nodes/QueryPropertyMarker.java,52,1,0,9,40,133,0,31,10,8,3,0.53333336,1.0,3
NationalSecurityAgency/datawave,warehouse/query-core/src/main/java/datawave/query/jexl/visitors/IsNotNullIntentVisitor.java,3,3,0,8,7,1,0,2,1,0,0,0.0,0.0,1
NationalSecurityAgency/datawave,core/utils/metadata-utils/src/test/java/datawave/query/model/DateFrequencyMapTest.java,4,1,0,5,15,1,0,3,1,1,1,0.0,0.0,1
NationalSecurityAgency/datawave,microservices/services/authorization/service/src/main/java/datawave/microservice/authorization/mock/MockDatawaveUserServiceConfiguration.java,3,1,0,10,1,3,0,3,0,0,0,0.0,0.0,1
NationalSecurityAgency/datawave,warehouse/query-core/src/main/java/datawave/query/jexl/visitors/TreeEqualityVisitor.java,119,2,0,91,29,4560,0,100,3,3,1,0.0,0.0,2
NationalSecurityAgency/datawave,warehouse/query-core/src/main/java/datawave/query/tables/AncestorQueryLogic.java,11,3,0,10,13,28,0,8,0,0,0,0.0,0.0,1
NationalSecurityAgency/datawave,warehouse/edge-dictionary-core/src/main/java/datawave/webservice/edgedictionary/RemoteEdgeDictionary.java,16,2,0,17,12,118,0,16,0,17,0,0.008333334,0.008333334,1
NationalSecurityAgency/datawave,web-services/security/src/main/java/datawave/security/auth/DatawaveCredential.java,15,1,0,5,27,25,0,11,0,4,0,0.22222222,0.35555556,1
NationalSecurityAgency/datawave,warehouse/age-off/src/main/java/datawave/ingest/util/cache/watch/FileRuleReference.java,3,1,0,3,5,0,0,3,0,2,0,0.6666667,1.0,1
NationalSecurityAgency/datawave,warehouse/query-core/src/test/java/datawave/query/planner/GeoSortedQueryDataTest.java,27,2,0,54,98,15,0,11,5,17,16,0.32142857,0.75,2
NationalSecurityAgency/datawave,warehouse/query-core/src/test/java/datawave/query/testframework/CSVTestFileLoader.java,3,1,0,11,7,0,0,2,0,2,0,1.0,1.0,1
NationalSecurityAgency/datawave,microservices/services/query-metric/service/src/main/java/datawave/microservice/querymetric/Correlator.java,13,1,0,5,21,1,0,6,0,4,0,0.46666667,1.0,1
NationalSecurityAgency/datawave,warehouse/query-core/src/main/java/datawave/query/transformer/ContentTransform.java,6,2,0,7,14,0,0,2,0,2,0,1.0,1.0,1
NationalSecurityAgency/datawave,warehouse/ingest-core/src/main/java/datawave/ingest/input/reader/AggregatingRecordReader.java,59,4,0,11,43,199,0,33,0,15,3,1.0,1.0,2
NationalSecurityAgency/datawave,warehouse/ingest-core/src/main/java/datawave/metrics/util/flag/InputFile.java,0,1,0,0,0,0,0,0,0,0,0,0.0,0.0,1
NationalSecurityAgency/datawave,web-services/query/src/test/java/datawave/webservice/query/limit/WildcardMatcherTest.java,3,1,0,2,8,3,0,3,0,0,0,0.0,0.0,1
NationalSecurityAgency/datawave,warehouse/query-core/src/main/java/datawave/query/jexl/lookups/UnfieldedLiteralIndexLookup.java,21,3,0,17,60,20,0,8,0,4,1,0.2,0.26666668,1
NationalSecurityAgency/datawave,warehouse/ingest-core/src/test/java/datawave/iterators/PropogatingIteratorTest.java,50,1,0,18,56,166,0,45,0,6,3,0.38043478,0.38043478,2
NationalSecurityAgency/datawave,warehouse/query-core/src/main/java/datawave/query/util/metadata/MockLoader.java,9,2,0,10,35,1,0,5,0,4,2,1.0,1.0,2
NationalSecurityAgency/datawave,warehouse/ingest-core/src/main/java/datawave/ingest/util/ShardLocationTrieMap.java,72,1,0,7,41,73,0,40,0,12,1,1.0,1.0,7
NationalSecurityAgency/datawave,core/utils/metadata-utils/src/test/java/datawave/query/util/CachingConsistencyTest.java,14,1,0,5,22,1,0,2,0,0,0,0.0,0.0,1
NationalSecurityAgency/datawave,microservices/services/query/service/src/main/java/datawave/microservice/query/lookup/LookupService.java,84,1,0,26,100,97,0,22,0,20,15,0.5,0.84615386,1
NationalSecurityAgency/datawave,warehouse/query-core/src/test/java/datawave/query/common/grouping/DocumentGrouperTest.java,57,1,0,17,64,28,0,55,2,12,7,0.93333334,0.93333334,2
NationalSecurityAgency/datawave,warehouse/query-core/src/test/java/datawave/query/index/lookup/RangeStreamQueryTest.java,41,1,0,29,51,184,0,20,4,10,4,0.010989011,0.010989011,3
NationalSecurityAgency/datawave,warehouse/query-core/src/test/java/datawave/query/jexl/visitors/validate/JunctionValidatingVisitorTest.java,10,1,0,7,16,45,0,10,0,0,0,0.0,0.0,1
NationalSecurityAgency/datawave,warehouse/ingest-core/src/main/java/datawave/ingest/util/KillJobByRegex.java,11,1,0,5,25,0,0,3,1,6,4,1.0,1.0,2
NationalSecurityAgency/datawave,warehouse/query-core/src/main/java/datawave/core/iterators/CompositeSeekingIterator.java,20,2,0,11,28,0,0,4,0,15,5,0.6666667,1.0,1
NationalSecurityAgency/datawave,warehouse/query-core/src/main/java/datawave/core/iterators/FairIterator.java,28,5,0,10,21,15,0,11,1,9,4,0.33333334,0.64444447,2
NationalSecurityAgency/datawave,warehouse/query-core/src/test/java/datawave/query/transformer/NoExpansionTests.java,14,2,0,17,12,89,0,14,1,4,2,0.010989011,0.010989011,1
NationalSecurityAgency/datawave,web-services/common-util/src/main/java/datawave/resteasy/interceptor/ClearQuerySessionIDFilter.java,1,1,0,6,2,0,0,1,0,0,0,0.0,0.0,1
NationalSecurityAgency/datawave,core/utils/type-utils/src/test/java/datawave/data/normalizer/regex/visitor/NegativeNumberPatternInverterTest.java,11,1,0,9,9,55,0,11,0,0,0,0.0,0.0,1
NationalSecurityAgency/datawave,warehouse/query-core/src/main/java/datawave/query/scheduler/Scheduler.java,4,1,1,9,2,6,0,4,0,1,0,0.0,0.0,1
NationalSecurityAgency/datawave,warehouse/ingest-core/src/test/java/datawave/ingest/mapreduce/job/ConstraintCheckerTest.java,6,1,0,8,8,0,0,6,0,3,0,1.0,1.0,1
NationalSecurityAgency/datawave,warehouse/query-core/src/main/java/datawave/query/transformer/annotation/TermExtractor.java,19,1,0,7,21,0,0,5,0,1,0,0.5,0.5,1
NationalSecurityAgency/datawave,microservices/services/accumulo/service/src/main/java/datawave/microservice/accumulo/lookup/LookupService.java,79,3,0,33,87,66,0,31,1,48,1,0.5,1.0,7
NationalSecurityAgency/datawave,microservices/starters/query/src/main/java/datawave/microservice/query/messaging/AcknowledgementCallback.java,1,1,0,1,0,0,0,1,0,0,0,0.0,0.0,2
NationalSecurityAgency/datawave,warehouse/age-off-utils/src/main/java/datawave/age/off/util/AgeOffCsvToMatchPatternFormatterConfiguration.java,23,1,0,2,0,66,0,23,0,12,0,1.0,1.0,2
NationalSecurityAgency/datawave,warehouse/query-core/src/main/java/datawave/query/util/ValueSerializer.java,22,1,0,8,17,28,0,16,2,5,2,0.16666667,0.16666667,3
NationalSecurityAgency/datawave,warehouse/ingest-csv/src/test/java/datawave/ingest/csv/TableConfigurationUtilTest.java,16,1,0,11,51,0,0,15,2,3,3,0.34065935,0.4945055,1
NationalSecurityAgency/datawave,microservices/services/query-executor/service/src/main/java/datawave/microservice/query/executor/QueryExecutorService.java,1,1,0,4,1,0,0,1,1,0,0,0.0,0.0,1
NationalSecurityAgency/datawave,warehouse/query-core/src/test/java/datawave/query/IndexExpansionQueryTest.java,111,3,0,31,85,1860,0,73,2,19,8,0.2,0.24626866,2
NationalSecurityAgency/datawave,microservices/services/audit/service/src/main/java/datawave/microservice/audit/config/AuditProperties.java,15,1,0,4,1,20,0,14,0,7,0,0.2,0.2,2
NationalSecurityAgency/datawave,microservices/services/query/service/src/main/java/datawave/microservice/query/web/filter/BaseMethodStatsFilter.java,53,4,2,13,39,15,0,36,0,22,2,0.8,1.0,7
NationalSecurityAgency/datawave,warehouse/ingest-core/src/test/java/datawave/ingest/mapreduce/handler/facet/ApproximateAlgorithmsTest.java,9,1,0,6,11,0,0,4,0,1,1,1.0,1.0,1
NationalSecurityAgency/datawave,warehouse/query-core/src/main/java/datawave/query/jexl/functions/GeoWaveFunctionsDescriptor.java,75,1,0,24,92,133,0,28,15,5,2,1.0,1.0,4
NationalSecurityAgency/datawave,warehouse/query-core/src/test/java/datawave/query/common/grouping/GroupingAttributeTest.java,4,1,0,5,3,6,0,4,0,0,0,0.0,0.0,1
NationalSecurityAgency/datawave,warehouse/ingest-core/src/main/java/datawave/ingest/mapreduce/handler/shard/AbstractColumnBasedHandler.java,32,3,0,13,40,3,0,11,0,7,3,0.47272727,1.0,1
NationalSecurityAgency/datawave,warehouse/query-core/src/main/java/datawave/query/iterator/aggregation/DocumentData.java,15,1,0,4,12,0,0,12,0,4,0,0.6060606,1.0,1
NationalSecurityAgency/datawave,warehouse/query-core/src/main/java/datawave/query/planner/async/AbstractQueryPlannerCallable.java,2,1,0,2,0,1,0,2,0,1,0,0.0,0.0,1
NationalSecurityAgency/datawave,warehouse/query-core/src/main/java/datawave/query/util/sortedmap/RewritableSortedMap.java,2,1,0,3,0,1,0,2,0,0,0,0.0,0.0,1
NationalSecurityAgency/datawave,microservices/starters/datawave/src/main/java/datawave/microservice/config/discovery/rabbit/RabbitDiscoveryConfiguration.java,2,1,0,13,8,0,0,2,0,0,0,0.0,0.0,2
NationalSecurityAgency/datawave,warehouse/query-core/src/test/java/datawave/query/jexl/visitors/IngestTypeVisitorIntegrationTest.java,76,3,0,19,93,172,0,29,3,12,1,0.5,1.0,6
NationalSecurityAgency/datawave,warehouse/query-core/src/main/java/datawave/next/BaseDocIdIterator.java,29,1,1,13,28,98,0,16,0,19,1,0.09166667,0.2,1
NationalSecurityAgency/datawave,core/utils/metadata-utils/src/main/java/datawave/metadata/protobuf/EdgeMetadata.java,440,3,0,18,176,1093,0,218,39,38,18,0.2888889,0.4989899,9
NationalSecurityAgency/datawave,warehouse/query-core/src/test/java/datawave/query/util/sortedset/BufferedFileBackedKeySortedSetTest.java,42,1,0,10,31,1,0,17,0,4,0,1.0,1.0,2
NationalSecurityAgency/datawave,warehouse/query-core/src/test/java/datawave/test/ShallowJexlNodeComparator.java,13,1,0,2,6,0,0,1,0,0,0,0.0,0.0,1
NationalSecurityAgency/datawave,warehouse/ssdeep-common/src/test/java/datawave/util/ssdeep/SSDeepNGramOverlapScorerTest.java,2,1,0,6,4,0,0,1,0,2,2,0.0,0.0,1
NationalSecurityAgency/datawave,warehouse/query-core/src/main/java/datawave/query/tables/keyword/KeywordQueryState.java,14,1,0,2,2,68,0,13,0,8,0,0.06410257,0.06410257,1
NationalSecurityAgency/datawave,core/base-rest-responses/src/test/java/datawave/webservice/ProtobufSerializationTestBase.java,8,1,2,6,22,8,0,5,0,1,0,0.1,0.1,1
NationalSecurityAgency/datawave,microservices/services/dictionary/service/src/test/java/datawave/microservice/dictionary/edge/EdgeDictionaryImplTest.java,22,1,0,20,42,23,0,11,5,17,13,1.0,1.0,2
NationalSecurityAgency/datawave,warehouse/query-core/src/main/java/datawave/query/model/util/LoadModel.java,11,1,0,8,29,1,0,3,3,1,1,0.33333334,0.33333334,1
NationalSecurityAgency/datawave,web-services/accumulo/src/main/java/datawave/webservice/operations/user/ListUsersBean.java,1,1,0,13,1,0,0,1,0,1,0,0.0,0.0,1
NationalSecurityAgency/datawave,warehouse/query-core/src/main/java/datawave/webservice/query/result/event/SimpleField.java,53,2,0,15,28,50,0,29,1,9,3,0.38011697,0.7076023,2
NationalSecurityAgency/datawave,warehouse/query-core/src/test/java/datawave/query/util/cache/ClassCacheTest.java,7,1,0,4,16,0,0,4,0,4,0,1.0,1.0,2
NationalSecurityAgency/datawave,warehouse/edge-dictionary-core/src/main/java/datawave/webservice/edgedictionary/EdgeDictionaryResponseTypeProducer.java,1,1,0,5,0,0,0,1,0,0,0,0.0,0.0,2
NationalSecurityAgency/datawave,warehouse/query-core/src/test/java/datawave/test/index/IndexConversionTests.java,11,1,0,1,0,55,0,11,0,0,0,0.0,0.0,1
NationalSecurityAgency/datawave,warehouse/query-core/src/main/java/datawave/core/iterators/uid/GlobalIndexUidMappingIterator.java,13,2,0,9,15,6,0,4,0,0,0,0.0,0.0,1
NationalSecurityAgency/datawave,microservices/services/authorization/api/src/test/java/datawave/security/authorization/SubjectIssuerDNPairTest.java,5,1,0,3,17,8,0,5,0,1,1,0.1,0.1,1
NationalSecurityAgency/datawave,microservices/services/audit/api/src/test/java/datawave/webservice/common/audit/AuditParametersTest.java,31,1,0,3,36,0,0,31,0,1,0,0.8731183,0.8731183,1
NationalSecurityAgency/datawave,warehouse/core/src/test/java/datawave/util/cli/AccumuloArgsTest.java,2,1,0,4,13,1,0,2,0,1,0,0.0,0.0,2
NationalSecurityAgency/datawave,warehouse/ingest-core/src/main/java/datawave/ingest/mapreduce/handler/edge/define/EdgeKeyType.java,0,1,0,0,0,0,0,0,0,0,0,0.0,0.0,1
NationalSecurityAgency/datawave,warehouse/ingest-core/src/main/java/datawave/ingest/mapreduce/handler/edge/evaluation/EdgeJexlHelper.java,4,1,0,3,22,6,0,4,3,1,1,0.0,0.0,1
NationalSecurityAgency/datawave,microservices/services/query-metric/api/src/main/java/datawave/microservice/querymetric/QueryMetricListResponse.java,9,3,1,9,16,0,0,1,0,1,1,0.0,0.0,1
NationalSecurityAgency/datawave,warehouse/query-core/src/main/java/datawave/core/iterators/ResultCountingIterator.java,35,2,0,18,40,7,0,20,0,10,2,0.6666667,0.7777778,3
NationalSecurityAgency/datawave,warehouse/query-core/src/main/java/datawave/query/tables/shard/FieldIndexCountQueryLogic.java,105,4,0,24,119,82,0,28,1,16,2,0.6666667,1.0,4
NationalSecurityAgency/datawave,warehouse/ingest-core/src/main/java/datawave/ingest/input/reader/event/EventSequenceFileRecordReader.java,4,2,0,4,11,0,0,1,0,0,0,0.0,0.0,1
NationalSecurityAgency/datawave,warehouse/metrics-core/src/main/java/datawave/metrics/analytic/MetricsDataFormat.java,4,1,0,1,6,0,0,2,0,5,4,1.0,1.0,2
NationalSecurityAgency/datawave,warehouse/query-core/src/test/java/datawave/query/tables/keyword/TagCloudTransformerTest.java,11,1,0,3,12,1,0,3,0,3,0,0.33333334,0.33333334,1
NationalSecurityAgency/datawave,microservices/services/authorization/service/src/test/java/datawave/microservice/authorization/AuthorizationServiceV1Test.java,17,1,0,23,33,28,0,17,1,18,4,0.93333334,1.0,3
NationalSecurityAgency/datawave,warehouse/query-core/src/main/java/datawave/query/jexl/functions/GetImage.java,1,1,0,2,1,0,0,1,0,0,0,0.0,0.0,1
NationalSecurityAgency/datawave,warehouse/query-core/src/test/java/datawave/query/LenientFieldsTest.java,11,3,0,22,27,41,0,11,2,5,3,0.044444446,0.06666667,2
NationalSecurityAgency/datawave,warehouse/query-core/src/main/java/datawave/query/jexl/JexlPatternCache.java,3,1,0,1,8,1,0,2,1,1,1,0.0,0.0,1
NationalSecurityAgency/datawave,warehouse/query-core/src/main/java/datawave/query/jexl/visitors/InvertNodeVisitor.java,21,4,0,13,10,55,0,11,1,0,0,0.0,0.0,1
NationalSecurityAgency/datawave,warehouse/query-core/src/main/java/datawave/query/function/JexlContextCreator.java,13,1,1,8,18,4,0,6,0,4,1,0.3,0.6,2
NationalSecurityAgency/datawave,warehouse/query-core/src/main/java/datawave/query/language/functions/lucene/IsNotNull.java,9,2,0,8,6,10,0,5,0,0,0,0.0,0.0,1
NationalSecurityAgency/datawave,microservices/starters/query-metric/src/main/java/datawave/microservice/querymetric/function/QueryMetricSupplier.java,2,1,0,3,9,0,0,2,0,1,0,0.0,0.0,1
NationalSecurityAgency/datawave,warehouse/query-core/src/test/java/datawave/query/tld/TLDQueryIteratorTest.java,3,1,0,8,14,3,0,3,0,0,0,0.0,0.0,1
NationalSecurityAgency/datawave,web-services/client/src/main/java/datawave/webservice/query/result/event/FacetsBase.java,6,1,1,9,0,11,0,6,0,3,0,0.13333334,0.13333334,1
NationalSecurityAgency/datawave,warehouse/ingest-core/src/main/java/datawave/ingest/mapreduce/job/metrics/MetricsStore.java,1,1,0,0,0,0,0,1,0,0,0,0.0,0.0,1
NationalSecurityAgency/datawave,warehouse/index-stats/src/test/java/datawave/mapreduce/shardStats/MockMapContext.java,9,3,0,11,3,9,0,8,0,3,0,0.2,0.2,2
NationalSecurityAgency/datawave,warehouse/query-core/src/main/java/datawave/query/transformer/EventQueryTransformerInterface.java,11,1,0,6,0,55,0,11,0,0,0,0.0,0.0,1
NationalSecurityAgency/datawave,warehouse/metrics-core/src/main/java/datawave/metrics/mapreduce/IngestMetricsIngester.java,0,3,0,1,0,0,0,0,0,0,0,0.0,0.0,1
NationalSecurityAgency/datawave,warehouse/query-core/src/main/java/datawave/query/jexl/visitors/ValidPatternVisitor.java,15,4,0,12,16,13,0,6,1,1,0,0.06666667,0.06666667,1
NationalSecurityAgency/datawave,microservices/services/query/service/src/main/java/datawave/microservice/query/stream/runner/StreamingCall.java,25,1,0,12,33,21,0,14,0,14,0,0.0,0.0,2
NationalSecurityAgency/datawave,web-services/client/src/main/java/datawave/webservice/result/DefaultEventQueryResponse.java,80,4,0,15,47,40,0,22,1,7,2,0.25641027,0.71794873,2
NationalSecurityAgency/datawave,warehouse/query-core/src/main/java/datawave/query/iterator/builder/OrIteratorBuilder.java,1,2,0,4,0,0,0,1,0,0,0,0.0,0.0,1
NationalSecurityAgency/datawave,warehouse/query-core/src/main/java/datawave/query/index/lookup/TupleToRange.java,24,1,0,10,34,1,0,7,5,5,1,0.47619048,0.47619048,1
NationalSecurityAgency/datawave,warehouse/ingest-core/src/main/java/datawave/ingest/mapreduce/job/reindex/ShardReindexJob.java,116,1,0,34,126,107,0,18,10,65,3,0.044444446,0.044444446,2
NationalSecurityAgency/datawave,warehouse/keyword-common/src/main/java/datawave/util/keyword/YakeToken.java,10,1,0,1,13,2,0,8,0,12,0,0.4642857,0.75,1
NationalSecurityAgency/datawave,microservices/starters/cached-results/src/main/java/datawave/microservice/query/cachedresults/CachedResultsQueryService.java,242,1,0,52,274,221,0,48,2,28,12,0.45333335,0.6333333,2
NationalSecurityAgency/datawave,warehouse/query-core/src/test/java/datawave/query/jexl/visitors/PushdownUnexecutableNodesVisitorTest.java,5,2,0,11,17,0,0,5,1,12,0,0.5,0.6,1
NationalSecurityAgency/datawave,web-services/query-websocket/src/main/java/datawave/webservice/websocket/messages/QueryMessage.java,1,1,0,1,0,0,0,1,0,0,0,0.0,0.0,2
NationalSecurityAgency/datawave,warehouse/accumulo-extensions/src/main/java/datawave/ingest/table/balancer/WaitForBalance.java,7,1,0,2,23,0,0,1,1,1,1,0.0,0.0,1
NationalSecurityAgency/datawave,warehouse/query-core/src/main/java/datawave/query/language/parser/lucene/AccumuloSyntaxParser.java,221,3,0,32,42,253,0,30,2,28,6,0.4,0.43333334,3
NationalSecurityAgency/datawave,warehouse/query-core/src/main/java/datawave/query/jexl/visitors/UnmarkedBoundedRangeDetectionVisitor.java,9,3,0,9,10,4,0,4,1,1,0,0.33333334,0.33333334,1
NationalSecurityAgency/datawave,microservices/services/query/service/src/main/java/datawave/microservice/query/web/QuerySessionIdAdvice.java,16,1,0,15,23,4,0,7,1,3,0,1.0,1.0,3
NationalSecurityAgency/datawave,warehouse/query-core/src/main/java/datawave/query/index/stats/IndexStatsRecord.java,17,1,0,5,15,0,0,14,0,3,0,0.5934066,0.72527474,1
NationalSecurityAgency/datawave,warehouse/query-core/src/main/java/datawave/core/iterators/FieldIndexDocumentFilter.java,8,2,0,9,12,0,0,5,0,4,3,0.6,1.0,1
NationalSecurityAgency/datawave,warehouse/query-core/src/main/java/datawave/query/iterator/profile/QuerySpan.java,45,1,1,4,36,95,0,23,0,9,0,0.31225297,0.9130435,2
NationalSecurityAgency/datawave,warehouse/query-core/src/main/java/datawave/query/tables/ResourceQueue.java,19,1,0,7,15,13,0,12,0,4,1,0.6666667,0.6666667,2
NationalSecurityAgency/datawave,core/utils/accumulo-utils/src/main/java/datawave/security/util/AuthorizationsMinimizer.java,6,1,0,1,18,0,0,1,1,0,0,0.0,0.0,1
NationalSecurityAgency/datawave,web-services/query/src/main/java/datawave/webservice/query/configuration/IdTranslatorConfiguration.java,11,1,0,4,4,11,0,7,0,3,0,0.23809524,0.23809524,1
NationalSecurityAgency/datawave,warehouse/query-core/src/main/java/datawave/query/tables/BatchScannerSession.java,116,4,0,29,95,431,0,42,0,27,4,1.0,1.0,3
NationalSecurityAgency/datawave,warehouse/query-core/src/main/java/datawave/query/index/lookup/DataTypeFilter.java,9,2,0,11,20,2,0,4,1,3,1,0.33333334,0.5,1
NationalSecurityAgency/datawave,warehouse/query-core/src/main/java/datawave/query/util/sortedset/MultiSetBackedSortedSet.java,42,3,0,3,18,0,0,15,0,1,0,0.74285716,0.74285716,1
NationalSecurityAgency/datawave,warehouse/ingest-core/src/main/java/datawave/ingest/util/ConfigurationFileHelper.java,4,1,0,5,6,1,0,2,2,1,1,0.0,0.0,1
NationalSecurityAgency/datawave,warehouse/query-core/src/main/java/datawave/query/function/IndexOnlyContextCreator.java,22,3,0,22,24,44,0,14,0,16,3,0.16363636,0.8181818,2
NationalSecurityAgency/datawave,microservices/services/dictionary/api/src/main/java/datawave/webservice/dictionary/edge/EdgeDictionaryBase.java,9,2,0,7,0,36,0,9,0,1,1,0.0,0.0,1
NationalSecurityAgency/datawave,warehouse/query-core/src/main/java/datawave/query/rules/QueryValidationConfigurationImpl.java,4,1,1,3,0,2,0,4,0,2,0,0.33333334,0.33333334,1
NationalSecurityAgency/datawave,core/base-rest-responses/src/main/java/datawave/security/authorization/UserOperations.java,6,1,0,9,25,6,0,4,1,0,0,0.0,0.0,1
NationalSecurityAgency/datawave,warehouse/query-core/src/test/java/datawave/query/iterator/SourceManagerTest.java,61,3,0,16,38,93,0,35,2,10,2,0.29090908,0.5090909,5
NationalSecurityAgency/datawave,warehouse/query-core/src/test/java/datawave/query/util/DayIndexIngest.java,12,2,0,12,39,7,0,6,0,2,1,0.33333334,0.5,1
NationalSecurityAgency/datawave,core/utils/type-utils/src/main/java/datawave/data/type/util/PhoneNumber.java,212,1,0,2,19,85,0,14,7,5,3,0.071428575,0.10714286,1
NationalSecurityAgency/datawave,microservices/starters/query/src/main/java/datawave/microservice/query/storage/QueryStorageCacheImpl.java,43,1,0,27,58,137,0,27,0,5,0,0.30666667,0.57,1
NationalSecurityAgency/datawave,warehouse/query-core/src/main/java/datawave/query/predicate/TermFrequencyDataFilter.java,2,2,0,3,1,1,0,2,0,0,0,0.0,0.0,1
NationalSecurityAgency/datawave,core/utils/type-utils/src/main/java/datawave/data/normalizer/regex/EmptyNode.java,5,2,0,4,1,10,0,5,0,0,0,0.0,0.0,1
NationalSecurityAgency/datawave,warehouse/query-core/src/main/java/datawave/query/jexl/visitors/PatternNodeVisitor.java,7,4,0,11,6,21,0,7,1,0,0,0.0,0.0,1
NationalSecurityAgency/datawave,warehouse/query-core/src/main/java/datawave/query/jexl/visitors/RegexIndexExpansionVisitor.java,115,5,1,35,114,448,0,32,3,7,1,0.04347826,0.04710145,2
NationalSecurityAgency/datawave,core/annotation/src/main/java/datawave/annotation/protobuf/v1/AnnotationSource.java,266,2,0,16,115,2599,0,134,18,29,12,0.069479965,0.18542199,5
NationalSecurityAgency/datawave,warehouse/query-core/src/main/java/datawave/core/iterators/key/util/TFKeyUtil.java,22,1,0,2,6,15,0,6,5,0,0,0.0,0.0,1
NationalSecurityAgency/datawave,warehouse/query-core/src/main/java/datawave/query/planner/pushdown/Cost.java,32,1,0,1,9,94,0,21,6,3,1,0.24736843,0.34736842,1
NationalSecurityAgency/datawave,core/annotation/src/test/java/datawave/annotation/util/v1/AnnotationValidatorsTest.java,9,1,0,10,34,28,0,8,3,0,0,0.0,0.0,1
NationalSecurityAgency/datawave,warehouse/ingest-core/src/main/java/datawave/util/flag/processor/DateFolderFlagDistributor.java,21,2,0,5,18,0,0,6,0,5,0,1.0,1.0,2
NationalSecurityAgency/datawave,warehouse/query-core/src/test/java/datawave/query/transformer/UniqueTransformTest.java,75,1,1,20,110,585,0,48,1,9,3,0.33333334,0.33333334,3
NationalSecurityAgency/datawave,microservices/starters/query/src/main/java/datawave/microservice/query/edge/config/EdgeModelProperties.java,8,1,0,4,0,20,0,8,0,4,0,0.14285715,0.14285715,1
NationalSecurityAgency/datawave,warehouse/query-core/src/test/java/datawave/query/planner/ScanHintRulesTest.java,14,4,0,18,53,6,0,14,0,3,0,1.0,1.0,3
NationalSecurityAgency/datawave,microservices/services/audit/service/src/main/java/datawave/microservice/audit/health/HealthChecker.java,5,1,0,0,0,10,0,5,0,0,0,0.0,0.0,1
NationalSecurityAgency/datawave,warehouse/query-core/src/main/java/datawave/query/tables/edge/DefaultEdgeEventQueryLogic.java,26,3,0,15,33,135,0,19,0,6,1,0.10526316,0.28070176,1
NationalSecurityAgency/datawave,core/base-rest-responses/src/main/java/datawave/user/AuthorizationsListBase.java,77,2,0,12,49,88,0,30,0,13,1,0.6,0.6,6
NationalSecurityAgency/datawave,warehouse/query-core/src/main/java/datawave/query/tables/ssdeep/SSDeepDiscoveryQueryLogic.java,85,2,0,23,109,1,0,81,0,1,0,0.94969165,0.94969165,2
NationalSecurityAgency/datawave,microservices/services/authorization/service/src/main/java/datawave/microservice/authorization/event/listener/AuthorizationEvictionEventListener.java,6,1,0,8,10,0,0,2,0,3,0,1.0,1.0,1
NationalSecurityAgency/datawave,web-services/common-util/src/main/java/datawave/webservice/common/exception/UnauthorizedException.java,1,3,0,3,1,0,0,1,0,1,1,0.0,0.0,1
NationalSecurityAgency/datawave,microservices/starters/query/src/main/java/datawave/microservice/query/config/QueryStarterConfiguration.java,1,1,0,8,2,0,0,1,0,0,0,0.0,0.0,1
NationalSecurityAgency/datawave,warehouse/query-core/src/test/java/datawave/query/util/DateTypeDescriptionIteratorTest.java,18,2,0,17,40,31,0,15,0,12,1,0.33333334,0.33333334,2
NationalSecurityAgency/datawave,microservices/services/query-metric/api/src/main/java/datawave/microservice/querymetric/QueryMetricModel.java,48,3,0,6,36,401,0,35,0,8,1,0.16302522,0.16302522,1
NationalSecurityAgency/datawave,microservices/services/query-metric/service/src/test/java/datawave/microservice/querymetric/QueryMetricConsistencyTest.java,20,2,0,31,99,78,0,13,0,1,0,0.0,0.0,1
NationalSecurityAgency/datawave,warehouse/query-core/src/test/java/datawave/query/postprocessing/tf/FunctionReferenceVisitorTest.java,40,1,0,8,36,379,0,30,0,3,0,0.0,0.0,1
NationalSecurityAgency/datawave,web-services/common-util/src/main/java/datawave/webservice/accumulo/iterator/MatchingKeySkippingIterator.java,27,2,0,13,28,25,0,13,1,11,2,1.0,1.0,3
NationalSecurityAgency/datawave,warehouse/query-core/src/main/java/datawave/query/tables/ssdeep/SSDeepSeenFunction.java,4,1,0,2,4,1,0,3,0,1,0,0.33333334,0.33333334,1
NationalSecurityAgency/datawave,warehouse/edge-dictionary-core/src/main/java/datawave/webservice/edgedictionary/EdgeDictionaryProviderImpl.java,1,1,0,6,1,0,0,1,0,1,0,0.0,0.0,1
NationalSecurityAgency/datawave,core/utils/type-utils/src/main/java/datawave/data/normalizer/GeoLatNormalizer.java,11,2,0,4,10,6,0,4,0,2,2,0.0,0.0,1
NationalSecurityAgency/datawave,warehouse/index-stats/src/main/java/datawave/mapreduce/shardStats/StatsHyperLogMapper.java,26,2,0,18,47,0,0,8,0,25,8,1.0,1.0,2
NationalSecurityAgency/datawave,core/utils/metadata-utils/src/main/java/datawave/iterators/FrequencyMetadataAggregator.java,104,3,0,21,90,70,0,26,0,25,6,1.0,1.0,2
NationalSecurityAgency/datawave,core/utils/type-utils/src/main/java/datawave/query/parser/JavaRegexAnalyzer.java,286,4,0,6,82,231,0,41,2,32,23,0.5714286,0.75,4
NationalSecurityAgency/datawave,core/utils/accumulo-utils/src/test/java/datawave/marking/MarkingFunctionsDefaultCombineTest.java,4,1,0,4,5,6,0,4,0,0,0,0.0,0.0,1
NationalSecurityAgency/datawave,warehouse/query-core/src/main/java/datawave/query/transformer/UniqueTransform.java,84,2,0,21,97,100,0,35,4,23,2,0.33333334,0.8333333,4
NationalSecurityAgency/datawave,web-services/common-util/src/main/java/datawave/webservice/common/exception/NoResultsException.java,7,3,0,2,1,15,0,7,0,4,1,0.14285715,0.14285715,1
NationalSecurityAgency/datawave,warehouse/query-core/src/test/java/datawave/query/rules/InvalidQuoteRuleTest.java,12,2,0,6,6,66,0,12,0,0,0,0.0,0.0,1
NationalSecurityAgency/datawave,warehouse/ssdeep-common/src/test/java/datawave/util/ssdeep/HashReverseTest.java,13,1,0,4,7,28,0,8,0,0,0,0.0,0.0,1
NationalSecurityAgency/datawave,warehouse/ingest-core/src/main/java/datawave/ingest/mapreduce/job/reindex/EventKeyAdjustment.java,6,1,0,4,7,1,0,2,0,0,0,0.0,0.0,1
NationalSecurityAgency/datawave,microservices/starters/datawave/src/main/java/datawave/microservice/config/web/DatawaveServerProperties.java,18,2,0,9,2,54,0,18,0,10,0,0.13333334,0.13333334,3
NationalSecurityAgency/datawave,warehouse/query-core/src/main/java/datawave/query/planner/rules/FieldPattern.java,11,1,0,3,4,0,0,8,0,2,0,0.60714287,0.75,1
NationalSecurityAgency/datawave,warehouse/query-core/src/test/java/datawave/query/tables/ScannerFactoryTest.java,31,2,0,21,26,1,0,31,1,4,4,1.0,1.0,2
NationalSecurityAgency/datawave,core/annotation/src/main/java/datawave/annotation/protobuf/v1/SegmentOrBuilder.java,16,1,0,6,0,120,0,16,0,0,0,0.0,0.0,1
NationalSecurityAgency/datawave,warehouse/query-core/src/main/java/datawave/next/stats/DocIdQueryIterStatsSerializer.java,2,1,0,5,4,0,0,2,0,2,0,1.0,1.0,1
NationalSecurityAgency/datawave,warehouse/query-core/src/test/java/datawave/query/predicate/NegationPredicateTest.java,7,1,0,3,6,21,0,7,0,0,0,0.0,0.0,1
NationalSecurityAgency/datawave,warehouse/query-core/src/main/java/datawave/query/iterators/FieldIndexCountingIterator.java,187,2,0,18,102,366,0,37,11,35,13,0.2,0.52615386,1
NationalSecurityAgency/datawave,microservices/starters/query/src/main/java/datawave/microservice/query/logic/config/TLDEventQueryConfiguration.java,2,1,0,7,2,1,0,2,0,0,0,0.0,0.0,1
NationalSecurityAgency/datawave,warehouse/query-core/src/test/java/datawave/query/TestLimitReturnedGroupsToHitTermGroups.java,42,3,4,25,82,42,0,30,4,12,3,0.41304347,0.76086956,3
NationalSecurityAgency/datawave,warehouse/query-core/src/main/java/datawave/query/tables/SessionBuilder.java,21,1,0,7,5,182,0,21,0,13,4,0.057142857,0.057142857,1
NationalSecurityAgency/datawave,core/utils/type-utils/src/test/java/datawave/data/normalizer/regex/visitor/AnchorTrimmerTest.java,7,1,0,6,7,15,0,6,0,0,0,0.0,0.0,1
NationalSecurityAgency/datawave,warehouse/query-core/src/main/java/datawave/query/rules/ShardQueryRule.java,9,2,16,7,2,6,0,4,0,0,0,0.0,0.0,2
NationalSecurityAgency/datawave,warehouse/query-core/src/test/java/datawave/query/iterator/logic/NegationFilterTest.java,28,1,0,6,29,77,0,24,0,5,0,1.0,1.0,4
NationalSecurityAgency/datawave,web-services/cached-results/src/test/java/datawave/webservice/results/cached/CachedRunningQueryTest.java,36,1,0,5,26,0,0,29,0,2,0,0.9310345,0.9310345,1
NationalSecurityAgency/datawave,core/in-memory-accumulo/src/main/java/datawave/accumulo/inmemory/InMemoryTable.java,40,2,0,8,36,53,0,19,0,11,0,1.0,1.0,2
NationalSecurityAgency/datawave,warehouse/metrics-core/src/main/java/datawave/metrics/analytic/MetricsDailySummaryReducer.java,27,2,0,13,57,8,0,14,2,16,10,0.5,0.5833333,2
NationalSecurityAgency/datawave,warehouse/query-core/src/main/java/datawave/query/planner/async/FetchCompositeMetadata.java,6,2,0,6,4,0,0,4,0,3,0,0.5,0.5,1
NationalSecurityAgency/datawave,warehouse/query-core/src/test/java/datawave/query/jexl/functions/EvaluationPhaseFilterFunctionsTest.java,138,1,0,8,172,68,0,132,4,42,12,1.0,1.0,20
NationalSecurityAgency/datawave,warehouse/ingest-core/src/main/java/datawave/ingest/data/TypeRegistry.java,62,3,0,9,49,119,0,19,12,17,17,0.33333334,0.33333334,1
NationalSecurityAgency/datawave,warehouse/query-core/src/main/java/datawave/query/table/parser/EventKeyValueFactory.java,23,1,0,7,17,77,0,16,2,7,0,0.07692308,0.07692308,2
NationalSecurityAgency/datawave,warehouse/query-core/src/test/java/datawave/query/jexl/util/AbstractQueryGenerator.java,39,1,2,2,17,594,0,37,0,14,0,0.054054055,0.067567565,2
NationalSecurityAgency/datawave,warehouse/query-core/src/main/java/datawave/query/index/lookup/IndexMatch.java,32,1,0,10,22,0,0,21,0,4,0,0.6374269,0.8947368,3
NationalSecurityAgency/datawave,warehouse/query-core/src/test/java/datawave/query/tables/edge/BaseEdgeQueryTest.java,19,1,1,25,67,22,0,8,5,11,9,0.13333334,0.2,1
NationalSecurityAgency/datawave,microservices/services/query-metric/service/src/main/java/datawave/microservice/querymetric/config/LifecycleListenerConfiguration.java,1,1,0,3,0,0,0,1,0,0,0,0.0,0.0,1
NationalSecurityAgency/datawave,warehouse/query-core/src/main/java/datawave/query/function/DocumentRangeProvider.java,3,1,2,4,5,3,0,3,0,0,0,0.0,0.0,1
NationalSecurityAgency/datawave,microservices/services/dictionary/service/src/main/java/datawave/microservice/dictionary/config/EdgeDictionaryProperties.java,0,1,0,6,0,0,0,0,0,2,0,0.0,0.0,1
NationalSecurityAgency/datawave,warehouse/age-off/src/main/java/datawave/iterators/filter/ageoff/FieldAgeOffFilter.java,46,2,1,16,40,6,0,5,0,15,10,0.2,0.3,2
NationalSecurityAgency/datawave,warehouse/core/src/main/java/datawave/ingest/util/cache/CacheId.java,5,1,0,1,3,0,0,4,0,1,0,1.0,1.0,1
NationalSecurityAgency/datawave,warehouse/core/src/main/java/datawave/ingest/mapreduce/job/SplittableRFileInputFormat.java,9,3,0,17,22,4,0,4,1,2,2,0.16666667,0.16666667,1
NationalSecurityAgency/datawave,warehouse/query-core/src/main/java/datawave/query/util/MetadataHelperUpdateHdfsListener.java,26,1,0,8,25,1,0,6,0,8,1,0.0,0.0,2
NationalSecurityAgency/datawave,web-services/query/src/main/java/datawave/webservice/query/util/PostUUIDCriteria.java,2,2,0,2,0,0,0,2,0,1,0,1.0,1.0,1
NationalSecurityAgency/datawave,warehouse/core/src/test/java/datawave/data/hash/UIDTest.java,24,6,0,12,53,21,0,17,2,3,3,0.0,0.0,4
NationalSecurityAgency/datawave,warehouse/metrics-core/src/main/java/datawave/metrics/analytic/QueryMetricsSummaryLoader.java,39,3,0,18,82,22,0,11,1,31,23,0.0,0.0,3
NationalSecurityAgency/datawave,warehouse/ingest-annotation/src/test/java/datawave/ingest/annotation/mapreduce/handler/AnnotationHelperTest.java,15,3,0,25,63,0,0,12,0,7,0,1.0,1.0,3
NationalSecurityAgency/datawave,warehouse/query-core/src/test/java/datawave/query/jexl/visitors/BooleanOptimizationRebuildingVisitorTest.java,11,1,0,3,8,45,0,10,0,0,0,0.0,0.0,1
NationalSecurityAgency/datawave,warehouse/query-core/src/main/java/datawave/query/iterator/builder/AbstractIteratorBuilder.java,30,1,4,8,8,279,0,26,0,12,0,0.04307692,0.055384614,1
NationalSecurityAgency/datawave,web-services/common-util/src/main/java/datawave/interceptor/ResponseInterceptor.java,11,1,0,11,13,1,0,2,0,1,1,0.0,0.0,1
NationalSecurityAgency/datawave,warehouse/age-off/src/main/java/datawave/iterators/filter/TokenSpecParser.java,50,1,0,5,30,24,0,13,0,8,1,0.2,0.2,4
NationalSecurityAgency/datawave,warehouse/query-core/src/main/java/datawave/query/postprocessing/tf/ContentFunctionArguments.java,44,1,0,5,27,14,0,8,1,4,0,0.5,1.0,1
NationalSecurityAgency/datawave,warehouse/query-core/src/main/java/datawave/query/tables/facets/FacetedConfiguration.java,22,1,0,1,2,118,0,21,0,17,8,0.14285715,0.5809524,1
NationalSecurityAgency/datawave,warehouse/ingest-core/src/main/java/datawave/ingest/mapreduce/job/util/SplittableRFileRangeInputFormat.java,26,3,0,13,13,28,0,21,5,3,0,0.2857143,0.2857143,3
NationalSecurityAgency/datawave,warehouse/query-core/src/main/java/datawave/query/language/functions/jexl/Jexl.java,6,2,0,4,5,6,0,4,0,0,0,0.0,0.0,1
NationalSecurityAgency/datawave,microservices/services/modification/service/src/main/java/datawave/microservice/modification/config/ModificationHandlerConfiguration.java,5,1,0,6,5,10,0,5,0,0,0,0.0,0.0,1
NationalSecurityAgency/datawave,warehouse/query-core/src/main/java/datawave/query/iterator/pipeline/SerialIterator.java,25,2,0,18,29,13,0,6,0,2,0,0.1,0.1,1
NationalSecurityAgency/datawave,warehouse/query-core/src/main/java/datawave/query/planner/rules/FieldTransformRule.java,5,1,0,7,9,0,0,2,0,2,0,1.0,1.0,1
NationalSecurityAgency/datawave,warehouse/query-core/src/test/java/datawave/query/jexl/visitors/InvertNodeVisitorTest.java,12,1,0,5,10,43,0,10,0,1,0,0.0,0.0,1
NationalSecurityAgency/datawave,microservices/services/query-metric/service/src/main/java/datawave/microservice/querymetric/MetricUpdateEntryProcessor.java,5,1,0,6,20,0,0,2,0,2,0,1.0,1.0,1
NationalSecurityAgency/datawave,warehouse/query-core/src/main/java/datawave/query/composite/CompositeUtils.java,35,1,0,10,26,21,0,7,7,3,3,0.0,0.0,1
NationalSecurityAgency/datawave,warehouse/ingest-core/src/main/java/datawave/ingest/mapreduce/job/statsd/CounterStatsDClient.java,76,1,2,15,72,0,0,61,0,6,1,1.0,1.0,3
NationalSecurityAgency/datawave,warehouse/query-core/src/test/java/datawave/query/predicate/ValueToAttributesTest.java,21,3,4,29,69,17,0,13,4,8,3,0.33333334,0.33333334,3
NationalSecurityAgency/datawave,warehouse/query-core/src/test/java/datawave/query/postprocessing/tf/TermOffsetPopulatorTest.java,23,1,0,15,46,74,0,13,0,2,0,0.2,0.3,1
NationalSecurityAgency/datawave,warehouse/query-core/src/test/java/datawave/query/tables/async/event/VisitorFunctionTest.java,18,2,0,23,83,0,0,17,0,3,0,0.26923078,0.26923078,1
NationalSecurityAgency/datawave,web-services/query/src/main/java/datawave/webservice/query/hud/HudQuerySummary.java,34,1,0,1,2,527,0,34,0,17,0,0.030303031,0.030303031,1
NationalSecurityAgency/datawave,web-services/query/src/test/java/datawave/webservice/query/logic/filtered/FilteredQueryLogicTest.java,4,1,0,10,17,0,0,4,0,2,0,0.5,0.5,2
NationalSecurityAgency/datawave,warehouse/ingest-core/src/main/java/datawave/ingest/config/IngestConfigurationFactory.java,4,1,0,1,5,0,0,1,1,1,1,0.0,0.0,1
NationalSecurityAgency/datawave,microservices/services/file-provider/service/src/main/java/datawave/microservice/fileProvider/FileProviderService.java,1,1,0,4,1,0,0,1,1,0,0,0.0,0.0,1
NationalSecurityAgency/datawave,warehouse/query-core/src/test/java/datawave/query/attributes/ContentTest.java,5,2,0,6,16,6,0,4,0,1,0,0.0,0.0,1
NationalSecurityAgency/datawave,warehouse/query-core/src/test/java/datawave/query/jexl/visitors/validate/ValidQueryPropertyMarkerVisitorTest.java,11,1,0,4,9,39,0,10,0,1,0,0.0,0.0,1
NationalSecurityAgency/datawave,warehouse/ingest-core/src/main/java/datawave/ingest/mapreduce/job/statsd/CounterToStatsDConfiguration.java,51,1,0,10,35,39,0,26,0,12,1,0.85714287,1.0,5
NationalSecurityAgency/datawave,core/tables/src/test/java/datawave/table/key/parser/ShardedYearIndexKeyParserTest.java,4,1,0,5,11,0,0,4,0,1,0,1.0,1.0,1
NationalSecurityAgency/datawave,warehouse/query-core/src/main/java/datawave/query/util/count/CountMap.java,16,1,0,5,22,0,0,13,0,1,0,0.84615386,0.84615386,1
NationalSecurityAgency/datawave,core/utils/accumulo-utils/src/test/java/datawave/scan/ScanManagerTest.java,12,2,0,16,27,7,0,10,1,7,3,0.5,0.5,2
NationalSecurityAgency/datawave,warehouse/query-core/src/test/java/datawave/query/iterator/profile/QuerySpanTest.java,11,1,0,7,24,21,0,9,0,1,0,1.0,1.0,2
NationalSecurityAgency/datawave,web-services/common/src/main/java/datawave/webservice/common/cache/AccumuloTableCacheBean.java,14,1,0,39,28,20,0,13,0,12,0,0.38181818,0.38181818,1
NationalSecurityAgency/datawave,warehouse/ingest-core/src/main/java/datawave/ingest/mapreduce/job/TableConfigurationUtil.java,130,1,0,22,128,0,0,29,9,13,7,0.6631579,0.80526316,1
NationalSecurityAgency/datawave,core/metrics-reporter/src/main/java/datawave/metrics/TimelyMetricsReporterFactory.java,3,2,0,4,0,1,0,3,0,0,0,0.0,0.0,2
NationalSecurityAgency/datawave,warehouse/age-off/src/main/java/datawave/iterators/filter/ColumnVisibilityTokenizingFilter.java,2,3,0,5,3,1,0,2,0,1,1,0.0,0.0,1
NationalSecurityAgency/datawave,warehouse/query-core/src/test/java/datawave/query/rules/TimeFunctionRuleTest.java,8,2,0,10,17,18,0,8,0,2,2,0.17857143,0.21428572,1
NationalSecurityAgency/datawave,warehouse/query-core/src/test/java/datawave/query/SimpleFlattenQueryTest.java,15,3,0,17,27,3,0,9,1,13,12,0.2857143,0.2857143,3
NationalSecurityAgency/datawave,microservices/services/accumulo/api/src/main/java/datawave/webservice/response/StatsResponse.java,6,2,0,9,0,9,0,6,0,4,1,0.2,0.2,1
NationalSecurityAgency/datawave,microservices/services/authorization/service/src/test/java/datawave/microservice/authorization/ProxiedEntityUserDetailsServiceTest.java,6,1,0,12,17,3,0,6,0,5,4,1.0,1.0,2
NationalSecurityAgency/datawave,warehouse/query-core/src/test/java/datawave/test/iter/DelayIteratorTest.java,6,1,0,8,18,1,0,2,0,1,0,0.0,0.0,1
NationalSecurityAgency/datawave,web-services/client/src/main/java/datawave/webservice/results/mr/MapReduceInfoResponseList.java,37,2,0,11,25,36,0,13,1,4,2,0.33333334,0.33333334,2
NationalSecurityAgency/datawave,warehouse/query-core/src/main/java/datawave/query/QueryParameters.java,0,1,0,0,0,0,0,0,0,50,50,0.0,0.0,1
NationalSecurityAgency/datawave,warehouse/ingest-core/src/main/java/datawave/ingest/mapreduce/partition/DelegatePartitioner.java,5,1,0,2,0,10,0,5,0,0,0,0.0,0.0,1
NationalSecurityAgency/datawave,warehouse/index-stats/src/test/java/datawave/mapreduce/shardStats/StatsHyperLogSummaryTest.java,7,1,0,7,18,0,0,2,0,7,6,0.0,0.0,1
NationalSecurityAgency/datawave,microservices/services/authorization/service/src/test/java/datawave/microservice/authorization/OAuthOperationsV2HttpTest.java,13,2,0,12,23,28,0,12,0,3,0,0.5,0.5,2
NationalSecurityAgency/datawave,microservices/starters/query/src/main/java/datawave/microservice/query/storage/TaskStates.java,55,1,0,10,55,453,0,38,0,5,1,0.1344697,0.23295455,4
NationalSecurityAgency/datawave,warehouse/query-core/src/main/java/datawave/query/table/parser/ContentKeyValueFactory.java,20,2,0,10,19,6,0,8,4,3,1,0.33333334,0.33333334,2
NationalSecurityAgency/datawave,core/tables/src/test/java/datawave/table/constants/ColumnFamilyConstantsTest.java,2,1,0,2,1,1,0,2,0,0,0,0.0,0.0,1
NationalSecurityAgency/datawave,microservices/starters/cached-results/src/main/java/datawave/microservice/query/cachedresults/config/CachedResultsQueryConfiguration.java,14,1,0,26,6,45,0,10,0,0,0,0.0,0.0,1
NationalSecurityAgency/datawave,core/utils/type-utils/src/main/java/datawave/data/parser/WKBParser.java,4,2,0,6,6,1,0,2,0,1,1,0.0,0.0,1
NationalSecurityAgency/datawave,core/utils/type-utils/src/main/java/datawave/webservice/query/util/OptionallyEncodedStringAdapter.java,6,4,0,4,5,1,0,4,0,0,0,0.0,0.0,3
NationalSecurityAgency/datawave,warehouse/query-core/src/main/java/datawave/query/transformer/annotation/model/AllHits.java,9,1,0,5,5,15,0,7,0,4,0,0.14285715,0.14285715,1
NationalSecurityAgency/datawave,warehouse/ingest-core/src/main/java/datawave/ingest/data/tokenize/TokenizationHelper.java,58,5,0,15,48,797,0,46,1,55,30,0.055370986,0.77962345,3
NationalSecurityAgency/datawave,warehouse/metrics-core/src/main/java/datawave/metrics/analytic/DateConverter.java,7,1,0,0,3,0,0,2,2,2,2,1.0,1.0,1
NationalSecurityAgency/datawave,warehouse/ingest-core/src/main/java/datawave/util/flag/processor/SimpleFlagDistributor.java,14,1,0,6,20,0,0,4,0,3,1,1.0,1.0,1
NationalSecurityAgency/datawave,warehouse/query-core/src/main/java/datawave/query/language/functions/jexl/Strict.java,5,2,0,4,4,6,0,4,0,0,0,0.0,0.0,1
NationalSecurityAgency/datawave,microservices/services/query-executor/service/src/test/java/datawave/microservice/query/executor/task/FindWorkTest.java,51,3,0,44,77,66,0,43,1,22,4,1.0,1.0,8
NationalSecurityAgency/datawave,core/utils/metadata-utils/src/main/java/datawave/iterators/EdgeMetadataCombiner.java,16,2,0,10,29,1,0,3,0,1,1,0.0,0.0,2
NationalSecurityAgency/datawave,microservices/services/dictionary/service/src/test/java/datawave/microservice/dictionary/DataDictionaryControllerTest.java,6,2,0,16,18,6,0,5,0,1,0,0.0,0.0,2
NationalSecurityAgency/datawave,warehouse/query-core/src/test/java/datawave/query/jexl/lookups/BaseIndexLookupTest.java,38,1,3,17,49,213,0,27,1,15,6,0.21230769,0.5723077,1
NationalSecurityAgency/datawave,microservices/services/audit/service/src/test/java/datawave/microservice/audit/replay/AuditReplayTest.java,106,1,0,36,110,36,0,29,9,14,5,0.9916667,1.0,6
NationalSecurityAgency/datawave,core/annotation/src/main/java/datawave/annotation/util/v1/JacksonAnnotationSerializer.java,1,2,0,6,3,0,0,1,0,1,1,0.0,0.0,1
NationalSecurityAgency/datawave,warehouse/query-core/src/main/java/datawave/core/iterators/DescendentFilterIterator.java,57,2,0,12,56,41,0,15,0,17,5,0.2761905,0.52380955,1
NationalSecurityAgency/datawave,microservices/services/query-metric/service/src/main/java/datawave/microservice/querymetric/config/AccumuloConfiguration.java,4,1,0,9,2,3,0,3,0,0,0,0.0,0.0,1
NationalSecurityAgency/datawave,web-services/common-util/src/main/java/datawave/configuration/DatawavePropertyFileConfigSource.java,2,1,0,1,0,1,0,2,0,1,1,0.0,0.0,1
NationalSecurityAgency/datawave,warehouse/ingest-core/src/main/java/datawave/ingest/mapreduce/handler/tokenize/ExtendedContentIndexingColumnBasedHandler.java,85,8,0,49,144,20,0,24,2,33,10,0.36263737,0.6043956,5
NationalSecurityAgency/datawave,core/query/src/main/java/datawave/core/query/logic/lookup/LookupQueryLogic.java,74,2,0,21,65,0,0,68,0,2,1,0.91308165,0.91308165,1
NationalSecurityAgency/datawave,warehouse/query-core/src/main/java/datawave/core/iterators/querylock/ZookeeperQueryLock.java,43,3,0,11,49,14,0,18,0,10,2,0.2,0.2,3
NationalSecurityAgency/datawave,warehouse/query-core/src/test/java/datawave/query/testframework/ResponseFieldChecker.java,6,1,0,4,5,0,0,2,0,2,0,1.0,1.0,1
NationalSecurityAgency/datawave,warehouse/age-off-utils/src/main/java/datawave/age/off/util/AgeOffRuleConfiguration.java,20,1,0,6,5,36,0,18,0,11,1,0.027777778,0.027777778,2
NationalSecurityAgency/datawave,warehouse/query-core/src/main/java/org/apache/commons/jexl3/parser/RandomTreeBuilder.java,39,1,0,24,55,16,0,10,8,5,3,0.4,0.4,2
NationalSecurityAgency/datawave,warehouse/query-core/src/test/java/datawave/query/metrics/BaseQueryMetricHandlerTest.java,11,2,0,6,15,28,0,11,0,1,0,1.0,1.0,2
NationalSecurityAgency/datawave,warehouse/query-core/src/main/java/datawave/webservice/query/result/event/SimpleEvent.java,37,2,0,12,14,36,0,19,1,7,2,0.17777778,0.17777778,2
NationalSecurityAgency/datawave,warehouse/query-core/src/main/java/datawave/query/tables/ssdeep/FullSSDeepDiscoveryChainStrategy.java,13,2,0,9,8,11,0,8,0,5,1,1.0,1.0,2
NationalSecurityAgency/datawave,warehouse/query-core/src/main/java/datawave/next/CountScanner.java,6,2,0,12,12,4,0,4,0,3,1,0.33333334,0.33333334,1
NationalSecurityAgency/datawave,warehouse/query-core/src/main/java/datawave/query/language/functions/jexl/GetAllMatches.java,17,2,0,6,12,8,0,5,0,1,0,0.1,0.1,1
NationalSecurityAgency/datawave,warehouse/query-core/src/main/java/datawave/query/function/DescendantCountFunction.java,101,1,0,18,70,12,0,19,0,17,3,0.33333334,0.6111111,2
NationalSecurityAgency/datawave,warehouse/query-core/src/main/java/datawave/mr/bulk/split/TabletSplitSplit.java,28,2,0,3,21,0,0,13,0,5,1,0.525641,0.7051282,1
NationalSecurityAgency/datawave,microservices/starters/query/src/main/java/datawave/microservice/query/mapreduce/status/cache/MapReduceQueryIdByJobIdCache.java,6,2,0,6,5,2,0,4,0,2,1,0.33333334,0.33333334,1
NationalSecurityAgency/datawave,warehouse/query-core/src/test/java/datawave/query/jexl/visitors/FunctionIndexQueryExpansionVisitorTest.java,21,1,0,14,26,0,0,21,0,3,0,0.7583333,0.7583333,1
NationalSecurityAgency/datawave,web-services/client/src/main/java/datawave/webservice/query/result/logic/QueryLogicDescription.java,21,1,0,6,0,150,0,21,1,10,1,0.052380953,0.052380953,1
NationalSecurityAgency/datawave,warehouse/query-core/src/main/java/datawave/query/jexl/visitors/SatisfactionVisitor.java,57,3,0,26,29,0,0,22,0,6,1,0.64736843,0.64736843,1
NationalSecurityAgency/datawave,microservices/services/accumulo/api/src/main/java/datawave/webservice/response/LookupResponse.java,2,2,0,7,0,0,0,2,0,2,1,1.0,1.0,1
NationalSecurityAgency/datawave,core/utils/type-utils/src/main/java/datawave/data/normalizer/regex/NodeListIterator.java,23,1,0,4,16,65,0,14,0,2,0,0.14285715,0.16483517,1
NationalSecurityAgency/datawave,warehouse/ingest-core/src/main/java/datawave/ingest/mapreduce/handler/edge/define/EdgeNode.java,8,1,0,0,0,20,0,8,0,4,0,0.14285715,0.14285715,1
NationalSecurityAgency/datawave,microservices/services/authorization/api/src/main/java/datawave/security/authorization/JWTTokenHandler.java,13,2,0,9,35,0,0,8,0,10,2,0.6,1.0,3
NationalSecurityAgency/datawave,web-services/query/src/main/java/datawave/webservice/query/limit/ActiveQueryTracker.java,61,1,0,12,65,152,0,25,1,12,6,0.41666666,0.41666666,2
NationalSecurityAgency/datawave,microservices/starters/datawave/src/main/java/datawave/microservice/config/accumulo/AccumuloClientConfiguration.java,2,1,0,8,8,1,0,2,0,0,0,0.0,0.0,1
NationalSecurityAgency/datawave,warehouse/ingest-wikipedia/src/main/java/datawave/ingest/wikipedia/WikipediaRecordReader.java,41,2,0,19,88,38,0,22,1,22,9,0.6666667,1.0,2
NationalSecurityAgency/datawave,microservices/services/dictionary/api/src/main/java/datawave/webservice/dictionary/data/DefaultDescription.java,31,2,0,7,13,66,0,21,1,3,2,0.015151516,0.015151516,2
NationalSecurityAgency/datawave,warehouse/query-core/src/main/java/datawave/query/tables/keyword/KeywordUUIDChainStrategy.java,24,2,0,9,18,24,0,11,0,6,3,1.0,1.0,2
NationalSecurityAgency/datawave,web-services/query/src/main/java/datawave/webservice/query/limit/QueryLimiter.java,67,1,0,11,65,10,0,26,0,19,2,0.45454547,1.0,3
NationalSecurityAgency/datawave,warehouse/query-core/src/main/java/datawave/query/tables/keyword/transform/KeywordResultsTransformer.java,17,1,0,7,18,8,0,8,0,3,1,0.42857143,0.47619048,1
NationalSecurityAgency/datawave,core/utils/accumulo-utils/src/main/java/datawave/webservice/common/connection/BatchScannerDelegate.java,2,2,0,3,1,1,0,2,0,0,0,0.0,0.0,1
NationalSecurityAgency/datawave,warehouse/ingest-core/src/test/java/datawave/ingest/mapreduce/job/metrics/TestKeyValueCountMetricsReceiver.java,4,2,0,6,9,1,0,2,0,0,0,0.0,0.0,1
NationalSecurityAgency/datawave,warehouse/query-core/src/main/java/datawave/query/jexl/visitors/ExecutableExpansionVisitor.java,46,3,0,17,29,15,0,17,1,6,1,0.6,0.6,2
NationalSecurityAgency/datawave,warehouse/query-core/src/main/java/datawave/query/tables/ShardIndexQueryTable.java,95,2,0,39,162,766,0,47,1,12,1,0.4,0.6,3
NationalSecurityAgency/datawave,microservices/starters/datawave/src/test/java/datawave/microservice/http/converter/protostuff/ProtostuffHttpMessageConverterTest.java,3,1,0,11,24,0,0,2,0,1,0,0.0,0.0,3
NationalSecurityAgency/datawave,warehouse/query-core/src/main/java/datawave/query/language/functions/jexl/GroupByHour.java,2,3,0,3,0,1,0,2,0,0,0,0.0,0.0,1
NationalSecurityAgency/datawave,core/utils/type-utils/src/main/java/datawave/data/normalizer/OneToManyNormalizer.java,2,1,0,2,0,1,0,2,0,0,0,0.0,0.0,1
NationalSecurityAgency/datawave,warehouse/query-core/src/main/java/datawave/query/attributes/TemporalGranularity.java,21,1,0,5,16,2,0,8,2,5,1,0.6666667,1.0,2
NationalSecurityAgency/datawave,warehouse/index-stats/src/main/java/datawave/mapreduce/shardStats/StatsHyperLogSummary.java,21,1,0,9,17,0,0,15,0,4,1,0.552381,0.62857145,1
NationalSecurityAgency/datawave,microservices/starters/query/src/main/java/datawave/microservice/query/planner/config/WiredQueryModelProviderProperties.java,2,1,0,0,0,0,0,2,0,1,0,1.0,1.0,1
NationalSecurityAgency/datawave,web-services/annotations/src/test/java/datawave/webservice/annotation/AnnotationManagerBeanRequestStateTest.java,8,1,0,16,35,3,0,6,2,5,0,1.0,1.0,1
NationalSecurityAgency/datawave,warehouse/query-core/src/test/java/datawave/query/util/IndexFieldHoleDataIngest.java,66,1,0,20,85,98,0,31,21,17,14,0.35714287,0.42857143,5
NationalSecurityAgency/datawave,warehouse/query-core/src/main/java/datawave/query/util/sortedset/FileSerializableSortedSet.java,36,2,0,11,18,28,0,29,0,6,1,1.0,1.0,5
NationalSecurityAgency/datawave,core/utils/type-utils/src/main/java/datawave/data/normalizer/regex/EncodedPatternNode.java,7,2,0,4,1,21,0,7,0,0,0,0.0,0.0,1
NationalSecurityAgency/datawave,warehouse/query-core/src/test/java/datawave/query/util/CompositeTestingIngest.java,62,5,0,21,43,6,0,17,5,17,16,1.0,1.0,6
NationalSecurityAgency/datawave,core/annotation/src/main/java/datawave/annotation/AnnotationRuntimeException.java,4,4,3,0,0,6,0,4,0,1,1,0.0,0.0,1
NationalSecurityAgency/datawave,warehouse/query-core/src/test/java/datawave/query/ancestor/AncestorChildExpansionIteratorTest.java,16,1,0,11,25,0,0,16,0,10,5,1.0,1.0,1
NationalSecurityAgency/datawave,web-services/query/src/test/java/datawave/webservice/query/configuration/TestBaseQueryLogic.java,19,2,0,11,60,55,0,19,0,4,0,0.39285713,0.53571427,2
NationalSecurityAgency/datawave,warehouse/query-core/src/main/java/datawave/query/jexl/nodes/ExceededOr.java,46,1,0,8,41,37,0,24,0,12,5,0.5277778,1.0,2
NationalSecurityAgency/datawave,web-services/query/src/main/java/datawave/webservice/query/limit/ActiveQueryException.java,5,4,1,0,0,10,0,5,0,0,0,0.0,0.0,1
NationalSecurityAgency/datawave,microservices/starters/audit/src/test/java/datawave/microservice/audit/AuditClientDisabledTest.java,2,1,0,11,3,0,0,2,1,1,0,0.0,0.0,2
NationalSecurityAgency/datawave,warehouse/query-core/src/main/java/datawave/query/collections/FunctionalSet.java,93,4,0,10,61,282,0,40,5,8,7,0.2882883,0.2882883,4
NationalSecurityAgency/datawave,warehouse/ingest-core/src/test/java/datawave/ingest/table/aggregator/KeepCountOnlyNoUidAggregatorTest.java,4,1,0,9,12,0,0,4,0,2,1,1.0,1.0,1
NationalSecurityAgency/datawave,warehouse/query-core/src/main/java/datawave/query/jexl/visitors/PullupUnexecutableNodesVisitor.java,84,3,0,58,24,1169,0,50,1,7,1,0.01861702,0.01861702,1
NationalSecurityAgency/datawave,warehouse/query-core/src/main/java/datawave/query/tables/stats/ScanSessionStats.java,22,1,0,5,28,34,0,12,0,4,1,0.24242425,0.42424244,2
NationalSecurityAgency/datawave,warehouse/query-core/src/test/java/datawave/query/iterator/FieldIndexOnlyQueryCompressedOptionsTest.java,6,1,0,6,8,0,0,3,0,7,0,1.0,1.0,1
NationalSecurityAgency/datawave,warehouse/ingest-core/src/main/java/datawave/ingest/mapreduce/job/writer/TableCachingContextWriter.java,32,3,0,16,53,16,0,19,0,11,6,0.73333335,1.0,3
NationalSecurityAgency/datawave,warehouse/ingest-core/src/main/java/datawave/ingest/table/aggregator/CardinalityAggregator.java,7,3,0,7,12,0,0,2,0,2,2,1.0,1.0,1
NationalSecurityAgency/datawave,microservices/services/authorization/api/src/main/java/datawave/security/authorization/oauth/OAuthUserInfo.java,3,2,0,6,9,1,0,3,0,1,0,0.33333334,0.33333334,1
NationalSecurityAgency/datawave,core/utils/accumulo-utils/src/main/java/datawave/marking/MarkingFunctions.java,29,3,0,7,34,21,0,23,4,4,4,1.0,1.0,6
NationalSecurityAgency/datawave,warehouse/ingest-core/src/main/java/datawave/ingest/data/config/ingest/IngestFieldFilter.java,55,6,0,10,50,15,0,20,0,12,9,0.6666667,1.0,4
NationalSecurityAgency/datawave,microservices/services/audit/service/src/main/java/datawave/microservice/audit/health/OutagesEndpoint.java,2,1,0,5,1,0,0,1,0,1,0,0.0,0.0,1
NationalSecurityAgency/datawave,warehouse/ingest-json/src/main/java/datawave/ingest/json/config/helper/JsonDataTypeHelper.java,13,2,0,8,22,13,0,7,0,4,0,0.1904762,0.1904762,2
NationalSecurityAgency/datawave,warehouse/query-core/src/test/java/datawave/query/tables/RemoteEventQueryLogicIT.java,22,1,0,15,39,0,0,10,0,4,0,0.95555556,1.0,1
NationalSecurityAgency/datawave,microservices/services/query-metric/service/src/main/java/datawave/microservice/querymetric/config/HazelcastMetricCacheProperties.java,16,1,0,3,0,54,0,16,0,8,0,0.33333334,0.33333334,2
NationalSecurityAgency/datawave,warehouse/query-core/src/main/java/datawave/core/iterators/IvaratorException.java,4,4,0,0,0,6,0,4,0,1,1,0.0,0.0,1
NationalSecurityAgency/datawave,core/modification/src/main/java/datawave/modification/DatawaveModificationException.java,4,4,0,1,2,0,0,4,0,1,0,1.0,1.0,1
NationalSecurityAgency/datawave,warehouse/query-core/src/main/java/datawave/query/util/sortedmap/FileByteDocumentSortedMap.java,22,2,0,11,10,28,0,21,0,2,1,1.0,1.0,4
NationalSecurityAgency/datawave,core/utils/type-utils/src/main/java/datawave/data/normalizer/regex/visitor/NegativeNumberPatternInverter.java,109,6,0,10,86,6,0,27,2,11,2,0.6666667,1.0,8
NationalSecurityAgency/datawave,core/utils/accumulo-utils/src/main/java/datawave/webservice/common/connection/ScannerBaseDelegate.java,40,1,3,12,32,0,0,32,0,5,2,1.0,1.0,1
NationalSecurityAgency/datawave,core/utils/accumulo-utils/src/main/java/datawave/util/time/TraceStopwatch.java,12,1,0,4,15,0,0,9,0,3,1,0.8333333,1.0,1
NationalSecurityAgency/datawave,warehouse/core/src/main/java/datawave/query/util/StringTuple.java,18,1,0,2,14,0,0,9,0,1,0,1.0,1.0,1
NationalSecurityAgency/datawave,warehouse/query-core/src/test/java/datawave/query/BooksQueryTest.java,23,3,0,16,41,1,0,11,1,12,12,0.47619048,0.47619048,3
NationalSecurityAgency/datawave,web-services/common/src/main/java/datawave/metrics/remote/RemoteQueryMetricService.java,27,2,0,23,19,233,0,23,0,25,7,0.043290045,0.043290045,1
NationalSecurityAgency/datawave,warehouse/query-core/src/test/java/datawave/query/IfThisTestFailsThenHitTermsAreBroken.java,45,3,4,25,99,9,0,27,6,20,11,0.63809526,0.63809526,5
NationalSecurityAgency/datawave,microservices/starters/datawave/src/main/java/datawave/microservice/authorization/jwt/JWTRestTemplate.java,5,2,0,11,9,4,0,4,0,1,0,0.16666667,0.16666667,1
NationalSecurityAgency/datawave,microservices/starters/query/src/main/java/datawave/microservice/query/messaging/ClaimCheck.java,4,1,0,1,0,6,0,4,0,0,0,0.0,0.0,1
NationalSecurityAgency/datawave,microservices/starters/query/src/main/java/datawave/microservice/query/executor/status/cache/LockableCache.java,11,1,0,2,4,0,0,10,0,2,0,0.62222224,0.62222224,1
NationalSecurityAgency/datawave,warehouse/query-core/src/main/java/datawave/query/util/StatEnabledDateIndexIterator.java,4,2,0,3,2,2,0,4,0,2,0,0.33333334,0.33333334,1
NationalSecurityAgency/datawave,warehouse/age-off/src/test/java/datawave/iterators/filter/ageoff/ConfigurableIteratorEnvironment.java,22,1,0,14,0,114,0,22,0,2,0,0.080882356,0.11029412,2
NationalSecurityAgency/datawave,core/annotation/src/main/java/datawave/annotation/protobuf/v1/SegmentList.java,153,2,0,17,100,733,0,86,18,12,5,0.21254355,0.29384437,3
NationalSecurityAgency/datawave,microservices/starters/query/src/main/java/datawave/microservice/query/remote/QueryRequestHandler.java,1,1,0,2,0,0,0,1,0,0,0,0.0,0.0,2
NationalSecurityAgency/datawave,microservices/services/dictionary/api/src/main/java/datawave/webservice/dictionary/edge/MetadataBase.java,18,1,0,7,2,130,0,17,0,1,0,0.022058824,0.022058824,1
NationalSecurityAgency/datawave,warehouse/ingest-core/src/test/java/datawave/util/flag/FlagMakerTest.java,58,3,0,17,91,0,0,23,0,10,10,0.91812867,1.0,4
NationalSecurityAgency/datawave,warehouse/query-core/src/main/java/datawave/query/tld/TLDIndexIterator.java,17,2,0,6,16,3,0,5,1,0,0,0.0,0.0,2
NationalSecurityAgency/datawave,warehouse/ingest-configuration/src/main/java/datawave/ingest/config/MimeDecoderImpl.java,1,1,0,2,2,0,0,1,0,0,0,0.0,0.0,1
NationalSecurityAgency/datawave,warehouse/query-core/src/main/java/datawave/query/config/EdgeQueryConfiguration.java,65,2,1,10,46,628,0,40,4,21,7,0.0974359,0.4871795,2
NationalSecurityAgency/datawave,warehouse/query-core/src/main/java/datawave/query/common/grouping/Grouping.java,18,4,1,2,10,72,0,13,2,3,2,0.0,0.0,1
NationalSecurityAgency/datawave,warehouse/query-core/src/main/java/datawave/query/search/RangeFieldedTerm.java,28,3,0,4,16,44,0,17,0,4,0,0.3,0.375,1
NationalSecurityAgency/datawave,warehouse/query-core/src/test/java/datawave/query/testframework/GenericCityFields.java,3,2,0,1,7,1,0,2,0,6,6,0.0,0.0,1
NationalSecurityAgency/datawave,core/utils/metadata-utils/src/test/java/datawave/iterators/MetadataFColumnSeekingFilterTest.java,39,1,0,19,51,436,0,32,4,10,4,0.0,0.0,1
NationalSecurityAgency/datawave,warehouse/query-core/src/main/java/datawave/query/jexl/functions/NormalizationFunctions.java,7,1,0,3,14,1,0,2,2,2,2,0.0,0.0,1
NationalSecurityAgency/datawave,microservices/services/query/service/src/main/java/datawave/microservice/query/WebController.java,2,1,0,5,5,1,0,2,0,1,0,0.0,0.0,1
NationalSecurityAgency/datawave,warehouse/query-core/src/main/java/datawave/query/planner/ThreadedRangeBundlerIterator.java,71,1,0,17,90,66,0,26,0,25,1,0.8333333,1.0,3
NationalSecurityAgency/datawave,warehouse/query-core/src/main/java/datawave/query/tables/async/event/ReduceFields.java,9,1,0,3,15,10,0,5,4,0,0,0.0,0.0,1
NationalSecurityAgency/datawave,warehouse/ingest-core/src/main/java/datawave/ingest/config/MimeDecoder.java,1,1,0,1,0,0,0,1,0,0,0,0.0,0.0,1
NationalSecurityAgency/datawave,warehouse/ingest-core/src/main/java/datawave/ingest/data/config/ingest/BaseIngestHelper.java,221,3,7,27,155,1772,0,65,4,44,19,0.051421657,0.2631579,3
NationalSecurityAgency/datawave,warehouse/query-core/src/main/java/datawave/query/jexl/visitors/QueryModelVisitor.java,109,7,0,36,102,280,0,32,5,11,1,0.33333334,0.38746437,2
NationalSecurityAgency/datawave,warehouse/ingest-core/src/main/java/datawave/ingest/data/config/ingest/IgnorableErrorHelperInterface.java,2,1,0,2,0,1,0,2,0,0,0,0.0,0.0,1
NationalSecurityAgency/datawave,warehouse/query-core/src/test/java/datawave/query/IpAddressQueryTest.java,13,2,0,11,9,78,0,13,1,2,2,0.0,0.0,1
NationalSecurityAgency/datawave,warehouse/core/src/test/java/datawave/edge/util/EdgeTableTestKeyHelper.java,13,1,0,4,28,44,0,12,0,20,12,0.2,0.6545454,1
NationalSecurityAgency/datawave,warehouse/keyword-common/src/main/java/datawave/util/keyword/TokenValue.java,10,1,0,1,4,0,0,7,0,3,0,0.71428573,1.0,1
NationalSecurityAgency/datawave,warehouse/query-core/src/test/java/datawave/next/RangeDocIdIteratorTest.java,14,2,0,9,19,91,0,14,0,0,0,0.0,0.0,1
NationalSecurityAgency/datawave,warehouse/query-core/src/test/java/datawave/query/common/grouping/AverageAggregatorTest.java,6,1,0,9,7,3,0,6,0,1,0,0.5,0.5,1
NationalSecurityAgency/datawave,warehouse/query-core/src/main/java/datawave/query/language/parser/jexl/JexlSelectorNode.java,25,2,0,4,15,5,0,6,1,6,3,0.5,0.6,2
NationalSecurityAgency/datawave,warehouse/ingest-core/src/main/java/datawave/ingest/data/config/XMLFieldConfigHelper.java,100,2,0,8,56,243,0,32,2,34,11,0.42857143,0.47619048,3
NationalSecurityAgency/datawave,warehouse/ingest-core/src/main/java/datawave/ingest/data/tokenize/TokenSearch.java,51,1,0,7,19,741,0,44,4,1,1,0.16666667,0.16666667,2
NationalSecurityAgency/datawave,warehouse/query-core/src/test/java/datawave/query/tables/ssdeep/SSDeepSimilarityQueryTest.java,18,1,0,29,50,17,0,11,2,5,3,0.35555556,0.46666667,1
NationalSecurityAgency/datawave,microservices/starters/query/src/main/java/datawave/microservice/query/messaging/hazelcast/HazelcastQueryResultsListener.java,10,1,0,5,7,0,0,5,0,5,0,0.5,1.0,1
NationalSecurityAgency/datawave,warehouse/ingest-core/src/main/java/datawave/policy/IngestPolicyEnforcer.java,1,2,5,3,1,0,0,1,0,1,1,0.0,0.0,2
NationalSecurityAgency/datawave,web-services/client/src/main/java/datawave/webservice/result/keyword/DefaultTagCloudResponse.java,55,4,0,13,41,36,0,13,0,4,2,0.5,0.5,2
NationalSecurityAgency/datawave,microservices/services/query-metric/service/src/test/java/datawave/microservice/querymetric/config/TestAccumuloConnectionFactory.java,10,3,0,9,17,3,0,5,1,2,0,1.0,1.0,2
NationalSecurityAgency/datawave,web-services/common-util/src/main/java/datawave/webservice/common/exception/RESTExceptionMapper.java,24,1,0,15,31,0,0,1,0,4,2,0.0,0.0,1
NationalSecurityAgency/datawave,warehouse/query-core/src/test/java/datawave/query/testframework/CityDataManager.java,10,3,0,9,21,13,0,7,2,2,2,0.16666667,0.16666667,2
NationalSecurityAgency/datawave,web-services/client/src/main/java/datawave/webservice/result/DefaultEdgeQueryResponse.java,59,4,0,12,33,58,0,22,1,6,2,0.14102565,0.21794872,2
NationalSecurityAgency/datawave,warehouse/query-core/src/main/java/datawave/query/exceptions/BooleanLogicFatalQueryException.java,3,3,0,0,2,0,0,3,0,3,1,1.0,1.0,1
NationalSecurityAgency/datawave,warehouse/query-core/src/main/java/datawave/query/util/ValueSerializerType.java,0,1,0,0,0,0,0,0,0,0,0,0.0,0.0,1
NationalSecurityAgency/datawave,warehouse/query-core/src/test/java/datawave/query/function/IndexOnlyKeyToDocumentDataTest.java,17,1,0,11,20,72,0,16,0,6,0,0.39285713,0.39285713,1
NationalSecurityAgency/datawave,microservices/services/query-metric/service/src/main/java/datawave/microservice/querymetric/persistence/MetricMapListener.java,18,1,0,13,23,0,0,9,0,2,0,1.0,1.0,1
NationalSecurityAgency/datawave,web-services/query/src/main/java/datawave/webservice/query/limit/GroupLimitCache.java,22,1,0,4,23,0,0,9,2,3,1,0.7619048,1.0,1
NationalSecurityAgency/datawave,microservices/starters/query/src/main/java/datawave/microservice/query/messaging/rabbitmq/config/RabbitMQMessagingConfiguration.java,9,1,0,14,20,1,0,2,0,0,0,0.0,0.0,1
NationalSecurityAgency/datawave,microservices/services/mapreduce-query/jobs/core/src/main/java/datawave/microservice/query/mapreduce/MapReduce.java,1,1,0,3,1,0,0,1,1,0,0,0.0,0.0,1
NationalSecurityAgency/datawave,warehouse/query-core/src/test/java/datawave/query/attributes/it/PointTypeAttributeIT.java,9,2,0,9,12,36,0,9,0,0,0,0.0,0.0,1
NationalSecurityAgency/datawave,warehouse/query-core/src/test/java/datawave/query/ExpansionThresholdQueryTest.java,8,2,0,11,19,4,0,5,1,2,2,0.3,0.3,1
NationalSecurityAgency/datawave,web-services/query/src/main/java/datawave/webservice/query/util/AbstractUUIDLookupCriteria.java,13,1,3,4,2,52,0,12,0,5,0,0.10606061,0.10606061,1
NationalSecurityAgency/datawave,warehouse/query-core/src/test/java/datawave/query/language/functions/jexl/NoExpansionTest.java,6,1,0,2,9,15,0,6,0,0,0,0.0,0.0,1
NationalSecurityAgency/datawave,warehouse/ingest-core/src/main/java/datawave/iterators/ValueCombiner.java,10,1,0,6,9,0,0,6,0,5,1,0.5,0.6,1
NationalSecurityAgency/datawave,web-services/security/src/test/java/datawave/security/authorization/remote/RemoteUserOperationsImplHttpTest.java,32,2,0,22,71,171,0,31,0,11,4,0.6666667,1.0,5
NationalSecurityAgency/datawave,core/annotation/src/main/java/datawave/annotation/protobuf/v1/AnnotationV1.java,5,1,0,7,6,4,0,4,3,27,27,0.0,0.0,1
NationalSecurityAgency/datawave,warehouse/query-core/src/test/java/datawave/query/tables/content/ContentQueryLogicTest.java,22,2,0,23,43,66,0,22,0,7,0,0.46666667,0.46666667,2
NationalSecurityAgency/datawave,core/map-reduce/src/main/java/datawave/core/mapreduce/bulkresults/map/BulkResultsTableOutputMapper.java,11,3,0,16,33,1,0,3,0,7,2,0.0,0.0,1
NationalSecurityAgency/datawave,warehouse/query-core/src/main/java/datawave/query/language/tree/HardAndNode.java,6,2,3,3,7,6,0,4,0,1,1,0.0,0.0,1
NationalSecurityAgency/datawave,microservices/starters/datawave/src/main/java/datawave/microservice/authorization/federation/config/FederatedAuthorizationConfiguration.java,3,1,0,5,6,0,0,1,0,0,0,0.0,0.0,1
NationalSecurityAgency/datawave,warehouse/query-core/src/main/java/datawave/query/util/cache/NormalizerConfigLoader.java,17,2,0,6,29,34,0,9,0,2,1,0.027777778,0.027777778,1
NationalSecurityAgency/datawave,web-services/query/src/main/java/datawave/webservice/query/cache/QueryTraceCache.java,25,1,0,5,19,0,0,16,1,4,1,0.6666667,1.0,3
NationalSecurityAgency/datawave,core/base-rest-responses/src/test/java/datawave/webservice/query/exception/ShutdownQueryExceptionTest.java,12,1,0,4,7,0,0,12,0,7,0,1.0,1.0,1
NationalSecurityAgency/datawave,core/in-memory-accumulo/src/main/java/datawave/accumulo/inmemory/InMemoryInstance.java,21,1,0,14,18,73,0,16,3,5,3,1.0,1.0,2
NationalSecurityAgency/datawave,warehouse/query-core/src/main/java/datawave/query/discovery/DiscoveryIterator.java,55,1,0,17,72,20,0,20,0,17,2,0.47619048,1.0,2
NationalSecurityAgency/datawave,warehouse/ingest-core/src/test/java/datawave/ingest/mapreduce/TestContextWriter.java,8,1,0,8,4,16,0,8,1,1,1,0.21428572,0.21428572,1
NationalSecurityAgency/datawave,web-services/client/src/main/java/datawave/webservice/query/result/event/DefaultEvent.java,47,2,0,15,21,36,0,22,0,7,2,0.2948718,0.5,2
NationalSecurityAgency/datawave,microservices/services/authorization/service/src/main/java/datawave/microservice/authorization/preauth/AuthorizationProxiedEntityPreauthPrincipal.java,2,2,0,3,0,0,0,2,0,1,0,1.0,1.0,1
NationalSecurityAgency/datawave,microservices/starters/query/src/main/java/datawave/microservice/query/config/DefaultParameterProperties.java,4,1,0,3,0,2,0,4,0,2,0,0.33333334,0.33333334,1
NationalSecurityAgency/datawave,core/base-rest-responses/src/main/java/datawave/webservice/xml/util/StringMapAdapter.java,8,2,0,3,5,1,0,4,0,3,0,0.0,0.0,3
NationalSecurityAgency/datawave,web-services/security/src/main/java/datawave/security/auth/DatawaveServletExtension.java,1,1,0,5,2,0,0,1,0,0,0,0.0,0.0,1
NationalSecurityAgency/datawave,warehouse/query-core/src/main/java/datawave/query/jexl/lookups/ShardIndexQueryTableStaticMethods.java,117,1,0,43,93,354,0,33,32,5,3,0.12903225,0.16774194,2
NationalSecurityAgency/datawave,warehouse/query-core/src/test/java/datawave/query/jexl/NodeTypeCountTest.java,7,1,0,6,13,21,0,7,0,0,0,0.0,0.0,1
NationalSecurityAgency/datawave,warehouse/query-core/src/main/java/datawave/query/function/IndexOnlyKeyToDocumentData.java,76,2,0,17,49,10,0,20,0,25,11,0.52380955,1.0,2
NationalSecurityAgency/datawave,warehouse/query-core/src/main/java/datawave/query/language/builder/jexl/FunctionQueryNodeBuilder.java,9,1,0,9,15,0,0,5,0,1,0,0.5,0.5,1
NationalSecurityAgency/datawave,core/utils/type-utils/src/main/java/datawave/data/normalizer/NumberNormalizer.java,12,2,0,6,10,8,0,5,0,2,2,0.1,0.1,1
NationalSecurityAgency/datawave,microservices/services/query-metric/service/src/test/java/datawave/microservice/querymetric/config/AlternateQueryMetricConfiguration.java,5,1,0,18,2,1,0,4,0,0,0,0.0,0.0,2
NationalSecurityAgency/datawave,microservices/services/query-executor/service/src/main/java/datawave/microservice/query/executor/QueryExecutor.java,46,1,2,30,72,133,0,24,0,18,1,0.16374269,0.8947368,2
NationalSecurityAgency/datawave,warehouse/ingest-core/src/main/java/datawave/ingest/input/reader/LongLineEventRecordReader.java,37,3,1,16,26,221,0,26,0,8,0,0.16,0.7784615,1
NationalSecurityAgency/datawave,warehouse/query-core/src/test/java/datawave/query/ranges/RangeFactoryTest.java,4,1,0,2,10,6,0,4,0,0,0,0.0,0.0,1
NationalSecurityAgency/datawave,warehouse/query-core/src/main/java/datawave/query/iterator/profile/EvaluationTrackingIterator.java,4,1,0,5,6,0,0,4,0,4,0,1.0,1.0,1
NationalSecurityAgency/datawave,core/query/src/main/java/datawave/core/query/configuration/QueryData.java,87,6,0,17,82,102,0,53,0,11,0,0.41935483,0.8731183,6
NationalSecurityAgency/datawave,warehouse/ingest-core/src/main/java/datawave/ingest/mapreduce/partition/LimitedRowPartitioner.java,1,3,0,2,3,0,0,1,0,0,0,0.0,0.0,1
NationalSecurityAgency/datawave,warehouse/ingest-core/src/test/java/datawave/ingest/table/config/AbstractTableConfigHelperTest.java,49,2,0,17,78,27,0,23,2,36,20,0.29090908,0.6545454,2
NationalSecurityAgency/datawave,warehouse/query-core/src/main/java/datawave/query/util/cache/ConnectorCacheId.java,5,2,0,3,5,0,0,4,0,3,0,0.6666667,1.0,1
NationalSecurityAgency/datawave,warehouse/age-off/src/main/java/datawave/iterators/filter/TokenFilterBase.java,31,2,2,10,21,50,0,12,0,4,2,0.121212125,0.15151516,1
NationalSecurityAgency/datawave,warehouse/ingest-core/src/main/java/datawave/ingest/input/reader/event/EventErrorSummary.java,97,1,0,16,63,352,0,37,0,19,6,0.24174175,0.7447447,1
NationalSecurityAgency/datawave,warehouse/ingest-core/src/test/java/datawave/ingest/mapreduce/job/NonemptyVisibilityConstraint.java,6,1,0,5,5,0,0,2,0,1,1,0.0,0.0,2
NationalSecurityAgency/datawave,warehouse/query-core/src/test/java/datawave/query/tables/RemoteTimeoutInterceptingQueryLogicTest.java,18,2,0,13,24,0,0,17,0,10,0,1.0,1.0,2
NationalSecurityAgency/datawave,warehouse/query-core/src/main/java/datawave/query/util/sortedmap/FileKeyDocumentSortedMap.java,22,2,0,11,10,28,0,21,0,2,1,1.0,1.0,4
NationalSecurityAgency/datawave,warehouse/query-core/src/main/java/datawave/query/tables/CountingShardQueryLogic.java,15,3,0,22,19,53,0,11,0,2,1,0.018181818,0.018181818,1
NationalSecurityAgency/datawave,warehouse/query-core/src/main/java/datawave/query/tracking/ActiveQueryLog.java,58,2,0,8,62,73,0,21,4,23,13,0.22222222,0.62222224,3
NationalSecurityAgency/datawave,web-services/security/src/main/java/datawave/security/login/ClientCertLoginModule.java,12,1,0,5,13,8,0,5,0,4,1,0.1,0.1,1
NationalSecurityAgency/datawave,warehouse/query-core/src/test/java/datawave/query/testframework/FileType.java,5,1,0,2,1,0,0,3,0,1,0,1.0,1.0,1
NationalSecurityAgency/datawave,microservices/services/audit/service/src/main/java/datawave/microservice/audit/config/AuditServiceConfig.java,1,1,0,5,0,0,0,1,0,0,0,0.0,0.0,1
NationalSecurityAgency/datawave,warehouse/query-core/src/main/java/datawave/query/function/MatchingFieldHits.java,3,1,0,0,2,0,0,3,0,1,0,1.0,1.0,1
NationalSecurityAgency/datawave,core/base-rest-responses/src/main/java/datawave/webservice/query/exception/UnauthorizedQueryException.java,12,4,0,2,0,66,0,12,0,1,1,0.0,0.0,1
NationalSecurityAgency/datawave,core/modification/src/main/java/datawave/modification/configuration/ModificationConfiguration.java,8,1,0,1,1,11,0,8,0,3,0,0.23809524,0.23809524,2
NationalSecurityAgency/datawave,warehouse/index-stats/src/main/java/datawave/mapreduce/shardStats/StatsJob.java,23,2,0,20,39,11,0,9,2,13,9,0.33333334,0.33333334,2
NationalSecurityAgency/datawave,web-services/query/src/test/java/datawave/webservice/query/logic/ConfiguredQueryLogicFactoryBeanTest.java,14,1,0,21,25,0,0,14,0,11,3,1.0,1.0,1
NationalSecurityAgency/datawave,warehouse/query-core/src/test/java/datawave/query/jexl/functions/CompareFunctionValidatorTest.java,6,1,0,1,5,15,0,6,0,0,0,0.0,0.0,1
NationalSecurityAgency/datawave,web-services/security/src/test/java/datawave/security/cache/CredentialsCacheBeanTest.java,22,1,0,16,39,28,0,21,1,4,0,1.0,1.0,3
NationalSecurityAgency/datawave,warehouse/ingest-core/src/main/java/datawave/ingest/mapreduce/handler/edge/define/DurationValue.java,5,1,0,1,5,0,0,4,0,2,0,0.6666667,1.0,1
NationalSecurityAgency/datawave,microservices/starters/query-metric/src/main/java/datawave/microservice/querymetric/config/QueryMetricClientProperties.java,26,1,0,3,1,170,0,26,0,13,0,0.2,0.2,2
NationalSecurityAgency/datawave,warehouse/query-core/src/main/java/datawave/query/jexl/HitListArithmetic.java,141,3,0,12,56,10,0,20,2,4,2,0.4619883,0.61403507,1
NationalSecurityAgency/datawave,warehouse/query-core/src/main/java/datawave/query/tables/ssdeep/SSDeepMaxHashPerNGramFilter.java,6,1,0,5,9,0,0,3,0,3,1,1.0,1.0,1
NationalSecurityAgency/datawave,warehouse/metrics-core/src/main/java/datawave/metrics/keys/IngestEntryKey.java,21,1,0,5,14,39,0,15,0,9,0,0.26373628,0.6043956,1
NationalSecurityAgency/datawave,warehouse/core/src/test/java/datawave/ingest/data/config/ConfigurationHelperTest.java,13,1,0,6,19,10,0,10,0,1,0,1.0,1.0,4
NationalSecurityAgency/datawave,warehouse/query-core/src/test/java/datawave/query/transformer/QueryModelExpansionTests.java,9,2,0,17,10,34,0,9,1,4,2,0.027777778,0.027777778,1
NationalSecurityAgency/datawave,warehouse/ingest-core/src/test/java/datawave/ingest/data/RawRecordContainerImplTest.java,27,2,0,11,71,1,0,15,0,10,0,0.8909091,1.0,4
NationalSecurityAgency/datawave,warehouse/query-core/src/main/java/datawave/query/function/deserializer/DocumentDeserializer.java,2,1,2,6,6,1,0,2,0,0,0,0.0,0.0,1
NationalSecurityAgency/datawave,warehouse/query-core/src/main/java/datawave/next/scanner/DocumentRangeScan.java,38,1,0,18,76,41,0,14,0,10,1,0.23809524,0.33333334,1
NationalSecurityAgency/datawave,warehouse/query-core/src/test/java/datawave/query/jexl/visitors/FieldsWithNumericRangeValuesVisitorTest.java,32,1,0,8,15,384,0,29,0,5,2,0.0,0.0,1
NationalSecurityAgency/datawave,warehouse/query-core/src/test/java/datawave/query/transformer/TagCloudTransformerTest.java,22,1,0,22,40,3,0,22,0,3,1,0.875,0.875,3
NationalSecurityAgency/datawave,warehouse/query-core/src/test/java/datawave/query/jexl/visitors/NodeTypeCountVisitorTest.java,56,1,0,48,20,1431,0,54,0,0,0,0.0,0.0,1
NationalSecurityAgency/datawave,warehouse/query-core/src/main/java/datawave/query/language/tree/SelectorNode.java,15,2,0,6,9,0,0,9,0,2,1,0.5833333,0.5833333,1
NationalSecurityAgency/datawave,microservices/services/audit/service/src/main/java/datawave/microservice/audit/auditors/accumulo/AccumuloAuditor.java,9,1,0,9,28,0,0,4,0,5,1,0.6666667,1.0,1
NationalSecurityAgency/datawave,web-services/query/src/main/java/datawave/webservice/query/hud/HudMetricSummary.java,18,1,0,0,0,135,0,18,0,9,0,0.05882353,0.05882353,1
NationalSecurityAgency/datawave,core/utils/metadata-utils/src/main/java/datawave/query/util/YearMonthDay.java,38,1,0,2,24,0,0,19,4,5,1,0.6,0.6666667,2
NationalSecurityAgency/datawave,core/utils/type-utils/src/test/java/datawave/data/normalizer/regex/visitor/DecimalPointPlacerTest.java,25,1,0,8,11,66,0,25,0,0,0,0.0,0.0,3
NationalSecurityAgency/datawave,warehouse/query-core/src/main/java/datawave/query/planner/DatePartitionedQueryPlanner.java,100,2,0,24,112,270,0,42,0,9,1,0.8611111,1.0,2
NationalSecurityAgency/datawave,warehouse/query-core/src/main/java/datawave/query/jexl/visitors/GeoWavePruningVisitor.java,31,4,0,23,33,29,0,11,2,3,1,0.13333334,0.2,1
NationalSecurityAgency/datawave,core/utils/type-utils/src/test/java/datawave/data/normalizer/regex/RegexUtilsTest.java,9,1,0,8,16,36,0,9,0,0,0,0.0,0.0,1
NationalSecurityAgency/datawave,warehouse/query-core/src/main/java/datawave/core/iterators/uid/UidMappingIterator.java,51,1,2,14,38,88,0,18,0,9,2,0.16911764,0.2647059,2
NationalSecurityAgency/datawave,warehouse/query-core/src/test/java/datawave/next/ScanResultTest.java,47,1,0,5,43,857,0,42,0,2,1,0.0,0.0,1
NationalSecurityAgency/datawave,warehouse/query-core/src/main/java/datawave/query/transformer/DocumentTransformer.java,29,4,2,20,39,28,0,8,0,1,1,0.0,0.0,1
NationalSecurityAgency/datawave,warehouse/ingest-core/src/main/java/datawave/ingest/jobcache/SetActiveCommand.java,6,1,0,7,13,3,0,3,1,6,2,0.0,0.0,1
NationalSecurityAgency/datawave,warehouse/query-core/src/main/java/datawave/query/util/ShardQueryUtils.java,40,1,0,10,63,6,0,4,3,1,1,0.0,0.0,1
NationalSecurityAgency/datawave,warehouse/query-core/src/test/java/datawave/query/iterator/logic/ContentSummaryIteratorTest.java,15,2,0,16,33,0,0,14,2,6,3,0.6909091,0.8181818,1
NationalSecurityAgency/datawave,core/utils/metadata-utils/src/test/java/datawave/query/util/TestUtils.java,12,1,0,6,15,10,0,5,4,1,1,0.0,0.0,1
NationalSecurityAgency/datawave,core/in-memory-accumulo/src/main/java/datawave/accumulo/inmemory/InMemoryScannerBase.java,28,2,2,17,15,97,0,23,1,5,0,0.14285715,0.14285715,2
NationalSecurityAgency/datawave,warehouse/core/src/main/java/datawave/mr/bulk/split/DefaultSplitStrategy.java,3,2,0,2,1,1,0,3,0,1,0,0.33333334,0.33333334,1
NationalSecurityAgency/datawave,warehouse/query-core/src/main/java/datawave/query/language/processor/lucene/CustomWildcardQueryNodeProcessor.java,27,2,0,9,10,3,0,3,0,0,0,0.0,0.0,1
NationalSecurityAgency/datawave,warehouse/query-core/src/test/java/datawave/query/IvaratorInterruptTest.java,18,3,4,32,85,5,0,11,5,9,4,0.3809524,0.71428573,3
NationalSecurityAgency/datawave,core/common-util/src/main/java/datawave/core/cache/GuavaClassCache.java,6,1,0,3,6,4,0,5,0,1,0,0.16666667,0.16666667,2
NationalSecurityAgency/datawave,warehouse/query-core/src/main/java/datawave/next/stats/DocumentRetrievalStats.java,8,1,0,4,16,13,0,7,0,8,2,0.26666668,0.6666667,1
NationalSecurityAgency/datawave,warehouse/ingest-core/src/main/java/datawave/ingest/data/tokenize/TruncateAttributeImpl.java,7,2,0,4,4,13,0,7,0,2,0,0.1904762,0.1904762,1
NationalSecurityAgency/datawave,warehouse/query-core/src/test/java/datawave/query/jexl/util/LuceneQueryGeneratorTest.java,17,1,0,9,22,91,0,14,0,1,0,0.0,0.0,1
NationalSecurityAgency/datawave,warehouse/query-core/src/main/java/datawave/query/index/year/YearIndexScanner.java,10,1,0,14,24,0,0,3,0,5,0,1.0,1.0,1
NationalSecurityAgency/datawave,warehouse/query-core/src/main/java/datawave/query/rules/IncludeExcludeIndexFieldsRule.java,10,3,0,13,22,10,0,5,0,2,2,0.0,0.0,1
NationalSecurityAgency/datawave,warehouse/query-core/src/test/java/datawave/query/testframework/cardata/CarsDataType.java,23,2,0,8,33,30,0,15,7,8,5,1.0,1.0,3
NationalSecurityAgency/datawave,warehouse/ingest-core/src/main/java/datawave/ingest/mapreduce/handler/facet/FacetedEstimator.java,1,1,0,2,0,0,0,1,0,0,0,0.0,0.0,1
NationalSecurityAgency/datawave,core/utils/type-utils/src/main/java/datawave/data/normalizer/regex/AlternationNode.java,6,2,0,4,1,15,0,6,0,0,0,0.0,0.0,1
NationalSecurityAgency/datawave,core/utils/type-utils/src/test/java/datawave/data/normalizer/regex/visitor/SimpleNumberEncoderTest.java,10,1,0,6,13,36,0,9,0,0,0,0.0,0.0,1
NationalSecurityAgency/datawave,web-services/common-util/src/main/java/datawave/configuration/Configuration.java,0,1,0,0,0,0,0,0,0,0,0,0.0,0.0,1
NationalSecurityAgency/datawave,microservices/services/query/service/src/main/java/datawave/microservice/query/config/QueryServiceConfiguration.java,7,1,0,18,17,21,0,7,0,0,0,0.0,0.0,1
NationalSecurityAgency/datawave,warehouse/query-core/src/test/java/datawave/query/FilterFieldsQueryTest.java,44,2,0,15,29,0,0,27,1,2,2,0.8300395,0.8300395,1
NationalSecurityAgency/datawave,warehouse/query-core/src/main/java/datawave/query/util/TraceIterators.java,2,1,0,5,1,0,0,2,1,0,0,0.0,0.0,2
NationalSecurityAgency/datawave,warehouse/query-core/src/test/java/datawave/query/tables/facets/MergedReadAheadTest.java,16,1,0,5,14,21,0,10,0,5,3,0.1904762,0.2857143,4
NationalSecurityAgency/datawave,warehouse/query-core/src/test/java/datawave/query/tables/ssdeep/testframework/SSDeepFields.java,2,2,0,1,5,1,0,2,0,6,6,0.0,0.0,1
NationalSecurityAgency/datawave,warehouse/ingest-csv/src/main/java/datawave/ingest/csv/config/helper/ExtendedCSVHelper.java,26,2,0,6,27,56,0,13,1,19,1,0.14102565,0.47435898,2
NationalSecurityAgency/datawave,warehouse/query-core/src/main/java/datawave/query/cardinality/CardinalityRecord.java,49,1,0,6,66,25,0,18,2,6,3,0.3267974,0.78431374,2
NationalSecurityAgency/datawave,warehouse/query-core/src/main/java/datawave/query/jexl/visitors/VariableNameVisitor.java,6,3,0,13,14,0,0,4,2,1,0,0.16666667,0.16666667,1
NationalSecurityAgency/datawave,web-services/common/src/test/java/datawave/webservice/common/audit/AuditBeanTest.java,5,1,0,10,23,0,0,5,0,4,0,1.0,1.0,2
NationalSecurityAgency/datawave,warehouse/query-core/src/main/java/datawave/query/table/parser/KeywordKeyValueFactory.java,11,2,0,7,11,2,0,5,1,2,0,0.33333334,0.33333334,2
NationalSecurityAgency/datawave,warehouse/query-core/src/main/java/datawave/query/util/sortedset/ByteArrayComparator.java,1,1,0,1,1,0,0,1,0,0,0,0.0,0.0,1
NationalSecurityAgency/datawave,web-services/client/src/main/java/datawave/webservice/result/BaseQueryResponse.java,8,2,6,4,0,20,0,8,0,5,1,0.14285715,0.14285715,1
NationalSecurityAgency/datawave,warehouse/ingest-core/src/main/java/datawave/ingest/mapreduce/job/TableSplitsCacheStatus.java,5,1,0,6,9,0,0,1,1,3,3,0.0,0.0,1
NationalSecurityAgency/datawave,warehouse/query-core/src/test/java/datawave/query/tables/RemoteTimeoutInterceptingQueryLogicIT.java,24,1,0,29,40,1,0,23,0,7,1,0.9714286,1.0,2
NationalSecurityAgency/datawave,warehouse/query-core/src/test/java/datawave/query/ScanConsistencyQueryTest.java,8,2,0,22,31,15,0,6,1,2,2,0.0,0.0,1
NationalSecurityAgency/datawave,warehouse/query-core/src/main/java/datawave/query/discovery/PatternNormalization.java,1,1,0,2,1,0,0,1,0,0,0,0.0,0.0,1
NationalSecurityAgency/datawave,web-services/common-util/src/main/java/datawave/interceptor/RequiredInterceptor.java,23,1,0,5,21,1,0,2,0,1,0,0.0,0.0,1
NationalSecurityAgency/datawave,web-services/query/src/test/java/datawave/webservice/query/configuration/GenericQueryConfigurationMockTest.java,2,1,0,5,18,1,0,2,0,3,0,0.0,0.0,4
NationalSecurityAgency/datawave,warehouse/query-core/src/test/java/datawave/query/transformer/annotation/model/AllHitsTest.java,5,1,0,6,8,0,0,5,0,2,0,0.9,1.0,1
NationalSecurityAgency/datawave,warehouse/ingest-core/src/test/java/datawave/ingest/mapreduce/job/ContextWriterConstraintTest.java,9,1,0,16,11,0,0,9,0,12,0,1.0,1.0,1
NationalSecurityAgency/datawave,core/query/src/main/java/datawave/core/query/configuration/CheckpointableQueryConfiguration.java,1,1,0,1,0,0,0,1,0,0,0,0.0,0.0,1
NationalSecurityAgency/datawave,warehouse/query-core/src/main/java/datawave/query/transformer/annotation/model/AllHit.java,3,1,0,2,0,1,0,3,0,2,0,0.33333334,0.33333334,1
NationalSecurityAgency/datawave,web-services/annotations/src/test/java/datawave/webservice/annotation/JacksonContextAnnotationJsonTest.java,4,1,0,6,14,0,0,4,0,4,4,1.0,1.0,1
NationalSecurityAgency/datawave,microservices/configcheck/src/main/java/datawave/microservice/configcheck/AnalysisComparator.java,32,1,0,3,27,8,0,5,0,7,5,1.0,1.0,1
NationalSecurityAgency/datawave,microservices/starters/query/src/main/java/datawave/microservice/query/storage/config/QueryStorageConfiguration.java,6,1,0,15,5,0,0,3,0,1,0,1.0,1.0,1
NationalSecurityAgency/datawave,warehouse/query-core/src/main/java/datawave/query/tables/edge/contexts/VisitationContext.java,51,1,0,12,30,107,0,18,0,12,3,0.15384616,0.61538464,1
NationalSecurityAgency/datawave,warehouse/query-core/src/test/java/datawave/query/common/grouping/MinAggregatorTest.java,10,1,0,10,9,15,0,10,0,1,0,0.6666667,0.6666667,1
NationalSecurityAgency/datawave,warehouse/ingest-core/src/test/java/datawave/ingest/mapreduce/handler/shard/content/BoundedOffsetQueueTest.java,9,1,0,4,11,1,0,2,0,0,0,0.0,0.0,1
NationalSecurityAgency/datawave,warehouse/query-core/src/test/java/datawave/query/data/parsers/ShardIndexKeyTest.java,6,1,0,5,11,0,0,5,0,3,0,1.0,1.0,1
NationalSecurityAgency/datawave,warehouse/ingest-core/src/main/java/datawave/util/flag/config/FlagDataTypeConfig.java,34,1,0,3,3,478,0,33,0,15,0,0.047348484,0.09280303,1
NationalSecurityAgency/datawave,warehouse/ingest-core/src/main/java/datawave/ingest/metadata/MetadataWithEventDate.java,14,1,0,2,5,2,0,11,0,5,0,0.8,1.0,2
NationalSecurityAgency/datawave,warehouse/ingest-core/src/main/java/datawave/util/flag/FlagMaker.java,125,1,2,26,165,37,0,27,5,15,6,0.8030303,0.8333333,2
NationalSecurityAgency/datawave,core/utils/type-utils/src/test/java/datawave/data/type/GeometryObjectSizeTest.java,16,1,0,12,18,0,0,8,1,1,1,1.0,1.0,1
NationalSecurityAgency/datawave,warehouse/query-core/src/main/java/datawave/query/jexl/visitors/AddShardsAndDaysVisitor.java,18,4,0,10,29,7,0,6,3,3,1,0.0,0.0,1
NationalSecurityAgency/datawave,warehouse/ingest-core/src/test/java/datawave/ingest/mapreduce/handler/shard/ShiftOnDayTest.java,22,3,0,8,27,64,0,19,0,5,1,0.3,0.3,4
NationalSecurityAgency/datawave,warehouse/query-core/src/main/java/datawave/query/iterator/DocumentIterator.java,2,1,0,3,0,1,0,2,0,0,0,0.0,0.0,1
NationalSecurityAgency/datawave,web-services/query/src/main/java/datawave/webservice/query/metric/QueryMetricHolder.java,12,1,0,5,3,0,0,8,0,3,1,0.85714287,1.0,1
NationalSecurityAgency/datawave,warehouse/query-core/src/main/java/datawave/query/index/day/BitSetFactory.java,3,1,0,1,1,1,0,2,1,0,0,0.0,0.0,1
NationalSecurityAgency/datawave,microservices/starters/cached-results/src/main/java/datawave/microservice/query/cachedresults/config/CachedResultsQueryProperties.java,75,1,0,3,3,450,0,75,0,34,0,0.07881773,0.12807882,3
NationalSecurityAgency/datawave,warehouse/query-core/src/test/java/datawave/query/iterator/CommaFreeType.java,5,3,0,3,2,6,0,5,0,2,2,0.0,0.0,2
NationalSecurityAgency/datawave,warehouse/query-core/src/main/java/datawave/query/attributes/DatawaveAttributeIndex.java,5,1,0,18,25,0,0,3,2,2,2,0.0,0.0,1
NationalSecurityAgency/datawave,warehouse/query-core/src/test/java/datawave/query/NumericListQueryTest.java,35,3,4,24,61,1,0,26,4,8,3,0.55789477,0.55789477,3
NationalSecurityAgency/datawave,microservices/services/accumulo/service/src/main/java/datawave/microservice/accumulo/stats/StatsController.java,2,1,0,10,1,0,0,2,0,1,0,1.0,1.0,1
NationalSecurityAgency/datawave,warehouse/query-core/src/main/java/datawave/query/transformer/ShardIndexQueryTransformer.java,17,2,0,20,66,0,0,6,0,6,0,1.0,1.0,1
NationalSecurityAgency/datawave,warehouse/query-core/src/test/java/datawave/query/attributes/TypeAttributeIT.java,29,1,12,10,28,77,0,14,0,5,5,0.07692308,0.07692308,1
NationalSecurityAgency/datawave,web-services/security/src/test/java/datawave/security/login/DatawavePrincipalLoginModuleTest.java,27,3,0,21,66,15,0,24,0,12,1,1.0,1.0,3
NationalSecurityAgency/datawave,web-services/client/src/main/java/datawave/webservice/result/QueryImplListResponse.java,55,2,0,10,35,36,0,17,0,5,2,0.6785714,0.75,2
NationalSecurityAgency/datawave,warehouse/query-core/src/main/java/datawave/query/jexl/functions/ContentFunctionEvaluator.java,56,1,2,8,34,0,0,8,0,9,2,0.53571427,0.75,1
NationalSecurityAgency/datawave,warehouse/query-core/src/main/java/datawave/core/iterators/GlobalIndexDateSummaryIterator.java,48,1,1,13,61,43,0,20,0,18,1,1.0,1.0,3
NationalSecurityAgency/datawave,warehouse/query-core/src/test/java/datawave/query/index/day/BitSetIndexEntryTest.java,10,1,0,2,15,15,0,6,0,0,0,0.0,0.0,1
NationalSecurityAgency/datawave,warehouse/query-core/src/main/java/datawave/query/iterator/ResultCountingIterator.java,8,1,0,5,20,0,0,5,0,3,0,0.7,1.0,1
NationalSecurityAgency/datawave,warehouse/query-core/src/main/java/datawave/query/planner/rules/FieldTransformRuleVisitor.java,19,3,0,22,17,120,0,16,1,0,0,0.0,0.0,1
NationalSecurityAgency/datawave,web-services/security/src/test/java/datawave/security/util/MockDatawaveCertVerifier.java,2,2,0,1,0,1,0,2,0,2,2,0.0,0.0,1
NationalSecurityAgency/datawave,warehouse/query-core/src/main/java/datawave/query/language/parser/jexl/JexlBooleanNode.java,12,2,0,2,6,0,0,5,0,1,0,1.0,1.0,2
NationalSecurityAgency/datawave,microservices/services/query/api/src/main/java/datawave/microservice/query/QueryImpl.java,242,2,0,19,146,1288,0,89,4,51,25,0.21818182,0.8342408,4
NationalSecurityAgency/datawave,warehouse/ingest-core/src/test/java/datawave/ingest/mapreduce/job/metrics/MetricsTestData.java,9,1,0,9,16,21,0,7,7,1,1,0.0,0.0,1
NationalSecurityAgency/datawave,warehouse/query-core/src/test/java/datawave/query/ExcerptTest.java,40,3,4,25,64,192,0,27,4,12,3,0.33333334,0.33333334,3
NationalSecurityAgency/datawave,web-services/query/src/test/java/datawave/webservice/query/limit/QueryLimiterConcurrencyTest.java,60,1,0,20,100,41,0,32,7,28,9,1.0,1.0,5
NationalSecurityAgency/datawave,core/connection-pool/src/main/java/datawave/core/common/cache/SharedBoolean.java,21,1,0,9,27,1,0,14,2,3,1,0.6666667,0.8,2
NationalSecurityAgency/datawave,warehouse/query-core/src/test/java/datawave/query/util/sortedmap/MultiMapBackedRewritableSortedMapTest.java,11,2,0,9,13,10,0,5,0,0,0,0.0,0.0,1
NationalSecurityAgency/datawave,microservices/starters/datawave/src/main/java/datawave/microservice/authorization/federation/config/FederatedAuthorizationProperties.java,2,1,0,1,0,0,0,2,0,1,0,1.0,1.0,1
NationalSecurityAgency/datawave,warehouse/keyword-common/src/main/java/datawave/util/keyword/TagCloudEntry.java,31,1,0,5,27,17,0,24,2,15,4,0.33333334,1.0,3
NationalSecurityAgency/datawave,web-services/query/src/test/java/datawave/webservice/query/limit/MatcherTest.java,6,1,0,5,9,15,0,6,0,0,0,0.0,0.0,1
NationalSecurityAgency/datawave,warehouse/query-core/src/main/java/datawave/query/iterator/builder/IteratorBuilder.java,1,1,0,2,0,0,0,1,0,0,0,0.0,0.0,1
NationalSecurityAgency/datawave,warehouse/ingest-core/src/test/java/datawave/ingest/mapreduce/TableConfigHelperFactoryTest.java,8,1,0,16,23,0,0,6,3,5,3,0.6,1.0,1
NationalSecurityAgency/datawave,microservices/services/query/service/src/test/java/datawave/microservice/query/stream/StreamingServiceTest.java,16,2,0,24,57,21,0,7,0,0,0,0.0,0.0,1
NationalSecurityAgency/datawave,warehouse/query-core/src/main/java/datawave/core/iterators/querylock/CombinedQueryLock.java,10,1,0,1,6,0,0,5,0,1,0,1.0,1.0,1
NationalSecurityAgency/datawave,warehouse/age-off/src/test/java/datawave/iterators/filter/ColumnVisibilityLabeledFilter.java,14,2,0,9,27,6,0,5,0,3,1,0.6666667,1.0,1
NationalSecurityAgency/datawave,warehouse/query-core/src/main/java/datawave/query/jexl/functions/GroupingRequiredFilterFunctions.java,64,1,0,9,44,16,0,9,9,2,2,0.6,0.6,1
NationalSecurityAgency/datawave,warehouse/query-core/src/test/java/datawave/query/function/LimitFieldsTest.java,26,1,0,12,25,199,0,23,0,7,0,0.0,0.0,1
NationalSecurityAgency/datawave,microservices/starters/audit/src/main/java/datawave/microservice/audit/config/discovery/RetryableServiceProvider.java,2,2,0,6,1,1,0,2,0,0,0,0.0,0.0,1
NationalSecurityAgency/datawave,warehouse/ingest-core/src/main/java/datawave/util/flag/InputFile.java,56,1,0,6,33,188,0,29,3,16,5,0.2646154,0.84923077,2
NationalSecurityAgency/datawave,warehouse/query-core/src/test/java/datawave/query/jexl/visitors/DateIndexQueryExpansionVisitorTest.java,12,1,0,16,28,29,0,11,1,7,1,0.13333334,0.2,1
NationalSecurityAgency/datawave,warehouse/age-off/src/main/java/datawave/iterators/filter/RegexFilterBase.java,14,2,7,9,16,5,0,6,0,4,1,0.33333334,0.4,1
NationalSecurityAgency/datawave,microservices/services/hazelcast/client/src/main/java/datawave/microservice/cached/HazelcastBaseClientConfiguration.java,3,1,3,3,11,0,0,1,0,0,0,0.0,0.0,1
NationalSecurityAgency/datawave,warehouse/query-core/src/main/java/datawave/query/index/lookup/TruncatedIndexIterator.java,13,1,0,9,24,8,0,8,0,5,1,0.35714287,0.75,1
NationalSecurityAgency/datawave,warehouse/query-core/src/main/java/datawave/query/jexl/visitors/TreeWrappingRebuildingVisitor.java,3,4,0,7,7,1,0,2,1,1,1,0.0,0.0,1
NationalSecurityAgency/datawave,warehouse/query-core/src/main/java/datawave/query/tables/chunk/Chunker.java,5,1,0,3,0,10,0,5,0,0,0,0.0,0.0,1
NationalSecurityAgency/datawave,core/query/src/main/java/datawave/core/query/predicate/QueryParameterPredicate.java,12,1,1,3,8,1,0,10,0,2,0,0.41666666,0.5833333,1
NationalSecurityAgency/datawave,warehouse/query-core/src/main/java/datawave/query/config/Profile.java,3,1,0,5,0,3,0,3,0,0,0,0.0,0.0,1
NationalSecurityAgency/datawave,warehouse/query-core/src/test/java/datawave/query/rules/UnescapedSpecialCharsRuleTest.java,25,2,0,8,23,282,0,25,0,4,0,0.005263158,0.005263158,1
NationalSecurityAgency/datawave,warehouse/query-core/src/main/java/datawave/query/iterator/GroupingIterator.java,16,1,0,11,27,0,0,4,0,10,1,0.6666667,1.0,1
NationalSecurityAgency/datawave,web-services/security/src/main/java/datawave/security/auth/DatawaveAuthenticationMechanism.java,52,3,0,17,50,56,0,17,0,19,8,1.0,1.0,3
NationalSecurityAgency/datawave,warehouse/query-core/src/main/java/datawave/query/util/sortedset/FileKeySortedSet.java,22,2,0,9,8,28,0,21,0,2,1,1.0,1.0,3
NationalSecurityAgency/datawave,warehouse/ingest-core/src/main/java/datawave/ingest/table/bloomfilter/ShardIndexKeyFunctor.java,12,1,0,8,13,6,0,4,2,1,1,0.0,0.0,1
NationalSecurityAgency/datawave,warehouse/query-core/src/main/java/org/apache/lucene/queryparser/flexible/core/nodes/NotBooleanQueryNode.java,1,2,0,2,0,0,0,1,0,1,1,0.0,0.0,1
NationalSecurityAgency/datawave,warehouse/ingest-core/src/main/java/datawave/ingest/mapreduce/job/writer/AbstractChainedContextWriter.java,11,2,0,11,16,0,0,8,0,1,0,0.53571427,0.53571427,1
NationalSecurityAgency/datawave,warehouse/query-core/src/main/java/datawave/query/tables/TruncatedIndexScanner.java,31,1,0,16,34,61,0,14,0,13,1,0.055555556,0.083333336,1
NationalSecurityAgency/datawave,microservices/services/query-metric/service/src/main/java/datawave/microservice/querymetric/MergeLockLifecycleListener.java,52,1,0,9,44,36,0,17,0,12,1,0.4,0.6,2
NationalSecurityAgency/datawave,warehouse/age-off/src/main/java/datawave/iterators/filter/ColumnFamilyRegexFilter.java,1,3,0,3,2,0,0,1,0,0,0,0.0,0.0,1
NationalSecurityAgency/datawave,web-services/common/src/main/java/datawave/webservice/common/connection/config/ConnectionPoolClientConfiguration.java,5,2,0,3,14,0,0,1,0,1,1,0.0,0.0,1
NationalSecurityAgency/datawave,web-services/dictionary/src/main/java/datawave/webservice/dictionary/DataDictionaryBean.java,3,1,0,13,8,3,0,3,0,1,0,0.0,0.0,1
NationalSecurityAgency/datawave,core/query/src/main/java/datawave/core/query/logic/CheckpointableQueryLogic.java,5,1,0,4,0,10,0,5,0,0,0,0.0,0.0,1
NationalSecurityAgency/datawave,warehouse/query-core/src/test/java/datawave/query/testframework/FlattenDataManager.java,8,3,0,14,23,2,0,7,2,4,2,1.0,1.0,2
NationalSecurityAgency/datawave,core/utils/type-utils/src/main/java/datawave/data/type/HitTermType.java,0,3,0,1,0,0,0,0,0,0,0,0.0,0.0,1
NationalSecurityAgency/datawave,warehouse/ingest-core/src/test/java/datawave/util/flag/IngestWorker.java,3,1,0,5,17,0,0,1,0,1,1,0.0,0.0,1
NationalSecurityAgency/datawave,warehouse/query-core/src/test/java/datawave/query/util/VisibilityWiseGuysIngestWithModel.java,20,1,0,19,32,0,0,5,5,16,16,1.0,1.0,1
NationalSecurityAgency/datawave,warehouse/query-core/src/main/java/datawave/query/language/functions/jexl/GroupBy.java,8,2,0,4,8,6,0,4,0,0,0,0.0,0.0,1
NationalSecurityAgency/datawave,warehouse/query-core/src/main/java/datawave/next/scanner/BulkKeyWithContext.java,3,2,0,3,0,0,0,3,0,1,0,1.0,1.0,1
NationalSecurityAgency/datawave,web-services/client/src/main/java/datawave/webservice/query/result/istat/IndexStatsResponse.java,17,3,0,9,10,36,0,12,0,3,2,0.33333334,0.33333334,2
NationalSecurityAgency/datawave,warehouse/query-core/src/main/java/datawave/query/jexl/visitors/FunctionNormalizationRebuildingVisitor.java,46,4,0,16,59,1,0,7,2,7,2,0.33333334,0.5,2
NationalSecurityAgency/datawave,web-services/atom/src/test/java/datawave/webservice/atom/AtomKeyValueParserTest.java,11,1,0,11,23,39,0,10,0,1,0,0.06666667,0.06666667,1
NationalSecurityAgency/datawave,warehouse/ingest-core/src/test/java/datawave/ingest/table/aggregator/util/TruncatedIndexKeyParserTest.java,4,1,0,5,11,0,0,4,0,1,0,1.0,1.0,1
NationalSecurityAgency/datawave,microservices/starters/query/src/main/java/datawave/microservice/query/mapreduce/status/cache/LockableCache.java,11,1,0,2,4,0,0,10,0,2,0,0.62222224,0.62222224,1
NationalSecurityAgency/datawave,warehouse/core/src/main/java/datawave/mr/bulk/BulkIteratorEnvironment.java,14,1,0,13,1,87,0,14,0,2,0,0.021978023,0.032967035,1
NationalSecurityAgency/datawave,warehouse/ingest-core/src/test/java/datawave/ingest/mapreduce/partition/ShardIdPartitionerTest.java,14,1,0,12,19,0,0,4,0,2,0,1.0,1.0,1
NationalSecurityAgency/datawave,warehouse/query-core/src/test/java/datawave/query/jexl/functions/GroupingRequiredFilterFunctionsIntegrationTest.java,21,3,4,30,53,114,0,21,3,10,4,0.018181818,0.018181818,3
NationalSecurityAgency/datawave,warehouse/query-core/src/main/java/datawave/query/jexl/LiteralRange.java,59,1,0,8,15,10,0,24,0,6,1,0.52105266,0.9,2
NationalSecurityAgency/datawave,warehouse/query-core/src/test/java/datawave/query/jexl/visitors/HasMethodVisitorTest.java,2,1,0,3,5,1,0,2,0,0,0,0.0,0.0,1
NationalSecurityAgency/datawave,warehouse/query-core/src/test/java/datawave/query/tables/facets/FacetedQueryLogicTest.java,16,2,0,31,61,16,0,11,2,3,2,1.0,1.0,2
NationalSecurityAgency/datawave,core/utils/type-utils/src/main/java/datawave/data/normalizer/regex/EndAnchorNode.java,5,2,0,4,1,10,0,5,0,0,0,0.0,0.0,1
NationalSecurityAgency/datawave,microservices/starters/query/src/main/java/datawave/microservice/query/messaging/QueryResultsManager.java,5,1,0,2,0,10,0,5,0,0,0,0.0,0.0,1
NationalSecurityAgency/datawave,core/query/src/main/java/datawave/core/query/logic/composite/CompositeQueryCheckpoint.java,3,2,0,1,0,0,0,3,0,1,0,1.0,1.0,1
NationalSecurityAgency/datawave,microservices/starters/datawave/src/main/java/datawave/microservice/config/RequestScopeBeanSupplier.java,6,1,0,3,6,0,0,3,0,3,0,1.0,1.0,1
NationalSecurityAgency/datawave,web-services/query-websocket/src/main/java/datawave/webservice/websocket/messages/QueryResponseMessage.java,7,1,0,3,0,0,0,7,0,3,0,0.6666667,1.0,2
NationalSecurityAgency/datawave,warehouse/query-core/src/main/java/datawave/query/language/functions/jexl/AtomValuesMatchFunction.java,7,2,0,4,8,6,0,4,0,0,0,0.0,0.0,1
NationalSecurityAgency/datawave,warehouse/query-core/src/test/java/datawave/query/testframework/MaxExpandCityFields.java,2,2,0,1,3,1,0,2,0,6,6,0.0,0.0,1
NationalSecurityAgency/datawave,web-services/common-util/src/main/java/datawave/webservice/common/exception/PreConditionFailedException.java,1,3,0,3,1,0,0,1,0,1,1,0.0,0.0,1
NationalSecurityAgency/datawave,core/utils/accumulo-utils/src/test/java/datawave/scan/BatchScannerBuilderTest.java,17,1,0,14,38,0,0,15,1,8,7,0.85714287,0.85714287,1
NationalSecurityAgency/datawave,warehouse/query-core/src/main/java/datawave/query/language/builder/jexl/FieldQueryNodeBuilder.java,17,1,0,12,24,1,0,2,0,2,2,0.0,0.0,1
NationalSecurityAgency/datawave,web-services/security/src/test/java/datawave/security/login/DatawaveUsersRolesLoginModuleTest.java,8,1,0,8,23,2,0,8,0,9,6,0.52380955,1.0,1
NationalSecurityAgency/datawave,warehouse/ingest-core/src/test/java/datawave/ingest/mapreduce/EventMapperTest.java,31,5,0,32,77,6,0,26,1,9,3,1.0,1.0,5
NationalSecurityAgency/datawave,microservices/services/audit/service/src/main/java/datawave/microservice/audit/auditors/log/LogAuditor.java,1,1,0,3,4,0,0,1,0,1,0,0.0,0.0,1
NationalSecurityAgency/datawave,microservices/starters/datawave/src/main/java/datawave/microservice/config/discovery/rabbit/RetryProperties.java,8,1,0,3,0,20,0,8,0,4,0,0.14285715,0.14285715,1
NationalSecurityAgency/datawave,warehouse/ingest-wikipedia/src/main/java/datawave/ingest/wikipedia/WikipediaContentHandler.java,30,1,0,8,31,91,0,16,1,7,1,0.06666667,0.08571429,2
NationalSecurityAgency/datawave,core/metrics-reporter/src/main/java/datawave/metrics/TimelyMetricsReporter.java,37,2,1,12,65,73,0,14,0,11,2,0.25,0.41666666,1
NationalSecurityAgency/datawave,microservices/starters/datawave/src/main/java/datawave/microservice/authorization/jwt/exception/InvalidSignatureException.java,2,2,0,1,0,1,0,2,0,0,0,0.0,0.0,1
NationalSecurityAgency/datawave,warehouse/query-core/src/main/java/datawave/query/iterator/logic/EventToFieldIndexTransform.java,12,1,0,8,17,0,0,11,2,1,0,0.5090909,0.5090909,1
NationalSecurityAgency/datawave,warehouse/query-core/src/test/java/datawave/query/testframework/AbstractDataTypeConfig.java,22,1,7,19,52,63,0,14,5,11,7,0.13636364,0.3181818,1
NationalSecurityAgency/datawave,warehouse/ingest-core/src/main/java/datawave/ingest/mapreduce/job/writer/LiveContextWriter.java,5,3,0,10,15,3,0,3,0,0,0,0.0,0.0,1
NationalSecurityAgency/datawave,warehouse/ingest-core/src/test/java/datawave/ingest/mapreduce/handler/facet/FacetHandlerTest.java,62,4,0,32,113,62,0,32,9,22,13,1.0,1.0,4
NationalSecurityAgency/datawave,warehouse/query-core/src/main/java/datawave/query/index/lookup/IndexStream.java,5,1,0,5,0,10,0,5,0,0,0,0.0,0.0,2
NationalSecurityAgency/datawave,core/connection-pool/src/main/java/datawave/core/common/result/ConnectionProperty.java,10,1,0,4,3,0,0,9,0,3,1,0.5,0.7777778,1
NationalSecurityAgency/datawave,warehouse/ingest-core/src/test/java/datawave/ingest/mapreduce/partition/LimitedKeyPartitionerTest.java,7,1,0,8,10,9,0,6,0,1,1,0.16666667,0.16666667,1
NationalSecurityAgency/datawave,warehouse/query-core/src/test/java/datawave/query/tables/IndexQueryLogicTest.java,37,2,0,28,40,0,0,37,1,2,2,0.8423423,0.8423423,1
NationalSecurityAgency/datawave,warehouse/query-core/src/main/java/datawave/query/language/parser/jexl/LuceneToJexlControlledQueryParser.java,15,2,0,3,8,3,0,6,0,2,0,0.4,0.6666667,1
NationalSecurityAgency/datawave,warehouse/query-core/src/test/java/datawave/query/QueryTestTableHelper.java,15,1,2,21,38,0,0,12,1,6,4,0.45454547,0.8333333,1
NationalSecurityAgency/datawave,web-services/security/src/main/java/datawave/security/cache/AccumuloCacheStoreConfigurationBuilder.java,15,2,0,5,6,105,0,15,0,0,0,0.0,0.0,1
NationalSecurityAgency/datawave,web-services/query/src/test/java/datawave/webservice/query/limit/QueryLimiterSpringTest.java,1,1,0,10,16,0,0,1,0,1,0,0.0,0.0,1
NationalSecurityAgency/datawave,warehouse/query-core/src/main/java/datawave/query/index/lookup/ShardLimitingIterator.java,20,1,0,9,27,0,0,6,0,7,2,0.53333336,0.6666667,1
NationalSecurityAgency/datawave,microservices/starters/query/src/main/java/datawave/microservice/query/config/NextCallProperties.java,19,1,0,5,1,131,0,19,0,8,0,0.116959065,0.1871345,1
NationalSecurityAgency/datawave,warehouse/query-core/src/test/java/datawave/query/iterator/logic/WordsAndScoresTest.java,20,1,0,3,21,0,0,20,0,1,0,0.6315789,0.6315789,1
NationalSecurityAgency/datawave,warehouse/query-core/src/main/java/datawave/query/jexl/visitors/FieldToFieldComparisonVisitor.java,11,4,0,12,8,28,0,8,1,0,0,0.0,0.0,1
NationalSecurityAgency/datawave,warehouse/query-core/src/main/java/datawave/query/planner/ThreadedRangeBundler.java,19,1,0,8,8,21,0,17,1,14,0,0.19444445,0.7777778,2
NationalSecurityAgency/datawave,warehouse/query-core/src/test/java/datawave/query/attributes/TypeAttributeTest.java,3,2,0,10,17,3,0,3,0,0,0,0.0,0.0,1
NationalSecurityAgency/datawave,core/query/src/main/java/datawave/core/query/configuration/GenericQueryConfiguration.java,66,1,1,9,62,928,0,45,0,19,0,0.031313132,0.03939394,1
NationalSecurityAgency/datawave,warehouse/query-core/src/test/java/datawave/query/language/parser/jexl/TestLuceneToJexlQueryParser.java,67,2,0,12,24,1113,0,56,0,2,1,0.11828737,0.11828737,2
NationalSecurityAgency/datawave,warehouse/query-core/src/main/java/datawave/query/config/EdgeExtendedSummaryConfiguration.java,45,3,0,6,23,93,0,18,4,14,8,0.19607843,0.29411766,1
NationalSecurityAgency/datawave,microservices/services/authorization/service/src/test/java/datawave/microservice/authorization/OAuthOperationsV2TestCommon.java,47,1,2,20,67,3,0,15,1,17,1,0.75,0.75,3
NationalSecurityAgency/datawave,warehouse/ingest-core/src/test/java/datawave/ingest/mapreduce/partition/MultiTableRRRangePartitionerTest.java,31,1,0,15,39,109,0,20,0,3,1,0.18181819,0.18181819,3
NationalSecurityAgency/datawave,warehouse/metrics-core/src/main/java/datawave/metrics/mapreduce/FlagMakerMetricsMapper.java,8,2,0,14,23,3,0,3,1,1,1,0.0,0.0,1
NationalSecurityAgency/datawave,warehouse/query-core/src/main/java/datawave/query/common/grouping/ImmutableGrouping.java,8,5,0,2,1,21,0,7,0,1,1,0.0,0.0,1
NationalSecurityAgency/datawave,contrib/datawave-utils/read-properties/src/main/java/datawave/maven/ReadProperties.java,21,2,0,6,33,0,0,3,0,7,0,0.0,0.0,2
NationalSecurityAgency/datawave,core/query/src/main/java/datawave/core/query/logic/AbstractQueryLogicTransformer.java,7,1,0,7,7,0,0,5,0,3,1,0.1,0.1,1
NationalSecurityAgency/datawave,warehouse/query-core/src/main/java/datawave/query/iterator/logic/TermFrequencyExcerptIterator.java,156,1,0,18,105,315,0,36,14,22,8,0.5,0.7017544,3
NationalSecurityAgency/datawave,microservices/starters/metadata/src/main/java/datawave/microservice/metadata/config/MetadataHelperConfiguration.java,12,1,0,22,4,66,0,12,0,0,0,0.0,0.0,1
NationalSecurityAgency/datawave,warehouse/query-core/src/main/java/datawave/query/attributes/AttributeBag.java,29,2,0,8,25,97,0,15,0,5,3,0.015151516,0.015151516,1
NationalSecurityAgency/datawave,warehouse/query-core/src/test/java/datawave/query/jexl/JexlASTHelperTest.java,121,1,0,25,85,3492,0,85,0,2,1,0.013328777,0.013328777,1
NationalSecurityAgency/datawave,warehouse/query-core/src/main/java/datawave/query/config/annotation/AnnotationConfig.java,13,1,0,3,10,58,0,12,0,4,0,0.060606062,0.060606062,1
NationalSecurityAgency/datawave,warehouse/query-core/src/main/java/datawave/audit/DatawaveSelectorExtractor.java,8,1,0,8,11,0,0,2,0,2,1,1.0,1.0,1
NationalSecurityAgency/datawave,core/metrics-reporter/src/main/java/datawave/metrics/MetricsReporterBuilder.java,6,1,10,4,0,7,0,6,0,5,0,0.26666668,0.6666667,1
NationalSecurityAgency/datawave,microservices/starters/datawave/src/main/java/datawave/microservice/validator/RequiredValueIfFieldEqualsValidator.java,6,1,0,3,11,0,0,2,0,4,0,1.0,1.0,1
NationalSecurityAgency/datawave,warehouse/query-core/src/test/java/datawave/query/tables/TruncatedIndexScannerTest.java,23,1,0,15,39,94,0,17,0,17,1,0.0,0.0,1
NationalSecurityAgency/datawave,warehouse/query-core/src/test/java/datawave/query/jexl/visitors/UnescapedSpecialCharactersVisitorTest.java,25,1,0,6,24,272,0,25,0,7,0,0.0,0.0,1
NationalSecurityAgency/datawave,microservices/services/accumulo/service/src/main/java/datawave/microservice/accumulo/config/AccumuloConfiguration.java,4,3,0,13,2,6,0,4,0,0,0,0.0,0.0,3
NationalSecurityAgency/datawave,microservices/services/query/service/src/test/java/datawave/microservice/query/QueryServiceResetTest.java,6,2,0,15,39,15,0,6,0,0,0,0.0,0.0,1
NationalSecurityAgency/datawave,microservices/services/query-executor/service/src/main/java/datawave/microservice/query/executor/action/ExecutorTask.java,90,1,6,36,141,77,0,39,0,30,1,0.42857143,1.0,4
NationalSecurityAgency/datawave,web-services/security/src/test/java/datawave/security/authorization/remote/ConditionalRemoteUserOperationsTest.java,23,2,0,21,15,171,0,22,0,1,0,1.0,1.0,3
NationalSecurityAgency/datawave,warehouse/ingest-core/src/test/java/datawave/TestBaseIngestHelper.java,5,2,2,4,0,8,0,5,0,1,0,0.1,0.1,1
NationalSecurityAgency/datawave,core/base-rest-responses/src/main/java/datawave/marking/ColumnVisibilitySecurityMarking.java,28,1,0,7,16,0,0,13,0,2,1,0.5769231,0.5769231,1
NationalSecurityAgency/datawave,warehouse/query-core/src/main/java/datawave/query/jexl/functions/EventFieldAggregator.java,20,3,1,13,25,39,0,10,0,5,0,0.0,0.0,1
NationalSecurityAgency/datawave,warehouse/ingest-core/src/main/java/datawave/ingest/data/config/ingest/MetaDataIngestHelper.java,2,4,0,6,3,1,0,2,0,0,0,0.0,0.0,1
NationalSecurityAgency/datawave,warehouse/ssdeep-common/src/main/java/datawave/util/ssdeep/NGramGenerator.java,17,1,0,5,19,25,0,11,0,7,4,0.27272728,0.6545454,1
NationalSecurityAgency/datawave,warehouse/query-core/src/main/java/datawave/query/transformer/SummaryTransform.java,41,2,0,17,53,5,0,13,2,13,6,0.8666667,1.0,2
NationalSecurityAgency/datawave,core/annotation/src/main/java/datawave/annotation/protobuf/v1/SegmentValueOrBuilder.java,12,1,0,2,0,66,0,12,0,0,0,0.0,0.0,1
NationalSecurityAgency/datawave,warehouse/query-core/src/test/java/datawave/query/planner/rules/NodeTransformVisitorTest.java,22,1,0,13,31,85,0,17,0,6,6,0.16666667,0.16666667,3
NationalSecurityAgency/datawave,warehouse/query-core/src/main/java/datawave/query/predicate/TLDEventDataFilter.java,109,2,0,14,76,328,0,40,0,20,2,0.42857143,1.0,2
NationalSecurityAgency/datawave,warehouse/core/src/main/java/datawave/data/hash/HashUIDBuilder.java,15,2,0,5,3,1,0,7,1,2,1,0.47619048,0.47619048,1
NationalSecurityAgency/datawave,warehouse/query-core/src/main/java/datawave/query/rules/AmbiguousOrPhrasesRule.java,11,4,0,16,25,15,0,8,1,2,2,0.0,0.0,2
NationalSecurityAgency/datawave,warehouse/query-core/src/main/java/datawave/query/util/sortedmap/FileKeyValueSortedMap.java,22,2,0,11,10,28,0,21,0,2,1,1.0,1.0,4
NationalSecurityAgency/datawave,warehouse/query-core/src/main/java/datawave/query/discovery/IndexMatchingIterator.java,62,1,0,22,81,42,0,25,2,23,5,0.33333334,1.0,2
NationalSecurityAgency/datawave,microservices/starters/query/src/test/java/datawave/microservice/query/logic/QueryLogicFactoryTest.java,2,1,0,9,3,0,0,2,1,3,0,0.0,0.0,3
NationalSecurityAgency/datawave,core/query/src/main/java/datawave/core/query/logic/lookup/uuid/LookupUUIDQueryLogic.java,5,3,0,5,0,10,0,5,0,1,1,0.0,0.0,1
NationalSecurityAgency/datawave,warehouse/ingest-core/src/main/java/datawave/ingest/util/ResourceAvailabilityUtil.java,8,1,0,1,11,1,0,3,3,2,2,0.33333334,0.33333334,1
NationalSecurityAgency/datawave,warehouse/query-core/src/main/java/datawave/query/jexl/functions/JexlFunctionArgumentDescriptorFactory.java,12,1,0,10,15,1,0,3,2,1,0,0.0,0.0,2
NationalSecurityAgency/datawave,warehouse/query-core/src/test/java/datawave/query/jexl/visitors/PushdownLowSelectivityNodesVisitorTest.java,9,1,0,6,8,0,0,7,0,2,0,1.0,1.0,1
NationalSecurityAgency/datawave,warehouse/ingest-json/src/main/java/datawave/ingest/json/config/helper/JsonIngestHelper.java,6,2,0,13,17,1,0,3,0,4,1,0.33333334,0.33333334,1
NationalSecurityAgency/datawave,warehouse/query-core/src/main/java/datawave/query/language/parser/lucene/EscapeQuerySyntaxImpl.java,67,1,0,8,23,34,0,9,7,6,6,0.0,0.0,1
NationalSecurityAgency/datawave,warehouse/query-core/src/test/java/datawave/query/tables/RemoteEventQueryLogicTest.java,13,1,0,15,26,24,0,11,0,3,0,0.33333334,0.33333334,2
NationalSecurityAgency/datawave,warehouse/ingest-core/src/main/java/datawave/ingest/mapreduce/job/metrics/Counts.java,10,1,0,5,17,0,0,6,0,7,1,0.8333333,1.0,2
NationalSecurityAgency/datawave,warehouse/query-core/src/main/java/datawave/query/attributes/SummaryOptions.java,32,1,0,4,21,0,0,12,3,10,7,0.45454547,0.6818182,1
NationalSecurityAgency/datawave,warehouse/query-core/src/main/java/datawave/query/jexl/visitors/RemoveExtraReferenceExpressionsVisitor.java,11,3,0,8,8,3,0,3,1,0,0,0.0,0.0,1
NationalSecurityAgency/datawave,warehouse/query-core/src/main/java/datawave/query/util/DateIndexHelperFactory.java,1,1,0,3,2,0,0,1,0,1,1,0.0,0.0,1
NationalSecurityAgency/datawave,warehouse/query-core/src/main/java/datawave/query/language/functions/jexl/MostRecentUniqueByTenthOfHour.java,2,3,0,3,0,1,0,2,0,0,0,0.0,0.0,1
NationalSecurityAgency/datawave,web-services/common/src/main/java/datawave/webservice/common/connection/config/ConnectionPoolsConfiguration.java,4,2,0,4,2,1,0,3,0,1,0,0.33333334,0.33333334,1
NationalSecurityAgency/datawave,microservices/services/query-metric/service/src/main/java/datawave/microservice/querymetric/QueryMetricUpdateHolder.java,19,2,0,5,10,9,0,10,0,3,0,0.4,0.62222224,1
NationalSecurityAgency/datawave,microservices/starters/query/src/main/java/datawave/microservice/query/edge/DefaultEdgeDictionaryProvider.java,2,1,0,10,19,0,0,2,0,3,0,1.0,1.0,1
NationalSecurityAgency/datawave,warehouse/query-core/src/test/java/datawave/query/tables/edge/EdgeQueryFunctionalTest.java,41,2,1,21,25,6,0,37,1,3,0,0.82575756,0.82575756,2
NationalSecurityAgency/datawave,warehouse/query-core/src/main/java/datawave/query/attributes/Cardinality.java,29,2,0,13,44,0,0,16,0,2,1,0.45833334,0.45833334,1
NationalSecurityAgency/datawave,warehouse/ingest-core/src/main/java/datawave/ingest/mapreduce/handler/tokenize/ExtendedContentDataTypeHelper.java,59,2,0,10,44,531,0,35,0,61,0,0.05042017,0.68403363,2
NationalSecurityAgency/datawave,warehouse/query-core/src/test/java/datawave/query/tables/RangeStreamScannerBuilderTest.java,23,1,0,20,53,149,0,22,1,9,7,0.13157895,0.14736842,1
NationalSecurityAgency/datawave,warehouse/index-stats/src/main/java/datawave/mapreduce/shardStats/StatsHyperLogReducer.java,9,2,0,13,21,0,0,3,0,14,7,1.0,1.0,1
NationalSecurityAgency/datawave,warehouse/query-core/src/main/java/datawave/mr/bulk/MetadataCacheLoader.java,18,2,0,14,38,4,0,4,2,2,1,0.16666667,0.16666667,1
NationalSecurityAgency/datawave,warehouse/query-core/src/main/java/datawave/query/language/builder/jexl/BooleanQueryNodeBuilder.java,9,1,0,11,6,1,0,2,0,0,0,0.0,0.0,1
NationalSecurityAgency/datawave,warehouse/ingest-core/src/main/java/datawave/ingest/table/bloomfilter/ShardKeyFunctor.java,18,1,0,8,14,10,0,5,3,2,2,0.0,0.0,1
NationalSecurityAgency/datawave,warehouse/ingest-core/src/main/java/datawave/ingest/metric/IngestOutput.java,0,1,0,0,0,0,0,0,0,0,0,0.0,0.0,1
NationalSecurityAgency/datawave,core/connection-pool/src/main/java/datawave/core/common/connection/AccumuloConnectionFactory.java,10,1,0,5,1,28,0,8,1,9,0,0.0,0.0,3
NationalSecurityAgency/datawave,web-services/client/src/main/java/datawave/webservice/query/exception/ExceptionMessages.java,150,2,0,15,66,675,0,84,21,15,8,0.17419355,0.22580644,5
NationalSecurityAgency/datawave,core/query/src/main/java/datawave/core/query/logic/ResponseEnricher.java,1,1,0,1,0,0,0,1,0,0,0,0.0,0.0,1
NationalSecurityAgency/datawave,microservices/services/query-metric/api/src/main/java/datawave/microservice/querymetric/QueryMetricFactory.java,2,1,0,1,0,1,0,2,0,0,0,0.0,0.0,1
NationalSecurityAgency/datawave,warehouse/query-core/src/main/java/datawave/query/jexl/visitors/EdgeTableRangeBuildingVisitor.java,93,3,0,23,59,70,0,17,0,12,3,0.18181819,0.18181819,1
NationalSecurityAgency/datawave,warehouse/query-core/src/test/java/datawave/query/language/parser/jexl/TestLuceneToJexlUUIDQueryParser.java,16,1,0,8,7,76,0,13,0,2,0,0.0,0.0,1
NationalSecurityAgency/datawave,web-services/client/src/main/java/datawave/webservice/query/result/event/DefaultField.java,52,2,0,16,24,36,0,29,0,8,2,0.45789474,0.80526316,2
NationalSecurityAgency/datawave,warehouse/query-core/src/main/java/datawave/query/iterator/builder/IndexIteratorBuilder.java,19,2,3,13,16,24,0,12,1,5,0,0.3181818,0.8333333,1
NationalSecurityAgency/datawave,core/common-util/src/main/java/datawave/core/cache/CVCacheFactory.java,4,1,0,4,0,6,0,4,4,0,0,0.0,0.0,1
NationalSecurityAgency/datawave,microservices/starters/query/src/main/java/datawave/microservice/query/messaging/hazelcast/HazelcastClaimCheck.java,13,1,0,11,17,0,0,7,0,6,0,0.6,0.6,2
NationalSecurityAgency/datawave,warehouse/query-core/src/test/java/datawave/test/iter/RuntimeExceptionIteratorTest.java,18,1,0,10,21,120,0,16,0,1,0,0.0,0.0,1
NationalSecurityAgency/datawave,warehouse/query-core/src/main/java/datawave/query/predicate/ParentRangeProvider.java,1,2,0,4,4,0,0,1,0,0,0,0.0,0.0,1
NationalSecurityAgency/datawave,microservices/services/accumulo/api/src/main/java/datawave/webservice/response/objects/KeyBase.java,8,1,1,4,0,28,0,8,0,1,0,0.0,0.0,1
NationalSecurityAgency/datawave,microservices/services/query-metric/api/src/main/java/datawave/microservice/querymetric/PageMetricModel.java,14,2,0,2,13,47,0,11,0,2,0,0.044444446,0.044444446,1
NationalSecurityAgency/datawave,microservices/services/query-metric/service/src/test/java/datawave/microservice/querymetric/config/AlternateContentQueryMetricsIngestHelper.java,5,4,0,3,3,1,0,3,0,0,0,0.0,0.0,2
NationalSecurityAgency/datawave,microservices/services/dictionary/service/src/test/java/datawave/microservice/metadata/DefaultMetadataFieldScannerTest.java,12,1,0,23,53,4,0,11,0,11,8,1.0,1.0,2
NationalSecurityAgency/datawave,warehouse/query-core/src/test/java/datawave/query/tld/TLDTest.java,21,1,0,7,26,0,0,18,0,11,0,0.72527474,0.72527474,1
NationalSecurityAgency/datawave,web-services/query-websocket/src/main/java/datawave/webservice/websocket/messages/CancelMessage.java,1,1,0,2,0,0,0,1,0,0,0,0.0,0.0,1
NationalSecurityAgency/datawave,microservices/starters/datawave/src/main/java/datawave/microservice/config/security/RemoteAuthServiceSecurityConfigurer.java,3,3,0,15,12,0,0,3,0,2,0,0.6666667,1.0,1
NationalSecurityAgency/datawave,warehouse/query-core/src/main/java/datawave/query/function/Aggregation.java,11,1,0,10,17,0,0,4,0,9,1,1.0,1.0,1
NationalSecurityAgency/datawave,microservices/services/accumulo/service/src/main/java/datawave/microservice/accumulo/stats/config/StatsConfiguration.java,2,1,0,5,0,0,0,2,0,1,0,1.0,1.0,2
NationalSecurityAgency/datawave,warehouse/query-core/src/test/java/datawave/query/iterator/QueryIteratorTest.java,11,1,0,12,18,53,0,11,3,3,3,0.018181818,0.018181818,1
NationalSecurityAgency/datawave,warehouse/ssdeep-common/src/test/java/datawave/util/ssdeep/SSDeepHashTest.java,17,1,0,5,13,0,0,4,0,9,9,0.5,0.5,1
NationalSecurityAgency/datawave,microservices/services/query-metric/api/src/main/java/datawave/microservice/querymetric/BaseQueryMetricListResponse.java,16,2,0,6,2,79,0,14,1,9,1,0.07692308,0.102564104,1
NationalSecurityAgency/datawave,warehouse/ingest-core/src/main/java/datawave/ingest/util/Identity.java,23,1,0,3,19,13,0,14,0,5,2,0.42857143,0.6043956,1
NationalSecurityAgency/datawave,warehouse/query-core/src/test/java/datawave/query/jexl/JexlPatternCacheTest.java,3,1,0,1,7,3,0,3,0,0,0,0.0,0.0,1
NationalSecurityAgency/datawave,warehouse/query-core/src/main/java/datawave/core/iterators/IvaratorRunnable.java,82,1,0,17,69,120,0,23,0,25,1,1.0,1.0,3
NationalSecurityAgency/datawave,web-services/query/src/main/java/datawave/webservice/query/limit/QueryLimitConfiguration.java,20,1,0,4,6,15,0,15,0,6,0,0.42857143,1.0,1
NationalSecurityAgency/datawave,warehouse/ingest-core/src/main/java/datawave/ingest/data/config/DataTypeOverrideHelper.java,31,2,0,8,31,22,0,9,3,7,0,0.19444445,0.41666666,2
NationalSecurityAgency/datawave,core/utils/type-utils/src/main/java/datawave/data/normalizer/regex/ZeroOrMoreNode.java,5,2,0,4,1,10,0,5,0,0,0,0.0,0.0,1
NationalSecurityAgency/datawave,warehouse/ingest-core/src/test/java/datawave/ingest/util/GenerateShardSplitsTest.java,2,1,0,3,6,0,0,1,0,0,0,0.0,0.0,1
NationalSecurityAgency/datawave,warehouse/query-core/src/main/java/datawave/query/common/grouping/FieldAggregator.java,54,1,0,5,39,11,0,31,0,7,0,0.6545454,1.0,2
NationalSecurityAgency/datawave,warehouse/query-core/src/main/java/datawave/query/rules/TimeFunctionRule.java,13,3,0,15,26,10,0,5,0,3,3,0.0,0.0,1
NationalSecurityAgency/datawave,warehouse/query-core/src/test/java/datawave/query/jexl/visitors/SetMembershipVisitorTest.java,31,1,0,8,25,399,0,31,1,6,4,0.010869565,0.010869565,1
NationalSecurityAgency/datawave,warehouse/query-core/src/test/java/datawave/query/data/parsers/TermFrequencyKeyTest.java,15,1,0,5,14,0,0,15,0,9,0,1.0,1.0,1
NationalSecurityAgency/datawave,warehouse/query-core/src/test/java/datawave/query/index/day/BitSetIndexEntryIteratorTest.java,18,1,0,15,38,13,0,11,1,6,3,0.47619048,0.47619048,1
NationalSecurityAgency/datawave,warehouse/query-core/src/main/java/datawave/query/index/day/DayRowIterator.java,7,1,0,1,9,2,0,4,0,3,0,0.6666667,1.0,1
NationalSecurityAgency/datawave,warehouse/ingest-csv/src/test/java/datawave/ingest/csv/config/helper/ExtendedCSVHelperTest.java,2,1,0,3,26,0,0,1,0,0,0,0.0,0.0,1
NationalSecurityAgency/datawave,warehouse/query-core/src/main/java/datawave/query/util/sortedmap/HdfsBackedSortedMap.java,54,3,0,18,50,15,0,30,2,12,2,0.7619048,1.0,4
NationalSecurityAgency/datawave,microservices/starters/datawave/src/test/java/datawave/microservice/authorization/federation/FederatedAuthorizationServiceRegistrarTest.java,1,1,0,6,2,0,0,1,0,1,0,0.0,0.0,2
NationalSecurityAgency/datawave,warehouse/query-core/src/main/java/datawave/query/predicate/SeekingFilter.java,2,1,0,2,0,1,0,2,0,0,0,0.0,0.0,1
NationalSecurityAgency/datawave,warehouse/query-core/src/main/java/datawave/query/util/GeoWaveUtils.java,98,1,0,10,71,780,0,41,40,3,0,0.0,0.0,2
NationalSecurityAgency/datawave,warehouse/query-core/src/test/java/datawave/query/tables/async/event/ReduceFieldsTest.java,6,1,0,3,10,15,0,6,0,0,0,0.0,0.0,1
NationalSecurityAgency/datawave,microservices/services/dictionary/api/src/main/java/datawave/webservice/dictionary/edge/DefaultMetadata.java,50,2,0,13,24,155,0,31,1,12,3,0.6666667,1.0,3
NationalSecurityAgency/datawave,microservices/services/authorization/api/src/main/java/datawave/security/authorization/DatawaveUser.java,25,1,2,8,20,64,0,17,0,15,2,0.2647059,0.88235295,2
NationalSecurityAgency/datawave,warehouse/query-core/src/test/java/datawave/query/util/GeoUtilsTest.java,27,1,0,9,35,105,0,18,0,4,0,1.0,1.0,3
NationalSecurityAgency/datawave,warehouse/query-core/src/test/java/datawave/query/util/VisibilityWiseGuysNoGroupingIngestWithModel.java,20,1,0,17,30,0,0,5,5,16,16,1.0,1.0,1
NationalSecurityAgency/datawave,core/utils/type-utils/src/main/java/datawave/data/normalizer/regex/IntegerNode.java,8,2,0,4,6,26,0,8,0,1,1,0.035714287,0.035714287,1
NationalSecurityAgency/datawave,warehouse/query-core/src/main/java/datawave/next/DocIdIterator.java,35,2,3,11,34,22,0,9,0,2,1,0.19444445,0.19444445,1
NationalSecurityAgency/datawave,warehouse/query-core/src/main/java/datawave/query/attributes/Attribute.java,78,1,0,20,56,539,0,39,2,9,4,0.12517782,0.17638691,1
NationalSecurityAgency/datawave,web-services/common/src/main/java/datawave/webservice/common/health/HealthInfoContributor.java,1,1,0,1,0,0,0,1,0,0,0,0.0,0.0,1
NationalSecurityAgency/datawave,warehouse/query-core/src/main/java/datawave/query/language/functions/jexl/MostRecentUnique.java,8,2,0,4,8,6,0,4,0,0,0,0.0,0.0,1
NationalSecurityAgency/datawave,warehouse/ingest-core/src/main/java/datawave/ingest/mapreduce/job/metrics/PassThroughMetricsStore.java,9,1,0,13,11,0,0,4,1,6,3,0.33333334,0.33333334,1
NationalSecurityAgency/datawave,core/cached-results/src/main/java/datawave/core/query/cachedresults/CachedResultsQueryParameters.java,38,1,0,2,13,139,0,22,2,19,10,0.1991342,0.82251084,1
NationalSecurityAgency/datawave,core/utils/type-utils/src/test/java/datawave/data/normalizer/regex/visitor/ZeroTrimmerTest.java,22,1,0,9,14,28,0,22,0,0,0,0.0,0.0,3
NationalSecurityAgency/datawave,core/utils/type-utils/src/main/java/datawave/data/normalizer/regex/visitor/ZeroValueNormalizer.java,23,3,0,9,22,36,0,9,1,0,0,0.0,0.0,1
NationalSecurityAgency/datawave,warehouse/metrics-core/src/main/java/datawave/metrics/iterators/MaxAttributeIterator.java,7,2,0,8,15,6,0,4,0,4,4,0.0,0.0,1
NationalSecurityAgency/datawave,warehouse/query-core/src/main/java/datawave/next/ScanResult.java,56,1,0,9,31,104,0,21,0,7,1,0.22875817,0.33333334,2
NationalSecurityAgency/datawave,warehouse/query-core/src/test/java/datawave/query/language/parser/jexl/TestLuceneToJexlControlledQueryParser.java,13,1,0,6,13,0,0,11,0,1,0,1.0,1.0,1
NationalSecurityAgency/datawave,warehouse/query-core/src/test/java/datawave/query/NormalFlattenQueryTest.java,23,3,0,14,23,1,0,17,1,13,12,0.52380955,0.52380955,3
NationalSecurityAgency/datawave,web-services/client/src/main/java/datawave/webservice/results/ingest/file/FileDetails.java,28,1,0,6,18,36,0,17,1,6,2,0.14285715,0.14285715,2
NationalSecurityAgency/datawave,warehouse/query-core/src/test/java/datawave/query/jexl/visitors/validate/ValidateBoundedRangeVisitorTest.java,7,1,0,4,7,15,0,6,0,0,0,0.0,0.0,1
NationalSecurityAgency/datawave,microservices/services/hazelcast/common/src/main/java/datawave/microservice/cached/LockableCacheInspector.java,8,1,0,1,0,28,0,8,0,0,0,0.0,0.0,1
NationalSecurityAgency/datawave,warehouse/common/src/test/java/datawave/common/util/MultiComparatorTest.java,7,1,0,5,5,0,0,7,0,3,1,1.0,1.0,4
NationalSecurityAgency/datawave,microservices/services/query-metric/api/src/main/java/datawave/microservice/querymetric/StringMapAdapter.java,6,2,0,3,5,1,0,4,0,3,0,0.0,0.0,3
NationalSecurityAgency/datawave,web-services/query/src/test/java/datawave/webservice/query/configuration/TestLookupUUIDConfiguration.java,1,1,0,3,12,0,0,1,0,0,0,0.0,0.0,1
NationalSecurityAgency/datawave,core/annotation/src/main/java/datawave/annotation/protobuf/v1/SegmentListOrBuilder.java,7,1,0,4,0,21,0,7,0,0,0,0.0,0.0,1
NationalSecurityAgency/datawave,warehouse/query-core/src/main/java/datawave/query/config/ShardIndexQueryConfiguration.java,25,3,1,8,21,158,0,21,4,6,1,0.123809524,0.31428573,1
NationalSecurityAgency/datawave,microservices/services/audit/service/src/test/java/datawave/microservice/audit/auditors/accumulo/AccumuloAuditorTest.java,8,1,0,17,34,0,0,7,0,4,0,0.53333336,0.6666667,2
NationalSecurityAgency/datawave,core/utils/type-utils/src/main/java/datawave/data/type/LcNoDiacriticsType.java,3,2,0,1,1,3,0,3,0,2,2,0.0,0.0,1
NationalSecurityAgency/datawave,warehouse/ingest-core/src/main/java/datawave/ingest/input/reader/ValueReader.java,1,1,0,1,0,0,0,1,0,0,0,0.0,0.0,1
NationalSecurityAgency/datawave,web-services/client/src/main/java/datawave/webservice/modification/DefaultModificationRequest.java,33,2,0,12,10,71,0,18,0,9,1,0.26797387,1.0,1
NationalSecurityAgency/datawave,warehouse/query-core/src/test/java/datawave/query/iterator/DocumentDataIteratorTest.java,11,2,0,9,12,1,0,5,1,5,5,1.0,1.0,2
NationalSecurityAgency/datawave,microservices/services/authorization/api/src/main/java/datawave/security/authorization/DatawaveUserInfo.java,16,1,0,6,8,0,0,9,0,5,1,0.8333333,1.0,1
NationalSecurityAgency/datawave,warehouse/query-core/src/main/java/datawave/query/iterator/logic/RangeFilterIterator.java,49,1,0,15,38,425,0,31,0,19,1,0.025974026,0.09090909,1
NationalSecurityAgency/datawave,warehouse/query-core/src/main/java/datawave/query/jexl/lookups/ScanMonitor.java,25,1,0,5,32,5,0,11,2,12,2,1.0,1.0,3
NationalSecurityAgency/datawave,warehouse/keyword-common/src/main/java/datawave/util/keyword/TagCloud.java,26,1,0,9,50,16,0,14,1,11,2,0.5,1.0,2
NationalSecurityAgency/datawave,warehouse/ingest-core/src/main/java/datawave/ingest/mapreduce/handler/edge/define/VertexValue.java,33,1,0,3,10,212,0,25,0,14,0,0.1521739,0.9166667,2
NationalSecurityAgency/datawave,warehouse/query-core/src/main/java/datawave/query/config/TermFrequencyQueryConfiguration.java,14,2,0,5,12,0,0,7,0,2,1,0.6,0.6,1
NationalSecurityAgency/datawave,microservices/configcheck/src/main/java/datawave/microservice/configcheck/util/XmlRenderUtils.java,14,1,0,6,20,8,0,5,5,3,3,0.1,0.1,1
NationalSecurityAgency/datawave,core/annotation/src/main/java/datawave/annotation/protobuf/v1/AnnotationOrBuilder.java,28,1,0,6,0,378,0,28,0,0,0,0.0,0.0,1
NationalSecurityAgency/datawave,warehouse/query-core/src/main/java/datawave/query/jexl/NodeTypeCount.java,38,1,0,4,47,174,0,28,0,2,0,0.2905983,0.54131055,1
NationalSecurityAgency/datawave,warehouse/query-core/src/main/java/datawave/query/util/sortedmap/rfile/RFileKeyValueOutputStreamBase.java,8,1,3,5,13,1,0,7,3,5,3,1.0,1.0,2
NationalSecurityAgency/datawave,warehouse/query-core/src/test/java/datawave/query/QueryFunctionQueryTest.java,26,3,4,27,76,20,0,18,5,9,4,0.3,0.3,3
NationalSecurityAgency/datawave,web-services/common-util/src/main/java/datawave/resteasy/interceptor/LoggingInterceptor.java,15,2,0,10,29,0,0,2,0,1,0,1.0,1.0,1
NationalSecurityAgency/datawave,warehouse/query-core/src/main/java/datawave/query/language/functions/jexl/Options.java,7,2,0,4,7,6,0,4,0,0,0,0.0,0.0,1
NationalSecurityAgency/datawave,core/utils/accumulo-utils/src/main/java/datawave/scan/ScanManager.java,7,1,2,3,10,0,0,4,0,2,1,0.5,0.5,1
NationalSecurityAgency/datawave,warehouse/query-core/src/main/java/datawave/query/jexl/lookups/BoundedRangeIndexLookup.java,32,3,0,22,74,10,0,9,0,9,1,0.3611111,0.44444445,1
NationalSecurityAgency/datawave,warehouse/query-core/src/test/java/datawave/query/language/parser/jexl/JexlNodeSetTest.java,18,1,0,3,29,153,0,18,0,0,0,0.0,0.0,1
NationalSecurityAgency/datawave,warehouse/ingest-core/src/main/java/datawave/ingest/mapreduce/handler/edge/evaluation/EdgePreconditionJexlContext.java,22,2,0,12,31,31,0,10,0,2,1,0.4,0.4,1
NationalSecurityAgency/datawave,warehouse/query-core/src/main/java/datawave/query/iterator/filter/EntryKeyIdentity.java,0,1,0,2,1,0,0,0,0,1,1,0.0,0.0,1
NationalSecurityAgency/datawave,microservices/services/mapreduce-query/service/src/main/java/datawave/microservice/query/mapreduce/MapReduceQueryService.java,1,1,0,4,1,0,0,1,1,0,0,0.0,0.0,1
NationalSecurityAgency/datawave,web-services/common/src/main/java/datawave/webservice/common/health/DefaultHealthInfoContributor.java,2,1,0,6,5,0,0,1,0,0,0,0.0,0.0,1
NationalSecurityAgency/datawave,web-services/query/src/main/java/datawave/webservice/query/dashboard/DashboardBean.java,13,1,0,27,34,5,0,6,0,6,3,1.0,1.0,1
NationalSecurityAgency/datawave,warehouse/ingest-core/src/main/java/datawave/ingest/data/tokenize/AccentFilter.java,1311,2,0,5,7,4,0,4,2,1,0,0.16666667,0.16666667,1
NationalSecurityAgency/datawave,warehouse/query-core/src/main/java/datawave/query/language/functions/lucene/Exclude.java,2,3,0,3,0,1,0,2,0,0,0,0.0,0.0,1
NationalSecurityAgency/datawave,web-services/security/src/test/java/datawave/security/authorization/test/TestDatawaveUserServiceTest.java,33,10,0,16,49,30,0,32,3,4,0,0.33333334,0.33333334,13
NationalSecurityAgency/datawave,core/utils/type-utils/src/main/java/datawave/data/type/util/Point.java,4,2,0,3,2,3,0,3,0,0,0,0.0,0.0,1
NationalSecurityAgency/datawave,web-services/cached-results/src/main/java/datawave/webservice/results/cached/CachedResultsBean.java,307,1,0,101,284,0,0,32,0,30,8,0.5899471,0.73015875,1
NationalSecurityAgency/datawave,web-services/query/src/main/java/datawave/webservice/query/metric/QueryMetricsWriter.java,99,1,0,23,128,23,0,24,0,18,0,1.0,1.0,3
NationalSecurityAgency/datawave,warehouse/ingest-core/src/main/java/datawave/ingest/data/config/ingest/CompositeIngest.java,113,1,0,13,113,154,0,30,4,21,9,0.14102565,0.26923078,3
NationalSecurityAgency/datawave,warehouse/query-core/src/test/java/datawave/query/jexl/visitors/RewriteNullFunctionsVisitorTest.java,18,1,0,4,11,136,0,17,0,1,0,0.0,0.0,1
NationalSecurityAgency/datawave,warehouse/ops-tools/config-compare/src/main/java/datawave/configuration/CompareResult.java,5,1,0,0,1,2,0,5,0,4,0,0.4,1.0,1
NationalSecurityAgency/datawave,warehouse/query-core/src/main/java/datawave/query/jexl/visitors/FieldMissingFromDateRangeVisitor.java,36,4,0,19,27,114,0,16,1,2,0,0.012820513,0.012820513,1
NationalSecurityAgency/datawave,warehouse/query-core/src/test/java/datawave/query/tables/keyword/KeywordQueryUtilTest.java,7,1,0,9,15,9,0,6,2,8,0,0.2,0.4,1
NationalSecurityAgency/datawave,warehouse/query-core/src/test/java/datawave/query/planner/pushdown/CostTest.java,20,1,0,2,25,171,0,19,0,0,0,0.0,0.0,1
NationalSecurityAgency/datawave,microservices/services/query-metric/service/src/test/java/datawave/microservice/querymetric/QueryMetricOperationsTest.java,9,2,2,8,25,10,0,5,0,0,0,0.0,0.0,1
NationalSecurityAgency/datawave,microservices/starters/datawave/src/main/java/datawave/microservice/config/marking/MarkingConfig.java,4,1,0,11,2,6,0,4,0,0,0,0.0,0.0,1
NationalSecurityAgency/datawave,microservices/starters/metadata/src/main/java/datawave/microservice/metadata/tablecache/task/TableCacheReloadMonitor.java,12,1,0,7,13,0,0,4,0,6,0,0.0,0.0,2
NationalSecurityAgency/datawave,warehouse/query-core/src/test/java/datawave/query/planner/DefaultQueryPlannerTest.java,12,1,0,15,26,0,0,12,0,6,0,0.56363636,1.0,2
NationalSecurityAgency/datawave,warehouse/ingest-core/src/main/java/datawave/util/flag/processor/AbstractSliceDistributor.java,19,1,0,6,28,0,0,4,0,2,0,0.5,0.5,1
NationalSecurityAgency/datawave,warehouse/query-core/src/test/java/datawave/query/testframework/ExtendedTestCSVIngestHelper.java,4,2,0,4,5,0,0,1,0,0,0,0.0,0.0,1
NationalSecurityAgency/datawave,core/utils/type-utils/src/main/java/datawave/data/type/util/NumericalEncoder.java,26,1,0,2,45,25,0,12,10,14,13,1.0,1.0,2
NationalSecurityAgency/datawave,warehouse/query-core/src/main/java/datawave/query/iterator/errors/ErrorKey.java,10,2,0,4,12,1,0,7,1,3,1,0.33333334,0.46666667,1
NationalSecurityAgency/datawave,warehouse/common/src/main/java/datawave/common/util/MultiComparator.java,7,1,0,1,2,0,0,3,0,2,1,1.0,1.0,1
NationalSecurityAgency/datawave,warehouse/core/src/main/java/datawave/ingest/data/config/ingest/AccumuloHelper.java,19,1,0,5,13,48,0,17,10,10,5,0.32352942,1.0,1
NationalSecurityAgency/datawave,microservices/services/query-metric/api/src/main/java/datawave/microservice/querymetric/LongMapAdapter.java,6,2,0,3,5,1,0,4,0,3,0,0.0,0.0,3
NationalSecurityAgency/datawave,warehouse/query-core/src/main/java/datawave/query/iterator/QueryOptions.java,425,1,3,58,217,18907,0,199,11,234,117,0.01986183,0.73073184,1
NationalSecurityAgency/datawave,warehouse/ingest-core/src/main/java/datawave/ingest/mapreduce/partition/BalancedShardPartitioner.java,40,2,0,12,45,111,0,18,2,9,4,0.071428575,0.10714286,1
NationalSecurityAgency/datawave,warehouse/ingest-core/src/main/java/datawave/ingest/mapreduce/partition/RowHashingPartitioner.java,13,2,0,11,15,26,0,9,0,4,2,0.071428575,0.10714286,1
NationalSecurityAgency/datawave,core/base-rest-responses/src/main/java/datawave/webservice/query/result/event/MapEntrySchema.java,23,2,0,5,12,36,0,16,0,4,1,1.0,1.0,3
NationalSecurityAgency/datawave,microservices/services/authorization/service/src/main/java/datawave/microservice/authorization/AuthorizationService.java,1,1,0,4,1,0,0,1,1,0,0,0.0,0.0,1
NationalSecurityAgency/datawave,warehouse/query-core/src/main/java/datawave/query/iterator/pipeline/PipelineIterator.java,93,1,1,20,73,0,0,20,0,19,0,0.39285713,0.75,1
NationalSecurityAgency/datawave,warehouse/query-core/src/main/java/datawave/query/jexl/visitors/QueryPropertyMarkerSourceConsolidator.java,5,4,0,10,14,1,0,2,1,0,0,0.0,0.0,1
NationalSecurityAgency/datawave,core/utils/metadata-utils/src/main/java/datawave/query/util/MetadataEntryToDatatype.java,1,1,0,2,1,0,0,1,0,0,0,0.0,0.0,1
NationalSecurityAgency/datawave,warehouse/ingest-core/src/test/java/datawave/ingest/table/aggregator/GlobalIndexUidAggregatorExpandedTest.java,61,1,0,9,30,1084,0,53,0,5,1,0.08928572,0.17857143,1
NationalSecurityAgency/datawave,warehouse/query-core/src/test/java/datawave/query/tables/async/RangeDefinitionTest.java,6,1,0,3,5,15,0,6,0,0,0,0.0,0.0,1
NationalSecurityAgency/datawave,warehouse/query-core/src/main/java/datawave/query/tables/chained/strategy/FullChainStrategy.java,6,1,0,11,7,3,0,5,0,1,0,0.0,0.0,2
NationalSecurityAgency/datawave,core/utils/metadata-utils/src/test/java/datawave/util/StringMultimapSchemaTest.java,4,1,0,4,19,0,0,3,0,1,0,1.0,1.0,1
NationalSecurityAgency/datawave,core/query/src/main/java/datawave/core/query/logic/composite/CompositeQueryLogic.java,155,3,2,32,173,1139,0,64,0,17,1,0.16666667,0.25641027,2
NationalSecurityAgency/datawave,warehouse/query-core/src/main/java/datawave/query/function/LogTiming.java,10,1,0,9,27,1,0,3,1,5,4,0.16666667,0.16666667,1
NationalSecurityAgency/datawave,microservices/starters/datawave/src/main/java/datawave/microservice/authorization/federation/DynamicFederatedAuthorizationServiceBeanDefinitionRegistrar.java,5,1,0,10,11,8,0,5,1,2,1,0.1,0.1,1
NationalSecurityAgency/datawave,warehouse/ingest-json/src/test/java/datawave/ingest/json/util/JsonObjectFlattenerImplTest.java,24,1,0,11,33,1,0,18,1,5,2,1.0,1.0,3
NationalSecurityAgency/datawave,warehouse/query-core/src/main/java/datawave/core/iterators/UnfieldedRegexExpansionIterator.java,27,2,0,15,40,3,0,6,0,18,6,0.4,0.6666667,2
NationalSecurityAgency/datawave,warehouse/query-core/src/test/java/datawave/query/GroupedNormalFlattenQueryTest.java,26,3,0,14,23,1,0,20,1,13,12,0.6862745,0.6862745,3
NationalSecurityAgency/datawave,warehouse/query-core/src/main/java/datawave/query/language/parser/jexl/JexlNodeSet.java,55,1,0,6,33,39,0,23,0,2,0,0.3809524,0.43333334,1
NationalSecurityAgency/datawave,warehouse/query-core/src/main/java/datawave/query/language/tree/OrNode.java,7,2,0,3,7,6,0,4,0,1,1,0.0,0.0,1
NationalSecurityAgency/datawave,core/utils/accumulo-utils/src/main/java/datawave/webservice/common/connection/AccumuloClientConfiguration.java,21,1,0,4,20,20,0,9,0,3,0,0.11111111,0.16666667,1
NationalSecurityAgency/datawave,warehouse/ingest-core/src/main/java/datawave/ingest/data/RawRecordContainer.java,50,1,0,6,5,1176,0,49,0,0,0,0.0,0.0,1
NationalSecurityAgency/datawave,microservices/services/audit/service/src/main/java/datawave/microservice/audit/health/rabbit/config/RabbitHealthConfig.java,7,1,0,18,16,10,0,5,0,2,0,0.0,0.0,1
NationalSecurityAgency/datawave,warehouse/ingest-core/src/test/java/datawave/TestAbstractContentIngestHelper.java,13,2,2,4,0,76,0,13,0,1,0,0.012820513,0.012820513,1
NationalSecurityAgency/datawave,core/base-rest-responses/src/test/java/datawave/user/UserAuthorizationsTest.java,3,2,0,4,4,3,0,3,0,0,0,0.0,0.0,1
NationalSecurityAgency/datawave,warehouse/query-core/src/main/java/datawave/core/iterators/DatawaveFieldIndexFilterIteratorJexl.java,14,6,0,13,20,16,0,10,1,2,0,0.21428572,0.21428572,2
NationalSecurityAgency/datawave,warehouse/query-core/src/main/java/datawave/query/tables/async/ShutdownEvent.java,0,1,0,0,0,0,0,0,0,0,0,0.0,0.0,1
NationalSecurityAgency/datawave,warehouse/query-core/src/main/java/datawave/query/tables/edge/contexts/IdentityContext.java,22,1,0,4,6,0,0,8,0,4,0,0.6785714,1.0,1
NationalSecurityAgency/datawave,core/utils/type-utils/src/main/java/datawave/data/type/GeoLatType.java,4,2,0,4,5,6,0,4,0,2,2,0.0,0.0,1
NationalSecurityAgency/datawave,microservices/services/query/service/src/main/java/datawave/microservice/query/web/annotation/EnrichQueryMetrics.java,0,1,0,0,0,0,0,0,0,0,0,0.0,0.0,1
NationalSecurityAgency/datawave,warehouse/query-core/src/test/java/datawave/test/JexlNodeAssertions.java,4,1,0,4,1,6,0,4,3,0,0,0.0,0.0,1
NationalSecurityAgency/datawave,warehouse/ingest-core/src/test/java/datawave/ingest/mapreduce/handler/edge/ProtobufEdgeDirectionTest.java,8,1,0,22,44,0,0,6,0,8,6,1.0,1.0,1
NationalSecurityAgency/datawave,core/base-rest-responses/src/main/java/datawave/webservice/query/exception/PreConditionFailedQueryException.java,12,4,0,2,0,66,0,12,0,1,1,0.0,0.0,1
NationalSecurityAgency/datawave,warehouse/query-core/src/main/java/datawave/query/language/functions/jexl/DateFunction.java,18,2,0,4,19,4,0,4,0,1,1,0.16666667,0.16666667,1
NationalSecurityAgency/datawave,warehouse/query-core/src/test/java/datawave/query/TextFunctionQueryTest.java,8,2,0,17,17,8,0,8,1,2,2,0.35714287,0.35714287,1
NationalSecurityAgency/datawave,microservices/starters/datawave/src/test/java/datawave/microservice/rest/exception/RestExceptionHandlerTest.java,7,1,0,12,26,0,0,7,0,4,0,1.0,1.0,3
NationalSecurityAgency/datawave,core/utils/accumulo-utils/src/test/java/datawave/security/util/ScannerHelperTest.java,12,1,0,18,27,0,0,8,0,2,1,1.0,1.0,1
NationalSecurityAgency/datawave,warehouse/metrics-core/src/main/java/datawave/metrics/iterators/RowIterator.java,25,2,3,11,22,0,0,8,0,5,1,0.71428573,0.71428573,1
NationalSecurityAgency/datawave,warehouse/query-core/src/main/java/datawave/query/attributes/IpAddress.java,25,2,0,11,27,10,0,16,0,3,1,0.3956044,0.3956044,1
NationalSecurityAgency/datawave,warehouse/query-core/src/test/java/datawave/query/jexl/functions/GroupingFiltersIngest.java,35,1,0,16,27,6,0,4,4,14,14,0.0,0.0,2
NationalSecurityAgency/datawave,warehouse/query-core/src/test/java/datawave/query/jexl/visitors/FieldsWithNumericValuesVisitorTest.java,9,1,0,6,9,26,0,9,0,2,0,0.0,0.0,1
NationalSecurityAgency/datawave,microservices/configcheck/src/main/java/datawave/microservice/configcheck/XmlPropertyAnalyzer.java,73,1,0,9,78,136,0,20,0,37,32,0.1904762,0.33333334,1
NationalSecurityAgency/datawave,microservices/starters/query/src/main/java/datawave/microservice/query/util/GeometryDeserializer.java,2,2,0,5,2,0,0,1,0,1,0,0.0,0.0,1
NationalSecurityAgency/datawave,warehouse/query-core/src/main/java/datawave/query/util/DateIndexHelper.java,92,1,1,21,94,89,0,33,2,14,3,0.5555556,0.8142857,2
NationalSecurityAgency/datawave,microservices/services/modification/service/src/main/java/datawave/microservice/modification/ModificationController.java,3,1,0,18,2,0,0,3,0,1,0,1.0,1.0,1
NationalSecurityAgency/datawave,warehouse/ingest-core/src/test/java/datawave/ingest/util/NGramTokenizationStrategyTest.java,59,2,0,21,44,0,0,15,0,4,0,1.0,1.0,2
NationalSecurityAgency/datawave,web-services/common/src/test/java/datawave/webservice/common/remote/RemoteServiceUtil.java,20,1,1,3,12,0,0,11,0,6,2,0.6666667,1.0,2
NationalSecurityAgency/datawave,warehouse/ingest-annotation/src/main/java/datawave/ingest/annotation/mapreduce/input/SimpleAnnotationInputFormat.java,8,2,0,9,6,1,0,8,0,1,0,1.0,1.0,2
NationalSecurityAgency/datawave,warehouse/query-core/src/main/java/datawave/query/transformer/DocumentTransform.java,7,1,0,6,1,4,0,7,0,3,0,0.16666667,0.16666667,2
NationalSecurityAgency/datawave,core/base-rest-responses/src/main/java/datawave/webservice/query/exception/NoResultsQueryException.java,12,4,0,2,0,66,0,12,0,1,1,0.0,0.0,1
NationalSecurityAgency/datawave,warehouse/query-core/src/test/java/datawave/query/GroupedFlattenQueryTest.java,20,3,0,13,22,1,0,14,1,13,12,0.54545456,0.54545456,3
NationalSecurityAgency/datawave,warehouse/query-core/src/main/java/datawave/query/ancestor/AncestorQueryIterator.java,56,2,2,28,65,118,0,22,0,3,1,1.0,1.0,3
NationalSecurityAgency/datawave,warehouse/ingest-core/src/main/java/datawave/ingest/mapreduce/job/BulkIngestCounters.java,28,3,0,7,18,6,0,18,0,9,1,0.7,1.0,4
NationalSecurityAgency/datawave,core/query/src/main/java/datawave/core/query/logic/ResponseEnricherBuilder.java,6,1,0,6,0,15,0,6,0,0,0,0.0,0.0,1
NationalSecurityAgency/datawave,warehouse/query-core/src/test/java/datawave/query/index/lookup/TupleToRangeTest.java,13,1,0,10,24,0,0,12,0,2,0,0.6545454,0.6545454,1
NationalSecurityAgency/datawave,web-services/client/src/main/java/datawave/webservice/result/keyword/DefaultTagCloudEntry.java,37,2,0,9,18,36,0,20,0,7,2,0.38181818,0.8181818,2
NationalSecurityAgency/datawave,microservices/starters/query/src/main/java/datawave/microservice/query/util/QueryStatusUpdateUtil.java,10,1,0,8,21,0,0,4,0,2,0,0.5,0.5,1
NationalSecurityAgency/datawave,warehouse/ingest-core/src/main/java/datawave/ingest/table/aggregator/TextIndexAggregator.java,12,3,0,7,20,0,0,4,0,3,1,0.5,0.5,1
NationalSecurityAgency/datawave,warehouse/ingest-core/src/main/java/datawave/ingest/mapreduce/job/PartitionerCache.java,45,1,0,12,38,93,0,22,2,8,5,0.2,0.4,1
NationalSecurityAgency/datawave,warehouse/query-core/src/main/java/datawave/query/iterator/filter/FieldIndexEntryKeyDataTypeFilter.java,2,1,0,3,2,0,0,2,0,1,0,1.0,1.0,1
NationalSecurityAgency/datawave,web-services/common-util/src/test/java/datawave/interceptor/RequiredInterceptorTest.java,9,2,0,9,9,1,0,9,0,3,0,1.0,1.0,2
NationalSecurityAgency/datawave,microservices/services/dictionary/api/src/main/java/datawave/webservice/model/Mapping.java,3,1,0,7,2,0,0,1,0,6,1,0.0,0.0,1
NationalSecurityAgency/datawave,web-services/security/src/main/java/datawave/security/user/TextMessageBodyWriter.java,3,1,0,8,6,3,0,3,0,0,0,0.0,0.0,1
NationalSecurityAgency/datawave,core/base-rest-responses/src/test/java/datawave/webservice/query/exception/NotFoundQueryExceptionTest.java,12,1,0,4,7,0,0,12,0,7,0,1.0,1.0,1
NationalSecurityAgency/datawave,warehouse/ingest-annotation/src/main/java/datawave/ingest/annotation/mapreduce/handler/ShardedAnnotationDataTypeHandler.java,8,4,0,22,16,0,0,5,0,3,1,0.6,0.6,1
NationalSecurityAgency/datawave,microservices/services/dictionary/service/src/test/java/datawave/microservice/dictionary/data/DataDictionaryImplTest.java,14,1,0,25,47,0,0,14,0,14,6,1.0,1.0,1
NationalSecurityAgency/datawave,warehouse/query-core/src/test/java/datawave/query/jexl/visitors/ExecutableDeterminationVisitorTest.java,19,2,0,11,34,0,0,19,0,2,0,0.8888889,0.8888889,1
NationalSecurityAgency/datawave,warehouse/query-core/src/main/java/datawave/query/common/grouping/GroupingUtils.java,25,1,0,20,47,45,0,10,9,1,1,0.0,0.0,2
NationalSecurityAgency/datawave,core/annotation/src/main/java/datawave/annotation/protobuf/v1/SegmentBoundary.java,190,2,0,18,107,1035,0,98,18,19,7,0.19020408,0.37959182,3
NationalSecurityAgency/datawave,warehouse/accumulo-extensions/src/test/java/datawave/ingest/table/balancer/ShardRendezvousHostBalancerTest.java,72,1,0,22,127,9,0,57,8,24,0,1.0,1.0,7
NationalSecurityAgency/datawave,warehouse/ingest-core/src/main/java/datawave/ingest/table/aggregator/CombinerConfiguration.java,4,1,0,2,1,0,0,4,0,2,0,0.6666667,1.0,1
NationalSecurityAgency/datawave,core/utils/type-utils/src/test/java/datawave/data/normalizer/regex/NodeAssert.java,67,14,0,35,39,528,0,50,1,0,0,0.0,0.0,7
NationalSecurityAgency/datawave,warehouse/ingest-core/src/main/java/datawave/util/flag/processor/DateFlagDistributor.java,7,2,0,4,12,0,0,2,0,2,0,1.0,1.0,1
NationalSecurityAgency/datawave,warehouse/query-core/src/main/java/datawave/query/function/Permutation.java,0,1,0,1,0,0,0,0,0,0,0,0.0,0.0,1
NationalSecurityAgency/datawave,warehouse/query-core/src/main/java/datawave/query/iterator/EventDataScanNestedIterator.java,49,1,0,12,30,96,0,16,0,7,1,0.1,0.125,1
NationalSecurityAgency/datawave,warehouse/query-core/src/main/java/datawave/query/tables/RunningResource.java,28,3,1,17,34,5,0,12,0,9,1,0.44444445,0.8,2
NationalSecurityAgency/datawave,warehouse/age-off/src/test/java/datawave/ingest/util/cache/watch/TestTrieFilter.java,5,3,0,6,5,4,0,5,1,2,1,0.3,0.3,1
NationalSecurityAgency/datawave,warehouse/query-core/src/main/java/datawave/query/iterator/QueryIterator.java,267,2,3,101,326,1470,0,70,3,33,1,1.0,1.0,6
NationalSecurityAgency/datawave,warehouse/core/src/main/java/datawave/data/hash/SnowflakeUIDBuilder.java,69,2,0,8,27,197,0,26,5,8,3,0.13071896,0.13725491,1
NationalSecurityAgency/datawave,warehouse/query-core/src/test/java/datawave/query/jexl/visitors/PatternNodeVisitorTest.java,5,1,0,3,6,10,0,5,0,0,0,0.0,0.0,1
NationalSecurityAgency/datawave,warehouse/query-core/src/main/java/datawave/next/scanner/DocumentScanner.java,21,1,1,10,44,0,0,8,0,9,1,0.64285713,0.75,1
NationalSecurityAgency/datawave,microservices/services/query/service/src/main/java/datawave/microservice/query/stream/listener/CountingResponseBodyEmitterListener.java,8,1,0,4,4,0,0,7,0,2,0,0.8095238,1.0,1
NationalSecurityAgency/datawave,warehouse/query-core/src/main/java/datawave/query/tables/ssdeep/SSDeepScoringFunction.java,11,1,0,12,17,1,0,3,0,7,2,1.0,1.0,1
NationalSecurityAgency/datawave,core/utils/type-utils/src/test/java/datawave/data/type/ListTypeTest.java,4,1,0,4,6,6,0,4,0,0,0,0.0,0.0,1
NationalSecurityAgency/datawave,microservices/starters/query/src/main/java/datawave/microservice/query/translateid/TranslateIdProperties.java,23,1,0,5,9,71,0,14,0,7,0,0.10989011,0.12087912,1
NationalSecurityAgency/datawave,warehouse/query-core/src/main/java/datawave/core/iterators/DatawaveFieldIndexCachingIteratorJexl.java,297,2,3,41,197,1243,0,101,1,95,13,0.12531328,0.6773183,3
NationalSecurityAgency/datawave,warehouse/query-core/src/test/java/datawave/query/jexl/visitors/GeoWavePruningVisitorTest.java,14,2,0,13,21,4,0,11,1,3,1,1.0,1.0,2
NationalSecurityAgency/datawave,core/base-rest-responses/src/test/java/datawave/webservice/query/exception/NoResultsQueryExceptionTest.java,12,1,0,4,7,0,0,12,0,7,0,1.0,1.0,1
NationalSecurityAgency/datawave,microservices/starters/query/src/main/java/datawave/microservice/query/federation/FederatedQueryService.java,38,1,0,15,51,3,0,10,0,3,1,0.75,0.75,1
NationalSecurityAgency/datawave,microservices/starters/audit/src/main/java/datawave/microservice/audit/replay/ReplayClient.java,35,1,0,14,29,134,0,29,0,15,1,0.5,1.0,4
NationalSecurityAgency/datawave,warehouse/query-core/src/test/java/datawave/query/testframework/QueryLogicTestHarness.java,33,1,0,21,54,2,0,6,0,3,1,0.0,0.0,3
NationalSecurityAgency/datawave,warehouse/query-core/src/main/java/datawave/query/iterator/pipeline/PipelineFactory.java,3,1,0,12,0,0,0,1,1,0,0,0.0,0.0,1
NationalSecurityAgency/datawave,microservices/services/audit/service/src/main/java/datawave/microservice/audit/common/AuditMessage.java,5,1,0,2,1,0,0,5,1,1,0,0.6,0.6,1
NationalSecurityAgency/datawave,warehouse/query-core/src/test/java/datawave/query/planner/ThreadedRangeBundlerTest.java,5,1,0,11,29,10,0,5,0,1,0,0.0,0.0,1
NationalSecurityAgency/datawave,core/modification/src/main/java/datawave/modification/MutableMetadataHandler.java,137,2,1,40,172,600,0,48,1,21,7,1.0,1.0,6
NationalSecurityAgency/datawave,core/query/src/main/java/datawave/core/query/remote/RemoteTimeoutQueryRuntimeException.java,4,4,0,0,0,6,0,4,0,0,0,0.0,0.0,1
NationalSecurityAgency/datawave,warehouse/query-core/src/main/java/datawave/query/language/parser/lucene/LuceneQueryParser.java,35,1,1,22,36,18,0,9,0,3,1,0.26666668,0.26666668,1
NationalSecurityAgency/datawave,microservices/services/file-provider/service/src/main/java/datawave/microservice/fileProvider/config/FileConfigProperties.java,14,1,0,5,0,9,0,14,0,7,0,1.0,1.0,3
NationalSecurityAgency/datawave,warehouse/query-core/src/test/java/datawave/query/testframework/QueryJexl.java,64,5,0,24,67,4,0,25,1,13,6,1.0,1.0,6
NationalSecurityAgency/datawave,warehouse/query-core/src/main/java/datawave/query/language/builder/lucene/GroupQueryNodeBuilder.java,1,1,0,4,2,0,0,1,0,0,0,0.0,0.0,1
NationalSecurityAgency/datawave,warehouse/query-core/src/test/java/datawave/next/stats/DocIterStatsSerializerTest.java,3,1,0,5,10,1,0,2,0,1,0,0.0,0.0,1
NationalSecurityAgency/datawave,warehouse/query-core/src/test/java/datawave/query/tables/content/ContentQueryLogicFunctionalTest.java,12,1,0,33,44,13,0,7,3,7,2,0.1904762,0.2857143,1
NationalSecurityAgency/datawave,web-services/query/src/main/java/datawave/webservice/query/cache/CreatedQueryLogicCacheBean.java,32,1,0,17,36,19,0,13,0,9,3,1.0,1.0,2
NationalSecurityAgency/datawave,warehouse/query-core/src/main/java/datawave/next/LongRange.java,5,1,0,1,0,0,0,3,1,2,0,1.0,1.0,1
NationalSecurityAgency/datawave,warehouse/core/src/main/java/datawave/mr/bulk/split/LocationStrategy.java,4,1,1,5,6,1,0,2,0,2,2,0.0,0.0,1
NationalSecurityAgency/datawave,warehouse/ingest-json/src/test/java/datawave/ingest/json/config/helper/JsonIngestFlattenerTest.java,10,1,0,10,25,14,0,8,1,2,2,0.2,0.2,1
NationalSecurityAgency/datawave,warehouse/query-core/src/test/java/datawave/query/function/TLDRangeProviderTest.java,3,1,0,5,4,0,0,3,0,10,0,1.0,1.0,1
NationalSecurityAgency/datawave,warehouse/query-core/src/main/java/datawave/query/language/functions/jexl/GeoFunction.java,14,2,0,4,13,4,0,4,0,2,1,0.16666667,0.16666667,1
NationalSecurityAgency/datawave,warehouse/query-core/src/main/java/datawave/query/jexl/visitors/validate/MinimalReferenceExpressionsVisitor.java,65,3,0,54,17,1233,0,51,1,2,1,0.0138760405,0.0138760405,2
NationalSecurityAgency/datawave,warehouse/query-core/src/main/java/datawave/query/attributes/UniqueFields.java,59,1,0,7,45,0,0,20,1,4,2,0.6052632,0.80526316,1
NationalSecurityAgency/datawave,warehouse/ingest-core/src/test/java/datawave/ingest/mapreduce/job/PartitionerCacheTest.java,18,1,0,10,17,28,0,18,0,4,2,1.0,1.0,2
NationalSecurityAgency/datawave,microservices/services/modification/service/src/main/java/datawave/microservice/modification/cache/CacheReloadMonitor.java,2,1,0,5,3,0,0,2,0,2,0,1.0,1.0,1
NationalSecurityAgency/datawave,warehouse/query-core/src/main/java/datawave/next/scanner/CandidateResultSerializer.java,2,1,0,5,4,0,0,2,0,2,0,1.0,1.0,1
NationalSecurityAgency/datawave,web-services/deploy/spring-framework-integration/src/test/java/datawave/springframework/integration/WiredQueryExecutorBeanTest.java,9,1,0,35,19,4,0,7,4,5,3,0.16666667,0.16666667,2
NationalSecurityAgency/datawave,microservices/starters/datawave/src/main/java/datawave/microservice/config/web/UndertowCustomizer.java,8,1,0,15,12,0,0,2,0,5,0,1.0,1.0,1
NationalSecurityAgency/datawave,warehouse/ingest-core/src/main/java/datawave/ingest/mapreduce/handler/atom/AtomDataTypeHandler.java,32,1,0,28,37,35,0,11,0,19,10,0.18181819,0.38181818,1
NationalSecurityAgency/datawave,core/query/src/main/java/datawave/core/query/metric/QueryMetricHandler.java,8,1,0,5,0,28,0,8,0,0,0,0.0,0.0,1
NationalSecurityAgency/datawave,microservices/services/accumulo/api/src/main/java/datawave/webservice/response/objects/UserPermissions.java,8,1,0,6,0,10,0,8,0,4,1,0.32142857,0.75,1
NationalSecurityAgency/datawave,warehouse/query-core/src/test/java/datawave/query/language/parser/jexl/JexlControlledQueryParserTest.java,8,1,0,3,11,0,0,7,0,1,0,1.0,1.0,1
NationalSecurityAgency/datawave,warehouse/query-core/src/main/java/datawave/query/iterator/profile/MultiThreadedQuerySpan.java,30,2,0,5,22,0,0,20,0,2,0,0.9526316,1.0,1
NationalSecurityAgency/datawave,core/utils/metadata-utils/src/main/java/datawave/query/util/MetadataHelper.java,268,1,1,48,252,2642,0,100,13,18,5,0.23865265,0.48160535,1
NationalSecurityAgency/datawave,warehouse/query-core/src/test/java/datawave/query/testframework/AbstractFunctionalQuery.java,72,1,14,56,151,393,0,40,0,17,5,0.1657754,0.37433156,4
NationalSecurityAgency/datawave,warehouse/ingest-core/src/main/java/datawave/ingest/mapreduce/job/reload/ReloadFilesFromLoadedJob.java,14,2,0,9,35,0,0,2,1,1,0,0.0,0.0,2
NationalSecurityAgency/datawave,warehouse/query-core/src/main/java/datawave/next/stats/DocIterStatsSerializer.java,2,1,0,5,4,0,0,2,0,2,0,1.0,1.0,1
NationalSecurityAgency/datawave,web-services/model/src/test/java/datawave/webservice/query/model/ModelBeanTest.java,19,1,0,26,52,0,0,12,0,11,3,0.95555556,1.0,1
NationalSecurityAgency/datawave,warehouse/query-core/src/main/java/datawave/query/language/functions/jexl/OccurrenceFunction.java,5,2,0,4,10,6,0,4,0,0,0,0.0,0.0,1
NationalSecurityAgency/datawave,core/annotation/src/test/java/datawave/annotation/test/v1/AnnotationTestDataUtil.java,30,1,0,15,65,66,0,13,13,2,2,0.07692308,0.07692308,1
NationalSecurityAgency/datawave,warehouse/ingest-core/src/main/java/datawave/ingest/table/config/ErrorMetadataTableConfigHelper.java,6,3,0,6,8,3,0,3,0,0,0,0.0,0.0,1
NationalSecurityAgency/datawave,warehouse/query-core/src/test/java/datawave/query/jexl/visitors/ExpandMultiNormalizedTermsTest.java,47,1,0,16,27,0,0,45,0,2,0,0.94820297,0.95454544,1
NationalSecurityAgency/datawave,warehouse/ingest-core/src/test/java/datawave/ingest/data/normalizer/AbstractNormalizerTest.java,4,1,0,8,20,1,0,4,0,1,0,1.0,1.0,2
NationalSecurityAgency/datawave,warehouse/query-core/src/main/java/datawave/query/language/functions/lucene/Options.java,8,2,0,7,3,6,0,4,0,0,0,0.0,0.0,1
NationalSecurityAgency/datawave,warehouse/common/src/main/java/datawave/common/util/concurrent/BoundedBlockingQueue.java,34,3,0,2,21,0,0,17,0,5,0,0.77205884,0.77205884,1
NationalSecurityAgency/datawave,warehouse/query-core/src/main/java/datawave/query/index/lookup/ScannerStream.java,30,2,0,10,13,136,0,17,10,0,0,0.0,0.0,1
NationalSecurityAgency/datawave,warehouse/query-core/src/main/java/datawave/query/iterator/pipeline/BatchedDocumentIterator.java,7,1,0,3,8,2,0,4,0,3,0,0.33333334,0.5,1
NationalSecurityAgency/datawave,warehouse/query-core/src/main/java/datawave/query/jexl/visitors/TermCountingVisitor.java,13,3,0,17,8,55,0,11,1,1,1,0.0,0.0,1
NationalSecurityAgency/datawave,warehouse/index-stats/src/test/java/datawave/mapreduce/shardStats/MockReduceDriver.java,4,1,0,12,4,0,0,4,0,3,0,0.5,1.0,1
NationalSecurityAgency/datawave,warehouse/query-core/src/main/java/datawave/next/async/ContextThreadFactory.java,4,1,0,2,8,0,0,4,0,5,1,0.8333333,1.0,1
NationalSecurityAgency/datawave,warehouse/query-core/src/main/java/datawave/query/jexl/visitors/EventDataQueryExpressionVisitor.java,84,3,0,30,91,217,0,42,7,11,1,0.14379086,0.43137255,2
NationalSecurityAgency/datawave,warehouse/query-core/src/main/java/datawave/query/jexl/functions/CompareFunctionValidator.java,4,1,0,3,8,0,0,1,1,1,1,0.0,0.0,2
NationalSecurityAgency/datawave,warehouse/query-core/src/test/java/datawave/query/iterator/WaitWindowQueryIteratorPipelineIT.java,1,4,0,2,1,0,0,1,0,0,0,0.0,0.0,1
NationalSecurityAgency/datawave,microservices/services/audit/service/src/test/java/datawave/microservice/audit/auditors/log/LogAuditorTest.java,8,2,0,20,29,0,0,8,0,4,0,0.5,0.5,3
NationalSecurityAgency/datawave,web-services/client/src/main/java/datawave/webservice/result/MetadataQueryResponseBase.java,3,3,0,4,0,3,0,3,0,1,1,0.0,0.0,1
NationalSecurityAgency/datawave,microservices/starters/query/src/main/java/datawave/microservice/query/messaging/ClaimCheckCallback.java,1,1,0,0,0,0,0,1,0,0,0,0.0,0.0,1
NationalSecurityAgency/datawave,warehouse/data-dictionary-core/src/main/java/datawave/webservice/datadictionary/RemoteDataDictionary.java,16,2,0,16,11,118,0,16,0,17,0,0.008333334,0.008333334,1
NationalSecurityAgency/datawave,microservices/services/accumulo/api/src/main/java/datawave/webservice/response/objects/Server.java,10,1,0,6,0,35,0,10,0,6,1,0.11111111,0.11111111,1
NationalSecurityAgency/datawave,warehouse/query-core/src/test/java/datawave/query/util/sortedmap/BufferedFileBackedByteDocumentSortedMapTest.java,8,3,0,16,11,15,0,7,0,2,0,0.0,0.0,2
NationalSecurityAgency/datawave,warehouse/query-core/src/main/java/datawave/query/tracking/ActiveQuery.java,30,1,0,9,30,44,0,13,0,14,1,0.33333334,0.71428573,2
NationalSecurityAgency/datawave,warehouse/age-off-utils/src/test/java/datawave/age/off/util/AgeOffFileGeneratorTest.java,19,1,0,25,62,112,0,17,0,4,3,0.6666667,1.0,2
NationalSecurityAgency/datawave,core/utils/type-utils/src/main/java/datawave/data/normalizer/regex/EscapedSingleCharNode.java,8,2,0,4,6,26,0,8,0,1,1,0.035714287,0.035714287,1
NationalSecurityAgency/datawave,microservices/starters/audit/src/main/java/datawave/microservice/audit/config/discovery/AuditServiceDiscoveryProperties.java,2,1,0,1,0,0,0,2,0,1,0,1.0,1.0,1
NationalSecurityAgency/datawave,warehouse/ingest-core/src/main/java/datawave/ingest/table/config/MetricsSummaryTableConfigHelper.java,6,2,0,5,12,0,0,2,0,5,1,1.0,1.0,1
NationalSecurityAgency/datawave,microservices/services/authorization/service/src/main/java/datawave/microservice/authorization/config/CachingConfigurer.java,6,2,0,7,7,0,0,5,0,1,0,1.0,1.0,2
NationalSecurityAgency/datawave,warehouse/query-core/src/main/java/datawave/query/jexl/lookups/FieldNameIndexLookup.java,24,3,0,13,47,0,0,4,0,7,1,0.6666667,1.0,1
NationalSecurityAgency/datawave,web-services/client/src/main/java/datawave/webservice/results/modification/MutableFieldListResponse.java,4,1,0,6,0,2,0,4,0,3,1,0.33333334,0.33333334,1
NationalSecurityAgency/datawave,warehouse/query-core/src/main/java/datawave/query/index/day/BitSetIndexEntry.java,12,1,0,9,20,0,0,9,0,3,1,0.8888889,1.0,1
NationalSecurityAgency/datawave,microservices/starters/query/src/main/java/datawave/microservice/query/messaging/kafka/KafkaQueryResultsPublisher.java,9,1,0,6,15,0,0,3,0,3,0,1.0,1.0,1
NationalSecurityAgency/datawave,warehouse/query-core/src/main/java/datawave/next/async/ContextualUncaughtExceptionHandler.java,1,1,0,2,4,0,0,1,0,1,1,0.0,0.0,1
NationalSecurityAgency/datawave,web-services/client/src/main/java/datawave/webservice/query/result/edge/DefaultEdge.java,89,1,0,12,19,466,0,41,1,19,3,0.032258064,0.032258064,2
NationalSecurityAgency/datawave,web-services/query/src/main/java/datawave/webservice/query/limit/PatternMatcher.java,14,1,0,4,20,6,0,9,0,2,0,0.41666666,0.41666666,1
NationalSecurityAgency/datawave,warehouse/query-core/src/main/java/datawave/query/iterator/AccumuloTableIterable.java,12,2,0,18,14,0,0,7,0,11,1,0.71428573,0.71428573,1
NationalSecurityAgency/datawave,warehouse/query-core/src/main/java/datawave/query/cardinality/DateFieldValueCardinalityRecord.java,39,1,0,5,16,0,0,23,1,7,2,0.5889328,1.0,1
NationalSecurityAgency/datawave,warehouse/query-core/src/main/java/datawave/query/function/serializer/WritableDocumentSerializer.java,3,2,0,3,3,1,0,2,0,1,0,0.0,0.0,1
NationalSecurityAgency/datawave,warehouse/query-core/src/main/java/datawave/query/jexl/visitors/BooleanOptimizationRebuildingVisitor.java,24,4,0,11,19,8,0,5,1,1,1,0.0,0.0,1
NationalSecurityAgency/datawave,web-services/client/src/main/java/datawave/webservice/result/FacetQueryResponse.java,53,4,0,13,29,54,0,22,1,5,2,0.16666667,0.16666667,2
NationalSecurityAgency/datawave,warehouse/query-core/src/test/java/datawave/query/jexl/visitors/ConjunctionEliminationVisitorTest.java,15,1,0,3,6,105,0,15,0,0,0,0.0,0.0,1
NationalSecurityAgency/datawave,warehouse/query-core/src/main/java/datawave/query/language/builder/lucene/FieldQueryNodeBuilder.java,21,1,0,10,26,3,0,3,0,2,2,0.0,0.0,1
NationalSecurityAgency/datawave,core/metrics-reporter/src/main/java/datawave/metrics/NoOpMetricsReporterFactory.java,3,2,0,4,0,1,0,3,0,0,0,0.0,0.0,2
NationalSecurityAgency/datawave,warehouse/query-core/src/main/java/datawave/query/util/sortedmap/rfile/RFileKeyDocumentInputStream.java,3,2,0,5,2,3,0,3,0,0,0,0.0,0.0,1
NationalSecurityAgency/datawave,warehouse/query-core/src/main/java/datawave/query/jexl/visitors/validate/ASTValidator.java,33,1,0,11,22,56,0,20,0,8,1,0.25714287,0.8666667,1
NationalSecurityAgency/datawave,warehouse/ingest-core/src/main/java/datawave/ingest/mapreduce/job/reindex/RestrictedIngestHelper.java,51,2,0,12,50,0,0,48,0,4,0,0.9574468,0.9574468,1
NationalSecurityAgency/datawave,core/utils/type-utils/src/main/java/datawave/data/type/DiscreteIndexType.java,4,1,0,2,0,6,0,4,0,0,0,0.0,0.0,1
NationalSecurityAgency/datawave,warehouse/query-core/src/test/java/datawave/query/jexl/visitors/LiteralNodeVisitorTest.java,13,1,0,4,15,66,0,12,0,0,0,0.0,0.0,1
NationalSecurityAgency/datawave,warehouse/query-core/src/test/java/datawave/query/testframework/DataLoader.java,1,1,0,1,0,0,0,1,0,0,0,0.0,0.0,1
NationalSecurityAgency/datawave,warehouse/ingest-core/src/main/java/datawave/ingest/util/WeightedValuePruningStrategy.java,30,3,0,8,21,4,0,9,0,8,0,0.39285713,0.53571427,1
NationalSecurityAgency/datawave,microservices/services/dictionary/service/src/main/java/datawave/microservice/Connection.java,0,1,0,3,0,0,0,0,0,5,0,0.0,0.0,1
NationalSecurityAgency/datawave,warehouse/ingest-core/src/main/java/datawave/ingest/input/reader/KeyValueReader.java,1,1,0,0,0,0,0,1,0,0,0,0.0,0.0,1
NationalSecurityAgency/datawave,warehouse/query-core/src/main/java/datawave/query/iterator/logic/TermFrequencyIndexIterator.java,55,1,0,19,43,65,0,18,0,24,1,0.2875817,0.59477127,1
NationalSecurityAgency/datawave,web-services/common-util/src/test/java/datawave/query/iterator/QueriesTableAgeOffIteratorTest.java,5,1,0,14,18,0,0,1,0,1,1,0.0,0.0,1
NationalSecurityAgency/datawave,warehouse/query-core/src/test/java/datawave/query/jexl/DatawaveInterpreterTest.java,49,1,0,28,40,978,0,45,0,1,0,0.0012195122,0.0012195122,1
NationalSecurityAgency/datawave,warehouse/query-core/src/main/java/datawave/query/language/tree/AdjNode.java,4,3,0,4,5,0,0,3,0,2,1,1.0,1.0,1
NationalSecurityAgency/datawave,warehouse/query-core/src/test/java/datawave/query/jexl/visitors/BoundedRangeDetectionVisitorTest.java,10,1,0,10,14,15,0,7,0,3,0,0.0,0.0,1
NationalSecurityAgency/datawave,core/utils/type-utils/src/test/java/datawave/data/parser/WKBParserTest.java,3,1,0,5,7,3,0,3,0,0,0,0.0,0.0,1
NationalSecurityAgency/datawave,warehouse/query-core/src/main/java/datawave/query/language/parser/jexl/LuceneToJexlQueryParser.java,28,1,2,19,15,275,0,27,0,19,8,0.05230769,0.064615384,1
NationalSecurityAgency/datawave,web-services/common-util/src/test/java/datawave/security/authorization/DatawavePrincipalTest.java,7,1,0,6,21,0,0,7,0,11,0,1.0,1.0,1
NationalSecurityAgency/datawave,microservices/starters/query/src/main/java/datawave/microservice/query/mapreduce/jobs/BulkResultsJob.java,42,2,0,38,104,11,0,12,0,9,0,0.33333334,1.0,2
NationalSecurityAgency/datawave,warehouse/query-core/src/test/java/datawave/query/util/CommonalityTokenTestDataIngest.java,50,1,0,17,26,3,0,3,3,10,10,0.0,0.0,2
NationalSecurityAgency/datawave,core/utils/metadata-utils/src/main/java/datawave/util/DateSchema.java,15,1,0,3,10,34,0,9,0,1,1,0.027777778,0.027777778,1
NationalSecurityAgency/datawave,warehouse/query-core/src/main/java/datawave/query/index/lookup/IndexInfo.java,113,1,0,22,76,92,0,33,1,6,1,0.3935484,0.6451613,1
NationalSecurityAgency/datawave,warehouse/query-core/src/test/java/datawave/query/index/lookup/IndexInfoTest.java,22,1,0,13,36,153,0,18,0,0,0,0.0,0.0,1
NationalSecurityAgency/datawave,warehouse/query-core/src/test/java/datawave/query/index/lookup/RangeStreamTest.java,100,1,0,29,60,0,0,42,1,3,2,0.68536586,0.7256098,1
NationalSecurityAgency/datawave,core/utils/type-utils/src/main/java/datawave/data/normalizer/NetworkNormalizer.java,6,2,0,2,2,6,0,4,0,1,1,0.0,0.0,1
NationalSecurityAgency/datawave,warehouse/query-core/src/test/java/datawave/query/jexl/functions/GeoWaveFunctionsTest.java,1,1,0,3,3,0,0,1,0,0,0,0.0,0.0,1
NationalSecurityAgency/datawave,warehouse/query-core/src/test/java/datawave/query/index/lookup/TruncatedRangeStreamTest.java,25,1,0,19,51,119,0,18,0,16,1,0.0,0.0,1
NationalSecurityAgency/datawave,warehouse/core/src/main/java/datawave/ingest/mapreduce/handler/dateindex/DateIndexUtil.java,6,1,0,0,11,4,0,5,5,4,4,0.3,0.3,1
NationalSecurityAgency/datawave,core/utils/type-utils/src/main/java/datawave/data/normalizer/regex/visitor/BaseVisitor.java,20,1,3,22,1,190,0,20,0,0,0,0.0,0.0,1
NationalSecurityAgency/datawave,core/utils/type-utils/src/test/java/datawave/data/normalizer/IpAddressNormalizerTest.java,11,1,0,6,13,0,0,8,0,1,1,0.75,0.75,1
NationalSecurityAgency/datawave,warehouse/query-core/src/main/java/datawave/query/language/tree/QueryNode.java,33,1,7,4,15,132,0,20,0,8,1,0.16959064,0.33333334,1
NationalSecurityAgency/datawave,warehouse/query-core/src/main/java/datawave/query/language/functions/jexl/Rename.java,7,2,0,4,6,6,0,4,0,0,0,0.0,0.0,1
NationalSecurityAgency/datawave,microservices/starters/query/src/main/java/datawave/microservice/query/planner/config/DefaultQueryPlannerConfiguration.java,11,1,0,15,17,15,0,7,0,0,0,0.0,0.0,2
NationalSecurityAgency/datawave,core/utils/metadata-utils/src/main/java/datawave/iterators/MetadataFColumnSeekingFilter.java,22,2,0,11,29,0,0,8,0,7,4,0.6,1.0,1
NationalSecurityAgency/datawave,warehouse/query-core/src/main/java/datawave/query/iterator/logic/WordsAndScores.java,81,1,0,3,31,56,0,28,0,20,8,0.34210527,0.9,1
NationalSecurityAgency/datawave,warehouse/query-core/src/main/java/datawave/query/language/functions/jexl/UniqueByDay.java,2,3,0,3,0,1,0,2,0,0,0,0.0,0.0,1
NationalSecurityAgency/datawave,warehouse/ingest-core/src/test/java/datawave/ingest/mapreduce/partition/SortedTabletLocationPartitionerTest.java,14,1,0,14,25,21,0,11,1,4,1,0.6666667,0.6666667,2
NationalSecurityAgency/datawave,warehouse/query-core/src/main/java/datawave/query/tables/shard/IndexStatsQueryLogic.java,30,2,0,15,62,26,0,15,0,4,1,0.035714287,0.035714287,3
NationalSecurityAgency/datawave,microservices/services/authorization/api/src/main/java/datawave/security/authorization/ProxiedUserDetails.java,8,1,0,2,0,28,0,8,0,0,0,0.0,0.0,1
NationalSecurityAgency/datawave,core/utils/accumulo-utils/src/main/java/datawave/webservice/common/connection/WrappedConnector.java,35,2,0,22,22,0,0,23,0,5,1,0.6561265,1.0,1
NationalSecurityAgency/datawave,microservices/starters/datawave/src/main/java/datawave/microservice/http/converter/html/VoidResponseHttpMessageConverter.java,15,3,0,8,21,19,0,7,0,1,1,0.0,0.0,1
NationalSecurityAgency/datawave,microservices/services/modification/service/src/main/java/datawave/microservice/modification/query/RemoteQueryService.java,12,1,0,13,37,0,0,7,0,8,1,1.0,1.0,2
NationalSecurityAgency/datawave,warehouse/ingest-core/src/main/java/datawave/ingest/config/BaseHdfsFileCacheUtil.java,28,1,1,6,27,8,0,13,0,7,2,0.44871795,0.84615386,1
NationalSecurityAgency/datawave,microservices/services/authorization/api/src/main/java/datawave/security/authorization/DatawaveUserService.java,1,1,0,2,0,0,0,1,0,0,0,0.0,0.0,1
NationalSecurityAgency/datawave,common-test/src/main/java/datawave/test/helpers/MockTableTest.java,6,1,0,11,12,0,0,5,0,4,1,0.7,1.0,1
NationalSecurityAgency/datawave,core/query/src/main/java/datawave/core/query/util/QueryUtil.java,12,1,0,10,28,4,0,5,5,4,4,0.2,0.2,1
NationalSecurityAgency/datawave,warehouse/age-off/src/main/java/datawave/ingest/util/cache/watch/FileRuleWatcher.java,5,3,0,10,4,4,0,5,0,2,1,0.3,0.3,1
NationalSecurityAgency/datawave,warehouse/query-core/src/test/java/datawave/query/jexl/visitors/SatisfactionVisitorTest.java,35,1,0,4,17,559,0,34,0,5,3,0.0,0.0,1
NationalSecurityAgency/datawave,warehouse/query-core/src/main/java/datawave/query/jexl/visitors/IteratorBuildingVisitor.java,289,3,0,85,247,4893,0,108,1,61,2,1.0,1.0,2
NationalSecurityAgency/datawave,warehouse/query-core/src/main/java/datawave/query/tables/facets/FacetCheck.java,7,2,0,8,9,0,0,2,0,1,0,1.0,1.0,1
NationalSecurityAgency/datawave,warehouse/query-core/src/test/java/datawave/query/FunctionalSetTest.java,27,3,4,25,75,12,0,15,4,8,3,0.33333334,0.41666666,3
NationalSecurityAgency/datawave,warehouse/ingest-core/src/test/java/datawave/ingest/mapreduce/job/reduce/BulkIngestKeyAggregatingReducerTest.java,35,2,0,22,58,3,0,28,1,32,0,0.76666665,0.875,3
NationalSecurityAgency/datawave,warehouse/query-core/src/main/java/datawave/query/jexl/functions/GeoWaveFunctions.java,82,1,0,14,33,188,0,20,20,3,3,0.0,0.0,1
NationalSecurityAgency/datawave,warehouse/ingest-core/src/test/java/datawave/ingest/mapreduce/job/writer/SpillingSortedContextWriterTest.java,26,2,0,18,37,0,0,14,0,5,0,0.969697,1.0,1
NationalSecurityAgency/datawave,warehouse/query-core/src/main/java/datawave/query/lucene/visitors/UnescapedWildcardsInQuotedPhrasesVisitor.java,9,2,0,5,7,3,0,3,1,0,0,0.0,0.0,1
NationalSecurityAgency/datawave,microservices/services/audit/service/src/main/java/datawave/microservice/audit/AuditController.java,25,1,0,27,36,0,0,5,0,8,2,0.8333333,1.0,1
NationalSecurityAgency/datawave,warehouse/core/src/main/java/datawave/mr/bulk/split/RangeSplit.java,50,2,0,12,39,8,0,20,0,9,0,0.4509804,1.0,1
NationalSecurityAgency/datawave,warehouse/query-core/src/test/java/datawave/test/index/TruncatedIndexConversionIteratorTest.java,35,1,0,12,36,207,0,22,0,3,0,0.01904762,0.028571429,1
NationalSecurityAgency/datawave,core/query/src/main/java/datawave/core/query/logic/composite/CompositeQueryConfiguration.java,18,2,0,5,5,104,0,17,4,6,1,0.11764706,0.3382353,1
NationalSecurityAgency/datawave,warehouse/ingest-core/src/main/java/datawave/ingest/table/config/MetadataTableConfigHelper.java,11,2,3,6,13,0,0,7,0,3,0,1.0,1.0,1
NationalSecurityAgency/datawave,warehouse/query-core/src/test/java/datawave/query/function/HitsAreAlwaysIncludedTest.java,53,3,4,32,94,332,0,38,6,16,6,0.33333334,0.33333334,3
NationalSecurityAgency/datawave,warehouse/query-core/src/main/java/datawave/query/config/ShardQueryConfiguration.java,729,2,1,35,538,121217,0,494,4,234,5,0.0022840085,0.0024406735,1
NationalSecurityAgency/datawave,warehouse/query-core/src/main/java/datawave/query/ancestor/AncestorIndexBuildingVisitor.java,48,2,0,13,54,60,0,12,0,4,1,0.06666667,0.06666667,1
NationalSecurityAgency/datawave,warehouse/query-core/src/main/java/datawave/query/function/LimitFields.java,74,1,0,14,77,170,0,20,1,4,2,0.33333334,0.33333334,1
NationalSecurityAgency/datawave,core/utils/type-utils/src/main/java/datawave/data/type/util/IpV6Address.java,70,2,0,7,31,43,0,18,3,3,2,0.34285715,0.34285715,1
NationalSecurityAgency/datawave,microservices/services/query-metric/service/src/test/java/datawave/microservice/querymetric/config/AlternateShardTableQueryMetricHandler.java,4,4,0,14,7,3,0,3,0,0,0,0.0,0.0,1
NationalSecurityAgency/datawave,microservices/starters/datawave/src/main/java/datawave/microservice/config/discovery/rabbit/RabbitDiscoveryInstanceProvider.java,3,1,0,5,5,0,0,2,0,2,1,1.0,1.0,1
NationalSecurityAgency/datawave,warehouse/ingest-core/src/main/java/datawave/ingest/mapreduce/ContextWrappedStatusReporter.java,7,2,0,3,4,0,0,6,0,1,0,1.0,1.0,1
NationalSecurityAgency/datawave,microservices/starters/audit/src/main/java/datawave/microservice/audit/config/AuditClientConfiguration.java,1,1,0,6,0,0,0,1,0,0,0,0.0,0.0,1
NationalSecurityAgency/datawave,warehouse/query-core/src/test/java/datawave/query/jexl/visitors/QueryPropertyMarkerSourceConsolidatorTest.java,8,1,0,3,7,28,0,8,0,0,0,0.0,0.0,1
NationalSecurityAgency/datawave,microservices/services/hazelcast/common/src/main/java/datawave/microservice/cached/CaffeineCacheInspector.java,9,1,0,7,21,0,0,5,0,2,0,1.0,1.0,1
NationalSecurityAgency/datawave,warehouse/ingest-csv/src/test/java/datawave/ingest/csv/mr/handler/MockStatusReporter.java,7,2,0,4,4,15,0,7,0,3,0,0.14285715,0.14285715,1
NationalSecurityAgency/datawave,warehouse/query-core/src/main/java/datawave/query/language/functions/jexl/Min.java,7,2,0,4,6,6,0,4,0,0,0,0.0,0.0,1
NationalSecurityAgency/datawave,core/utils/accumulo-utils/src/main/java/datawave/scan/BatchScannerBuilder.java,9,2,0,9,10,9,0,6,1,2,1,0.3,0.3,1
NationalSecurityAgency/datawave,web-services/common/src/main/java/datawave/metrics/MetricsCdiConfiguration.java,5,1,0,7,13,0,0,2,0,1,0,1.0,1.0,1
NationalSecurityAgency/datawave,core/utils/type-utils/src/main/java/datawave/webservice/query/data/ObjectSizeOf.java,47,1,0,4,41,6,0,9,4,12,11,1.0,1.0,4
NationalSecurityAgency/datawave,microservices/starters/query/src/main/java/datawave/microservice/query/mapreduce/config/MapReduceJobProperties.java,32,1,0,1,0,464,0,32,0,16,0,0.032258064,0.032258064,1
NationalSecurityAgency/datawave,warehouse/query-core/src/test/java/datawave/query/util/sortedset/MergeSortIteratorTest.java,19,1,0,2,13,3,0,4,0,0,0,0.0,0.0,2
NationalSecurityAgency/datawave,warehouse/core/src/main/java/datawave/ingest/protobuf/Uid.java,202,2,0,17,90,891,0,112,21,21,10,0.18484849,0.410101,5
NationalSecurityAgency/datawave,warehouse/query-core/src/test/java/datawave/query/discovery/DiscoveryLogicTest.java,37,1,0,25,73,419,0,31,1,12,4,0.0,0.0,1
NationalSecurityAgency/datawave,warehouse/query-core/src/test/java/datawave/query/testframework/GroupingAccumuloWriter.java,26,1,0,20,55,6,0,8,0,9,4,1.0,1.0,1
NationalSecurityAgency/datawave,core/annotation/src/main/java/datawave/annotation/protobuf/v1/AnnotationListOrBuilder.java,7,1,0,4,0,21,0,7,0,0,0,0.0,0.0,1
NationalSecurityAgency/datawave,core/utils/type-utils/src/test/java/datawave/data/normalizer/regex/visitor/StringVisitorTest.java,4,1,0,7,7,6,0,4,0,0,0,0.0,0.0,1
NationalSecurityAgency/datawave,warehouse/keyword-common/src/main/java/datawave/util/keyword/TagCloudInput.java,26,1,0,4,24,41,0,18,6,5,1,0.33088234,0.42647058,1
NationalSecurityAgency/datawave,core/annotation/src/main/java/datawave/annotation/data/v1/AnnotationDataAccess.java,61,1,0,21,69,191,0,26,1,11,3,0.20615384,0.24923077,1
NationalSecurityAgency/datawave,microservices/starters/query/src/main/java/datawave/microservice/query/mapreduce/status/MapReduceQueryStatus.java,45,1,0,10,20,544,0,36,0,17,1,0.06890757,0.3647059,2
NationalSecurityAgency/datawave,microservices/starters/datawave/src/main/java/datawave/microservice/config/web/WebConfig.java,10,1,0,18,34,21,0,10,0,0,0,0.0,0.0,4
NationalSecurityAgency/datawave,warehouse/query-core/src/main/java/datawave/query/language/functions/jexl/SummaryOptions.java,8,2,0,4,8,6,0,4,0,0,0,0.0,0.0,1
NationalSecurityAgency/datawave,warehouse/core/src/main/java/datawave/data/hash/ZkSnowflakeCache.java,9,1,0,7,15,0,0,5,5,3,3,0.9,1.0,1
NationalSecurityAgency/datawave,core/in-memory-accumulo/src/main/java/datawave/accumulo/inmemory/InMemoryBatchScanner.java,20,3,1,13,18,3,0,6,0,1,0,0.4,0.4,1
NationalSecurityAgency/datawave,warehouse/ingest-core/src/test/java/datawave/iterators/SortedMultiMapIterator.java,18,1,0,8,13,0,0,8,0,4,0,0.60714287,0.75,1
NationalSecurityAgency/datawave,warehouse/query-core/src/main/java/org/apache/commons/jexl3/parser/JexlNodes.java,81,1,0,16,40,741,0,39,38,0,0,0.0,0.0,1
NationalSecurityAgency/datawave,core/utils/metadata-utils/src/main/java/datawave/query/util/AllFieldMetadataHelper.java,215,1,0,35,185,487,0,78,6,31,4,1.0,1.0,4
NationalSecurityAgency/datawave,warehouse/query-core/src/main/java/datawave/query/tables/AccumuloResource.java,10,1,3,7,7,19,0,9,2,1,0,0.04761905,0.04761905,2
NationalSecurityAgency/datawave,warehouse/query-core/src/main/java/datawave/query/iterator/profile/EvaluationTrackingNestedIterator.java,4,2,0,10,8,0,0,4,0,3,0,1.0,1.0,1
NationalSecurityAgency/datawave,microservices/starters/query-metric/src/main/java/datawave/microservice/querymetric/config/QueryMetricClientConfiguration.java,0,1,0,3,0,0,0,0,0,0,0,0.0,0.0,1
NationalSecurityAgency/datawave,warehouse/ingest-core/src/main/java/datawave/ingest/mapreduce/handler/edge/define/EdgeDirection.java,4,1,0,1,2,0,0,2,1,1,0,0.0,0.0,1
NationalSecurityAgency/datawave,warehouse/core/src/main/java/datawave/webservice/query/util/LookupUUIDConstants.java,0,1,0,0,0,0,0,0,0,3,0,0.0,0.0,1
NationalSecurityAgency/datawave,web-services/query/src/main/java/datawave/webservice/query/limit/QueryLimitConstants.java,0,1,0,0,1,0,0,0,0,3,3,0.0,0.0,1
NationalSecurityAgency/datawave,warehouse/core/src/main/java/datawave/ingest/mapreduce/job/RFileSplit.java,9,2,0,4,5,0,0,9,0,3,0,0.6388889,0.7777778,1
NationalSecurityAgency/datawave,warehouse/metrics-core/src/main/java/datawave/metrics/analytic/RowPartitioner.java,2,2,0,6,3,1,0,2,1,1,0,0.0,0.0,1
NationalSecurityAgency/datawave,warehouse/ingest-core/src/main/java/datawave/ingest/table/aggregator/DateIndexDateAggregator.java,8,3,0,4,4,1,0,2,0,0,0,0.0,0.0,1
NationalSecurityAgency/datawave,warehouse/query-core/src/main/java/datawave/query/iterator/filter/EventEntryKeyDataTypeFilter.java,2,1,0,3,2,0,0,2,0,1,0,1.0,1.0,1
NationalSecurityAgency/datawave,microservices/services/authorization/api/src/main/java/datawave/security/authorization/SubjectIssuerDNPair.java,14,1,0,5,7,0,0,9,3,3,1,0.7222222,0.7777778,1
NationalSecurityAgency/datawave,core/utils/type-utils/src/main/java/datawave/data/type/MacAddressType.java,2,2,0,1,1,1,0,2,0,2,2,0.0,0.0,1
NationalSecurityAgency/datawave,warehouse/query-core/src/test/java/datawave/query/index/lookup/EntryParserTest.java,6,1,0,14,30,0,0,4,1,1,1,1.0,1.0,1
NationalSecurityAgency/datawave,warehouse/metrics-core/src/main/java/datawave/metrics/iterators/JsonCountersIterator.java,22,2,0,16,35,0,0,8,0,4,2,0.5,1.0,3
NationalSecurityAgency/datawave,warehouse/query-core/src/main/java/datawave/query/jexl/DatawaveArithmetic.java,105,2,2,9,62,190,0,20,1,3,3,0.0,0.0,1
NationalSecurityAgency/datawave,warehouse/query-core/src/main/java/datawave/query/util/HasMarkingFunctions.java,2,1,0,1,0,1,0,2,0,0,0,0.0,0.0,1
NationalSecurityAgency/datawave,microservices/services/query-metric/service/src/main/java/datawave/microservice/querymetric/config/QueryMetricCacheProperties.java,6,1,0,3,0,2,0,6,0,3,0,1.0,1.0,2
NationalSecurityAgency/datawave,microservices/starters/datawave/src/main/java/datawave/microservice/http/converter/protostuff/ProtostuffHttpMessageConverter.java,10,2,0,10,19,0,0,5,0,4,3,0.6,0.6,1
NationalSecurityAgency/datawave,web-services/query/src/test/java/datawave/webservice/query/logic/filtered/QueryLogicFilterByAuthTest.java,3,1,0,3,8,3,0,3,0,0,0,0.0,0.0,1
NationalSecurityAgency/datawave,warehouse/ingest-core/src/main/java/datawave/ingest/mapreduce/handler/edge/define/EdgeDataBundle.java,116,1,0,21,77,2093,0,70,1,28,1,0.0678426,0.45092717,1
NationalSecurityAgency/datawave,warehouse/query-core/src/test/java/datawave/test/index/NoUidIndexTest.java,25,2,0,10,31,91,0,14,0,0,0,0.0,0.0,1
NationalSecurityAgency/datawave,warehouse/ingest-core/src/main/java/datawave/ingest/table/aggregator/util/ShardedYearIndexKeyParser.java,6,2,0,4,16,3,0,3,0,0,0,0.0,0.0,1
NationalSecurityAgency/datawave,warehouse/query-core/src/main/java/datawave/query/planner/async/FetchIndexedFields.java,6,2,0,5,4,0,0,4,0,3,0,0.5,0.5,1
NationalSecurityAgency/datawave,warehouse/query-core/src/main/java/datawave/query/tables/ParentQueryLogic.java,7,3,0,13,11,21,0,7,0,0,0,0.0,0.0,1
NationalSecurityAgency/datawave,warehouse/query-core/src/main/java/datawave/query/predicate/ConfiguredPredicate.java,1,1,0,1,0,0,0,1,0,0,0,0.0,0.0,1
NationalSecurityAgency/datawave,warehouse/metrics-core/src/main/java/datawave/metrics/iterators/EventCountIterator.java,9,2,0,10,19,15,0,6,0,4,4,0.0,0.0,1
NationalSecurityAgency/datawave,warehouse/query-core/src/main/java/datawave/query/tables/ConsumerIterator.java,6,1,0,2,1,0,0,3,0,2,0,0.6666667,1.0,1
NationalSecurityAgency/datawave,warehouse/query-core/src/test/java/datawave/query/jexl/visitors/IndexedTermCountingVisitorTest.java,5,1,0,3,6,6,0,4,0,0,0,0.0,0.0,1
NationalSecurityAgency/datawave,warehouse/ingest-core/src/test/java/datawave/ingest/data/config/ingest/BaseIngestHelperTest.java,22,3,0,6,13,19,0,22,0,4,3,0.35897437,0.35897437,4
NationalSecurityAgency/datawave,warehouse/query-core/src/main/java/datawave/query/iterator/builder/IndexRangeIteratorBuilder.java,12,4,0,17,61,0,0,5,0,3,1,0.6,1.0,1
NationalSecurityAgency/datawave,warehouse/ingest-core/src/test/java/datawave/ingest/table/aggregator/UidTestUtils.java,8,1,0,5,11,21,0,7,6,0,0,0.0,0.0,1
NationalSecurityAgency/datawave,warehouse/ssdeep-common/src/main/java/datawave/util/ssdeep/ChunkSizeEncoding.java,10,1,0,3,10,0,0,10,0,8,6,0.53333336,0.8,1
NationalSecurityAgency/datawave,web-services/accumulo/src/main/java/datawave/webservice/operations/remote/RemoteAdminService.java,20,3,0,19,23,0,0,17,0,2,0,1.0,1.0,2
NationalSecurityAgency/datawave,web-services/common-util/src/main/java/datawave/security/authorization/DatawaveUserHtmlMessageBodyWriter.java,17,2,0,4,29,13,0,6,0,1,1,0.1,0.1,1
NationalSecurityAgency/datawave,warehouse/query-core/src/main/java/datawave/query/language/functions/lucene/Unique.java,8,2,0,7,3,6,0,4,0,0,0,0.0,0.0,1
NationalSecurityAgency/datawave,warehouse/query-core/src/main/java/datawave/query/jexl/functions/FunctionJexlNodeVisitor.java,10,3,0,7,9,9,0,6,2,2,0,0.2,0.4,1
NationalSecurityAgency/datawave,warehouse/query-core/src/main/java/datawave/query/jexl/visitors/RegexFunctionVisitor.java,20,5,0,20,25,0,0,4,1,2,1,1.0,1.0,1
NationalSecurityAgency/datawave,core/annotation/src/main/java/datawave/annotation/protobuf/v1/Segment.java,237,2,0,21,151,2029,0,121,18,20,8,0.111623146,0.22273426,4
NationalSecurityAgency/datawave,warehouse/ingest-core/src/test/java/datawave/ingest/util/ResourceAvailabilityUtilTest.java,2,1,0,2,4,1,0,2,0,0,0,0.0,0.0,1
NationalSecurityAgency/datawave,warehouse/query-core/src/main/java/datawave/next/RegexDocIdIterator.java,46,3,0,12,40,49,0,15,0,5,1,0.26666668,0.52380955,1
NationalSecurityAgency/datawave,warehouse/query-core/src/test/java/datawave/query/jexl/visitors/RemoveExtraReferenceExpressionsVisitorTest.java,36,1,0,6,14,184,0,20,0,1,0,0.0,0.0,1
NationalSecurityAgency/datawave,warehouse/query-core/src/test/java/datawave/query/RegexQueryTest.java,55,2,0,22,22,631,0,43,1,2,2,0.15060908,0.15060908,1
NationalSecurityAgency/datawave,microservices/services/query/api/src/main/java/datawave/microservice/query/Query.java,58,1,1,7,12,1378,0,53,0,1,1,0.0,0.0,1
NationalSecurityAgency/datawave,warehouse/query-core/src/test/java/datawave/core/iterators/UnfieldedRegexExpansionIteratorTest.java,26,1,0,9,31,219,0,23,0,6,1,0.043290045,0.09090909,1
NationalSecurityAgency/datawave,warehouse/query-core/src/test/java/datawave/query/UniqueTest.java,28,3,4,27,71,1,0,23,4,10,5,0.5367647,0.6691176,3
NationalSecurityAgency/datawave,microservices/starters/metadata/src/main/java/org/springframework/cloud/bus/event/TableCacheReloadRequestEvent.java,4,2,0,1,1,0,0,4,0,1,0,1.0,1.0,1
NationalSecurityAgency/datawave,warehouse/query-core/src/main/java/datawave/query/language/functions/jexl/Unique.java,8,2,0,4,8,6,0,4,0,0,0,0.0,0.0,1
NationalSecurityAgency/datawave,microservices/services/hazelcast/client/src/main/java/datawave/microservice/cached/HazelcastDiscoveryClientAutoConfiguration.java,3,2,0,19,8,1,0,2,0,0,0,0.0,0.0,1
NationalSecurityAgency/datawave,warehouse/query-core/src/main/java/datawave/query/jexl/functions/GeoFunctionsDescriptor.java,80,1,0,30,76,130,0,22,4,7,4,0.2857143,0.34285715,2
NationalSecurityAgency/datawave,web-services/query/src/test/java/datawave/webservice/query/logic/TestLegacyBaseQueryLogicTransformer.java,7,2,0,9,11,1,0,6,0,3,0,1.0,1.0,2
NationalSecurityAgency/datawave,warehouse/query-core/src/test/java/datawave/query/index/lookup/ScannerStreamTest.java,11,1,0,6,17,28,0,8,0,1,0,0.0,0.0,1
NationalSecurityAgency/datawave,warehouse/query-core/src/main/java/datawave/query/tables/keyword/StatefulKeywordUUIDChainStrategy.java,31,2,0,16,51,0,0,6,0,7,1,0.8,1.0,1
NationalSecurityAgency/datawave,warehouse/query-core/src/main/java/datawave/query/table/parser/TermFrequencyKeyValueFactory.java,12,2,0,8,17,1,0,4,2,2,0,0.0,0.0,2
NationalSecurityAgency/datawave,warehouse/query-core/src/main/java/datawave/core/iterators/DatawaveFieldIndexListIteratorJexl.java,39,4,0,16,41,15,0,20,9,7,3,0.33333334,0.33333334,3
NationalSecurityAgency/datawave,warehouse/query-core/src/main/java/datawave/query/discovery/FindLiteralsAndPatternsVisitor.java,16,2,0,12,21,9,0,11,1,4,1,0.5,0.5,2
NationalSecurityAgency/datawave,warehouse/query-core/src/main/java/datawave/query/language/functions/jexl/GroupByDate.java,11,2,8,2,9,3,0,6,1,10,8,1.0,1.0,2
NationalSecurityAgency/datawave,core/utils/type-utils/src/main/java/datawave/data/type/NumberListType.java,7,3,0,5,7,10,0,5,0,0,0,0.0,0.0,1
NationalSecurityAgency/datawave,core/base-rest-responses/src/main/java/datawave/user/DefaultAuthorizationsList.java,38,3,0,11,31,10,0,17,1,5,2,0.4,0.6666667,5
NationalSecurityAgency/datawave,web-services/common/src/main/java/datawave/configuration/spring/InjectCDIBeanPostProcessor.java,8,1,0,5,8,1,0,2,0,1,0,0.0,0.0,1
NationalSecurityAgency/datawave,warehouse/query-core/src/main/java/datawave/query/iterator/builder/TermFrequencyIndexBuilder.java,27,1,0,15,9,150,0,20,1,11,0,0.10526316,0.48947367,1
NationalSecurityAgency/datawave,web-services/query/src/main/java/datawave/webservice/query/runner/AsyncQueryStatusObserver.java,5,1,0,3,0,10,0,5,0,0,0,0.0,0.0,1
NationalSecurityAgency/datawave,core/base-rest-responses/src/main/java/datawave/webservice/query/exception/DatawaveErrorCode.java,9,1,0,1,4,0,0,4,1,3,0,0.33333334,0.5,1
NationalSecurityAgency/datawave,warehouse/query-core/src/main/java/datawave/query/iterator/builder/NegationBuilder.java,2,2,0,3,1,1,0,2,0,0,0,0.0,0.0,1
NationalSecurityAgency/datawave,core/metrics-reporter/src/main/java/datawave/metrics/MetricsReporterFactory.java,1,1,0,2,0,0,0,1,0,0,0,0.0,0.0,1
NationalSecurityAgency/datawave,warehouse/query-core/src/main/java/datawave/query/planner/QueryPlan.java,39,1,0,8,15,150,0,33,0,11,1,0.37701613,0.9375,1
NationalSecurityAgency/datawave,core/annotation/src/main/java/datawave/annotation/data/transform/TimestampTransformer.java,0,1,0,1,0,0,0,0,0,0,0,0.0,0.0,1
NationalSecurityAgency/datawave,microservices/services/dictionary/service/src/main/java/datawave/microservice/dictionary/DictionaryService.java,1,1,0,4,1,0,0,1,1,0,0,0.0,0.0,1
NationalSecurityAgency/datawave,warehouse/query-core/src/main/java/datawave/query/index/day/DayIndexConfig.java,23,1,0,5,10,191,0,23,0,11,0,0.12252964,0.8339921,1
NationalSecurityAgency/datawave,warehouse/query-core/src/main/java/datawave/query/attributes/Geometry.java,33,2,0,15,34,4,0,17,0,2,1,0.45833334,0.45833334,1
NationalSecurityAgency/datawave,warehouse/query-core/src/test/java/datawave/query/util/sortedmap/MultiMapBackedSortedMapTest.java,59,1,0,12,55,2,0,25,0,7,0,0.541502,0.60474306,2
NationalSecurityAgency/datawave,warehouse/query-core/src/main/java/datawave/query/planner/scanhints/BaseScanHintRule.java,6,1,0,1,0,9,0,6,0,3,0,0.2,0.2,1
NationalSecurityAgency/datawave,warehouse/query-core/src/test/java/datawave/query/iterator/logic/AndIteratorYieldingIT.java,12,2,0,10,11,30,0,9,0,2,1,1.0,1.0,1
NationalSecurityAgency/datawave,warehouse/query-core/src/main/java/datawave/query/common/grouping/AbstractAggregator.java,7,1,0,5,0,19,0,7,0,1,0,0.04761905,0.04761905,1
NationalSecurityAgency/datawave,warehouse/query-core/src/test/java/datawave/helpers/PrintUtility.java,15,1,0,9,32,4,0,5,4,1,1,0.5,0.5,1
NationalSecurityAgency/datawave,warehouse/query-core/src/main/java/datawave/query/iterator/profile/EvaluationTrackingPredicate.java,2,1,0,6,4,0,0,2,0,4,0,1.0,1.0,1
NationalSecurityAgency/datawave,warehouse/query-core/src/test/java/datawave/query/lucene/visitors/GroupedInterpretationVisitorTest.java,19,1,0,8,14,161,0,19,0,4,2,0.0,0.0,1
NationalSecurityAgency/datawave,warehouse/query-core/src/main/java/datawave/mr/bulk/RfileSplitInputFormat.java,6,3,0,14,17,1,0,2,0,0,0,0.0,0.0,1
NationalSecurityAgency/datawave,warehouse/query-core/src/test/java/datawave/query/attributes/it/NoOpTypeAttributeIT.java,10,2,0,7,12,45,0,10,0,1,0,0.0,0.0,1
NationalSecurityAgency/datawave,common-test/src/main/java/datawave/common/test/integration/IntegrationTest.java,0,1,0,0,0,0,0,0,0,0,0,0.0,0.0,1
NationalSecurityAgency/datawave,warehouse/core/src/test/java/datawave/util/CompositeTimestampTest.java,28,1,0,3,25,153,0,18,0,0,0,0.0,0.0,1
NationalSecurityAgency/datawave,web-services/common-util/src/main/java/datawave/webservice/common/exception/BadRequestException.java,1,3,0,3,1,0,0,1,0,1,1,0.0,0.0,1
NationalSecurityAgency/datawave,core/query/src/main/java/datawave/core/query/map/QueryGeometryHandler.java,1,1,0,1,0,0,0,1,0,0,0,0.0,0.0,1
NationalSecurityAgency/datawave,warehouse/ingest-core/src/main/java/datawave/ingest/metadata/id/NamedMetadataIdParser.java,6,2,0,3,4,0,0,3,0,2,0,1.0,1.0,1
NationalSecurityAgency/datawave,warehouse/query-core/src/main/java/datawave/query/jexl/visitors/BaseVisitor.java,85,2,45,86,1,3570,0,85,0,0,0,0.0,0.0,1
NationalSecurityAgency/datawave,warehouse/core/src/main/java/datawave/util/CompositeTimestamp.java,25,1,0,1,14,50,0,12,12,7,7,0.22222222,0.41666666,1
NationalSecurityAgency/datawave,warehouse/ingest-core/src/main/java/datawave/ingest/mapreduce/handler/summary/CoreSummaryDataTypeHandler.java,7,1,0,16,9,19,0,7,0,2,1,0.06666667,0.06666667,1
NationalSecurityAgency/datawave,core/utils/type-utils/src/main/java/datawave/data/normalizer/regex/EncodedNumberNode.java,6,2,0,4,2,15,0,6,0,0,0,0.0,0.0,1
NationalSecurityAgency/datawave,warehouse/query-core/src/main/java/datawave/query/iterator/facets/DynamicFacetIterator.java,27,4,1,29,66,1,0,8,0,7,4,0.47619048,1.0,2
NationalSecurityAgency/datawave,core/utils/type-utils/src/main/java/datawave/data/normalizer/AbstractGeometryNormalizer.java,57,1,0,11,43,351,0,27,2,4,4,0.0,0.0,1
NationalSecurityAgency/datawave,warehouse/ingest-core/src/main/java/datawave/ingest/mapreduce/handler/atom/AtomErrorDataTypeHandler.java,22,2,0,29,58,0,0,4,0,12,7,0.5,0.5,1
NationalSecurityAgency/datawave,warehouse/query-core/src/test/java/datawave/query/rules/IncludeExcludeIndexFieldsRuleTest.java,9,2,0,10,9,34,0,9,1,1,1,0.027777778,0.027777778,1
NationalSecurityAgency/datawave,microservices/starters/query/src/main/java/datawave/microservice/query/logic/config/ShardQueryLogicProperties.java,48,1,0,5,0,898,0,48,0,24,0,0.33333334,0.33333334,2
NationalSecurityAgency/datawave,warehouse/query-core/src/main/java/datawave/next/SimpleQueryVisitor.java,50,2,0,20,24,26,0,20,1,10,1,0.54285717,0.63809526,1
NationalSecurityAgency/datawave,warehouse/query-core/src/main/java/datawave/query/transformer/DocumentTransformerSupport.java,107,3,0,35,134,484,0,36,1,21,3,0.13012478,0.5365419,1
NationalSecurityAgency/datawave,web-services/annotations/src/main/java/datawave/webservice/annotation/LookupUUIDServiceConfig.java,10,1,0,0,2,0,0,6,0,3,1,0.47619048,0.71428573,1
NationalSecurityAgency/datawave,microservices/services/query-metric/api/src/main/java/datawave/microservice/querymetric/BaseQueryMetric.java,245,1,1,17,88,4006,0,161,4,62,8,0.4779412,0.7254902,6
NationalSecurityAgency/datawave,core/utils/metadata-utils/src/main/java/datawave/query/model/FieldMapping.java,36,1,0,10,15,0,0,23,0,7,1,0.5335968,0.9130435,1
NationalSecurityAgency/datawave,core/utils/metadata-utils/src/main/java/datawave/query/util/TypeMetadata.java,95,2,2,4,87,85,0,40,3,10,4,0.48221344,0.8300395,2
NationalSecurityAgency/datawave,core/utils/type-utils/src/test/java/datawave/data/type/DatawaveTypeIndexTest.java,4,1,0,23,25,6,0,4,0,0,0,0.0,0.0,1
NationalSecurityAgency/datawave,warehouse/query-core/src/main/java/datawave/query/iterator/AccumuloFieldIndexIterable.java,3,2,0,5,1,3,0,3,0,0,0,0.0,0.0,1
NationalSecurityAgency/datawave,warehouse/query-core/src/main/java/datawave/query/transformer/ContentQueryTransformer.java,19,2,0,17,43,0,0,5,1,5,1,0.6,0.6,1
NationalSecurityAgency/datawave,warehouse/query-core/src/main/java/datawave/query/jexl/functions/arguments/JexlArgument.java,4,1,0,2,0,6,0,4,0,0,0,0.0,0.0,2
NationalSecurityAgency/datawave,core/utils/type-utils/src/test/java/datawave/data/normalizer/NormalizationExceptionTest.java,6,1,0,5,6,0,0,6,0,3,0,0.6,0.6666667,1
NationalSecurityAgency/datawave,warehouse/ingest-core/src/test/java/datawave/ingest/metadata/EventMetadataTest.java,38,5,0,22,59,26,0,34,0,13,6,1.0,1.0,3
NationalSecurityAgency/datawave,warehouse/keyword-common/src/test/java/datawave/util/keyword/KeywordResultsTest.java,6,1,0,3,15,4,0,5,0,5,5,0.2,0.2,1
NationalSecurityAgency/datawave,warehouse/query-core/src/main/java/datawave/query/util/sortedset/BufferedFileBackedSortedSet.java,131,1,0,12,62,36,0,51,1,20,4,0.53003,0.9459459,3
NationalSecurityAgency/datawave,web-services/query-websocket/src/main/java/datawave/webservice/websocket/codec/JsonQueryMessageDecoder.java,19,1,0,9,11,10,0,5,0,0,0,0.0,0.0,1
NationalSecurityAgency/datawave,warehouse/query-core/src/main/java/datawave/query/jexl/lookups/IndexLookup.java,4,1,2,3,3,1,0,3,0,4,0,0.33333334,0.33333334,1
NationalSecurityAgency/datawave,microservices/services/modification/service/src/main/java/datawave/microservice/modification/config/ModificationServiceConfiguration.java,4,1,0,19,1,6,0,4,0,0,0,0.0,0.0,1
NationalSecurityAgency/datawave,warehouse/query-core/src/test/java/datawave/query/planner/Plans.java,2,1,0,0,1,0,0,2,0,1,0,1.0,1.0,1
NationalSecurityAgency/datawave,warehouse/query-core/src/test/java/datawave/query/iterator/logic/AndIteratorIT.java,27,1,0,11,34,0,0,18,0,4,1,0.12820514,0.12820514,1
NationalSecurityAgency/datawave,warehouse/query-core/src/main/java/datawave/query/language/functions/jexl/Max.java,7,2,0,4,6,6,0,4,0,0,0,0.0,0.0,1
NationalSecurityAgency/datawave,warehouse/query-core/src/main/java/datawave/core/iterators/EnrichingIterator.java,35,1,0,11,28,12,0,12,0,9,5,0.38181818,0.6545454,1
NationalSecurityAgency/datawave,core/tables/src/main/java/datawave/table/constants/LocalityGroupConstants.java,1,1,0,0,0,0,0,1,0,2,2,0.0,0.0,1
NationalSecurityAgency/datawave,core/common-util/src/main/java/datawave/core/cache/LRUMapCVCache.java,5,1,0,4,4,4,0,4,0,1,0,0.16666667,0.16666667,1
NationalSecurityAgency/datawave,warehouse/query-core/src/main/java/datawave/query/iterator/DocumentDataIterator.java,41,1,2,19,29,13,0,10,0,10,3,0.35555556,0.62222224,1
NationalSecurityAgency/datawave,warehouse/query-core/src/main/java/datawave/query/jexl/visitors/RootNegationCheckVisitor.java,9,1,0,8,9,1,0,2,1,0,0,0.0,0.0,1
NationalSecurityAgency/datawave,warehouse/query-core/src/main/java/datawave/query/exceptions/NoResultsException.java,4,4,0,1,0,6,0,4,0,1,1,0.0,0.0,1
NationalSecurityAgency/datawave,warehouse/ingest-core/src/main/java/datawave/ingest/mapreduce/handler/error/ErrorDataTypeHandler.java,37,1,0,34,56,67,0,14,2,15,9,0.18181819,0.42424244,1
NationalSecurityAgency/datawave,warehouse/query-core/src/main/java/datawave/next/scanner/CandidateResult.java,20,1,0,10,21,0,0,10,0,3,0,0.73333335,1.0,1
NationalSecurityAgency/datawave,web-services/client/src/main/java/datawave/webservice/result/QueryWizardStep3Response.java,10,2,0,7,4,15,0,7,0,5,2,0.14285715,0.2857143,1
NationalSecurityAgency/datawave,warehouse/query-core/src/main/java/datawave/query/discovery/LiteralNormalization.java,1,1,0,2,1,0,0,1,0,0,0,0.0,0.0,1
NationalSecurityAgency/datawave,warehouse/query-core/src/test/java/datawave/query/planner/scanhints/IvaratorScanHintTest.java,10,1,0,4,11,0,0,10,0,1,0,1.0,1.0,1
NationalSecurityAgency/datawave,core/annotation/src/main/java/datawave/annotation/util/Validator.java,27,1,0,6,22,33,0,17,1,7,0,1.0,1.0,3
NationalSecurityAgency/datawave,warehouse/ingest-wikipedia/src/main/java/datawave/ingest/wikipedia/WikipediaEventInputFormat.java,18,2,0,17,30,3,0,9,0,3,2,0.71428573,0.71428573,2
NationalSecurityAgency/datawave,warehouse/metrics-core/src/main/java/datawave/metrics/analytic/MetricsCorrelatorReducer.java,18,2,0,10,29,6,0,4,2,2,1,0.0,0.0,1
NationalSecurityAgency/datawave,microservices/starters/query/src/main/java/datawave/microservice/query/executor/status/config/ExecutorStatusCacheConfiguration.java,2,1,0,13,5,0,0,1,0,1,0,0.0,0.0,1
NationalSecurityAgency/datawave,warehouse/ingest-core/src/test/java/datawave/ingest/mapreduce/job/TableSplitsCacheTest.java,47,2,0,23,103,112,0,30,2,17,16,0.43809524,0.64761907,2
NationalSecurityAgency/datawave,warehouse/query-core/src/main/java/datawave/query/transformer/FieldIndexCountQueryTransformer.java,23,2,0,19,69,0,0,6,0,5,0,1.0,1.0,1
NationalSecurityAgency/datawave,warehouse/query-core/src/main/java/datawave/query/jexl/functions/EvaluationPhaseFilterFunctionsDescriptor.java,47,1,0,21,57,3,0,12,0,16,15,0.5833333,0.5833333,2
NationalSecurityAgency/datawave,warehouse/query-core/src/main/java/datawave/query/iterator/errors/ErrorType.java,0,1,0,0,0,0,0,0,0,0,0,0.0,0.0,1
NationalSecurityAgency/datawave,warehouse/query-core/src/main/java/datawave/query/jexl/visitors/GeoFeatureVisitor.java,14,4,0,15,19,9,0,7,2,5,1,0.1,0.1,1
NationalSecurityAgency/datawave,warehouse/ingest-core/src/main/java/datawave/util/flag/processor/SizeValidator.java,1,1,0,2,0,0,0,1,0,0,0,0.0,0.0,1
NationalSecurityAgency/datawave,warehouse/query-core/src/main/java/datawave/query/tracking/ActiveQuerySnapshot.java,11,1,0,4,29,0,0,4,0,13,1,0.6666667,1.0,1
NationalSecurityAgency/datawave,warehouse/query-core/src/test/java/datawave/query/tables/RemoteEdgeQueryLogicHttpTest.java,15,1,0,29,101,0,0,7,0,11,6,0.6666667,1.0,4
NationalSecurityAgency/datawave,web-services/annotations/src/main/java/datawave/webservice/annotation/Metadata.java,15,1,0,2,8,0,0,9,0,4,0,0.6111111,0.7777778,1
NationalSecurityAgency/datawave,warehouse/ingest-core/src/test/java/datawave/ingest/mapreduce/partition/RowHashingPartitionerTest.java,11,1,0,7,10,10,0,5,0,0,0,0.0,0.0,1
NationalSecurityAgency/datawave,core/utils/type-utils/src/test/java/datawave/data/type/TypeFactoryTest.java,8,1,0,26,32,15,0,7,0,1,0,0.06666667,0.06666667,1
NationalSecurityAgency/datawave,warehouse/ingest-core/src/test/java/datawave/util/flag/FlagEntryMoverTest.java,6,2,0,11,37,0,0,6,0,2,1,0.6666667,0.6666667,1
NationalSecurityAgency/datawave,warehouse/query-core/src/test/java/datawave/query/iterator/FieldIndexIntegrationTest.java,46,1,0,30,62,408,0,32,6,10,3,0.30833334,0.30833334,3
NationalSecurityAgency/datawave,warehouse/query-core/src/test/java/datawave/query/predicate/EventDataQueryFieldFilterTest.java,8,1,0,5,14,28,0,8,0,0,0,0.0,0.0,1
NationalSecurityAgency/datawave,warehouse/query-core/src/main/java/datawave/query/jexl/nodes/DroppedExpression.java,14,1,0,4,12,2,0,9,0,5,2,0.71428573,1.0,1
NationalSecurityAgency/datawave,core/connection-pool/src/main/java/datawave/core/common/cache/SharedCacheCoordinator.java,116,1,0,22,123,1,0,36,2,25,5,1.0,1.0,8
NationalSecurityAgency/datawave,core/annotation/src/main/java/datawave/annotation/protobuf/v1/AnnotationList.java,153,2,0,17,100,733,0,86,18,12,5,0.21254355,0.29384437,3
NationalSecurityAgency/datawave,core/tables/src/main/java/datawave/table/constants/TableName.java,1,1,0,0,0,0,0,1,0,12,12,0.0,0.0,1
NationalSecurityAgency/datawave,warehouse/ingest-core/src/main/java/datawave/ingest/data/hash/StringUID.java,9,3,0,4,7,0,0,5,0,3,1,0.9,1.0,1
NationalSecurityAgency/datawave,warehouse/query-core/src/main/java/datawave/query/language/functions/jexl/Include.java,4,3,0,3,2,3,0,3,0,1,1,0.0,0.0,1
NationalSecurityAgency/datawave,warehouse/query-core/src/test/java/datawave/next/stats/DocIterStatsTest.java,8,1,0,3,17,28,0,8,0,0,0,0.0,0.0,1
NationalSecurityAgency/datawave,web-services/security/src/test/java/datawave/security/authorization/remote/RemoteUserOperationsImplIT.java,6,1,0,15,18,0,0,5,0,3,0,0.8,1.0,1
NationalSecurityAgency/datawave,warehouse/query-core/src/test/java/datawave/query/jexl/visitors/RegexIndexExpansionVisitorTest.java,11,1,0,7,17,45,0,10,0,0,0,0.0,0.0,1
NationalSecurityAgency/datawave,microservices/services/query-metric/service/src/main/java/datawave/microservice/querymetric/handler/BaseQueryMetricHandler.java,36,1,0,14,44,15,0,7,0,3,0,0.14285715,0.1904762,1
NationalSecurityAgency/datawave,warehouse/metrics-core/src/main/java/datawave/metrics/mapreduce/LoaderMetricsMapper.java,5,2,0,9,14,0,0,1,0,2,2,0.0,0.0,2
NationalSecurityAgency/datawave,warehouse/ops-tools/config-compare/src/main/java/datawave/configuration/DataTypeConfigCompare.java,10,1,0,4,10,3,0,3,0,1,1,0.0,0.0,1
NationalSecurityAgency/datawave,core/base-rest-responses/src/main/java/datawave/security/authorization/ConditionalRemoteUserOperations.java,20,1,0,6,15,0,0,9,0,5,2,0.6111111,1.0,1
NationalSecurityAgency/datawave,core/utils/common-utils/src/test/java/datawave/util/time/DateHelperTest.java,18,1,0,3,29,147,0,18,0,3,3,0.022058824,0.022058824,1
NationalSecurityAgency/datawave,warehouse/ingest-core/src/test/java/datawave/ingest/mapreduce/handler/shard/NumShardsTest.java,12,1,0,11,36,36,0,9,0,0,0,0.0,0.0,1
NationalSecurityAgency/datawave,web-services/client/src/main/java/datawave/webservice/modification/ModificationRequestBase.java,8,2,2,11,7,1,0,7,0,4,2,1.0,1.0,4
NationalSecurityAgency/datawave,microservices/starters/datawave/src/main/java/datawave/microservice/config/web/filter/ResponseHeaderServletFilter.java,10,3,0,7,18,4,0,6,0,3,0,1.0,1.0,2
NationalSecurityAgency/datawave,warehouse/query-core/src/test/java/datawave/query/util/sortedmap/BufferedFileBackedKeyValueSortedMapTest.java,9,3,0,7,5,15,0,8,0,2,0,0.0,0.0,3
NationalSecurityAgency/datawave,microservices/services/accumulo/api/src/main/java/datawave/webservice/response/objects/SystemPermission.java,5,1,0,5,1,0,0,5,0,2,1,0.6,0.6,2
NationalSecurityAgency/datawave,microservices/services/audit/service/src/test/java/datawave/microservice/audit/health/rabbit/RabbitHealthCheckerTest.java,47,1,0,22,70,438,0,45,0,11,7,1.0,1.0,2
NationalSecurityAgency/datawave,warehouse/core/src/main/java/datawave/authorization/remote/RemoteAuthorizationException.java,1,2,0,1,0,0,0,1,0,0,0,0.0,0.0,1
NationalSecurityAgency/datawave,warehouse/ingest-nyctlc/src/main/java/datawave/ingest/nyctlc/NYCTLCInputFormat.java,7,2,0,7,6,0,0,7,0,1,0,1.0,1.0,2
NationalSecurityAgency/datawave,web-services/query/src/main/java/datawave/webservice/query/util/LookupUUIDUtil.java,168,2,0,32,139,138,0,26,1,35,23,1.0,1.0,2
NationalSecurityAgency/datawave,microservices/services/dictionary/api/src/main/java/datawave/webservice/metadata/MetadataFieldBase.java,21,1,0,5,0,210,0,21,0,1,1,0.0,0.0,1
NationalSecurityAgency/datawave,warehouse/query-core/src/main/java/datawave/query/rules/FieldPatternPresenceRule.java,25,3,0,10,35,0,0,13,0,3,1,0.525641,0.5769231,1
NationalSecurityAgency/datawave,warehouse/core/src/main/java/datawave/util/cli/AccumuloArgs.java,9,1,0,4,2,21,0,9,2,7,0,1.0,1.0,2
NationalSecurityAgency/datawave,microservices/services/query-executor/service/src/main/java/datawave/microservice/query/executor/task/ExecutorStatusLogger.java,6,1,0,4,9,0,0,2,0,3,0,0.0,0.0,1
NationalSecurityAgency/datawave,warehouse/query-core/src/test/java/datawave/mr/bulk/RecordIteratorTest.java,16,1,0,19,34,21,0,10,0,1,1,0.0,0.0,4
NationalSecurityAgency/datawave,warehouse/metrics-core/src/main/java/datawave/metrics/util/UpgradeCounterValues.java,15,1,0,15,52,6,0,5,1,7,0,0.0,0.0,1
NationalSecurityAgency/datawave,warehouse/keyword-common/src/main/java/datawave/util/keyword/TaggedToken.java,13,1,0,1,4,0,0,9,0,5,0,0.6388889,1.0,1
NationalSecurityAgency/datawave,warehouse/query-core/src/main/java/datawave/mr/bulk/RangeRecordReader.java,18,2,0,14,30,0,0,7,0,11,6,1.0,1.0,1
NationalSecurityAgency/datawave,core/utils/type-utils/src/main/java/datawave/data/normalizer/regex/visitor/OptionalVariantExpander.java,19,3,0,11,21,15,0,6,1,0,0,0.0,0.0,1
NationalSecurityAgency/datawave,microservices/starters/metadata/src/main/java/datawave/microservice/metadata/tablecache/TableCacheController.java,3,1,0,13,9,0,0,3,0,2,0,1.0,1.0,1
NationalSecurityAgency/datawave,warehouse/ingest-core/src/main/java/datawave/ingest/mapreduce/job/metrics/AggregatingMetricsStore.java,8,1,0,9,18,0,0,4,0,7,1,1.0,1.0,2
NationalSecurityAgency/datawave,web-services/query/src/test/java/datawave/webservice/query/cache/QueryExpirationBeanTest.java,14,1,0,20,53,2,0,13,0,6,0,1.0,1.0,1
NationalSecurityAgency/datawave,warehouse/query-core/src/test/java/datawave/next/FieldIndexDataTestUtil.java,25,1,7,10,25,58,0,16,0,11,1,0.25833333,0.65833336,1
NationalSecurityAgency/datawave,warehouse/query-core/src/test/java/datawave/query/language/parser/lucene/TestLuceneUUIDQueryParser.java,3,1,0,4,5,3,0,3,0,0,0,0.0,0.0,1
NationalSecurityAgency/datawave,core/utils/type-utils/src/main/java/datawave/data/normalizer/regex/visitor/PrintVisitor.java,31,1,0,26,9,294,0,28,2,3,1,0.0,0.0,4
NationalSecurityAgency/datawave,core/modification/src/main/java/datawave/modification/query/ModificationQueryService.java,4,1,0,2,0,3,0,4,0,0,0,0.0,0.0,2
NationalSecurityAgency/datawave,warehouse/core/src/main/java/datawave/util/ObjectFactory.java,27,1,0,2,21,6,0,5,4,2,2,0.1,0.1,1
NationalSecurityAgency/datawave,microservices/services/query-metric/service/src/main/java/datawave/microservice/querymetric/handler/MockStatusReporter.java,7,2,0,4,4,15,0,7,0,3,0,0.14285715,0.14285715,1
NationalSecurityAgency/datawave,core/utils/type-utils/src/main/java/datawave/data/normalizer/PointNormalizer.java,8,2,0,10,4,9,0,7,3,3,3,0.04761905,0.04761905,1
NationalSecurityAgency/datawave,core/map-reduce/src/main/java/datawave/core/mapreduce/bulkresults/map/BulkResultsFileOutputMapper.java,20,3,0,20,44,15,0,7,3,10,6,0.0,0.0,1
NationalSecurityAgency/datawave,web-services/query/src/main/java/datawave/webservice/query/util/NextContentCriteria.java,3,2,0,3,0,0,0,3,0,1,0,1.0,1.0,1
NationalSecurityAgency/datawave,warehouse/query-core/src/main/java/datawave/query/tables/edge/DefaultEventQueryBuilder.java,76,1,0,11,69,322,0,29,1,16,7,0.10344828,0.5714286,1
NationalSecurityAgency/datawave,warehouse/query-core/src/test/java/datawave/query/postprocessing/tf/TermOffsetFunctionTest.java,5,2,0,10,9,6,0,5,0,0,0,0.0,0.0,2
NationalSecurityAgency/datawave,microservices/starters/metadata/src/main/java/datawave/microservice/metadata/config/TableCacheConfig.java,3,1,0,10,0,3,0,3,0,0,0,0.0,0.0,1
NationalSecurityAgency/datawave,core/utils/metadata-utils/src/main/java/datawave/query/model/Frequency.java,14,1,0,2,6,0,0,10,0,1,0,0.8,0.8,1
NationalSecurityAgency/datawave,warehouse/query-core/src/main/java/datawave/query/util/sortedmap/SortedMapTempFileHandler.java,9,1,0,5,10,2,0,8,0,3,0,0.4642857,0.75,1
NationalSecurityAgency/datawave,warehouse/query-core/src/main/java/datawave/query/language/functions/jexl/UniqueByMinute.java,2,3,0,3,0,1,0,2,0,0,0,0.0,0.0,1
NationalSecurityAgency/datawave,core/query/src/main/java/datawave/core/query/logic/BaseQueryLogicTransformer.java,2,2,0,5,0,0,0,1,0,1,0,0.0,0.0,1
NationalSecurityAgency/datawave,core/utils/accumulo-utils/src/main/java/datawave/scan/ScanBuilder.java,18,1,0,7,8,63,0,14,0,8,3,0.15384616,0.20879121,1
NationalSecurityAgency/datawave,microservices/starters/cached-results/src/main/java/datawave/microservice/query/cachedresults/status/CachedResultsQueryStatus.java,43,1,0,3,1,837,0,43,0,22,1,0.036544852,0.10299003,2
NationalSecurityAgency/datawave,core/connection-pool/src/main/java/datawave/core/common/result/ConnectionPoolProperties.java,16,1,0,0,0,104,0,16,0,8,0,0.06666667,0.06666667,1
NationalSecurityAgency/datawave,core/modification/src/main/java/datawave/modification/configuration/ModificationServiceConfiguration.java,14,1,1,7,1,77,0,14,0,5,0,0.07692308,0.07692308,1
NationalSecurityAgency/datawave,web-services/query/src/main/java/datawave/webservice/query/runner/QueryExecutorBean.java,498,1,0,131,345,997,0,74,0,48,10,1.0,1.0,4
NationalSecurityAgency/datawave,warehouse/age-off/src/test/java/datawave/ingest/util/cache/watch/FileRuleCacheValueTest.java,11,1,0,12,28,3,0,10,0,8,3,0.37777779,0.8,1
NationalSecurityAgency/datawave,microservices/services/audit/service/src/main/java/datawave/microservice/audit/auditors/accumulo/health/AccumuloHealthChecker.java,5,1,0,5,12,0,0,2,0,2,0,1.0,1.0,1
NationalSecurityAgency/datawave,core/modification/src/test/java/datawave/modification/MutableMetadataHandlerTest.java,22,1,0,4,40,231,0,22,0,0,0,0.0,0.0,1
NationalSecurityAgency/datawave,core/connection-pool/src/main/java/datawave/core/common/cache/SharedTriStateListener.java,1,1,0,3,0,0,0,1,0,0,0,0.0,0.0,1
NationalSecurityAgency/datawave,microservices/services/audit/service/src/main/java/datawave/microservice/audit/health/OutageStats.java,7,1,1,1,1,7,0,7,0,2,0,0.33333334,0.33333334,1
NationalSecurityAgency/datawave,core/query/src/main/java/datawave/core/query/logic/QueryLogicTransformer.java,4,1,0,6,0,6,0,4,0,0,0,0.0,0.0,1
NationalSecurityAgency/datawave,core/utils/type-utils/src/main/java/datawave/data/type/util/MACAddress.java,40,1,0,1,19,21,0,11,4,6,2,0.21818182,0.27272728,1
NationalSecurityAgency/datawave,warehouse/query-core/src/main/java/datawave/query/tables/ssdeep/SSDeepSimilarityQueryLogic.java,36,2,0,20,54,258,0,25,0,4,1,0.036666665,0.05,1
NationalSecurityAgency/datawave,core/query/src/main/java/datawave/core/query/configuration/Result.java,23,1,0,9,11,0,0,15,2,3,0,0.5090909,0.6545454,5
NationalSecurityAgency/datawave,warehouse/core/src/main/java/datawave/ingest/data/config/ConfigurationHelper.java,31,2,0,4,38,21,0,7,7,0,0,0.0,0.0,1
NationalSecurityAgency/datawave,warehouse/query-core/src/test/java/datawave/query/lucene/visitors/AmbiguousNotVisitorTest.java,16,1,0,9,13,54,0,13,0,5,2,0.0,0.0,2
NationalSecurityAgency/datawave,core/utils/metadata-utils/src/main/java/datawave/data/MetadataCardinalityCounts.java,25,1,0,9,21,32,0,21,2,9,1,0.42105263,0.8947368,1
NationalSecurityAgency/datawave,warehouse/query-core/src/main/java/datawave/query/jexl/visitors/DepthVisitor.java,14,3,0,8,5,0,0,9,1,3,0,1.0,1.0,2
NationalSecurityAgency/datawave,warehouse/core/src/main/java/datawave/edge/model/EdgeModelFieldsFactory.java,1,1,0,1,0,0,0,1,0,0,0,0.0,0.0,1
NationalSecurityAgency/datawave,warehouse/query-core/src/test/java/datawave/query/attributes/AttributeIT.java,26,8,14,6,20,8,0,23,0,5,1,0.1,0.1,8
NationalSecurityAgency/datawave,warehouse/query-core/src/test/java/datawave/query/transformer/FieldRenameTransformTest.java,8,1,0,8,11,6,0,4,0,0,0,0.0,0.0,1
NationalSecurityAgency/datawave,warehouse/query-core/src/test/java/datawave/query/tables/ScannerSessionTest.java,28,2,0,24,43,3,0,17,4,5,5,0.6388889,1.0,3
NationalSecurityAgency/datawave,warehouse/query-core/src/test/java/datawave/query/attributes/it/GeoLatTypeAttributeIT.java,9,2,0,9,10,36,0,9,0,0,0,0.0,0.0,1
NationalSecurityAgency/datawave,warehouse/query-core/src/main/java/datawave/query/iterator/logic/OrIterator.java,93,1,0,15,66,44,0,20,1,11,1,0.34166667,0.65,1
NationalSecurityAgency/datawave,warehouse/query-core/src/main/java/datawave/query/discovery/TermInfo.java,9,1,0,6,15,1,0,3,0,8,0,0.0,0.0,1
NationalSecurityAgency/datawave,warehouse/query-core/src/main/java/datawave/query/util/DateTypeDescriptionIterator.java,14,1,2,9,18,1,0,7,0,7,2,0.47619048,1.0,1
NationalSecurityAgency/datawave,warehouse/ingest-core/src/main/java/datawave/ingest/config/TableConfigCache.java,25,2,0,6,28,3,0,10,1,8,7,0.5833333,0.5833333,1
NationalSecurityAgency/datawave,core/utils/metadata-utils/src/main/java/datawave/query/model/DateFrequencyMap.java,43,1,0,7,46,0,0,29,0,1,0,0.7207977,0.7207977,3
NationalSecurityAgency/datawave,web-services/client/src/main/java/datawave/webservice/query/result/event/DefaultFieldCardinality.java,43,2,0,11,13,69,0,28,1,8,2,0.30409357,0.53801167,2
NationalSecurityAgency/datawave,core/utils/type-utils/src/main/java/datawave/data/normalizer/NoOpNormalizer.java,4,2,0,2,1,6,0,4,0,1,1,0.0,0.0,1
NationalSecurityAgency/datawave,warehouse/query-core/src/main/java/datawave/query/tables/facets/FacetQueryPlanVisitor.java,8,2,0,11,18,0,0,4,0,4,0,0.5,0.5,1
NationalSecurityAgency/datawave,core/utils/type-utils/src/test/java/datawave/data/normalizer/regex/visitor/NumericCharClassValidatorTest.java,8,1,0,5,10,28,0,8,0,0,0,0.0,0.0,1
NationalSecurityAgency/datawave,microservices/starters/datawave/src/main/java/org/springframework/cloud/bus/event/AuthorizationEvictionEvent.java,5,2,0,2,0,0,0,5,0,2,0,0.9,1.0,2
NationalSecurityAgency/datawave,warehouse/ingest-core/src/main/java/datawave/ingest/mapreduce/job/ConstraintChecker.java,15,4,0,9,13,0,0,5,1,5,3,0.33333334,0.33333334,2
NationalSecurityAgency/datawave,web-services/common/src/main/java/datawave/webservice/common/connection/config/ConnectionPoolConfiguration.java,2,2,0,2,4,1,0,2,0,0,0,0.0,0.0,1
NationalSecurityAgency/datawave,warehouse/age-off-utils/src/test/java/datawave/age/off/util/FridgeToFreezerMapping.java,3,3,0,0,2,1,0,2,0,1,1,0.0,0.0,1
NationalSecurityAgency/datawave,warehouse/query-core/src/main/java/datawave/query/language/processor/lucene/CustomFieldLimiterNodeProcessor.java,27,2,0,10,16,1,0,3,0,2,0,0.33333334,0.33333334,1
NationalSecurityAgency/datawave,warehouse/query-core/src/main/java/datawave/query/util/EmptyContext.java,1,1,0,9,4,0,0,1,0,0,0,0.0,0.0,1
NationalSecurityAgency/datawave,warehouse/ingest-core/src/main/java/datawave/ingest/mapreduce/job/writer/AbstractContextWriter.java,24,2,0,13,29,0,0,7,0,8,2,0.61904764,0.71428573,1
NationalSecurityAgency/datawave,warehouse/query-core/src/test/java/datawave/query/testframework/AccumuloSetup.java,28,2,0,35,50,94,0,16,0,8,1,0.08888889,0.13333334,1
NationalSecurityAgency/datawave,core/modification/src/test/java/datawave/modification/MutableMetadataHandlerTestSupport.java,84,1,0,23,102,1012,0,62,12,26,21,0.13280116,0.39404935,2
NationalSecurityAgency/datawave,warehouse/query-core/src/test/java/datawave/next/stats/DocIdQueryIterStatsTest.java,10,1,0,4,24,45,0,10,0,0,0,0.0,0.0,1
NationalSecurityAgency/datawave,warehouse/query-core/src/main/java/datawave/query/jexl/lookups/AsyncIndexLookup.java,22,2,5,9,23,8,0,5,0,7,1,0.1,0.1,1
NationalSecurityAgency/datawave,warehouse/ingest-core/src/main/java/datawave/ingest/mapreduce/job/IngestJob.java,251,1,1,66,265,447,0,38,9,59,3,0.1996435,0.41354725,1
NationalSecurityAgency/datawave,warehouse/query-core/src/main/java/datawave/query/language/parser/QueryParser.java,1,1,0,1,0,0,0,1,0,0,0,0.0,0.0,1
NationalSecurityAgency/datawave,microservices/services/dictionary/api/src/main/java/datawave/webservice/dictionary/data/DictionaryFieldBase.java,7,1,0,5,0,21,0,7,0,0,0,0.0,0.0,1
NationalSecurityAgency/datawave,warehouse/query-core/src/main/java/datawave/query/transformer/EventQueryTransformerSupport.java,29,2,0,24,62,41,0,15,0,11,1,0.30476192,0.44761905,1
NationalSecurityAgency/datawave,warehouse/ingest-core/src/test/java/datawave/ingest/mapreduce/SimpleDataTypeHandler.java,8,1,0,17,9,21,0,7,0,2,1,0.0,0.0,1
NationalSecurityAgency/datawave,warehouse/query-core/src/main/java/datawave/query/jexl/visitors/CaseSensitivityVisitor.java,16,4,0,19,11,72,0,13,1,2,0,0.03846154,0.03846154,1
NationalSecurityAgency/datawave,warehouse/query-core/src/main/java/datawave/query/util/DateIndexTestIngest.java,2,1,0,7,9,0,0,1,1,4,2,0.0,0.0,1
NationalSecurityAgency/datawave,warehouse/query-core/src/main/java/datawave/query/language/processor/lucene/CustomQueryNodeProcessorPipeline.java,1,2,0,16,1,0,0,1,0,0,0,0.0,0.0,1
NationalSecurityAgency/datawave,warehouse/core/src/test/java/datawave/data/hash/HashUIDTest.java,23,1,0,5,38,3,0,10,0,2,0,0.46666667,0.46666667,30
NationalSecurityAgency/datawave,warehouse/query-core/src/test/java/datawave/query/postprocessing/tf/PhraseIndexesTest.java,10,1,0,4,17,3,0,10,0,2,2,0.46666667,0.46666667,1
NationalSecurityAgency/datawave,core/utils/type-utils/src/main/java/datawave/webservice/query/util/QueryUncaughtExceptionHandler.java,6,1,0,0,3,4,0,5,0,3,0,0.3,0.4,1
NationalSecurityAgency/datawave,warehouse/query-core/src/main/java/datawave/core/iterators/DatawaveFieldIndexRangeIteratorJexl.java,35,4,3,11,40,26,0,19,1,8,0,0.41666666,0.41666666,2
NationalSecurityAgency/datawave,microservices/starters/datawave/src/main/java/datawave/microservice/http/converter/html/BannerProvider.java,2,1,0,0,0,1,0,2,0,0,0,0.0,0.0,1
NationalSecurityAgency/datawave,warehouse/query-core/src/main/java/datawave/query/planner/async/FetchIndexOnlyFields.java,6,2,0,5,4,0,0,4,0,3,0,0.5,0.5,1
NationalSecurityAgency/datawave,web-services/common/src/test/java/datawave/webservice/common/json/MultivaluedMapDeserializerTest.java,7,1,0,9,10,0,0,7,0,2,1,1.0,1.0,2
NationalSecurityAgency/datawave,core/metrics-reporter/src/main/java/datawave/metrics/StatsDMetricReporterFactory.java,4,2,0,5,1,3,0,4,0,0,0,0.0,0.0,2
NationalSecurityAgency/datawave,warehouse/query-core/src/test/java/datawave/query/attributes/DocumentTest.java,49,1,0,24,46,0,0,26,0,11,3,0.50666666,0.8433333,1
NationalSecurityAgency/datawave,microservices/starters/datawave/src/main/java/datawave/microservice/authorization/jwt/JWTAuthenticationFilter.java,11,2,0,13,17,0,0,4,0,3,0,1.0,1.0,1
NationalSecurityAgency/datawave,warehouse/query-core/src/main/java/datawave/query/jexl/visitors/QueryPruningVisitor.java,108,3,0,54,24,1330,0,53,2,3,1,0.004432624,0.005319149,2
NationalSecurityAgency/datawave,warehouse/core/src/test/java/datawave/edge/util/EdgeValueHelperTest.java,31,1,0,16,53,126,0,17,0,7,1,0.032967035,0.043956045,1
NationalSecurityAgency/datawave,web-services/client/src/main/java/datawave/webservice/results/mr/MapReduceInfoResponse.java,61,1,0,11,29,172,0,29,1,12,2,0.05263158,0.05263158,2
NationalSecurityAgency/datawave,core/query/src/test/java/datawave/core/query/logic/composite/CompositeLogicExceptionTest.java,7,1,0,5,7,21,0,7,0,0,0,0.0,0.0,1
NationalSecurityAgency/datawave,web-services/query/src/main/java/datawave/webservice/query/util/QueryMetricUtil.java,2,1,0,6,12,1,0,2,2,1,1,0.0,0.0,1
NationalSecurityAgency/datawave,microservices/services/authorization/service/src/test/java/datawave/microservice/authorization/AuthorizeHttpsAllowedCallerTest.java,5,1,0,15,15,3,0,5,0,5,0,1.0,1.0,2
NationalSecurityAgency/datawave,warehouse/query-core/src/test/java/datawave/query/util/IndexExpansionIngest.java,22,1,0,14,32,4,0,5,5,9,9,0.0,0.0,1
NationalSecurityAgency/datawave,core/query/src/main/java/datawave/core/query/logic/WritesResultCardinalities.java,1,1,0,0,0,0,0,1,0,0,0,0.0,0.0,1
NationalSecurityAgency/datawave,warehouse/ingest-core/src/main/java/datawave/ingest/mapreduce/job/JobObservable.java,4,2,0,1,2,2,0,4,0,2,0,0.33333334,0.33333334,1
NationalSecurityAgency/datawave,core/utils/type-utils/src/main/java/datawave/data/type/DateType.java,7,2,0,7,11,15,0,6,0,4,3,0.0,0.0,1
NationalSecurityAgency/datawave,microservices/services/accumulo/api/src/main/java/datawave/webservice/response/objects/TablePermission.java,7,1,0,6,1,3,0,7,0,3,1,0.42857143,0.71428573,2
NationalSecurityAgency/datawave,warehouse/query-core/src/main/java/datawave/query/jexl/nodes/TermCostComparator.java,3,3,0,4,2,3,0,3,0,0,0,0.0,0.0,1
NationalSecurityAgency/datawave,core/in-memory-accumulo/src/main/java/datawave/accumulo/inmemory/InMemoryNamespaceOperations.java,22,2,0,8,25,0,0,14,0,3,1,0.06593407,0.06593407,1
NationalSecurityAgency/datawave,warehouse/query-core/src/test/java/datawave/query/attributes/PreNormalizedAttributeTest.java,2,2,0,4,3,1,0,2,0,0,0,0.0,0.0,1
NationalSecurityAgency/datawave,core/utils/accumulo-utils/src/test/java/datawave/cache/CollectionSafeKeyGeneratorTest.java,11,1,0,3,14,55,0,11,0,0,0,0.0,0.0,1
NationalSecurityAgency/datawave,microservices/starters/cache/src/main/java/datawave/autoconfigure/CacheConfigurations.java,7,1,0,8,10,1,0,3,2,1,1,0.33333334,0.33333334,1
NationalSecurityAgency/datawave,core/utils/type-utils/src/test/java/datawave/webservice/query/util/TypedValueTest.java,21,1,0,10,25,204,0,21,1,3,2,0.0,0.0,1
NationalSecurityAgency/datawave,warehouse/query-core/src/main/java/datawave/query/jexl/visitors/TreeFlatteningRebuildingVisitor.java,51,4,0,50,3,0,0,51,2,1,0,0.92235297,0.92235297,1
NationalSecurityAgency/datawave,microservices/services/accumulo/api/src/main/java/datawave/webservice/response/ListTablesResponse.java,2,2,0,6,0,0,0,2,0,2,1,1.0,1.0,1
NationalSecurityAgency/datawave,warehouse/query-core/src/main/java/datawave/query/jexl/lookups/BaseRegexIndexLookup.java,11,3,2,7,11,15,0,7,0,6,1,0.14285715,0.14285715,1
NationalSecurityAgency/datawave,warehouse/query-core/src/main/java/datawave/query/lucene/visitors/UnfieldedTermsVisitor.java,3,2,0,4,5,1,0,2,1,0,0,0.0,0.0,1
NationalSecurityAgency/datawave,warehouse/ingest-core/src/main/java/datawave/ingest/mapreduce/handler/JobSetupHandler.java,1,1,0,1,0,0,0,1,0,0,0,0.0,0.0,1
NationalSecurityAgency/datawave,microservices/services/query/service/src/main/java/datawave/microservice/query/web/BaseQueryResponseAdvice.java,2,1,0,9,8,1,0,2,0,0,0,0.0,0.0,1
NationalSecurityAgency/datawave,web-services/query/src/main/java/datawave/webservice/query/cache/QueryExpirationBean.java,39,1,0,27,43,0,0,7,0,8,1,1.0,1.0,1
NationalSecurityAgency/datawave,microservices/services/dictionary/service/src/main/java/datawave/microservice/metadata/MetadataDescriptionsHelperFactory.java,1,1,0,5,0,0,0,1,0,0,0,0.0,0.0,1
NationalSecurityAgency/datawave,microservices/services/dictionary/api/src/main/java/datawave/webservice/dictionary/edge/EventField.java,44,1,0,9,21,96,0,29,1,10,3,0.6666667,1.0,3
NationalSecurityAgency/datawave,warehouse/ingest-core/src/main/java/datawave/util/flag/FlagMetrics.java,17,1,0,12,22,0,0,3,0,6,3,1.0,1.0,1
NationalSecurityAgency/datawave,microservices/services/query/service/src/main/java/datawave/microservice/query/mapreduce/config/MapReduceQueryControllerConfig.java,4,1,0,10,13,3,0,4,0,1,0,0.0,0.0,2
NationalSecurityAgency/datawave,microservices/starters/cache/src/main/java/datawave/autoconfigure/EhCacheCacheConfiguration.java,5,2,0,14,5,0,0,4,0,2,0,0.6666667,1.0,2
NationalSecurityAgency/datawave,web-services/security/src/main/java/datawave/security/authorization/remote/RemoteUserOperationsImpl.java,11,2,0,13,18,2,0,5,0,9,6,0.6666667,1.0,1
NationalSecurityAgency/datawave,microservices/services/accumulo/service/src/main/java/datawave/microservice/accumulo/lookup/config/LookupConfiguration.java,2,1,0,14,0,1,0,2,0,0,0,0.0,0.0,2
NationalSecurityAgency/datawave,warehouse/ingest-core/src/main/java/datawave/ingest/mapreduce/job/SafeFileOutputCommitter.java,31,2,0,11,37,47,0,14,0,8,3,1.0,1.0,2
NationalSecurityAgency/datawave,warehouse/query-core/src/test/java/datawave/query/tables/RemoteEdgeQueryLogicTest.java,13,1,0,14,36,24,0,11,0,3,0,0.33333334,0.33333334,2
NationalSecurityAgency/datawave,warehouse/ssdeep-common/src/main/java/datawave/util/ssdeep/SSDeepNGramOverlapScorer.java,14,1,0,4,12,0,0,3,1,1,0,1.0,1.0,1
NationalSecurityAgency/datawave,web-services/client/src/main/java/datawave/webservice/result/keyword/TagCloudResponseBase.java,3,3,1,5,0,3,0,3,0,0,0,0.0,0.0,1
NationalSecurityAgency/datawave,microservices/services/accumulo/service/src/test/java/datawave/microservice/accumulo/lookup/config/AuditConfigurationTest.java,2,1,0,2,3,1,0,2,0,0,0,0.0,0.0,1
NationalSecurityAgency/datawave,warehouse/ingest-core/src/main/java/datawave/ingest/data/config/ingest/CompositeIngestHelperInterface.java,1,1,0,0,0,0,0,1,0,0,0,0.0,0.0,1
NationalSecurityAgency/datawave,warehouse/core/src/main/java/datawave/iterators/IteratorSettingHelper.java,0,1,0,0,0,0,0,0,0,1,1,0.0,0.0,1
NationalSecurityAgency/datawave,warehouse/query-core/src/test/java/datawave/query/testframework/BaseShardIdRange.java,3,1,0,1,5,0,0,3,1,2,1,0.33333334,0.33333334,1
NationalSecurityAgency/datawave,microservices/services/config/src/main/java/datawave/microservice/config/server/autoconfigure/DatawaveEncryptionConfiguration.java,2,1,0,13,12,0,0,2,0,2,0,1.0,1.0,1
NationalSecurityAgency/datawave,warehouse/query-core/src/main/java/datawave/query/language/functions/lucene/IsNull.java,9,2,0,8,6,10,0,5,0,0,0,0.0,0.0,1
NationalSecurityAgency/datawave,microservices/starters/audit/src/main/java/datawave/microservice/audit/AuditServiceProvider.java,9,1,1,6,20,0,0,6,0,3,1,0.8666667,1.0,1
NationalSecurityAgency/datawave,warehouse/query-core/src/main/java/datawave/query/language/builder/jexl/JexlTreeBuilder.java,6,2,0,25,14,3,0,3,0,2,2,0.0,0.0,1
NationalSecurityAgency/datawave,core/connection-pool/src/test/java/datawave/core/common/curator/TestSharedCacheCoordinator.java,47,1,0,15,69,0,0,16,0,16,3,0.5714286,1.0,3
NationalSecurityAgency/datawave,warehouse/core/src/main/java/datawave/ingest/mapreduce/job/SplittableRFileRecordReader.java,11,3,0,13,14,1,0,2,1,0,0,0.0,0.0,1
NationalSecurityAgency/datawave,core/annotation/src/main/java/datawave/annotation/protobuf/v1/Point.java,110,2,0,15,66,578,0,69,18,13,6,0.13793103,0.2413793,3
NationalSecurityAgency/datawave,microservices/services/accumulo/service/src/main/java/datawave/microservice/accumulo/admin/AdminController.java,15,1,0,21,14,0,0,15,0,1,0,1.0,1.0,1
NationalSecurityAgency/datawave,microservices/services/audit/service/src/main/java/datawave/microservice/audit/replay/remote/Request.java,13,2,2,3,1,15,0,13,4,3,0,1.0,1.0,3
NationalSecurityAgency/datawave,warehouse/query-core/src/main/java/datawave/query/postprocessing/tf/TermOffsetPopulator.java,47,1,2,24,71,40,0,13,7,7,2,0.1978022,0.30769232,1
NationalSecurityAgency/datawave,core/utils/type-utils/src/main/java/datawave/data/normalizer/regex/visitor/NegativeVariantExpander.java,5,3,0,8,6,3,0,3,1,0,0,0.0,0.0,1
NationalSecurityAgency/datawave,microservices/services/audit/service/src/main/java/datawave/microservice/audit/replay/runner/RunningReplay.java,3,1,0,1,0,0,0,3,0,2,0,0.6666667,1.0,1
NationalSecurityAgency/datawave,core/utils/type-utils/src/main/java/datawave/data/type/IpAddressType.java,6,2,0,6,3,6,0,4,0,2,2,0.0,0.0,1
NationalSecurityAgency/datawave,microservices/starters/query/src/main/java/datawave/microservice/query/messaging/config/MessagingProperties.java,62,1,0,9,0,104,0,62,0,31,0,1.0,1.0,8
NationalSecurityAgency/datawave,warehouse/core/src/main/java/datawave/ingest/mapreduce/StandaloneStatusReporter.java,10,2,0,3,1,31,0,10,0,3,0,0.15555556,0.2,1
NationalSecurityAgency/datawave,microservices/services/dictionary/api/src/main/java/datawave/webservice/dictionary/data/DefaultDictionaryField.java,37,2,0,9,23,44,0,22,1,5,1,0.23076923,0.47435898,2
NationalSecurityAgency/datawave,warehouse/query-core/src/test/java/datawave/query/common/grouping/GroupFieldsTest.java,23,1,0,7,39,223,0,23,1,3,3,0.05928854,0.05928854,1
NationalSecurityAgency/datawave,microservices/services/query-executor/service/src/test/java/datawave/microservice/query/executor/ShouldGenerateResultsTest.java,37,2,0,15,14,264,0,37,0,3,0,0.06666667,0.06666667,5
NationalSecurityAgency/datawave,warehouse/query-core/src/test/java/datawave/query/jexl/visitors/WhindexVisitorTest.java,42,1,0,5,15,0,0,42,1,7,7,1.0,1.0,1
NationalSecurityAgency/datawave,microservices/services/accumulo/api/src/main/java/datawave/webservice/response/ListUsersResponse.java,2,2,0,6,0,0,0,2,0,2,1,1.0,1.0,1
NationalSecurityAgency/datawave,warehouse/query-core/src/main/java/datawave/next/scanner/DocumentScheduler.java,15,2,1,16,31,7,0,11,0,5,1,0.37777779,0.62222224,1
NationalSecurityAgency/datawave,warehouse/query-core/src/main/java/datawave/query/tables/edge/EdgeQueryLogic.java,163,2,0,46,157,2483,0,76,7,14,2,0.04972973,0.14738739,2
NationalSecurityAgency/datawave,core/base-rest-responses/src/main/java/datawave/webservice/query/result/event/MapSchema.java,14,1,0,6,11,34,0,9,0,1,1,0.0,0.0,1
NationalSecurityAgency/datawave,core/tables/src/test/java/datawave/table/key/parser/TruncatedIndexKeyParserTest.java,4,1,0,5,11,0,0,4,0,1,0,1.0,1.0,1
NationalSecurityAgency/datawave,microservices/starters/query/src/main/java/datawave/microservice/query/edge/config/EdgeDictionaryProviderProperties.java,2,1,0,3,0,0,0,2,0,1,0,1.0,1.0,1
NationalSecurityAgency/datawave,warehouse/query-core/src/main/java/datawave/query/jexl/JexlASTHelper.java,371,5,0,55,235,4170,0,112,93,24,15,1.0,1.0,6
NationalSecurityAgency/datawave,warehouse/query-core/src/test/java/datawave/query/data/parsers/FieldIndexKeyTest.java,12,1,0,4,14,0,0,12,0,8,0,1.0,1.0,1
NationalSecurityAgency/datawave,warehouse/query-core/src/main/java/datawave/next/scanner/KeyWithContext.java,7,1,1,3,7,0,0,5,0,3,0,0.8,1.0,1
NationalSecurityAgency/datawave,core/annotation/src/test/java/datawave/annotation/protobuf/v1/SegmentValueCompatibilityTest.java,1,1,0,4,15,0,0,1,0,0,0,0.0,0.0,1
NationalSecurityAgency/datawave,warehouse/query-core/src/main/java/datawave/query/tables/RemoteEventQueryLogic.java,20,5,0,13,14,28,0,13,0,3,1,1.0,1.0,3
NationalSecurityAgency/datawave,microservices/services/query-metric/service/src/main/java/datawave/microservice/querymetric/config/StatsConfiguration.java,1,1,0,10,0,0,0,1,0,0,0,0.0,0.0,1
NationalSecurityAgency/datawave,microservices/starters/query/src/main/java/datawave/microservice/query/logic/config/QueryParserProperties.java,6,1,0,1,0,9,0,6,0,3,0,0.2,0.2,1
NationalSecurityAgency/datawave,warehouse/query-core/src/main/java/datawave/query/index/stats/IndexStatsClient.java,24,1,0,16,40,7,0,10,0,7,4,0.42222223,0.8,1
NationalSecurityAgency/datawave,warehouse/ingest-core/src/test/java/datawave/ingest/mapreduce/job/reindex/SimpleContentIndexingColumnBasedHandler.java,1,2,0,3,0,0,0,1,0,0,0,0.0,0.0,1
NationalSecurityAgency/datawave,microservices/services/dictionary/service/src/test/java/datawave/microservice/ControllerIT.java,3,1,2,17,9,0,0,2,0,7,0,0.0,0.0,2
NationalSecurityAgency/datawave,warehouse/query-core/src/main/java/datawave/query/index/day/DayIndexScannerStream.java,56,1,0,10,70,13,0,15,0,40,1,1.0,1.0,5
NationalSecurityAgency/datawave,core/utils/type-utils/src/test/java/datawave/data/normalizer/regex/visitor/AlternationDeduperTest.java,5,1,0,6,6,10,0,5,0,0,0,0.0,0.0,1
NationalSecurityAgency/datawave,core/utils/type-utils/src/test/java/datawave/data/normalizer/regex/visitor/NonEncodedNumbersCheckerTest.java,8,1,0,6,9,28,0,8,0,0,0,0.0,0.0,1
NationalSecurityAgency/datawave,microservices/services/query-metric/service/src/main/java/datawave/microservice/querymetric/config/QueryMetricHandlerProperties.java,89,1,0,12,18,3710,0,89,0,43,0,0.026302349,0.36031666,1
NationalSecurityAgency/datawave,warehouse/query-core/src/main/java/datawave/query/function/TLDEquality.java,6,1,0,3,4,0,0,1,0,0,0,0.0,0.0,1
NationalSecurityAgency/datawave,microservices/services/audit/service/src/main/java/datawave/microservice/audit/health/rabbit/RabbitHealthChecker.java,115,1,0,22,146,93,0,23,3,28,3,0.5714286,1.0,2
NationalSecurityAgency/datawave,warehouse/metrics-core/src/main/java/datawave/metrics/mapreduce/NullRecordReader.java,1,3,0,5,0,0,0,1,0,0,0,0.0,0.0,1
NationalSecurityAgency/datawave,warehouse/query-core/src/main/java/datawave/query/composite/CompositeTerm.java,42,2,0,13,28,55,0,11,0,2,2,0.0,0.0,1
NationalSecurityAgency/datawave,warehouse/query-core/src/test/java/datawave/query/function/AncestorEqualityTest.java,8,1,0,4,3,0,0,8,0,1,0,1.0,1.0,1
NationalSecurityAgency/datawave,core/utils/type-utils/src/main/java/datawave/data/normalizer/regex/visitor/NumericCharClassValidator.java,12,2,0,7,8,0,0,4,1,1,1,0.0,0.0,1
NationalSecurityAgency/datawave,warehouse/core/src/main/java/datawave/ingest/protobuf/TermWeight.java,212,2,0,16,91,883,0,110,21,21,10,0.18498942,0.39957717,5
NationalSecurityAgency/datawave,microservices/services/authorization/api/src/main/java/datawave/security/authorization/oauth/OAuthTokenResponse.java,11,1,0,5,1,29,0,11,0,5,0,0.23636363,0.6727273,1
NationalSecurityAgency/datawave,warehouse/query-core/src/main/java/datawave/core/iterators/TermFrequencyFilter.java,8,2,0,11,12,7,0,7,0,4,2,0.33333334,0.47619048,1
NationalSecurityAgency/datawave,warehouse/query-core/src/test/java/datawave/query/ancestor/AncestorQueryIteratorTest.java,2,1,0,6,7,1,0,2,0,0,0,0.0,0.0,1
NationalSecurityAgency/datawave,web-services/client/src/main/java/datawave/webservice/query/result/istat/FieldStat.java,17,1,0,5,18,36,0,9,0,8,2,0.0,0.0,2
NationalSecurityAgency/datawave,warehouse/age-off/src/main/java/datawave/iterators/filter/ColumnQualifierRegexFilter.java,1,3,0,3,2,0,0,1,0,0,0,0.0,0.0,1
NationalSecurityAgency/datawave,microservices/services/query/service/src/test/java/datawave/microservice/query/QueryServiceCancelTest.java,17,2,0,14,37,36,0,9,0,0,0,0.0,0.0,1
NationalSecurityAgency/datawave,core/modification/src/main/java/datawave/modification/MutableMetadataUUIDHandler.java,64,3,0,20,67,4,0,5,0,8,1,0.3,0.3,1
NationalSecurityAgency/datawave,web-services/query/src/main/java/datawave/webservice/query/util/QueryMetricsReporter.java,29,1,0,17,56,10,0,8,1,7,0,0.33333334,0.33333334,1
NationalSecurityAgency/datawave,core/query/src/main/java/datawave/core/query/logic/BaseQueryLogic.java,81,1,0,23,64,2472,0,72,0,23,1,0.015649453,0.033255085,2
NationalSecurityAgency/datawave,warehouse/query-core/src/main/java/datawave/query/language/parser/lucene/TokenMgrError.java,19,3,0,1,11,15,0,6,2,6,5,0.0,0.0,1
NationalSecurityAgency/datawave,microservices/services/query-metric/service/src/test/java/datawave/microservice/querymetric/QueryMetricOperationsHazelcastWriteThroughTest.java,5,3,0,8,5,10,0,5,0,0,0,0.0,0.0,1
NationalSecurityAgency/datawave,warehouse/query-core/src/main/java/datawave/query/language/parser/ParseException.java,3,3,0,0,0,3,0,3,0,1,1,0.0,0.0,1
NationalSecurityAgency/datawave,warehouse/query-core/src/test/java/datawave/query/jexl/visitors/IngestTypeVisitorTest.java,62,1,0,10,44,781,0,50,1,10,1,0.2859175,0.32859176,1
NationalSecurityAgency/datawave,web-services/query/src/test/java/datawave/webservice/query/util/QueryMetricUtilTest.java,2,1,0,8,14,0,0,2,0,7,0,1.0,1.0,1
NationalSecurityAgency/datawave,core/metrics-reporter/src/main/java/datawave/metrics/ConsoleMetricsReporterFactory.java,3,2,0,4,5,1,0,3,0,0,0,0.0,0.0,2
NationalSecurityAgency/datawave,warehouse/metrics-core/src/main/java/datawave/metrics/mapreduce/TextSequenceFileCombinerFormat.java,1,2,0,9,0,0,0,1,0,0,0,0.0,0.0,1
NationalSecurityAgency/datawave,warehouse/query-core/src/main/java/org/apache/lucene/queryparser/flexible/core/nodes/FunctionQueryNode.java,42,2,0,7,24,51,0,15,0,7,1,0.2967033,0.85714287,1
NationalSecurityAgency/datawave,warehouse/query-core/src/main/java/datawave/query/transformer/FieldRenameTransform.java,13,2,0,6,20,0,0,4,0,3,0,0.6666667,1.0,1
NationalSecurityAgency/datawave,warehouse/query-core/src/main/java/datawave/query/util/SortedKeyValueIteratorToIterator.java,21,4,0,7,9,6,0,14,0,6,1,0.6666667,1.0,3
NationalSecurityAgency/datawave,warehouse/ingest-core/src/main/java/datawave/ingest/input/reader/ReaderInitializer.java,1,1,0,2,0,0,0,1,0,0,0,0.0,0.0,1
NationalSecurityAgency/datawave,warehouse/query-core/src/test/java/datawave/next/scanner/CandidateResultSerializerTest.java,13,1,0,9,27,10,0,12,0,3,0,0.71428573,0.71428573,1
NationalSecurityAgency/datawave,warehouse/query-core/src/test/java/datawave/query/util/sortedmap/FileSortedMapTest.java,54,1,0,7,58,0,0,20,0,4,0,0.9044118,1.0,2
NationalSecurityAgency/datawave,warehouse/query-core/src/main/java/datawave/query/function/serializer/NoOpSerializer.java,2,2,0,3,0,1,0,2,0,1,1,0.0,0.0,1
NationalSecurityAgency/datawave,warehouse/ingest-core/src/test/java/datawave/ingest/mapreduce/TestWritableUtil.java,8,1,0,4,17,6,0,4,4,0,0,0.0,0.0,1
NationalSecurityAgency/datawave,core/utils/type-utils/src/main/java/datawave/data/normalizer/regex/visitor/DecimalPointPlacer.java,103,2,0,14,60,32,0,26,1,9,0,1.0,1.0,2
NationalSecurityAgency/datawave,warehouse/query-core/src/main/java/datawave/query/jexl/visitors/PushFunctionsIntoExceededValueRanges.java,35,4,0,18,46,16,0,8,1,3,1,0.33333334,0.33333334,1
NationalSecurityAgency/datawave,warehouse/query-core/src/test/java/datawave/query/CompositeFunctionsTest.java,54,2,0,21,41,957,0,46,2,6,4,0.03768116,0.07536232,1
NationalSecurityAgency/datawave,core/utils/type-utils/src/main/java/datawave/data/type/StringType.java,2,2,1,1,1,1,0,2,0,2,2,0.0,0.0,1
NationalSecurityAgency/datawave,warehouse/query-core/src/test/java/datawave/query/util/NoUidIndexIngest.java,10,2,0,13,32,1,0,3,0,1,1,0.33333334,0.33333334,1
NationalSecurityAgency/datawave,microservices/starters/datawave/src/main/java/datawave/microservice/authorization/user/DatawaveUserDetailsFactory.java,2,1,0,6,11,0,0,2,0,1,0,1.0,1.0,1
NationalSecurityAgency/datawave,warehouse/query-core/src/main/java/datawave/query/jexl/visitors/LiteralNodeVisitor.java,7,4,0,9,7,15,0,6,1,0,0,0.0,0.0,1
NationalSecurityAgency/datawave,microservices/services/accumulo/service/src/test/java/datawave/microservice/accumulo/stats/util/AccumuloMonitorLocatorTest.java,5,1,0,10,15,0,0,5,2,5,3,0.5,1.0,2
NationalSecurityAgency/datawave,core/annotation/src/main/java/datawave/annotation/data/AnnotationSerializer.java,2,1,0,2,0,1,0,2,0,0,0,0.0,0.0,1
NationalSecurityAgency/datawave,web-services/query/src/main/java/datawave/webservice/query/limit/UserLimitConfiguration.java,15,1,0,1,8,0,0,11,0,3,0,0.6,0.8181818,1
NationalSecurityAgency/datawave,warehouse/query-core/src/main/java/datawave/query/attributes/AttributeKeepFilter.java,1,1,0,3,4,0,0,1,0,0,0,0.0,0.0,1
NationalSecurityAgency/datawave,warehouse/query-core/src/main/java/datawave/query/tables/edge/contexts/QueryContext.java,264,1,0,10,106,140,0,57,1,17,0,0.36666667,0.7583333,4
NationalSecurityAgency/datawave,core/tables/src/main/java/datawave/table/constants/MetadataColumnFamilyConstants.java,0,1,0,1,0,0,0,0,0,19,0,0.0,0.0,1
NationalSecurityAgency/datawave,warehouse/query-core/src/main/java/datawave/query/iterator/ParentQueryIterator.java,21,3,0,24,21,43,0,12,0,2,1,0.022222223,0.022222223,2
NationalSecurityAgency/datawave,web-services/query/src/main/java/datawave/webservice/query/limit/SystemQueryLimit.java,18,1,0,3,9,0,0,12,2,5,0,0.6545454,1.0,1
NationalSecurityAgency/datawave,warehouse/query-core/src/test/java/datawave/test/index/ScanResult.java,6,1,0,4,6,0,0,5,0,6,1,0.5,1.0,1
NationalSecurityAgency/datawave,warehouse/query-core/src/main/java/datawave/query/tables/keyword/extractor/TagCloudInputExtractorException.java,1,3,0,0,0,0,0,1,0,0,0,0.0,0.0,1
NationalSecurityAgency/datawave,microservices/starters/query/src/main/java/datawave/microservice/query/mapreduce/status/cache/util/LockedCacheUpdateUtil.java,4,1,0,4,6,0,0,2,0,1,0,1.0,1.0,1
NationalSecurityAgency/datawave,warehouse/ingest-core/src/test/java/datawave/ingest/table/aggregator/util/IndexKeyConversionTests.java,4,1,0,1,0,6,0,4,0,0,0,0.0,0.0,1
NationalSecurityAgency/datawave,warehouse/ingest-core/src/main/java/datawave/ingest/mapreduce/job/metrics/KeyConverter.java,3,1,0,2,2,0,0,2,2,2,2,1.0,1.0,1
NationalSecurityAgency/datawave,warehouse/ingest-core/src/main/java/datawave/util/flag/processor/DateUtils.java,9,1,0,2,15,1,0,2,2,5,5,0.0,0.0,1
NationalSecurityAgency/datawave,web-services/examples/client-login/src/main/java/datawave/webservice/examples/ClientLoginExampleBean.java,3,1,0,10,17,0,0,2,0,2,0,0.0,0.0,2
NationalSecurityAgency/datawave,web-services/common-util/src/main/java/datawave/query/iterator/QueriesTableAgeOffIterator.java,4,2,0,6,5,1,0,3,0,1,0,0.33333334,0.33333334,1
NationalSecurityAgency/datawave,warehouse/query-core/src/test/java/datawave/query/rules/IncludeExcludeArgsRuleTest.java,19,2,0,9,11,171,0,19,0,0,0,0.0,0.0,1
NationalSecurityAgency/datawave,warehouse/query-core/src/test/java/datawave/query/ancestor/AncestorUidIntersectorTest.java,15,1,0,9,18,0,0,15,0,5,0,1.0,1.0,1
NationalSecurityAgency/datawave,microservices/starters/cache/src/main/java/datawave/autoconfigure/GenericCacheConfiguration.java,2,1,0,10,2,0,0,2,0,1,0,1.0,1.0,1
NationalSecurityAgency/datawave,warehouse/query-core/src/main/java/datawave/query/lucene/visitors/BaseVisitor.java,71,1,14,35,8,595,0,35,1,0,0,0.0,0.0,1
NationalSecurityAgency/datawave,warehouse/ingest-core/src/main/java/datawave/ingest/data/config/ingest/IngestHelperInterface.java,36,1,0,9,2,630,0,36,0,0,0,0.0,0.0,1
NationalSecurityAgency/datawave,warehouse/accumulo-extensions/src/main/java/datawave/ingest/table/balancer/ShardRendezvousHostBalancer.java,26,2,0,12,57,21,0,10,2,9,8,0.2857143,0.35714287,1
NationalSecurityAgency/datawave,core/utils/type-utils/src/main/java/datawave/data/normalizer/regex/SingleCharNode.java,8,2,0,4,6,26,0,8,0,1,1,0.035714287,0.035714287,1
NationalSecurityAgency/datawave,warehouse/ingest-core/src/main/java/datawave/ingest/config/RawRecordContainerImpl.java,142,1,2,17,115,1057,0,62,0,26,6,0.21638419,0.9338983,1
NationalSecurityAgency/datawave,warehouse/keyword-common/src/main/java/datawave/util/keyword/language/YakeLanguage.java,16,1,0,3,18,6,0,8,4,4,3,1.0,1.0,3
NationalSecurityAgency/datawave,warehouse/query-core/src/main/java/datawave/query/util/EntryToTuple.java,1,1,0,5,3,0,0,1,0,0,0,0.0,0.0,1
NationalSecurityAgency/datawave,microservices/services/query/service/src/test/java/datawave/microservice/query/AbstractQueryServiceTest.java,75,2,13,46,117,793,0,57,0,24,10,0.13320999,0.32469934,5
NationalSecurityAgency/datawave,warehouse/query-core/src/main/java/datawave/query/util/cache/IndexedFieldLoader.java,23,3,0,10,30,0,0,5,0,2,1,0.6,0.6,1
NationalSecurityAgency/datawave,warehouse/query-core/src/test/java/datawave/query/jexl/visitors/QueryPropertyMarkerVisitorTest.java,15,1,0,6,18,63,0,15,0,1,0,0.022222223,0.022222223,1
NationalSecurityAgency/datawave,microservices/starters/query/src/main/java/datawave/microservice/query/messaging/QueryResultsPublisher.java,2,1,0,2,1,1,0,2,0,0,0,0.0,0.0,1
NationalSecurityAgency/datawave,warehouse/age-off/src/test/java/datawave/ingest/util/cache/watch/FileRuleCacheLoaderTest.java,3,1,0,4,12,3,0,3,0,0,0,0.0,0.0,1
NationalSecurityAgency/datawave,warehouse/query-core/src/main/java/datawave/query/jexl/functions/IdentityAggregator.java,30,2,3,14,38,116,0,17,0,2,0,0.073529415,0.073529415,1
NationalSecurityAgency/datawave,warehouse/ingest-core/src/main/java/datawave/ingest/mapreduce/partition/MultiTableRRRangePartitioner.java,8,3,0,3,8,0,0,1,0,2,1,0.0,0.0,1
NationalSecurityAgency/datawave,core/annotation/src/main/java/datawave/annotation/data/AnnotationSerializationException.java,2,3,1,0,0,1,0,2,0,1,1,0.0,0.0,1
NationalSecurityAgency/datawave,warehouse/query-core/src/test/java/datawave/query/language/functions/jexl/UniqueTest.java,6,1,0,2,7,15,0,6,0,0,0,0.0,0.0,1
NationalSecurityAgency/datawave,core/utils/accumulo-utils/src/test/java/datawave/scan/ScannerBuilderTest.java,16,1,0,14,36,0,0,14,1,10,6,0.84615386,0.84615386,1
NationalSecurityAgency/datawave,warehouse/query-core/src/main/java/datawave/query/predicate/Projection.java,19,1,0,4,9,0,0,11,0,3,0,0.8181818,1.0,2
NationalSecurityAgency/datawave,warehouse/query-core/src/main/java/datawave/query/index/lookup/EntryParser.java,20,1,0,12,25,0,0,7,0,8,2,0.8095238,1.0,1
NationalSecurityAgency/datawave,warehouse/ingest-core/src/main/java/datawave/ingest/mapreduce/job/CBMutationOutputFormatter.java,8,3,0,12,22,1,0,6,2,4,2,1.0,1.0,2
NationalSecurityAgency/datawave,warehouse/ingest-core/src/main/java/datawave/ingest/mapreduce/job/reduce/AggregatingReducer.java,62,3,0,18,70,91,0,32,0,17,11,0.9,1.0,3
NationalSecurityAgency/datawave,core/annotation/src/test/java/datawave/annotation/util/v1/AnnotationJsonUtilsSegmentTest.java,6,1,0,11,31,3,0,6,0,4,1,0.4,0.4,1
NationalSecurityAgency/datawave,warehouse/query-core/src/main/java/datawave/query/iterator/logic/KeywordExtractingIterator.java,69,1,0,20,89,222,0,25,10,19,9,0.15686275,0.35947713,2
NationalSecurityAgency/datawave,warehouse/query-core/src/main/java/datawave/query/jexl/functions/ContentFunctions.java,15,1,0,7,11,66,0,12,12,7,7,0.0,0.0,1
NationalSecurityAgency/datawave,web-services/query/src/test/java/datawave/webservice/query/limit/UserLimitProviderTest.java,12,1,0,8,22,16,0,12,0,5,2,0.41666666,0.41666666,1
NationalSecurityAgency/datawave,core/metrics-reporter/src/main/java/datawave/metrics/NoOpMetricsReporter.java,2,2,0,8,0,1,0,2,0,0,0,0.0,0.0,1
NationalSecurityAgency/datawave,microservices/starters/metadata/src/main/java/datawave/microservice/metadata/tablecache/TableCacheReloadService.java,6,1,0,9,9,0,0,5,0,4,0,0.5,0.5,1
NationalSecurityAgency/datawave,warehouse/query-core/src/main/java/datawave/query/iterator/filter/EdgeFilterIterator.java,33,2,0,19,31,14,0,8,0,13,7,0.06666667,0.06666667,1
NationalSecurityAgency/datawave,warehouse/query-core/src/main/java/datawave/query/jexl/functions/QueryFunctionsDescriptor.java,128,1,0,19,51,65,0,16,1,6,2,0.16666667,0.16666667,2
NationalSecurityAgency/datawave,microservices/services/hazelcast/common/src/main/java/datawave/microservice/cached/CacheInspector.java,4,1,0,1,0,6,0,4,0,0,0,0.0,0.0,1
NationalSecurityAgency/datawave,warehouse/query-core/src/test/java/datawave/query/discovery/IndexMatchingIteratorTest.java,22,1,0,11,28,0,0,10,2,5,5,0.64444447,0.8,1
NationalSecurityAgency/datawave,warehouse/query-core/src/main/java/datawave/query/tables/SessionOptions.java,60,1,2,14,48,489,0,41,1,14,0,0.8,1.0,2
NationalSecurityAgency/datawave,warehouse/query-core/src/main/java/datawave/mr/bulk/split/RfileSplit.java,4,1,0,4,3,0,0,3,0,5,0,0.6666667,1.0,1
NationalSecurityAgency/datawave,warehouse/query-core/src/main/java/datawave/query/exceptions/EmptyUnfieldedTermExpansionException.java,4,5,0,1,0,6,0,4,0,1,1,0.0,0.0,1
NationalSecurityAgency/datawave,web-services/client/src/main/java/datawave/webservice/modification/DefaultUUIDModificationRequest.java,6,2,0,10,6,0,0,4,0,2,1,1.0,1.0,1
NationalSecurityAgency/datawave,core/tables/src/test/java/datawave/table/key/parser/ShardedDayIndexKeyParserTest.java,4,1,0,5,11,0,0,4,0,1,0,1.0,1.0,1
NationalSecurityAgency/datawave,core/annotation/src/test/java/datawave/annotation/util/v1/JacksonJsonSerializationTest.java,23,1,0,25,57,30,0,12,1,4,4,0.23636363,0.38181818,1
NationalSecurityAgency/datawave,microservices/services/dictionary/api/src/main/java/datawave/webservice/dictionary/edge/DefaultEdgeDictionary.java,39,3,0,16,31,68,0,25,1,9,4,0.6666667,1.0,3
NationalSecurityAgency/datawave,warehouse/query-core/src/main/java/datawave/query/index/lookup/Union.java,83,2,0,13,71,0,0,21,1,12,1,0.8666667,1.0,2
NationalSecurityAgency/datawave,warehouse/ingest-core/src/main/java/datawave/ingest/input/reader/event/EventFixer.java,2,1,0,2,0,1,0,2,0,0,0,0.0,0.0,1
NationalSecurityAgency/datawave,warehouse/query-core/src/main/java/datawave/query/jexl/visitors/CardinalityVisitor.java,27,4,0,21,11,114,0,16,1,1,0,0.025,0.025,1
NationalSecurityAgency/datawave,core/base-rest-responses/src/main/java/datawave/webservice/result/TotalResultsAware.java,2,1,0,0,0,1,0,2,0,0,0,0.0,0.0,1
NationalSecurityAgency/datawave,warehouse/query-core/src/test/java/datawave/query/jexl/visitors/FixNegativeNumbersVisitorTest.java,1,1,0,4,9,0,0,1,0,0,0,0.0,0.0,1
NationalSecurityAgency/datawave,core/query/src/main/java/datawave/core/query/logic/QueryLogicFactory.java,3,1,0,2,0,3,0,3,0,0,0,0.0,0.0,1
NationalSecurityAgency/datawave,microservices/services/authorization/service/src/test/java/datawave/microservice/authorization/AuthorizationTestUserService.java,12,1,0,7,14,34,0,9,0,3,0,0.027777778,0.027777778,1
NationalSecurityAgency/datawave,warehouse/query-core/src/main/java/datawave/query/postprocessing/tf/EmptyTermFrequencyFunction.java,1,1,0,6,4,0,0,1,0,1,1,0.0,0.0,1
NationalSecurityAgency/datawave,microservices/starters/query/src/main/java/datawave/microservice/query/mapreduce/remote/event/listener/MapReduceQueryRemoteRequestEventListener.java,6,1,0,9,16,2,0,4,0,3,0,1.0,1.0,1
NationalSecurityAgency/datawave,warehouse/query-core/src/main/java/datawave/query/rules/FieldExistenceRule.java,21,3,0,12,33,13,0,11,0,2,1,0.38181818,0.38181818,1
NationalSecurityAgency/datawave,core/utils/type-utils/src/test/java/datawave/data/normalizer/GeometryNormalizerTest.java,13,1,0,8,33,0,0,8,0,1,0,0.75,0.75,1
NationalSecurityAgency/datawave,warehouse/ingest-wikipedia/src/main/java/datawave/ingest/wikipedia/DocWriter.java,3,1,0,9,9,0,0,2,0,6,1,1.0,1.0,1
NationalSecurityAgency/datawave,core/common-util/src/main/java/datawave/core/cache/LRUMapClassCache.java,5,1,0,2,4,4,0,4,0,1,0,0.16666667,0.16666667,1
NationalSecurityAgency/datawave,warehouse/keyword-common/src/main/java/datawave/util/keyword/VisibleContent.java,9,1,0,1,3,0,0,5,0,2,0,0.9,1.0,1
NationalSecurityAgency/datawave,core/base-rest-responses/src/main/java/datawave/user/UserMessages.java,118,2,0,17,67,608,0,78,21,11,7,0.17460318,0.17460318,5
NationalSecurityAgency/datawave,core/utils/metadata-utils/src/test/java/datawave/iterators/filter/EdgeMetadataCQStripperCombiner.java,41,2,0,13,58,1,0,14,0,8,1,0.5,0.6,3
NationalSecurityAgency/datawave,warehouse/query-core/src/main/java/datawave/query/util/metadata/LoaderKey.java,5,1,0,2,6,0,0,4,0,3,0,1.0,1.0,1
NationalSecurityAgency/datawave,microservices/configcheck/src/main/java/datawave/microservice/configcheck/util/ArgumentUtils.java,8,1,0,1,11,6,0,4,4,1,1,0.0,0.0,1
NationalSecurityAgency/datawave,warehouse/metrics-core/src/main/java/datawave/metrics/analytic/Phase.java,17,1,0,3,10,0,0,11,0,2,0,0.6,0.6545454,1
NationalSecurityAgency/datawave,warehouse/query-core/src/test/java/datawave/query/util/sortedmap/MultiMapBackedKeyValueSortedMapTest.java,8,3,0,5,5,10,0,7,0,2,0,0.0,0.0,3
NationalSecurityAgency/datawave,microservices/services/modification/service/src/main/java/datawave/microservice/modification/config/ModificationDataProperties.java,0,1,0,4,0,0,0,0,0,1,0,0.0,0.0,1
NationalSecurityAgency/datawave,warehouse/query-core/src/main/java/datawave/next/ListDocIdIterator.java,28,3,0,13,41,18,0,8,0,4,1,0.06666667,0.06666667,1
NationalSecurityAgency/datawave,warehouse/query-core/src/main/java/datawave/next/retrieval/DocumentIteratorOptions.java,28,1,1,26,35,11,0,7,1,29,2,0.1904762,0.2857143,1
NationalSecurityAgency/datawave,warehouse/query-core/src/test/java/datawave/query/tables/ConsumerIteratorTest.java,7,1,0,5,16,0,0,1,0,1,1,0.0,0.0,1
NationalSecurityAgency/datawave,warehouse/query-core/src/test/java/datawave/query/iterator/NestedQueryIteratorTest.java,6,1,0,11,18,0,0,4,0,3,1,1.0,1.0,1
NationalSecurityAgency/datawave,warehouse/query-core/src/test/java/datawave/query/lucene/visitors/AmbiguousUnfieldedTermsVisitorTest.java,21,1,0,10,17,0,0,20,0,5,2,1.0,1.0,1
NationalSecurityAgency/datawave,warehouse/query-core/src/main/java/datawave/query/exceptions/NoSuchDeserializerException.java,4,5,0,1,0,6,0,4,0,1,1,0.0,0.0,1
NationalSecurityAgency/datawave,warehouse/query-core/src/test/java/datawave/query/attributes/NumericTest.java,4,2,0,4,3,0,0,4,0,1,0,0.5,0.5,1
NationalSecurityAgency/datawave,warehouse/query-core/src/main/java/datawave/query/iterator/filter/KeyIdentity.java,0,1,0,2,1,0,0,0,0,1,1,0.0,0.0,1
NationalSecurityAgency/datawave,warehouse/query-core/src/test/java/datawave/query/iterator/logic/OrIteratorIT.java,24,1,0,11,34,66,0,13,0,4,1,0.16666667,0.16666667,1
NationalSecurityAgency/datawave,microservices/starters/query/src/main/java/datawave/microservice/query/edge/config/EdgeQueryLogicFactoryConfiguration.java,5,1,0,17,3,3,0,3,0,0,0,0.0,0.0,1
NationalSecurityAgency/datawave,core/utils/type-utils/src/main/java/datawave/data/normalizer/regex/RegexConstants.java,1,1,0,7,2,0,0,1,0,35,35,0.0,0.0,1
NationalSecurityAgency/datawave,web-services/query/src/main/java/datawave/webservice/query/dashboard/DashboardQuery.java,2,1,0,5,5,1,0,2,1,11,11,0.0,0.0,1
NationalSecurityAgency/datawave,warehouse/ingest-core/src/main/java/datawave/ingest/mapreduce/handler/edge/evaluation/EdgePreconditionJexlEvaluation.java,12,1,0,6,12,7,0,6,0,3,1,0.26666668,0.26666668,1
NationalSecurityAgency/datawave,web-services/annotations/src/test/java/datawave/webservice/annotation/AnnotationLookupUUIDTest.java,20,1,0,34,66,61,0,14,3,10,3,0.10714286,0.10714286,1
NationalSecurityAgency/datawave,warehouse/query-core/src/main/java/datawave/query/jexl/visitors/ConjunctionEliminationVisitor.java,42,4,0,14,35,105,0,15,1,1,1,0.0,0.0,1
NationalSecurityAgency/datawave,warehouse/query-core/src/main/java/datawave/query/function/RemoveGroupingContext.java,5,1,0,5,11,0,0,1,0,0,0,0.0,0.0,1
NationalSecurityAgency/datawave,core/utils/common-utils/src/main/java/datawave/microservice/authorization/util/AuthorizationsUtil.java,42,1,0,10,57,105,0,15,15,0,0,0.0,0.0,1
NationalSecurityAgency/datawave,microservices/starters/query/src/main/java/datawave/microservice/query/executor/status/cache/util/CacheUpdater.java,2,1,0,1,0,1,0,2,0,0,0,0.0,0.0,1
NationalSecurityAgency/datawave,web-services/common-util/src/test/java/datawave/webservice/common/exception/RESTExceptionMapperTest.java,10,1,0,9,8,0,0,10,1,1,1,1.0,1.0,1
NationalSecurityAgency/datawave,web-services/query/src/main/java/datawave/webservice/query/limit/Matcher.java,16,1,0,7,12,15,0,6,2,0,0,0.0,0.0,2
NationalSecurityAgency/datawave,warehouse/ingest-core/src/main/java/datawave/ingest/data/tokenize/ITokenizer.java,4,1,0,1,0,6,0,4,0,0,0,0.0,0.0,1
NationalSecurityAgency/datawave,web-services/client/src/main/java/datawave/webservice/query/cache/RunningQueries.java,8,1,0,7,7,13,0,6,0,3,2,0.06666667,0.06666667,1
NationalSecurityAgency/datawave,microservices/starters/datawave/src/main/java/datawave/microservice/config/security/DeniedAccessRoleFilter.java,5,2,0,8,14,0,0,2,0,2,0,1.0,1.0,1
NationalSecurityAgency/datawave,warehouse/query-core/src/main/java/datawave/query/lucene/visitors/AmbiguousUnfieldedTermsVisitor.java,41,2,0,9,17,0,0,11,1,3,0,0.6666667,1.0,2
NationalSecurityAgency/datawave,warehouse/query-core/src/main/java/datawave/query/tables/facets/FacetedQueryLogic.java,28,4,0,27,40,43,0,20,0,3,0,1.0,1.0,2
NationalSecurityAgency/datawave,warehouse/ingest-wikipedia/src/main/java/datawave/ingest/wikipedia/WikipediaDataTypeHandler.java,49,2,0,35,98,6,0,11,0,12,9,0.52380955,0.71428573,2
NationalSecurityAgency/datawave,warehouse/query-core/src/main/java/datawave/query/tables/keyword/extractor/FieldedTagCloudInputExtractor.java,47,1,1,11,33,129,0,23,0,10,3,0.25714287,0.8142857,1
NationalSecurityAgency/datawave,warehouse/query-core/src/test/java/datawave/query/testframework/RawMetaData.java,2,1,0,1,9,0,0,2,0,3,0,1.0,1.0,1
NationalSecurityAgency/datawave,warehouse/query-core/src/main/java/datawave/query/transformer/annotation/AllHitsFactory.java,40,1,1,12,58,21,0,14,0,5,1,0.6,1.0,2
NationalSecurityAgency/datawave,warehouse/common/src/test/java/datawave/common/cl/OptionBuilderTest.java,3,1,0,4,13,0,0,3,0,1,0,1.0,1.0,1
NationalSecurityAgency/datawave,web-services/common/src/main/java/datawave/configuration/RefreshEvent.java,0,1,0,0,0,0,0,0,0,0,0,0.0,0.0,1
NationalSecurityAgency/datawave,web-services/client/src/main/java/datawave/webservice/result/QueryWizardStep1Response.java,7,2,0,7,3,9,0,6,0,4,3,0.2,0.2,1
NationalSecurityAgency/datawave,warehouse/query-core/src/main/java/datawave/query/language/functions/lucene/Text.java,2,3,0,3,0,1,0,2,0,0,0,0.0,0.0,1
NationalSecurityAgency/datawave,warehouse/ingest-core/src/main/java/datawave/ingest/mapreduce/handler/ExtendedDataTypeHandler.java,1,1,0,9,0,0,0,1,0,5,0,0.0,0.0,1
NationalSecurityAgency/datawave,warehouse/query-core/src/main/java/datawave/query/attributes/TimingMetadata.java,21,5,0,5,12,54,0,12,0,7,7,0.09090909,0.09090909,1
NationalSecurityAgency/datawave,warehouse/query-core/src/main/java/datawave/query/util/sortedmap/FileSerializableSortedMap.java,35,2,0,12,19,28,0,28,0,6,1,1.0,1.0,5
NationalSecurityAgency/datawave,warehouse/query-core/src/test/java/datawave/query/util/sortedmap/HdfsBackedSortedMapTest.java,5,1,0,12,40,0,0,2,0,1,0,1.0,1.0,1
NationalSecurityAgency/datawave,microservices/starters/query/src/main/java/datawave/microservice/query/federation/config/FederatedQueryProperties.java,26,1,0,2,1,271,0,26,0,11,0,0.083076924,0.1323077,1
NationalSecurityAgency/datawave,warehouse/metrics-core/src/main/java/datawave/metrics/mapreduce/MetricsIngester.java,30,2,3,32,100,0,0,4,1,5,5,0.33333334,0.33333334,1
NationalSecurityAgency/datawave,warehouse/query-core/src/test/java/datawave/query/jexl/nodes/DefaultJexlNodeComparatorTest.java,5,2,0,4,1,0,0,5,0,1,0,1.0,1.0,1
NationalSecurityAgency/datawave,warehouse/query-core/src/main/java/datawave/query/function/serializer/ToStringDocumentSerializer.java,2,2,0,4,2,1,0,2,0,0,0,0.0,0.0,1
NationalSecurityAgency/datawave,microservices/starters/query/src/main/java/datawave/microservice/query/messaging/hazelcast/HazelcastQueryResultsManager.java,8,1,0,13,10,0,0,6,0,7,3,1.0,1.0,1
NationalSecurityAgency/datawave,core/query/src/main/java/datawave/core/query/exception/EmptyObjectException.java,0,4,0,0,0,0,0,0,0,1,1,0.0,0.0,1
NationalSecurityAgency/datawave,microservices/starters/datawave/src/main/java/datawave/microservice/config/discovery/rabbit/RabbitDiscoveryProperties.java,6,1,0,1,0,9,0,6,0,3,0,0.2,0.2,1
NationalSecurityAgency/datawave,microservices/services/audit/service/src/main/java/datawave/microservice/audit/replay/config/ReplayProperties.java,24,1,0,5,1,104,0,24,0,12,0,0.14285715,0.14285715,2
NationalSecurityAgency/datawave,core/query/src/main/java/datawave/core/query/result/event/DefaultResponseObjectFactory.java,19,2,0,39,0,171,0,19,0,0,0,0.0,0.0,1
NationalSecurityAgency/datawave,microservices/services/dictionary/api/src/main/java/datawave/webservice/dictionary/data/DefaultFields.java,40,3,0,16,35,87,0,24,2,6,3,0.10989011,0.17582418,2
NationalSecurityAgency/datawave,warehouse/query-core/src/main/java/datawave/query/iterator/builder/IndexListIteratorBuilder.java,19,4,0,17,49,3,0,7,0,4,1,0.42857143,1.0,1
NationalSecurityAgency/datawave,web-services/query/src/test/java/datawave/webservice/query/limit/GroupLimitCacheTest.java,4,1,0,4,11,6,0,4,0,0,0,0.0,0.0,1
NationalSecurityAgency/datawave,core/utils/accumulo-utils/src/main/java/datawave/iterator/ReducingIterator.java,1,1,0,0,0,0,0,1,0,0,0,0.0,0.0,1
NationalSecurityAgency/datawave,web-services/query/src/main/java/datawave/webservice/query/limit/QueryHeartbeat.java,19,1,0,4,16,0,0,10,0,5,1,0.75555557,1.0,1
NationalSecurityAgency/datawave,warehouse/ingest-core/src/main/java/datawave/ingest/mapreduce/handler/edge/define/EdgeDefinitionConfigurationHelper.java,41,1,0,5,42,57,0,14,0,7,1,0.10606061,0.10606061,1
NationalSecurityAgency/datawave,warehouse/ingest-core/src/main/java/datawave/ingest/mapreduce/partition/TabletLocationHashPartitioner.java,14,2,0,11,12,30,0,9,0,3,1,0.035714287,0.035714287,1
NationalSecurityAgency/datawave,warehouse/query-core/src/test/java/datawave/query/tables/ssdeep/SSDeepSimilarityQueryTransformerTest.java,8,1,0,20,24,0,0,2,0,5,0,1.0,1.0,1
NationalSecurityAgency/datawave,warehouse/query-core/src/main/java/datawave/query/tables/async/event/QueryChunk.java,6,1,0,2,5,2,0,5,0,2,0,0.4,0.6,1
NationalSecurityAgency/datawave,warehouse/query-core/src/test/java/datawave/query/index/lookup/ShardLimitingIteratorTest.java,8,1,0,9,22,1,0,2,0,0,0,0.0,0.0,1
NationalSecurityAgency/datawave,warehouse/query-core/src/test/java/datawave/query/tables/ssdeep/testframework/SSDeepDataManager.java,8,3,0,8,15,8,0,7,2,2,2,0.16666667,0.16666667,2
NationalSecurityAgency/datawave,warehouse/ingest-core/src/test/java/datawave/ingest/mapreduce/handler/edge/ProtobufEdgeDeletePreconditionTest.java,5,1,0,19,28,0,0,5,0,3,2,1.0,1.0,1
NationalSecurityAgency/datawave,warehouse/query-core/src/main/java/datawave/query/jexl/visitors/PushdownNegationVisitor.java,39,3,0,17,29,36,0,12,2,1,0,1.0,1.0,2
NationalSecurityAgency/datawave,core/query/src/main/java/datawave/core/query/logic/WritesQueryMetrics.java,9,1,0,1,0,36,0,9,0,0,0,0.0,0.0,1
NationalSecurityAgency/datawave,warehouse/query-core/src/main/java/datawave/query/language/functions/jexl/GroupByMonth.java,2,3,0,3,0,1,0,2,0,0,0,0.0,0.0,1
NationalSecurityAgency/datawave,warehouse/query-core/src/main/java/datawave/query/transformer/GroupingTransform.java,16,2,0,9,24,0,0,5,0,7,1,0.7,1.0,1
NationalSecurityAgency/datawave,warehouse/query-core/src/main/java/datawave/query/discovery/TermInfoAggregation.java,17,1,0,9,25,0,0,5,0,5,1,1.0,1.0,1
NationalSecurityAgency/datawave,warehouse/query-core/src/test/java/datawave/query/index/day/BitSetFactoryTest.java,2,1,0,1,3,1,0,2,0,0,0,0.0,0.0,1
NationalSecurityAgency/datawave,microservices/starters/query/src/main/java/datawave/microservice/query/logic/config/FacetedQueryConfiguration.java,4,1,0,10,6,1,0,2,0,1,0,0.0,0.0,1
NationalSecurityAgency/datawave,microservices/services/dictionary/service/src/main/java/datawave/microservice/dictionary/config/ResponseObjectFactory.java,3,1,0,10,0,3,0,3,0,0,0,0.0,0.0,1
NationalSecurityAgency/datawave,microservices/services/hazelcast/client/src/main/java/datawave/microservice/cached/HazelcastDefaultClientAutoConfiguration.java,2,2,0,17,2,1,0,2,0,0,0,0.0,0.0,1
NationalSecurityAgency/datawave,warehouse/ingest-core/src/main/java/datawave/ingest/data/config/ingest/AbstractContentIngestHelper.java,10,4,1,2,5,36,0,9,0,0,0,0.0,0.0,1
NationalSecurityAgency/datawave,warehouse/query-core/src/main/java/datawave/query/function/MaskedValueFilterFactory.java,15,1,0,5,22,4,0,4,4,3,3,0.0,0.0,1
NationalSecurityAgency/datawave,warehouse/query-core/src/main/java/datawave/query/composite/CompositeRange.java,97,2,0,14,45,10,0,21,0,6,2,0.35164836,0.4945055,1
NationalSecurityAgency/datawave,warehouse/query-core/src/main/java/datawave/query/jexl/visitors/DelayedNonEventSubTreeVisitor.java,18,3,0,16,16,22,0,8,1,3,0,0.0,0.0,1
NationalSecurityAgency/datawave,warehouse/query-core/src/main/java/datawave/query/jexl/visitors/QueryOptionsFromQueryVisitor.java,72,4,0,18,52,118,0,19,2,12,10,1.0,1.0,2
NationalSecurityAgency/datawave,warehouse/query-core/src/main/java/datawave/query/iterator/logic/NegationFilter.java,6,1,0,4,11,0,0,1,1,0,0,0.0,0.0,1
NationalSecurityAgency/datawave,warehouse/query-core/src/main/java/datawave/query/index/lookup/AncestorIndexStream.java,26,2,0,9,27,0,0,15,1,3,0,1.0,1.0,2
NationalSecurityAgency/datawave,warehouse/ingest-core/src/main/java/datawave/ingest/table/config/ShardTableConfigHelper.java,53,2,1,19,28,0,0,7,0,25,9,1.0,1.0,2
NationalSecurityAgency/datawave,warehouse/query-core/src/main/java/datawave/query/config/ScanHintRule.java,8,1,0,1,0,28,0,8,0,0,0,0.0,0.0,1
NationalSecurityAgency/datawave,warehouse/query-core/src/main/java/datawave/query/index/stats/IndexStatsCombiningIterator.java,12,1,0,10,16,1,0,7,0,5,0,0.47619048,1.0,1
NationalSecurityAgency/datawave,core/in-memory-accumulo/src/main/java/datawave/accumulo/inmemory/InMemorySecurityOperations.java,41,1,0,14,14,0,0,18,0,1,0,0.019607844,0.019607844,1
NationalSecurityAgency/datawave,warehouse/query-core/src/main/java/datawave/query/jexl/visitors/FetchFunctionFieldsVisitor.java,23,4,0,11,30,0,0,12,2,6,0,1.0,1.0,2
NationalSecurityAgency/datawave,warehouse/core/src/main/java/datawave/marking/MarkingFunctionsFactory.java,6,1,0,10,10,1,0,3,2,3,3,0.33333334,0.33333334,1
NationalSecurityAgency/datawave,warehouse/index-stats/src/test/java/datawave/mapreduce/shardStats/StatsTestData.java,9,1,0,8,16,0,0,5,2,4,1,0.2,0.3,1
NationalSecurityAgency/datawave,warehouse/query-core/src/main/java/datawave/query/iterator/UniqueColumnFamilyIterator.java,13,2,0,8,15,0,0,4,1,4,1,0.5,0.5,1
NationalSecurityAgency/datawave,microservices/services/query-metric/service/src/main/java/datawave/microservice/querymetric/factory/QueryMetricQueryLogicFactory.java,3,1,0,10,19,1,0,3,0,5,0,0.33333334,0.33333334,1
NationalSecurityAgency/datawave,microservices/services/query-metric/service/src/main/java/datawave/microservice/querymetric/handler/QueryMetricHandler.java,8,1,0,7,0,28,0,8,0,0,0,0.0,0.0,1
NationalSecurityAgency/datawave,warehouse/age-off-utils/src/main/java/datawave/age/off/util/AgeOffRuleFormatter.java,11,1,0,9,37,1,0,7,2,4,2,1.0,1.0,1
NationalSecurityAgency/datawave,web-services/client/src/main/java/datawave/webservice/results/mr/MapReduceJobDescription.java,13,1,0,9,1,62,0,13,0,7,1,0.102564104,0.102564104,1
NationalSecurityAgency/datawave,web-services/common/src/main/java/datawave/webservice/common/json/ObjectMapperDecorator.java,1,1,0,1,0,0,0,1,0,0,0,0.0,0.0,1
NationalSecurityAgency/datawave,warehouse/query-core/src/main/java/datawave/query/language/parser/lucene/Token.java,2,1,0,1,0,1,0,2,1,5,0,0.0,0.0,1
NationalSecurityAgency/datawave,core/utils/type-utils/src/main/java/datawave/data/normalizer/regex/RepetitionNode.java,6,2,0,4,1,15,0,6,0,0,0,0.0,0.0,1
NationalSecurityAgency/datawave,warehouse/query-core/src/test/java/datawave/test/HitTermAssertions.java,43,1,0,6,29,0,0,13,0,9,2,0.6,0.62222224,1
NationalSecurityAgency/datawave,warehouse/query-core/src/main/java/datawave/query/exceptions/InvalidDocumentHeader.java,4,5,0,1,0,6,0,4,0,1,1,0.0,0.0,1
NationalSecurityAgency/datawave,warehouse/ingest-core/src/main/java/datawave/util/flag/FlagEntryMover.java,18,2,0,8,29,6,0,4,0,2,2,0.0,0.0,1
NationalSecurityAgency/datawave,warehouse/query-core/src/test/java/datawave/query/jexl/visitors/UnmarkedBoundedRangeDetectionVisitorTest.java,8,1,0,4,8,21,0,7,0,0,0,0.0,0.0,1
NationalSecurityAgency/datawave,microservices/services/audit/api/src/main/java/datawave/webservice/common/audit/AuditParameters.java,77,1,0,5,48,110,0,28,2,19,10,0.37321937,0.9259259,1
NationalSecurityAgency/datawave,warehouse/query-core/src/main/java/datawave/query/iterator/facets/FacetedTableIterator.java,2,5,0,12,5,0,0,2,0,4,1,1.0,1.0,1
NationalSecurityAgency/datawave,warehouse/ingest-core/src/main/java/datawave/ingest/mapreduce/handler/shard/content/ContentIndexCounters.java,20,1,0,2,20,0,0,8,0,8,6,0.5,1.0,1
NationalSecurityAgency/datawave,warehouse/query-core/src/main/java/datawave/query/jexl/visitors/validate/JunctionValidatingVisitor.java,58,3,0,49,6,1233,0,51,1,1,0,0.013297873,0.013297873,1
NationalSecurityAgency/datawave,warehouse/query-core/src/test/java/datawave/query/testframework/CitiesDataType.java,25,2,1,11,29,17,0,17,6,11,8,0.6666667,1.0,3
NationalSecurityAgency/datawave,warehouse/ingest-core/src/main/java/datawave/ingest/mapreduce/job/MultiRFileOutputFormatter.java,124,2,0,27,191,51,0,39,12,53,21,0.4722222,0.8433333,3
NationalSecurityAgency/datawave,core/utils/type-utils/src/main/java/datawave/data/type/GeoLonType.java,4,2,0,4,5,6,0,4,0,2,2,0.0,0.0,1
NationalSecurityAgency/datawave,microservices/services/query/service/src/test/java/datawave/microservice/query/QueryServiceCreateTest.java,9,2,0,20,40,36,0,9,0,0,0,0.0,0.0,1
NationalSecurityAgency/datawave,warehouse/age-off/src/main/java/datawave/iterators/filter/ageoff/AgeOffPeriod.java,17,1,0,2,6,2,0,9,1,4,1,0.4722222,0.7777778,1
NationalSecurityAgency/datawave,microservices/services/hazelcast/client/src/main/java/datawave/microservice/cached/HazelcastK8sClientAutoConfiguration.java,3,2,0,20,14,1,0,2,0,0,0,0.0,0.0,1
NationalSecurityAgency/datawave,warehouse/query-core/src/main/java/datawave/query/planner/pushdown/PushDownPlanner.java,3,1,0,5,0,3,0,3,0,0,0,0.0,0.0,1
NationalSecurityAgency/datawave,warehouse/core/src/main/java/datawave/data/hash/UID.java,47,1,4,9,32,182,0,20,9,7,5,0.010526316,0.015789473,1
NationalSecurityAgency/datawave,web-services/query/src/main/java/datawave/webservice/query/limit/SystemLimitProvider.java,45,1,0,10,44,0,0,8,0,10,1,1.0,1.0,2
NationalSecurityAgency/datawave,warehouse/query-core/src/test/java/datawave/query/config/ShardQueryConfigurationTest.java,41,1,0,32,91,122,0,17,0,7,1,0.051282052,0.07692308,1
NationalSecurityAgency/datawave,core/common-util/src/test/java/datawave/core/common/util/TypeFilterTest.java,6,1,0,2,11,15,0,6,0,0,0,0.0,0.0,1
NationalSecurityAgency/datawave,warehouse/query-core/src/main/java/datawave/query/function/deserializer/KryoDocumentDeserializer.java,2,2,0,4,1,1,0,2,0,2,1,0.0,0.0,1
NationalSecurityAgency/datawave,warehouse/query-core/src/main/java/datawave/core/iterators/RangeSplitter.java,54,1,0,7,51,0,0,33,1,1,0,0.6155303,0.6155303,1
NationalSecurityAgency/datawave,core/in-memory-accumulo/src/main/java/datawave/accumulo/inmemory/InMemoryBatchWriter.java,8,1,0,3,2,4,0,5,0,2,0,0.3,0.3,1
NationalSecurityAgency/datawave,warehouse/ingest-core/src/main/java/datawave/ingest/validation/ValidationException.java,4,3,0,0,0,6,0,4,0,1,1,0.0,0.0,1
NationalSecurityAgency/datawave,warehouse/query-core/src/main/java/datawave/query/lucene/visitors/AmbiguousNotVisitor.java,6,2,0,5,6,1,0,2,1,0,0,0.0,0.0,1
NationalSecurityAgency/datawave,warehouse/ingest-core/src/main/java/datawave/ingest/table/config/DateIndexTableConfigHelper.java,7,2,0,6,12,1,0,3,0,5,1,0.33333334,0.33333334,1
NationalSecurityAgency/datawave,web-services/query/src/test/java/datawave/webservice/query/runner/ExtendedQueryExecutorBeanTest.java,112,3,0,88,309,45,0,85,1,38,2,0.7193632,0.84339136,3
NationalSecurityAgency/datawave,warehouse/ingest-core/src/main/java/datawave/ingest/input/reader/EventRecordReader.java,6,1,0,3,0,15,0,6,0,5,0,0.0,0.0,2
NationalSecurityAgency/datawave,warehouse/query-core/src/main/java/datawave/core/iterators/BoundedRangeExpansionIterator.java,21,2,0,14,34,3,0,6,0,8,4,0.4,0.6666667,1
NationalSecurityAgency/datawave,microservices/services/query-metric/api/src/main/java/datawave/microservice/querymetric/QueryGeometry.java,15,1,0,4,3,0,0,9,0,3,1,0.6666667,0.7777778,1
NationalSecurityAgency/datawave,warehouse/query-core/src/test/java/datawave/query/jexl/DatawaveJexlEngineTest.java,3,1,0,10,13,0,0,3,0,1,0,1.0,1.0,1
NationalSecurityAgency/datawave,core/connection-pool/src/test/java/datawave/core/common/connection/AccumuloConnectionFactoryTest.java,24,5,0,22,41,16,0,17,0,7,0,0.6666667,0.6666667,3
NationalSecurityAgency/datawave,core/common/src/main/java/datawave/core/common/edgedictionary/EdgeDictionaryProvider.java,1,1,0,3,0,0,0,1,0,0,0,0.0,0.0,1
NationalSecurityAgency/datawave,warehouse/ingest-core/src/test/java/datawave/ingest/mapreduce/job/MultiRFileOutputFormatterTest.java,47,1,0,23,72,184,0,39,0,9,3,0.12865497,0.12865497,3
NationalSecurityAgency/datawave,microservices/services/query-metric/service/src/main/java/datawave/microservice/querymetric/persistence/AccumuloMapStore.java,39,2,0,19,64,51,0,15,0,9,3,0.15384616,0.3956044,2
NationalSecurityAgency/datawave,warehouse/query-core/src/main/java/datawave/query/jexl/functions/GetFunctionClass.java,3,1,0,3,5,0,0,1,1,0,0,0.0,0.0,1
NationalSecurityAgency/datawave,microservices/starters/audit/src/main/java/datawave/microservice/audit/config/discovery/RetryProperties.java,8,1,0,3,0,20,0,8,0,4,0,0.14285715,0.14285715,1
NationalSecurityAgency/datawave,warehouse/ops-tools/index-validation/src/test/java/datawave/index/validation/AccumuloIndexAgeDisplayTest.java,31,1,0,17,43,136,0,20,0,17,9,0.12727273,0.18181819,1
NationalSecurityAgency/datawave,warehouse/query-core/src/main/java/datawave/query/tables/shard/CountResultPostprocessor.java,15,1,0,7,20,1,0,3,0,2,1,1.0,1.0,1
NationalSecurityAgency/datawave,warehouse/query-core/src/test/java/datawave/query/function/KeyToDocumentDataTest.java,19,1,0,18,28,107,0,18,0,8,0,0.71428573,1.0,1
NationalSecurityAgency/datawave,warehouse/ingest-core/src/main/java/datawave/ingest/mapreduce/handler/summary/MetricsSummaryFormatter.java,25,1,0,5,31,6,0,8,0,6,3,0.0,0.0,1
NationalSecurityAgency/datawave,microservices/services/hazelcast/client/src/main/java/datawave/microservice/cached/HazelcastClientProperties.java,14,1,0,5,0,35,0,14,0,7,0,0.33333334,0.33333334,2
NationalSecurityAgency/datawave,warehouse/query-core/src/test/java/datawave/query/jexl/visitors/DateIndexCleanupVisitorTest.java,7,1,0,3,6,21,0,7,0,0,0,0.0,0.0,1
NationalSecurityAgency/datawave,warehouse/query-core/src/test/java/datawave/query/util/WiseGuysIngest.java,141,1,0,25,49,19,0,10,10,22,22,1.0,1.0,2
NationalSecurityAgency/datawave,warehouse/ingest-core/src/test/java/datawave/ingest/mapreduce/job/metrics/MetricsTableConfigHelperTest.java,6,1,0,14,28,0,0,6,0,5,1,1.0,1.0,1
NationalSecurityAgency/datawave,warehouse/query-core/src/main/java/datawave/query/function/DocumentCountCardinality.java,5,1,0,9,13,0,0,2,0,4,2,1.0,1.0,1
NationalSecurityAgency/datawave,warehouse/query-core/src/main/java/datawave/query/iterator/LimitedSortedKeyValueIterator.java,11,1,0,7,7,0,0,10,0,3,0,0.6666667,0.8,1
NationalSecurityAgency/datawave,warehouse/query-core/src/main/java/datawave/query/transformer/annotation/AnnotationHitsTransformer.java,98,2,0,29,119,28,0,21,0,35,13,1.0,1.0,3
NationalSecurityAgency/datawave,web-services/common-util/src/main/java/datawave/webservice/common/exception/DatawaveWebApplicationException.java,4,2,6,4,4,6,0,4,0,1,1,0.0,0.0,1
NationalSecurityAgency/datawave,warehouse/query-core/src/main/java/datawave/query/index/lookup/EmptyQueryPlanStream.java,4,1,0,6,1,6,0,4,1,0,0,0.0,0.0,1
NationalSecurityAgency/datawave,core/utils/type-utils/src/main/java/datawave/data/normalizer/NormalizationException.java,4,3,0,0,0,6,0,4,0,1,1,0.0,0.0,1
NationalSecurityAgency/datawave,warehouse/query-core/src/main/java/datawave/query/language/tree/NotNode.java,5,2,0,2,3,6,0,4,0,0,0,0.0,0.0,1
NationalSecurityAgency/datawave,warehouse/ingest-core/src/main/java/datawave/ingest/input/reader/PositionAwareLineReader.java,5,1,0,2,0,10,0,5,0,0,0,0.0,0.0,1
NationalSecurityAgency/datawave,warehouse/query-core/src/main/java/datawave/query/cardinality/CardinalityConfiguration.java,43,1,0,3,28,180,0,21,0,7,0,0.073529415,0.073529415,1
NationalSecurityAgency/datawave,warehouse/query-core/src/main/java/datawave/query/jexl/visitors/BoundedRangeDetectionVisitor.java,19,4,0,18,14,44,0,12,2,3,0,0.10606061,0.10606061,1
NationalSecurityAgency/datawave,microservices/starters/query/src/main/java/datawave/microservice/query/mapreduce/status/cache/MapReduceQueryStatusCache.java,7,2,0,10,13,8,0,5,0,2,1,0.1,0.1,1
NationalSecurityAgency/datawave,warehouse/query-core/src/main/java/datawave/query/iterator/CachingIterator.java,8,1,0,2,3,0,0,5,0,2,0,0.8,1.0,1
NationalSecurityAgency/datawave,warehouse/query-core/src/test/java/datawave/query/util/TestIndexTableNames.java,2,1,0,0,1,1,0,2,1,3,3,0.0,0.0,1
NationalSecurityAgency/datawave,warehouse/query-core/src/main/java/datawave/query/tables/facets/FacetIndex.java,8,1,0,2,2,10,0,8,0,3,0,0.32142857,0.75,1
NationalSecurityAgency/datawave,warehouse/query-core/src/main/java/datawave/query/jexl/visitors/order/OrderByCostVisitor.java,20,3,0,16,15,93,0,15,8,4,1,0.0,0.0,1
NationalSecurityAgency/datawave,microservices/starters/datawave/src/main/java/datawave/microservice/authorization/jwt/JWTAuthenticationProvider.java,7,1,0,13,10,1,0,3,0,2,0,0.33333334,0.33333334,1
NationalSecurityAgency/datawave,warehouse/query-core/src/test/java/datawave/query/lucene/visitors/InvalidSlopProximityVisitorTest.java,22,1,0,9,14,213,0,22,0,3,1,0.0,0.0,2
NationalSecurityAgency/datawave,core/utils/type-utils/src/main/java/datawave/data/parser/GeometryParser.java,4,1,2,2,4,3,0,3,0,1,1,0.0,0.0,1
NationalSecurityAgency/datawave,microservices/starters/datawave/src/main/java/datawave/microservice/config/security/util/DnUtilsProperties.java,5,1,0,3,1,2,0,5,0,2,0,0.4,0.4,1
NationalSecurityAgency/datawave,web-services/common/src/main/java/datawave/configuration/ConfigurationEvent.java,0,1,0,0,0,0,0,0,0,0,0,0.0,0.0,1
NationalSecurityAgency/datawave,warehouse/ingest-nyctlc/src/main/java/datawave/ingest/nyctlc/NYCTLCIngestHelper.java,34,2,0,13,33,15,0,6,2,13,13,0.0,0.0,1
NationalSecurityAgency/datawave,warehouse/query-core/src/main/java/datawave/query/language/functions/jexl/ExcerptFields.java,8,2,0,4,8,6,0,4,0,0,0,0.0,0.0,1
NationalSecurityAgency/datawave,warehouse/ingest-core/src/main/java/datawave/ingest/validation/FieldValidator.java,3,1,0,4,0,3,0,3,0,1,0,0.0,0.0,1
NationalSecurityAgency/datawave,warehouse/ingest-core/src/test/java/datawave/ingest/mapreduce/job/TablePartitionerOffsetsTest.java,7,1,0,9,10,0,0,6,0,2,1,1.0,1.0,1
NationalSecurityAgency/datawave,warehouse/query-core/src/main/java/datawave/query/util/EmptyTreeChecker.java,4,1,0,2,1,1,0,2,1,0,0,0.0,0.0,1
NationalSecurityAgency/datawave,web-services/query/src/main/java/datawave/webservice/query/interceptor/QueryMetricsEnrichmentInterceptor.java,26,2,0,26,38,1,0,4,0,5,0,0.33333334,0.33333334,2
NationalSecurityAgency/datawave,warehouse/ingest-core/src/main/java/datawave/ingest/table/config/FacetTableConfigHelper.java,15,2,0,7,9,4,0,5,0,7,0,0.3,0.3,2
NationalSecurityAgency/datawave,core/utils/type-utils/src/main/java/datawave/data/normalizer/regex/StartAnchorNode.java,5,2,0,4,1,10,0,5,0,0,0,0.0,0.0,1
NationalSecurityAgency/datawave,microservices/services/query-metric/service/src/main/java/datawave/microservice/querymetric/config/QueryMetricCacheConfiguration.java,1,1,0,11,10,0,0,1,0,2,1,0.0,0.0,1
NationalSecurityAgency/datawave,warehouse/query-core/src/main/java/datawave/next/scanner/QueryDataConsumer.java,18,1,0,10,44,0,0,5,0,11,1,1.0,1.0,1
NationalSecurityAgency/datawave,warehouse/ingest-core/src/test/java/datawave/ingest/data/config/ingest/CSVIngestHelperTest.java,1,1,0,3,2,0,0,1,0,0,0,0.0,0.0,1
NationalSecurityAgency/datawave,warehouse/query-core/src/main/java/datawave/query/search/WildcardFieldedFilter.java,6,3,0,5,14,2,0,4,1,5,1,0.33333334,0.5,2
NationalSecurityAgency/datawave,warehouse/ingest-core/src/main/java/datawave/ingest/data/normalizer/AbstractNormalizer.java,36,1,0,9,47,108,0,16,1,2,2,0.057142857,0.057142857,1
NationalSecurityAgency/datawave,warehouse/query-core/src/main/java/datawave/query/jexl/functions/arguments/DefaultJexlArgument.java,4,1,0,3,0,0,0,4,0,3,0,0.5,1.0,1
NationalSecurityAgency/datawave,warehouse/query-core/src/test/java/datawave/query/jexl/visitors/SortedDedupedJexlStringBuildingVisitorTest.java,12,1,0,3,11,66,0,12,1,0,0,0.0,0.0,1
NationalSecurityAgency/datawave,warehouse/query-core/src/main/java/datawave/query/jexl/visitors/whindex/DistributeAndedNodesVisitor.java,59,5,0,22,45,137,0,22,3,8,1,1.0,1.0,3
NationalSecurityAgency/datawave,warehouse/query-core/src/test/java/datawave/test/QueryRuleResultAssert.java,15,2,0,3,13,21,0,7,1,0,0,0.0,0.0,1
NationalSecurityAgency/datawave,warehouse/query-core/src/test/java/datawave/query/jexl/visitors/QueryModelVisitorTest.java,55,1,0,15,49,793,0,46,0,3,0,0.060908083,0.060908083,1
NationalSecurityAgency/datawave,microservices/services/query-metric/service/src/main/java/datawave/microservice/querymetric/MetricUpdateEntryProcessorFactory.java,2,1,0,3,0,0,0,2,0,1,0,1.0,1.0,1
NationalSecurityAgency/datawave,warehouse/age-off/src/main/java/datawave/ingest/util/cache/watch/AgeOffRuleLoader.java,8,1,0,8,23,0,0,2,0,3,1,1.0,1.0,1
NationalSecurityAgency/datawave,warehouse/query-core/src/main/java/datawave/query/function/KeyToDocumentData.java,61,1,1,27,70,33,0,14,3,12,2,0.42222223,0.62222224,1
NationalSecurityAgency/datawave,warehouse/query-core/src/main/java/datawave/query/iterator/SourceFactory.java,2,1,0,4,0,1,0,2,0,0,0,0.0,0.0,1
NationalSecurityAgency/datawave,warehouse/ingest-core/src/test/java/datawave/ingest/metadata/MetadataCounterGroupTest.java,9,1,0,5,14,2,0,9,0,4,1,1.0,1.0,1
NationalSecurityAgency/datawave,warehouse/metrics-core/src/main/java/datawave/metrics/iterators/LatencyIterator.java,6,2,0,9,10,6,0,4,0,0,0,0.0,0.0,1
NationalSecurityAgency/datawave,warehouse/metrics-core/src/main/java/datawave/metrics/mapreduce/util/JobSetupUtil.java,38,1,0,7,57,28,0,8,8,0,0,0.0,0.0,1
NationalSecurityAgency/datawave,warehouse/ingest-core/src/main/java/datawave/ingest/metadata/id/MetadataIdParser.java,17,1,2,3,17,9,0,6,2,1,0,0.06666667,0.06666667,1
NationalSecurityAgency/datawave,warehouse/ingest-core/src/main/java/datawave/ingest/data/config/MaskedFieldHelper.java,4,1,0,1,0,6,0,4,0,0,0,0.0,0.0,1
NationalSecurityAgency/datawave,warehouse/query-core/src/test/java/datawave/core/iterators/BoundedRangeExpansionIteratorTest.java,31,1,0,8,29,299,0,26,0,7,1,0.005263158,0.005263158,1
NationalSecurityAgency/datawave,web-services/common/src/main/java/datawave/webservice/common/json/JacksonContextResolver.java,2,1,0,15,8,0,0,2,0,1,0,1.0,1.0,1
NationalSecurityAgency/datawave,microservices/services/query-metric/service/src/test/java/datawave/microservice/querymetric/CorrelatorTest.java,16,2,0,18,32,7,0,7,0,4,0,0.33333334,0.33333334,1
NationalSecurityAgency/datawave,microservices/services/dictionary/api/src/main/java/datawave/webservice/model/Model.java,24,2,0,13,23,33,0,14,0,8,3,0.24175824,0.30769232,1
NationalSecurityAgency/datawave,core/base-rest-responses/src/main/java/datawave/webservice/result/GenericResponse.java,55,2,0,10,39,36,0,12,0,4,1,0.33333334,0.33333334,2
NationalSecurityAgency/datawave,microservices/starters/query/src/main/java/datawave/microservice/query/messaging/Result.java,9,1,0,5,2,7,0,6,0,4,0,0.26666668,0.46666667,1
NationalSecurityAgency/datawave,warehouse/query-core/src/main/java/datawave/query/iterator/logic/IndexIteratorBridge.java,34,1,0,11,17,126,0,20,0,9,1,0.16842106,0.29473683,1
NationalSecurityAgency/datawave,warehouse/core/src/main/java/datawave/edge/util/EdgeKeyDecoder.java,27,1,0,12,55,8,0,5,3,6,2,0.1,0.1,1
NationalSecurityAgency/datawave,warehouse/query-core/src/main/java/datawave/query/planner/FacetedQueryPlanner.java,20,4,0,23,25,0,0,10,0,3,1,0.62222224,0.62222224,1
NationalSecurityAgency/datawave,core/utils/common-utils/src/main/java/datawave/util/StringUtils.java,102,2,0,4,35,120,0,26,16,10,1,1.0,1.0,3
NationalSecurityAgency/datawave,core/utils/type-utils/src/main/java/datawave/data/normalizer/regex/visitor/Visitor.java,20,1,0,20,0,190,0,20,0,0,0,0.0,0.0,1
NationalSecurityAgency/datawave,microservices/services/hazelcast/common/src/test/java/datawave/microservice/cached/HazelcastCacheInspectorTest.java,7,1,0,14,22,0,0,7,0,5,1,0.73333335,1.0,2
NationalSecurityAgency/datawave,core/annotation/src/test/java/datawave/annotation/util/ValidatorTest.java,26,1,0,6,26,0,0,6,0,11,0,1.0,1.0,3
NationalSecurityAgency/datawave,warehouse/query-core/src/main/java/datawave/query/transformer/DocumentTransformerInterface.java,3,1,0,5,0,3,0,3,0,0,0,0.0,0.0,1
NationalSecurityAgency/datawave,warehouse/query-core/src/test/java/datawave/query/data/parsers/DatawaveKeyTest.java,21,1,0,6,17,0,0,21,0,7,0,0.969697,1.0,1
NationalSecurityAgency/datawave,warehouse/query-core/src/test/java/datawave/query/function/serializer/KryoDocumentSerDeTest.java,8,3,4,23,25,0,0,5,0,7,0,1.0,1.0,3
NationalSecurityAgency/datawave,web-services/annotations/src/main/java/datawave/webservice/annotation/AnnotationManagerBean.java,97,1,0,34,119,11,0,25,4,19,1,0.9777778,1.0,2
NationalSecurityAgency/datawave,microservices/services/accumulo/service/src/test/java/datawave/microservice/accumulo/AllServicesDisabledTest.java,1,1,0,8,3,0,0,1,0,1,0,0.0,0.0,1
NationalSecurityAgency/datawave,warehouse/query-core/src/main/java/datawave/query/util/cache/AccumuloLoader.java,19,2,0,10,20,8,0,8,0,5,1,0.35714287,0.53571427,1
NationalSecurityAgency/datawave,warehouse/query-core/src/main/java/datawave/query/util/cache/NormalizerLoader.java,23,3,0,12,31,0,0,5,0,2,1,0.6,0.6,1
NationalSecurityAgency/datawave,warehouse/query-core/src/main/java/datawave/query/language/parser/jexl/JexlPhraseNode.java,7,2,0,1,4,0,0,4,0,2,0,0.8333333,1.0,1
NationalSecurityAgency/datawave,warehouse/query-core/src/test/java/datawave/query/cardinality/TestCardinalityConfiguration.java,11,1,0,9,26,0,0,9,0,2,0,1.0,1.0,1
NationalSecurityAgency/datawave,warehouse/query-core/src/main/java/datawave/query/data/parsers/DatawaveKey.java,65,1,0,5,19,59,0,18,0,17,7,0.17142858,0.34285715,2
NationalSecurityAgency/datawave,warehouse/query-core/src/main/java/datawave/query/util/cache/DatatypeLoader.java,23,3,0,12,31,0,0,5,0,2,1,0.6,0.6,1
NationalSecurityAgency/datawave,warehouse/ingest-core/src/test/java/datawave/ingest/mapreduce/job/metrics/KeyValueCountingContextWriterTest.java,7,1,0,22,25,0,0,4,0,6,0,1.0,1.0,1
NationalSecurityAgency/datawave,warehouse/query-core/src/main/java/datawave/query/function/serializer/DocumentSerializer.java,10,1,4,7,13,7,0,7,0,5,1,0.33333334,0.47619048,1
NationalSecurityAgency/datawave,core/utils/type-utils/src/test/java/datawave/data/normalizer/regex/RegexParserTest.java,11,1,0,9,45,55,0,11,0,0,0,0.0,0.0,1
NationalSecurityAgency/datawave,warehouse/ingest-core/src/main/java/datawave/ingest/input/reader/event/RecordFilter.java,3,1,0,2,0,3,0,3,0,0,0,0.0,0.0,1
NationalSecurityAgency/datawave,microservices/services/audit/service/src/test/java/datawave/microservice/audit/auditors/log/LogAuditConfigMissingTest.java,1,1,0,9,2,0,0,1,0,1,0,0.0,0.0,2
NationalSecurityAgency/datawave,warehouse/query-core/src/test/java/datawave/query/tables/ssdeep/SSDeepIndexQueryTest.java,25,1,0,37,72,48,0,12,4,8,6,0.09090909,0.10909091,1
NationalSecurityAgency/datawave,warehouse/query-core/src/test/java/datawave/query/index/day/DayIndexIteratorTest.java,15,1,0,7,29,20,0,12,0,6,0,0.5,0.6,1
NationalSecurityAgency/datawave,microservices/starters/metadata/src/main/java/datawave/microservice/metadata/remote/event/listener/TableCacheReloadRequestEventListener.java,6,1,0,10,16,2,0,4,0,3,0,1.0,1.0,1
NationalSecurityAgency/datawave,web-services/client/src/main/java/datawave/webservice/query/result/event/Metadata.java,40,1,0,8,12,36,0,21,1,7,2,0.33333334,0.6969697,2
NationalSecurityAgency/datawave,core/base-rest-responses/src/main/java/datawave/webservice/HtmlProvider.java,4,1,0,0,0,6,0,4,0,0,0,0.0,0.0,1
NationalSecurityAgency/datawave,microservices/services/dictionary/service/src/main/java/datawave/microservice/dictionary/config/DictionaryServiceProperties.java,1,1,0,7,0,0,0,1,0,3,0,0.0,0.0,2
NationalSecurityAgency/datawave,warehouse/ssdeep-common/src/main/java/datawave/util/ssdeep/IntegerEncoding.java,24,1,0,2,7,0,0,8,1,5,2,0.64285713,0.75,1
NationalSecurityAgency/datawave,core/query/src/main/java/datawave/core/query/logic/filtered/QueryLogicFilterByDate.java,1,2,0,4,1,0,0,1,0,0,0,0.0,0.0,1
NationalSecurityAgency/datawave,core/utils/type-utils/src/main/java/datawave/data/normalizer/regex/visitor/GTEOneBinFinder.java,21,2,0,6,24,15,0,6,1,3,3,0.0,0.0,1
NationalSecurityAgency/datawave,warehouse/common/src/test/java/datawave/common/io/FilesTest.java,23,1,0,2,32,253,0,23,0,0,0,0.0,0.0,1
NationalSecurityAgency/datawave,warehouse/query-core/src/main/java/datawave/query/language/functions/jexl/MatchesAtLeastCountOf.java,10,2,0,4,11,6,0,4,0,0,0,0.0,0.0,1
NationalSecurityAgency/datawave,microservices/starters/cached-results/src/main/java/datawave/microservice/query/cachedresults/RemoteQueryService.java,34,1,0,19,43,0,0,7,0,4,1,1.0,1.0,1
NationalSecurityAgency/datawave,core/connection-pool/src/main/java/datawave/core/common/connection/AccumuloClientPool.java,15,2,2,6,38,14,0,9,0,4,1,0.30555555,0.30555555,1
NationalSecurityAgency/datawave,warehouse/ingest-core/src/test/java/datawave/ingest/input/reader/raw/FakeReader.java,6,2,0,5,0,15,0,6,0,2,0,0.0,0.0,1
NationalSecurityAgency/datawave,core/in-memory-accumulo/src/main/java/datawave/accumulo/inmemory/InMemoryBatchDeleter.java,3,4,0,10,13,0,0,2,0,2,0,1.0,1.0,1
NationalSecurityAgency/datawave,microservices/starters/datawave/src/main/java/datawave/microservice/authorization/preauth/ProxiedEntityX509Filter.java,30,2,1,13,37,35,0,10,0,8,4,0.17857143,0.35714287,1
NationalSecurityAgency/datawave,microservices/services/dictionary/service/src/main/java/datawave/microservice/dictionary/DataDictionaryControllerLogic.java,18,1,0,23,42,0,0,12,0,6,0,0.530303,0.8333333,1
NationalSecurityAgency/datawave,warehouse/ingest-csv/src/test/java/datawave/ingest/csv/NormalizedContentInterfaceTest.java,25,2,0,18,56,29,0,18,1,9,3,1.0,1.0,2
NationalSecurityAgency/datawave,warehouse/query-core/src/main/java/datawave/query/exceptions/DatawaveAsyncOperationException.java,5,4,0,0,0,10,0,5,0,1,1,0.0,0.0,1
NationalSecurityAgency/datawave,warehouse/query-core/src/test/java/datawave/query/tables/ShardQueryLogicQueryValidationTest.java,24,1,0,46,64,93,0,23,3,13,3,0.45833334,0.45833334,1
NationalSecurityAgency/datawave,warehouse/query-core/src/main/java/datawave/query/jexl/lookups/EmptyIndexLookup.java,2,2,0,3,2,1,0,2,0,0,0,0.0,0.0,1
NationalSecurityAgency/datawave,warehouse/query-core/src/main/java/datawave/query/search/Term.java,10,1,1,1,6,26,0,8,3,1,0,0.035714287,0.035714287,2
NationalSecurityAgency/datawave,warehouse/index-stats/src/test/java/datawave/mapreduce/shardStats/MRPair.java,1,1,0,2,0,0,0,1,0,2,0,0.0,0.0,1
NationalSecurityAgency/datawave,core/annotation/src/main/java/datawave/annotation/protobuf/v1/AnnotationSourceOrBuilder.java,23,1,0,2,0,253,0,23,0,0,0,0.0,0.0,1
NationalSecurityAgency/datawave,warehouse/ingest-csv/src/main/java/datawave/ingest/csv/mr/input/CSVFileInputFormat.java,8,2,0,9,6,1,0,8,0,1,0,1.0,1.0,2
NationalSecurityAgency/datawave,warehouse/common/src/main/java/datawave/common/cl/OptionBuilder.java,11,1,0,2,7,13,0,11,0,5,0,0.38181818,0.8181818,1
NationalSecurityAgency/datawave,warehouse/query-core/src/main/java/datawave/core/query/util/QueryParserUtil.java,1,1,0,0,0,0,0,1,0,0,0,0.0,0.0,1
NationalSecurityAgency/datawave,warehouse/query-core/src/main/java/datawave/query/transformer/annotation/model/TimeRange.java,4,1,0,1,0,2,0,4,0,2,0,0.33333334,0.33333334,1
NationalSecurityAgency/datawave,warehouse/query-core/src/test/java/datawave/query/index/lookup/IndexMatchTest.java,20,1,0,4,30,190,0,20,0,0,0,0.0,0.0,1
NationalSecurityAgency/datawave,warehouse/query-core/src/main/java/datawave/query/postprocessing/tf/PhraseOffset.java,14,1,0,1,4,0,0,8,1,3,0,0.85714287,1.0,1
NationalSecurityAgency/datawave,warehouse/query-core/src/test/java/datawave/query/iterator/logic/OrIteratorTest.java,17,1,0,5,13,136,0,17,0,0,0,0.0,0.0,1
NationalSecurityAgency/datawave,core/base-rest-responses/src/test/java/datawave/webservice/query/result/util/protostuff/ProtostuffFieldTest.java,9,1,0,4,4,1,0,9,0,5,0,0.6666667,1.0,3
NationalSecurityAgency/datawave,core/in-memory-accumulo/src/main/java/datawave/accumulo/inmemory/InMemoryInstanceOperations.java,19,1,0,7,9,123,0,18,0,2,1,0.019607844,0.019607844,1
NationalSecurityAgency/datawave,microservices/services/query/service/src/test/java/datawave/microservice/query/QueryServiceNextTest.java,18,2,0,21,46,66,0,12,0,0,0,0.0,0.0,1
NationalSecurityAgency/datawave,warehouse/query-core/src/main/java/datawave/query/iterator/filter/StringToText.java,1,1,0,2,0,0,0,1,0,0,0,0.0,0.0,1
NationalSecurityAgency/datawave,warehouse/ingest-core/src/main/java/datawave/ingest/mapreduce/handler/edge/define/EdgeDefinition.java,52,1,0,5,23,999,0,47,0,30,3,0.037927844,0.083256245,1
NationalSecurityAgency/datawave,web-services/client/src/main/java/datawave/webservice/results/ingest/file/FileResponseList.java,39,2,0,12,25,36,0,15,1,5,2,0.2,0.2,2
NationalSecurityAgency/datawave,warehouse/query-core/src/main/java/datawave/query/config/LookupUUIDTune.java,68,1,0,13,50,1210,0,53,0,25,0,0.06095791,0.8548621,1
NationalSecurityAgency/datawave,warehouse/query-core/src/main/java/datawave/query/rules/AmbiguousUnquotedPhrasesRule.java,11,4,0,14,25,15,0,8,1,1,1,0.0,0.0,2
NationalSecurityAgency/datawave,warehouse/query-core/src/main/java/datawave/query/jexl/functions/ContentFunctionsDescriptor.java,116,1,0,31,97,223,0,28,4,6,1,0.6666667,1.0,3
NationalSecurityAgency/datawave,warehouse/query-core/src/test/java/datawave/query/IndexOnlyQueryTest.java,20,2,0,11,15,0,0,13,1,2,2,0.7051282,0.7051282,1
NationalSecurityAgency/datawave,warehouse/query-core/src/main/java/datawave/query/language/functions/jexl/MostRecentUniqueByMinute.java,2,3,0,3,0,1,0,2,0,0,0,0.0,0.0,1
NationalSecurityAgency/datawave,warehouse/ingest-json/src/test/java/datawave/ingest/json/mr/handler/MockStatusReporter.java,7,2,0,4,4,15,0,7,0,3,0,0.14285715,0.14285715,1
NationalSecurityAgency/datawave,warehouse/query-core/src/test/java/datawave/query/testframework/GroupsDataType.java,19,2,0,10,28,16,0,14,4,8,3,0.044444446,0.06666667,3
NationalSecurityAgency/datawave,warehouse/query-core/src/main/java/datawave/query/ancestor/AncestorIndexIteratorBuilder.java,1,3,0,9,7,0,0,1,0,0,0,0.0,0.0,1
NationalSecurityAgency/datawave,microservices/services/accumulo/service/src/test/java/datawave/microservice/accumulo/admin/AdminServiceTest.java,15,1,0,38,77,0,0,14,0,7,0,0.6060606,0.8333333,1
NationalSecurityAgency/datawave,warehouse/query-core/src/main/java/datawave/query/util/sortedset/KeyValueSerializable.java,13,1,0,6,9,0,0,11,0,3,1,0.9444444,1.0,1
NationalSecurityAgency/datawave,microservices/services/audit/service/src/main/java/datawave/microservice/audit/common/AuditMessageConsumer.java,5,1,0,4,9,0,0,2,0,3,0,1.0,1.0,1
NationalSecurityAgency/datawave,microservices/starters/datawave/src/main/java/datawave/microservice/config/web/SwaggerConfig.java,2,1,0,10,15,0,0,1,0,2,0,0.0,0.0,1
NationalSecurityAgency/datawave,microservices/services/query/service/src/test/java/datawave/microservice/query/QueryServiceDuplicateTest.java,8,2,0,18,44,28,0,8,0,0,0,0.0,0.0,1
NationalSecurityAgency/datawave,warehouse/query-core/src/main/java/datawave/query/metrics/QueryMetricQueryLogic.java,7,3,0,6,12,10,0,5,0,1,1,0.0,0.0,1
NationalSecurityAgency/datawave,microservices/services/query/service/src/main/java/datawave/microservice/query/QueryManagementService.java,246,1,0,57,285,395,0,66,0,20,1,0.47836736,0.844898,1
NationalSecurityAgency/datawave,warehouse/query-core/src/test/java/datawave/query/util/sortedmap/BufferedFileBackedSortedMapTest.java,67,1,0,12,64,1,0,30,0,6,0,0.32307693,0.32307693,3
NationalSecurityAgency/datawave,core/utils/metadata-utils/src/main/java/datawave/query/model/IndexFieldHole.java,13,1,0,4,20,9,0,10,3,4,1,0.85714287,1.0,1
NationalSecurityAgency/datawave,warehouse/query-core/src/test/java/datawave/query/tables/edge/CheckpointableExtendedEdgeQueryTest.java,1,2,0,4,2,0,0,1,0,0,0,0.0,0.0,1
NationalSecurityAgency/datawave,warehouse/query-core/src/test/java/datawave/query/transformer/annotation/TermExtractorTest.java,10,1,0,8,7,16,0,9,0,2,0,0.21428572,0.21428572,1
NationalSecurityAgency/datawave,warehouse/ingest-core/src/main/java/datawave/ingest/mapreduce/DataTypeDiscardIntervalPredicate.java,9,1,0,6,8,0,0,5,0,4,3,0.6,0.6,1
NationalSecurityAgency/datawave,core/utils/type-utils/src/test/java/datawave/data/normalizer/regex/visitor/ExponentialBinAdderTest.java,20,1,0,6,13,55,0,20,0,0,0,0.0,0.0,3
NationalSecurityAgency/datawave,warehouse/query-core/src/main/java/datawave/query/discovery/LiteralRangeMultimapSerializer.java,7,1,0,11,16,0,0,2,0,1,0,1.0,1.0,1
NationalSecurityAgency/datawave,warehouse/query-core/src/test/java/datawave/query/jexl/functions/GeoWaveFunctionsDescriptorTest.java,12,1,0,12,31,8,0,5,3,1,1,0.1,0.1,1
NationalSecurityAgency/datawave,warehouse/query-core/src/test/java/datawave/query/discovery/DiscoveryIteratorTest.java,28,1,0,23,56,45,0,10,0,0,0,0.0,0.0,1
NationalSecurityAgency/datawave,core/utils/metadata-utils/src/main/java/datawave/query/model/ModelKeyParser.java,41,1,0,9,49,10,0,8,8,7,7,0.7,1.0,1
NationalSecurityAgency/datawave,warehouse/query-core/src/test/java/datawave/query/jexl/visitors/GeoWaveQueryInfoVisitorTest.java,9,1,0,4,8,0,0,6,0,5,5,0.6666667,0.6666667,1
NationalSecurityAgency/datawave,microservices/starters/query/src/main/java/datawave/microservice/query/storage/TaskCache.java,36,1,0,14,46,29,0,15,0,3,1,0.4090909,0.54545456,1
NationalSecurityAgency/datawave,warehouse/query-core/src/main/java/datawave/core/iterators/TimeoutExceptionIterator.java,25,2,0,12,16,13,0,11,2,3,1,0.30555555,0.5833333,3
NationalSecurityAgency/datawave,warehouse/core/src/main/java/datawave/util/timely/UdpClient.java,8,1,0,0,5,2,0,5,0,3,0,0.4,0.6,1
NationalSecurityAgency/datawave,warehouse/query-core/src/main/java/datawave/query/jexl/functions/TLDEventFieldAggregator.java,2,4,0,4,1,1,0,2,0,0,0,0.0,0.0,1
NationalSecurityAgency/datawave,core/utils/metadata-utils/src/main/java/datawave/query/composite/CompositeMetadata.java,60,1,0,9,59,41,0,27,2,11,5,0.45,0.675,2
NationalSecurityAgency/datawave,warehouse/query-core/src/main/java/datawave/query/function/LimitFieldsTracker.java,32,1,0,8,25,129,0,19,2,8,1,0.15441176,0.18382353,1
NationalSecurityAgency/datawave,microservices/starters/query/src/main/java/datawave/microservice/query/storage/QueryState.java,7,1,0,9,6,11,0,6,0,2,0,0.13333334,0.2,1
NationalSecurityAgency/datawave,web-services/common/src/main/java/datawave/marking/SecurityMarkingProducer.java,1,1,0,4,0,0,0,1,0,0,0,0.0,0.0,1
NationalSecurityAgency/datawave,warehouse/ingest-core/src/test/java/datawave/ingest/mapreduce/job/metrics/DummyDataTypeHandler.java,7,1,0,13,0,21,0,7,0,0,0,0.0,0.0,1
NationalSecurityAgency/datawave,warehouse/ingest-core/src/main/java/datawave/ingest/data/config/ingest/ErrorShardedIngestHelper.java,5,4,0,6,5,0,0,4,0,1,0,0.16666667,0.16666667,1
NationalSecurityAgency/datawave,warehouse/query-core/src/main/java/datawave/query/ancestor/AncestorChildExpansionIterator.java,39,1,0,10,27,0,0,16,0,12,0,0.5,1.0,2
NationalSecurityAgency/datawave,warehouse/metrics-core/src/main/java/datawave/metrics/util/IntegerAverage.java,13,2,0,1,2,12,0,12,0,3,1,0.4090909,0.42424244,1
NationalSecurityAgency/datawave,web-services/client/src/main/java/datawave/webservice/util/AbstractHtmlProviderMessageBodyWriter.java,7,1,0,8,9,21,0,7,0,1,1,0.0,0.0,1
NationalSecurityAgency/datawave,web-services/client/src/test/java/datawave/webservice/query/QueryParametersTest.java,6,1,0,9,45,0,0,3,0,19,1,1.0,1.0,1
NationalSecurityAgency/datawave,warehouse/ingest-core/src/test/java/datawave/ingest/table/config/DateIndexTableConfigHelperTest.java,21,1,0,15,43,0,0,10,0,10,5,0.15555556,0.22222222,1
NationalSecurityAgency/datawave,web-services/query/src/main/java/datawave/webservice/query/hud/HudActiveUser.java,12,1,0,1,3,0,0,5,0,1,0,1.0,1.0,1
NationalSecurityAgency/datawave,core/query/src/main/java/datawave/core/query/logic/composite/CompositeRaisedQueryException.java,1,4,0,1,0,0,0,1,0,0,0,0.0,0.0,1
NationalSecurityAgency/datawave,warehouse/ingest-core/src/main/java/datawave/ingest/mapreduce/partition/SortedTabletLocationPartitioner.java,17,3,0,6,28,4,0,5,0,2,1,0.0,0.0,1
NationalSecurityAgency/datawave,microservices/services/query-metric/service/src/main/java/datawave/microservice/querymetric/handler/ContentQueryMetricsIngestHelper.java,189,2,1,9,104,89,0,23,0,5,2,0.083333336,0.083333336,2
NationalSecurityAgency/datawave,microservices/starters/query/src/main/java/datawave/microservice/query/stream/StreamingProperties.java,9,1,0,5,1,20,0,9,0,4,0,0.22222222,0.33333334,1
NationalSecurityAgency/datawave,core/utils/type-utils/src/main/java/datawave/data/type/util/AbstractGeometry.java,6,1,0,2,3,0,0,5,0,1,0,1.0,1.0,1
NationalSecurityAgency/datawave,warehouse/query-core/src/main/java/org/apache/lucene/queryparser/flexible/core/nodes/EscapedNodes.java,1,1,0,2,2,0,0,1,1,0,0,0.0,0.0,1
NationalSecurityAgency/datawave,warehouse/query-core/src/test/java/datawave/query/index/lookup/CreateTLDUidsIteratorTest.java,1,1,0,1,2,0,0,1,0,0,0,0.0,0.0,1
NationalSecurityAgency/datawave,microservices/starters/query/src/main/java/datawave/microservice/query/mapreduce/remote/MapReduceQueryRequestHandler.java,1,1,0,2,0,0,0,1,0,0,0,0.0,0.0,2
NationalSecurityAgency/datawave,core/utils/type-utils/src/main/java/datawave/data/type/IpV4AddressType.java,4,2,0,5,2,1,0,2,0,2,2,0.0,0.0,1
NationalSecurityAgency/datawave,core/utils/type-utils/src/main/java/datawave/data/normalizer/regex/AnyCharNode.java,5,2,0,4,1,10,0,5,0,0,0,0.0,0.0,1
NationalSecurityAgency/datawave,warehouse/query-core/src/main/java/datawave/query/iterator/DocumentSpecificNestedIterator.java,18,2,0,5,5,19,0,11,0,3,0,0.3272727,0.5090909,1
NationalSecurityAgency/datawave,microservices/services/query/service/src/main/java/datawave/microservice/query/monitor/config/MonitorConfig.java,2,1,0,16,5,0,0,1,0,1,0,0.0,0.0,1
NationalSecurityAgency/datawave,warehouse/query-core/src/main/java/datawave/query/function/MergeSummarization.java,5,2,0,8,9,1,0,2,0,1,0,0.0,0.0,1
NationalSecurityAgency/datawave,warehouse/metrics-core/src/main/java/datawave/metrics/mapreduce/LoaderMetricsIngester.java,0,3,0,1,0,0,0,0,0,0,0,0.0,0.0,1
NationalSecurityAgency/datawave,warehouse/query-core/src/test/java/datawave/query/iterator/logic/OrIteratorYieldingIT.java,8,2,0,10,9,13,0,6,0,2,1,1.0,1.0,1
NationalSecurityAgency/datawave,warehouse/query-core/src/main/java/datawave/query/rules/UnescapedWildcardsInPhrasesRule.java,12,3,0,12,19,21,0,7,0,1,1,0.0,0.0,1
NationalSecurityAgency/datawave,warehouse/query-core/src/test/java/datawave/query/LongRunningQueryTest.java,22,1,0,26,52,0,0,6,0,9,4,1.0,1.0,1
NationalSecurityAgency/datawave,warehouse/query-core/src/test/java/datawave/test/index/IndexConversionUtils.java,43,1,2,26,72,353,0,30,2,11,9,0.09425288,0.27816093,1
NationalSecurityAgency/datawave,microservices/services/audit/service/src/main/java/datawave/microservice/audit/replay/config/ReplayConfig.java,3,1,0,17,11,1,0,2,0,0,0,0.0,0.0,1
NationalSecurityAgency/datawave,warehouse/ingest-core/src/main/java/datawave/ingest/table/aggregator/KeepCountOnlyUidAggregator.java,3,4,1,1,2,3,0,3,0,0,0,0.0,0.0,1
NationalSecurityAgency/datawave,warehouse/ingest-core/src/main/java/datawave/ingest/mapreduce/job/reindex/ShardReindexVerificationJob.java,38,1,0,21,61,12,0,12,1,25,1,0.16666667,0.16666667,3
NationalSecurityAgency/datawave,warehouse/query-core/src/test/java/datawave/query/tables/edge/CheckpointableEdgeQueryTest.java,1,3,0,4,2,0,0,1,0,0,0,0.0,0.0,1
NationalSecurityAgency/datawave,warehouse/query-core/src/test/java/datawave/query/tables/facets/FacetCheckTest.java,31,1,0,13,22,463,0,31,0,2,1,0.0,0.0,1
NationalSecurityAgency/datawave,microservices/services/modification/service/src/main/java/datawave/microservice/modification/config/ModificationHandlerProperties.java,0,1,0,5,0,0,0,0,0,10,0,0.0,0.0,1
NationalSecurityAgency/datawave,core/utils/type-utils/src/main/java/datawave/data/type/BaseType.java,42,1,1,10,33,101,0,27,0,5,2,0.34666666,0.7,1
NationalSecurityAgency/datawave,warehouse/query-core/src/main/java/datawave/query/postprocessing/tf/TFFactory.java,4,1,0,11,8,1,0,2,1,0,0,0.0,0.0,1
NationalSecurityAgency/datawave,microservices/starters/query/src/main/java/datawave/microservice/query/messaging/kafka/KafkaQueryResultsListener.java,27,1,0,16,41,0,0,7,0,6,0,0.61904764,1.0,1
NationalSecurityAgency/datawave,warehouse/ssdeep-common/src/main/java/datawave/util/ssdeep/SSDeepEncoding.java,3,1,0,2,3,1,0,2,0,1,1,0.0,0.0,1
NationalSecurityAgency/datawave,warehouse/query-core/src/main/java/datawave/query/language/functions/jexl/MostRecentUniqueByYear.java,2,3,0,3,0,1,0,2,0,0,0,0.0,0.0,1
NationalSecurityAgency/datawave,warehouse/ingest-core/src/main/java/datawave/ingest/util/GenerateShardSplits.java,57,1,0,12,57,6,0,4,4,3,3,0.0,0.0,1
NationalSecurityAgency/datawave,warehouse/query-core/src/test/java/datawave/query/testframework/ConfigData.java,7,1,1,2,0,7,0,7,0,5,0,0.33333334,1.0,1
NationalSecurityAgency/datawave,web-services/query/src/test/java/datawave/webservice/query/logic/TestQueryLogic.java,9,2,0,9,6,36,0,9,0,0,0,0.0,0.0,1
NationalSecurityAgency/datawave,warehouse/query-core/src/main/java/datawave/query/composite/Composite.java,11,1,2,3,1,51,0,11,0,5,0,0.036363635,0.054545455,1
NationalSecurityAgency/datawave,warehouse/query-core/src/main/java/datawave/query/jexl/visitors/LiteralNodeSubsetVisitor.java,9,4,0,9,8,15,0,7,1,1,0,0.14285715,0.14285715,1
NationalSecurityAgency/datawave,microservices/starters/audit/src/test/java/datawave/microservice/audit/TestUtils.java,7,2,0,7,11,1,0,6,2,2,1,0.5,0.5,2
NationalSecurityAgency/datawave,warehouse/ingest-core/src/test/java/datawave/ingest/mapreduce/handler/edge/ProtobufEdgePreconditionTest.java,17,1,0,21,38,0,0,17,0,7,5,1.0,1.0,1
NationalSecurityAgency/datawave,warehouse/ingest-core/src/main/java/datawave/ingest/test/StandaloneStatusReporterMBean.java,2,1,0,0,0,1,0,2,0,0,0,0.0,0.0,1
NationalSecurityAgency/datawave,core/utils/metadata-utils/src/test/java/datawave/iterators/EdgeMetadataCombinerTest.java,1,1,0,7,22,0,0,1,0,0,0,0.0,0.0,1
NationalSecurityAgency/datawave,warehouse/query-core/src/test/java/datawave/query/rewrite/jexl/visitors/PushdownLargeFieldedListsVisitorTest.java,21,1,0,7,33,94,0,17,0,1,0,0.018181818,0.018181818,1
NationalSecurityAgency/datawave,microservices/services/query-metric/service/src/main/java/datawave/microservice/querymetric/handler/AccumuloRecordWriter.java,51,2,0,16,64,164,0,21,11,20,11,0.10526316,0.116959065,1
NationalSecurityAgency/datawave,warehouse/query-core/src/test/java/datawave/query/iterator/logic/AndOrIteratorIT.java,61,1,0,14,62,466,0,40,0,6,1,0.43019944,0.43019944,1
NationalSecurityAgency/datawave,warehouse/query-core/src/test/java/datawave/next/RegexDocIdIteratorTest.java,17,2,0,8,19,136,0,17,0,0,0,0.0,0.0,1
NationalSecurityAgency/datawave,web-services/query/src/main/java/datawave/webservice/query/cache/RunningQueryTimingImpl.java,15,1,0,2,8,0,0,9,0,4,0,0.7222222,1.0,1
NationalSecurityAgency/datawave,warehouse/query-core/src/main/java/datawave/query/exceptions/WaitWindowOverrunException.java,11,4,0,3,7,3,0,6,0,1,0,0.6,0.6,1
NationalSecurityAgency/datawave,web-services/query/src/test/java/datawave/webservice/query/limit/QueryHeartbeatCacheTest.java,18,1,0,11,37,0,0,15,0,2,0,0.8181818,0.8181818,1
NationalSecurityAgency/datawave,web-services/common-util/src/main/java/datawave/configuration/ConfigExtension.java,10,1,0,9,18,15,0,7,0,0,0,0.0,0.0,2
NationalSecurityAgency/datawave,core/utils/type-utils/src/main/java/datawave/data/normalizer/regex/RegexReader.java,44,1,0,3,12,32,0,13,0,4,0,0.3,0.6,2
NationalSecurityAgency/datawave,warehouse/ingest-core/src/main/java/datawave/ingest/mapreduce/job/writer/ContextWriter.java,6,1,0,5,0,15,0,6,0,0,0,0.0,0.0,1
NationalSecurityAgency/datawave,warehouse/query-core/src/main/java/datawave/query/jexl/visitors/ValidComparisonVisitor.java,27,3,0,27,7,276,0,24,1,0,0,0.0,0.0,1
NationalSecurityAgency/datawave,warehouse/query-core/src/test/java/datawave/query/util/ValueSerializerTest.java,14,1,0,10,16,6,0,12,0,2,0,0.75,0.75,2
NationalSecurityAgency/datawave,warehouse/keyword-common/src/test/java/datawave/util/keyword/SimpleRegressionUtil.java,14,1,0,1,21,11,0,7,7,5,5,0.23809524,0.2857143,1
NationalSecurityAgency/datawave,warehouse/query-core/src/main/java/datawave/query/planner/async/FetchContentExpansionFields.java,7,2,0,6,8,0,0,4,0,4,1,0.5,0.5,1
NationalSecurityAgency/datawave,microservices/services/dictionary/service/src/main/java/datawave/microservice/model/config/ModelProperties.java,0,1,0,4,0,0,0,0,0,4,0,0.0,0.0,1
NationalSecurityAgency/datawave,warehouse/assemble/webservice/src/main/java/datawave/webservice/mr/input/SecureEventSequenceFileInputFormat.java,2,3,0,7,3,0,0,1,0,0,0,0.0,0.0,1
NationalSecurityAgency/datawave,warehouse/query-core/src/test/java/datawave/query/MultiNormalizerIngest.java,43,1,0,14,47,56,0,16,1,10,6,0.33333334,0.33333334,1
NationalSecurityAgency/datawave,warehouse/query-core/src/main/java/datawave/query/tables/ProducerConsumerBuffer.java,22,1,0,2,15,4,0,9,0,8,0,0.44444445,0.5833333,1
NationalSecurityAgency/datawave,warehouse/query-core/src/main/java/datawave/query/jexl/visitors/ExecutableDeterminationVisitor.java,254,3,0,62,97,582,0,102,16,15,3,0.40764588,0.71267605,5
NationalSecurityAgency/datawave,warehouse/query-core/src/main/java/datawave/query/attributes/FieldValueCardinality.java,34,1,0,7,17,11,0,19,0,6,1,0.46783626,0.79532164,1
NationalSecurityAgency/datawave,warehouse/query-core/src/main/java/datawave/query/iterator/filter/DateTypeFilter.java,11,2,1,8,8,0,0,4,0,2,0,1.0,1.0,1
NationalSecurityAgency/datawave,warehouse/query-core/src/test/java/datawave/query/util/sortedset/HdfsBackedSortedSetTest.java,5,1,0,12,33,0,0,2,0,1,0,1.0,1.0,1
NationalSecurityAgency/datawave,microservices/starters/datawave/src/main/java/datawave/microservice/authorization/jwt/JWTRestTemplateCustomizer.java,3,1,0,6,1,0,0,2,0,1,0,1.0,1.0,1
NationalSecurityAgency/datawave,warehouse/query-core/src/test/java/datawave/query/index/lookup/IntersectionTest.java,48,1,0,15,56,741,0,39,0,0,0,0.0,0.0,1
NationalSecurityAgency/datawave,microservices/services/authorization/service/src/test/java/datawave/microservice/authorization/AuthorizeHttpsNotAllowedCallerTest.java,5,1,0,15,15,3,0,5,0,6,0,1.0,1.0,2
NationalSecurityAgency/datawave,warehouse/metrics-core/src/main/java/datawave/metrics/util/Connections.java,15,1,0,5,20,9,0,6,6,2,2,0.0,0.0,1
NationalSecurityAgency/datawave,warehouse/query-core/src/main/java/datawave/query/transformer/EdgeQueryTransformer.java,20,3,0,15,49,1,0,2,0,1,0,0.0,0.0,1
NationalSecurityAgency/datawave,web-services/common/src/main/java/datawave/webservice/common/json/DefaultMapperDecorator.java,3,1,0,12,9,1,0,2,0,0,0,0.0,0.0,1
NationalSecurityAgency/datawave,microservices/starters/query/src/main/java/datawave/microservice/query/executor/status/cache/ExecutorPoolStatus.java,7,1,0,0,0,11,0,7,0,4,1,0.23809524,0.23809524,1
NationalSecurityAgency/datawave,warehouse/ingest-annotation/src/test/java/datawave/ingest/annotation/mapreduce/handler/SimpleAnnotationIngestHelperTest.java,5,1,0,17,27,1,0,3,0,5,0,0.33333334,0.33333334,1
NationalSecurityAgency/datawave,warehouse/query-core/src/main/java/datawave/query/jexl/lookups/UnfieldedRegexIndexLookup.java,15,4,0,14,61,9,0,6,0,4,1,0.2,0.4,1
NationalSecurityAgency/datawave,core/query/src/main/java/datawave/core/query/logic/filtered/QueryLogicFilterByParameter.java,10,2,0,5,5,6,0,9,0,1,0,0.41666666,0.41666666,1
NationalSecurityAgency/datawave,microservices/services/accumulo/service/src/main/java/datawave/microservice/accumulo/AccumuloService.java,1,1,0,4,1,0,0,1,1,0,0,0.0,0.0,1
NationalSecurityAgency/datawave,microservices/services/audit/service/src/test/java/datawave/microservice/audit/auditors/accumulo/AccumuloAuditConfigDisabledTest.java,1,1,0,9,2,0,0,1,0,1,0,0.0,0.0,2
NationalSecurityAgency/datawave,warehouse/query-core/src/main/java/datawave/query/iterator/profile/FinalDocumentTrackingIterator.java,26,1,0,11,30,3,0,7,1,10,2,0.6,0.6,1
NationalSecurityAgency/datawave,warehouse/query-core/src/main/java/datawave/query/rules/MinimumSlopProximityRule.java,8,3,0,14,20,15,0,6,0,1,1,0.0,0.0,1
NationalSecurityAgency/datawave,warehouse/age-off-utils/src/main/java/datawave/age/off/util/IndentingDelegatingWriter.java,13,2,0,1,7,43,0,11,0,3,0,0.10909091,0.10909091,1
NationalSecurityAgency/datawave,warehouse/query-core/src/main/java/datawave/query/predicate/NegationPredicate.java,7,2,0,5,7,0,0,7,0,3,0,1.0,1.0,2
NationalSecurityAgency/datawave,web-services/query/src/main/java/datawave/webservice/query/runner/BasicQueryBean.java,40,1,0,44,62,13,0,7,0,12,4,0.13333334,0.13333334,1
NationalSecurityAgency/datawave,warehouse/ingest-core/src/main/java/datawave/ingest/data/config/NormalizedFieldAndValue.java,44,2,0,10,31,103,0,22,1,6,1,0.27705628,0.45454547,1
NationalSecurityAgency/datawave,warehouse/query-core/src/main/java/datawave/query/language/functions/jexl/Text.java,4,3,0,3,2,3,0,3,0,0,0,0.0,0.0,1
NationalSecurityAgency/datawave,microservices/starters/query/src/main/java/datawave/microservice/query/storage/QueryStatusCache.java,16,2,0,11,21,12,0,9,0,3,1,0.2857143,0.47619048,2
NationalSecurityAgency/datawave,web-services/modification/src/main/java/datawave/webservice/modification/cache/ModificationCacheBean.java,9,1,0,26,12,0,0,8,0,5,1,0.78571427,1.0,1
NationalSecurityAgency/datawave,microservices/starters/query/src/main/java/datawave/microservice/query/logic/DefaultQueryLogicFactory.java,20,1,0,14,34,5,0,6,0,4,0,0.2,0.3,1
NationalSecurityAgency/datawave,web-services/query/src/main/java/datawave/webservice/query/hud/HudMetricSummaryBuilder.java,1,1,0,2,17,0,0,1,0,0,0,0.0,0.0,1
NationalSecurityAgency/datawave,core/utils/type-utils/src/main/java/datawave/data/normalizer/DateNormalizer.java,43,2,0,3,30,76,0,14,4,5,5,0.0,0.0,2
NationalSecurityAgency/datawave,warehouse/query-core/src/main/java/datawave/query/config/IndexHole.java,2,2,0,1,0,1,0,2,0,0,0,0.0,0.0,1
NationalSecurityAgency/datawave,warehouse/query-core/src/main/java/datawave/query/util/TraceIterator.java,6,1,0,3,6,3,0,6,0,2,0,0.4,0.4,1
NationalSecurityAgency/datawave,core/annotation/src/main/java/datawave/annotation/protobuf/v1/PointOrBuilder.java,4,1,0,2,0,6,0,4,0,0,0,0.0,0.0,1
NationalSecurityAgency/datawave,warehouse/query-core/src/main/java/datawave/query/exceptions/FieldNotMutableException.java,3,3,0,0,1,0,0,3,0,3,1,1.0,1.0,1
NationalSecurityAgency/datawave,warehouse/index-stats/src/test/java/datawave/mapreduce/shardStats/StatsJobTest.java,14,1,0,7,30,0,0,6,0,4,1,1.0,1.0,2
NationalSecurityAgency/datawave,warehouse/age-off/src/test/java/datawave/ingest/util/cache/watch/FileRuleFieldMergeTest.java,6,1,0,13,14,4,0,5,1,4,2,1.0,1.0,1
NationalSecurityAgency/datawave,warehouse/query-core/src/test/java/datawave/test/iter/ClockIteratorTest.java,15,1,0,10,26,28,0,13,0,3,1,0.47619048,0.47619048,1
NationalSecurityAgency/datawave,web-services/common/src/main/java/datawave/configuration/DatawaveCommonConfigPropertyProducer.java,5,2,0,7,8,0,0,1,0,0,0,0.0,0.0,1
NationalSecurityAgency/datawave,core/utils/type-utils/src/main/java/datawave/data/normalizer/HexStringNormalizer.java,13,2,0,3,17,34,0,9,0,3,2,0.035714287,0.035714287,1
NationalSecurityAgency/datawave,warehouse/query-core/src/test/java/datawave/query/rules/AmbiguousUnquotedPhrasesRuleTest.java,11,2,0,6,6,55,0,11,0,0,0,0.0,0.0,1
NationalSecurityAgency/datawave,web-services/security/src/test/java/datawave/security/auth/DatawaveAuthenticationMechanismTest.java,21,1,0,19,42,10,0,17,0,20,4,1.0,1.0,2
NationalSecurityAgency/datawave,warehouse/query-core/src/test/java/datawave/query/jexl/util/LuceneQueryGenerator.java,94,2,0,3,33,170,0,20,0,5,0,0.14285715,0.14285715,1
NationalSecurityAgency/datawave,core/connection-pool/src/main/java/datawave/core/common/cache/SharedTriStateReader.java,1,1,0,2,0,0,0,1,0,0,0,0.0,0.0,1
NationalSecurityAgency/datawave,microservices/starters/cached-results/src/main/java/datawave/microservice/query/cachedresults/monitor/cache/MonitorStatusCache.java,14,1,0,6,9,0,0,12,0,3,2,0.969697,1.0,1
NationalSecurityAgency/datawave,warehouse/query-core/src/main/java/datawave/query/language/builder/jexl/GroupQueryNodeBuilder.java,1,1,0,5,3,0,0,1,0,0,0,0.0,0.0,1
NationalSecurityAgency/datawave,warehouse/query-core/src/main/java/datawave/next/stats/DocIdQueryIterStats.java,20,1,0,7,15,0,0,18,1,8,1,0.48366013,0.8888889,1
NationalSecurityAgency/datawave,warehouse/query-core/src/main/java/datawave/query/jexl/visitors/GeoWaveQueryInfoVisitor.java,22,4,0,14,13,53,0,17,0,3,0,0.6,0.6666667,2
NationalSecurityAgency/datawave,microservices/services/accumulo/api/src/main/java/datawave/webservice/request/objects/MutationEntry.java,8,1,0,7,0,20,0,8,0,4,0,0.14285715,0.14285715,1
NationalSecurityAgency/datawave,warehouse/ingest-core/src/main/java/datawave/ingest/util/AbstractNGramTokenizationStrategy.java,23,3,6,5,9,8,0,15,0,6,2,0.2,0.2,2
NationalSecurityAgency/datawave,warehouse/query-core/src/test/java/datawave/query/lucene/visitors/InvalidIncludeExcludeArgsVisitorTest.java,19,1,0,10,12,161,0,19,0,3,1,0.0,0.0,1
NationalSecurityAgency/datawave,warehouse/age-off/src/main/java/datawave/ingest/util/cache/watch/FileRuleCacheLoader.java,3,2,0,4,4,1,0,2,0,1,1,0.0,0.0,1
NationalSecurityAgency/datawave,core/utils/type-utils/src/main/java/datawave/data/normalizer/regex/visitor/EmptyLeafTrimmer.java,12,2,0,7,7,10,0,5,1,0,0,0.0,0.0,1
NationalSecurityAgency/datawave,warehouse/query-core/src/main/java/datawave/query/lucene/visitors/InvalidSlopProximityVisitor.java,14,2,0,6,17,3,0,9,1,2,0,0.8,1.0,2
NationalSecurityAgency/datawave,warehouse/query-core/src/main/java/datawave/query/transformer/EventQueryDataDecorator.java,16,1,0,5,26,18,0,9,0,4,0,0.25,0.39285713,1
NationalSecurityAgency/datawave,microservices/starters/query/src/main/java/datawave/microservice/query/federation/DynamicFederatedQueryServiceBeanDefinitionRegistrar.java,3,1,0,8,10,1,0,3,0,2,1,0.33333334,0.33333334,1
NationalSecurityAgency/datawave,warehouse/ingest-core/src/main/java/datawave/ingest/config/IngestConfiguration.java,7,1,0,11,3,15,0,6,0,0,0,0.0,0.0,1
NationalSecurityAgency/datawave,warehouse/query-core/src/main/java/datawave/query/index/lookup/RangeStream.java,190,2,3,67,183,1078,0,58,8,29,2,1.0,1.0,4
NationalSecurityAgency/datawave,warehouse/query-core/src/main/java/datawave/query/tables/chained/iterators/LazyLoadingRangesIterator.java,25,1,0,19,37,0,0,4,0,18,1,0.6666667,1.0,1
NationalSecurityAgency/datawave,warehouse/ingest-core/src/main/java/datawave/ingest/input/reader/LongLineTextInputFormat.java,3,2,0,11,2,1,0,2,0,0,0,0.0,0.0,1
NationalSecurityAgency/datawave,warehouse/ingest-core/src/main/java/datawave/ingest/data/config/ingest/VirtualFieldIngestHelper.java,9,1,0,7,8,4,0,9,0,2,0,0.44444445,0.5833333,1
NationalSecurityAgency/datawave,core/utils/metadata-utils/src/main/java/datawave/query/util/MetadataHelperFactory.java,9,1,0,13,18,4,0,5,1,4,2,0.16666667,0.16666667,2
NationalSecurityAgency/datawave,warehouse/metrics-core/src/main/java/datawave/metrics/analytic/IngestMetricsSummaryLoader.java,33,3,0,18,113,33,0,14,3,7,1,1.0,1.0,2
NationalSecurityAgency/datawave,warehouse/query-core/src/test/java/datawave/query/jexl/visitors/ValidComparisonVisitorTest.java,18,1,0,3,2,153,0,18,0,0,0,0.0,0.0,1
NationalSecurityAgency/datawave,warehouse/query-core/src/main/java/datawave/query/language/functions/jexl/GroupBySecond.java,2,3,0,3,0,1,0,2,0,0,0,0.0,0.0,1
NationalSecurityAgency/datawave,warehouse/ingest-core/src/test/java/datawave/ingest/mapreduce/job/reindex/SpillingSortedContextWriterTest.java,13,1,0,17,28,0,0,11,0,3,0,1.0,1.0,1
NationalSecurityAgency/datawave,microservices/services/accumulo/api/src/main/java/datawave/webservice/response/objects/TableProperty.java,6,1,0,5,0,3,0,6,0,2,0,0.4,0.6666667,1
NationalSecurityAgency/datawave,warehouse/query-core/src/main/java/datawave/query/util/sortedset/RFileKeyOutputStream.java,7,1,0,7,14,1,0,7,3,4,3,0.5,0.5,2
NationalSecurityAgency/datawave,core/utils/metadata-utils/src/test/java/datawave/iterators/FrequencyMetadataAggregatorTest.java,46,1,0,23,62,269,0,27,1,8,4,0.021978023,0.021978023,1
NationalSecurityAgency/datawave,warehouse/query-core/src/main/java/datawave/query/language/functions/jexl/IsNull.java,5,2,0,4,6,6,0,4,0,0,0,0.0,0.0,1
NationalSecurityAgency/datawave,warehouse/query-core/src/main/java/datawave/query/tables/async/Scan.java,83,1,1,19,53,72,0,16,0,19,3,0.25274727,0.85714287,1
NationalSecurityAgency/datawave,warehouse/query-core/src/main/java/datawave/core/iterators/TermFrequencyIterator.java,66,2,0,14,57,226,0,29,0,17,4,0.23809524,0.66233766,1
NationalSecurityAgency/datawave,microservices/services/query-metric/api/src/main/java/datawave/microservice/querymetric/CacheStats.java,14,1,0,8,4,13,0,11,0,5,1,0.38181818,0.8181818,1
NationalSecurityAgency/datawave,warehouse/query-core/src/main/java/datawave/query/predicate/TransformingFilter.java,1,1,0,2,0,0,0,1,0,0,0,0.0,0.0,1
NationalSecurityAgency/datawave,warehouse/query-core/src/test/java/datawave/query/jexl/visitors/ValidPatternVisitorTest.java,11,1,0,2,2,55,0,11,0,0,0,0.0,0.0,1
NationalSecurityAgency/datawave,warehouse/query-core/src/test/java/datawave/query/planner/QueryOptionsSwitchTest.java,5,1,0,4,10,0,0,5,0,2,0,1.0,1.0,1
NationalSecurityAgency/datawave,warehouse/ingest-core/src/main/java/datawave/ingest/mapreduce/job/statsd/StatsDHelper.java,9,1,5,6,7,9,0,7,0,1,0,0.2857143,0.2857143,1
NationalSecurityAgency/datawave,web-services/query/src/test/java/datawave/webservice/query/limit/StringMatcherTest.java,8,1,0,2,14,28,0,8,0,0,0,0.0,0.0,1
NationalSecurityAgency/datawave,warehouse/ingest-core/src/main/java/datawave/ingest/data/config/ingest/EventFieldNormalizerHelper.java,25,1,0,8,28,12,0,9,0,8,3,0.2857143,1.0,1
NationalSecurityAgency/datawave,warehouse/query-core/src/main/java/org/apache/lucene/queryparser/flexible/core/nodes/LuceneQueryNodeHelper.java,4,1,0,2,2,1,0,2,1,0,0,0.0,0.0,1
NationalSecurityAgency/datawave,core/tables/src/main/java/datawave/table/key/parser/ShardedDayIndexKeyParser.java,8,2,0,3,15,1,0,2,0,0,0,0.0,0.0,1
NationalSecurityAgency/datawave,core/utils/type-utils/src/main/java/datawave/data/normalizer/regex/RegexParser.java,48,1,0,24,30,66,0,12,11,0,0,0.0,0.0,1
NationalSecurityAgency/datawave,warehouse/ingest-core/src/main/java/datawave/ingest/data/config/DataTypeHelper.java,3,1,0,3,0,3,0,3,0,5,0,0.0,0.0,2
NationalSecurityAgency/datawave,microservices/services/authorization/service/src/main/java/datawave/microservice/authorization/AuthorizationControllerV1.java,11,1,0,18,10,0,0,11,0,1,0,1.0,1.0,1
NationalSecurityAgency/datawave,microservices/services/authorization/service/src/main/java/datawave/microservice/authorization/AuthorizationControllerV2.java,11,1,0,19,10,0,0,11,0,1,0,1.0,1.0,1
NationalSecurityAgency/datawave,warehouse/query-core/src/test/java/datawave/test/iter/ClockIterator.java,23,1,0,9,19,13,0,10,0,12,5,0.3888889,1.0,1
NationalSecurityAgency/datawave,warehouse/ingest-csv/src/test/java/datawave/ingest/csv/mr/handler/ColumnBasedHandlerTestUtil.java,58,3,0,22,61,8,0,7,5,9,8,1.0,1.0,2
NationalSecurityAgency/datawave,warehouse/ingest-json/src/main/java/datawave/ingest/json/mr/input/JsonInputFormat.java,8,2,0,9,6,1,0,8,0,1,0,1.0,1.0,2
NationalSecurityAgency/datawave,warehouse/query-core/src/main/java/datawave/query/function/DocumentProjection.java,32,1,0,9,25,2,0,12,0,5,1,0.4,0.46666667,1
NationalSecurityAgency/datawave,warehouse/query-core/src/main/java/datawave/query/jexl/functions/StringLiteralsOnly.java,1,1,0,3,0,0,0,1,0,0,0,0.0,0.0,1
NationalSecurityAgency/datawave,warehouse/query-core/src/test/java/datawave/query/tables/ProducerConsumerBufferTest.java,59,1,0,5,32,0,0,16,0,1,0,0.8333333,0.8333333,1
NationalSecurityAgency/datawave,warehouse/query-core/src/main/java/datawave/query/jexl/nodes/JunctionComparator.java,4,2,0,5,2,0,0,1,0,0,0,0.0,0.0,1
NationalSecurityAgency/datawave,web-services/common/src/main/java/datawave/webservice/common/audit/NoOpAuditor.java,1,1,0,4,2,0,0,1,0,0,0,0.0,0.0,1
NationalSecurityAgency/datawave,warehouse/query-core/src/main/java/datawave/core/iterators/TimeoutIterator.java,11,2,0,10,13,4,0,5,0,4,2,0.3,0.3,1
NationalSecurityAgency/datawave,warehouse/query-core/src/test/java/datawave/query/predicate/DocumentKeyToFieldNameTest.java,10,2,0,14,24,14,0,9,0,8,1,0.5,0.5,2
NationalSecurityAgency/datawave,warehouse/query-core/src/main/java/datawave/query/tables/ShardQueryLogic.java,712,2,9,98,745,109975,0,474,1,27,5,0.0025291275,0.013100313,2
NationalSecurityAgency/datawave,warehouse/query-core/src/test/java/datawave/query/jexl/visitors/ValidateFilterFunctionVisitorTest.java,24,1,0,3,6,210,0,21,0,1,0,0.0,0.0,1
NationalSecurityAgency/datawave,warehouse/query-core/src/main/java/datawave/query/iterator/logic/ContentSummaryIterator.java,48,1,0,13,60,24,0,13,3,16,7,0.5,1.0,1
NationalSecurityAgency/datawave,warehouse/ingest-core/src/test/java/datawave/util/flag/InputFileTest.java,8,1,0,7,25,0,0,4,0,4,3,1.0,1.0,1
NationalSecurityAgency/datawave,microservices/services/query/service/src/main/java/datawave/microservice/query/stream/StreamingService.java,5,1,0,10,18,0,0,4,0,4,0,0.6666667,1.0,1
NationalSecurityAgency/datawave,warehouse/core/src/main/java/datawave/util/accumulo/RFileUtil.java,32,1,0,14,43,0,0,13,6,1,0,1.0,1.0,1
NationalSecurityAgency/datawave,warehouse/query-core/src/main/java/datawave/query/function/DataTypeAsField.java,4,1,0,6,13,1,0,3,0,3,0,1.0,1.0,1
NationalSecurityAgency/datawave,warehouse/query-core/src/test/java/datawave/query/jexl/lookups/FieldNameIndexLookupTest.java,4,2,0,8,28,0,0,4,0,6,0,1.0,1.0,1
NationalSecurityAgency/datawave,microservices/services/accumulo/api/src/main/java/datawave/webservice/response/objects/Table.java,16,1,0,4,0,104,0,16,0,9,1,0.06666667,0.06666667,1
NationalSecurityAgency/datawave,microservices/services/audit/api/src/test/java/datawave/webservice/common/audit/TestAuditParameters.java,12,1,0,4,18,0,0,8,0,2,0,1.0,1.0,1
NationalSecurityAgency/datawave,warehouse/query-core/src/test/java/datawave/query/testframework/DataTypeHadoopConfig.java,4,1,0,1,0,6,0,4,0,2,0,0.0,0.0,1
NationalSecurityAgency/datawave,core/utils/type-utils/src/main/java/datawave/data/type/GeometryType.java,6,3,0,6,5,13,0,6,0,1,0,0.06666667,0.06666667,1
NationalSecurityAgency/datawave,warehouse/query-core/src/main/java/datawave/query/jexl/functions/GeoFunctions.java,47,1,0,9,32,11,0,9,7,4,4,0.3,0.3,3
NationalSecurityAgency/datawave,warehouse/query-core/src/test/java/datawave/test/iter/TestPluginEnv.java,5,1,0,6,1,8,0,5,0,1,0,0.1,0.1,1
NationalSecurityAgency/datawave,warehouse/query-core/src/main/java/datawave/query/transformer/annotation/TermHitComparator.java,1,1,0,1,2,0,0,1,0,0,0,0.0,0.0,1
NationalSecurityAgency/datawave,microservices/services/authorization/api/src/main/java/datawave/security/authorization/predicate/AuthorizationsPredicate.java,8,1,0,4,4,1,0,7,0,1,0,0.47619048,0.47619048,1
NationalSecurityAgency/datawave,microservices/services/query/service/src/main/java/datawave/microservice/query/stream/listener/StreamingResponseListener.java,3,1,0,1,0,3,0,3,0,0,0,0.0,0.0,1
NationalSecurityAgency/datawave,web-services/common/src/main/java/datawave/configuration/spring/SpringCDIExtension.java,51,2,0,19,61,59,0,32,0,12,1,0.5,0.5,6
NationalSecurityAgency/datawave,warehouse/ingest-core/src/main/java/datawave/ingest/jobcache/NonEmptyStringValidator.java,3,1,0,2,1,0,0,1,0,0,0,0.0,0.0,1
NationalSecurityAgency/datawave,warehouse/query-core/src/main/java/datawave/query/tables/async/SessionArbiter.java,1,1,0,1,0,0,0,1,0,0,0,0.0,0.0,1
NationalSecurityAgency/datawave,web-services/client/src/main/java/datawave/webservice/result/QueryValidationResponse.java,28,2,0,8,12,0,0,22,0,8,1,0.6,1.0,2
NationalSecurityAgency/datawave,microservices/starters/query/src/main/java/datawave/microservice/query/storage/TaskStatesCache.java,13,2,0,10,13,15,0,8,0,3,1,0.13333334,0.2,2
NationalSecurityAgency/datawave,microservices/starters/audit/src/main/java/datawave/microservice/audit/AuditClient.java,29,1,0,15,41,21,0,16,1,15,2,0.33333334,0.33333334,3
NationalSecurityAgency/datawave,warehouse/query-core/src/main/java/datawave/query/index/lookup/CreateUidsIterator.java,53,1,1,17,69,152,0,20,5,17,7,0.09166667,0.23333333,1
NationalSecurityAgency/datawave,warehouse/index-stats/src/test/java/datawave/mapreduce/shardStats/MockMapDriver.java,6,1,0,15,5,0,0,5,0,4,0,0.5,1.0,1
NationalSecurityAgency/datawave,warehouse/query-core/src/main/java/datawave/query/jexl/visitors/RewriteNegationsVisitor.java,9,4,0,12,10,21,0,7,1,0,0,0.0,0.0,1
NationalSecurityAgency/datawave,web-services/client/src/main/java/datawave/webservice/result/DefaultMetadataQueryResponse.java,30,4,0,13,17,36,0,16,1,5,2,0.14285715,0.14285715,2
NationalSecurityAgency/datawave,web-services/common/src/main/java/datawave/webservice/common/remote/RemoteHttpService.java,116,3,5,45,172,1092,0,66,3,20,2,1.0,1.0,4
NationalSecurityAgency/datawave,warehouse/ingest-core/src/main/java/datawave/ingest/data/config/ingest/IgnorableFatalErrorHelper.java,15,1,0,6,14,0,0,2,0,2,1,1.0,1.0,1
NationalSecurityAgency/datawave,warehouse/query-core/src/test/java/datawave/query/jexl/lookups/BoundedRangeIndexLookupTest.java,38,2,0,26,67,332,0,29,2,15,7,0.060606062,0.121212125,1
NationalSecurityAgency/datawave,core/base-rest-responses/src/main/java/datawave/webservice/query/exception/QueryException.java,21,3,9,2,16,21,0,18,0,2,1,0.43137255,0.43137255,1
NationalSecurityAgency/datawave,microservices/starters/datawave/src/main/java/datawave/microservice/authorization/Http403ForbiddenEntryPoint.java,4,1,0,6,5,0,0,1,0,1,1,0.0,0.0,1
NationalSecurityAgency/datawave,core/connection-pool/src/main/java/datawave/core/query/runner/AccumuloConnectionRequestMap.java,22,1,0,3,19,0,0,4,0,2,1,1.0,1.0,1
NationalSecurityAgency/datawave,microservices/services/query-executor/service/src/main/java/datawave/microservice/query/executor/action/PlanTask.java,8,2,0,13,27,0,0,3,0,2,1,0.0,0.0,1
NationalSecurityAgency/datawave,warehouse/query-core/src/main/java/datawave/query/iterator/FieldIndexOnlyQueryIterator.java,55,3,1,29,53,37,0,10,0,2,1,0.08888889,0.08888889,1
NationalSecurityAgency/datawave,warehouse/query-core/src/test/java/datawave/query/jexl/visitors/FieldMissingFromSchemaVisitorTest.java,13,1,0,6,13,0,0,13,0,2,0,1.0,1.0,1
NationalSecurityAgency/datawave,warehouse/query-core/src/main/java/datawave/query/transformer/QueryValidationResultTransformer.java,10,1,0,6,18,0,0,1,0,1,1,0.0,0.0,1
NationalSecurityAgency/datawave,core/utils/common-utils/src/main/java/datawave/microservice/security/util/DnUtils.java,32,1,0,2,32,116,0,16,8,2,0,0.00952381,0.00952381,1
NationalSecurityAgency/datawave,warehouse/query-core/src/main/java/datawave/query/iterator/builder/CardinalityIteratorBuilder.java,5,3,0,5,14,0,0,1,0,0,0,0.0,0.0,1
NationalSecurityAgency/datawave,warehouse/query-core/src/test/java/datawave/query/lucene/visitors/UnescapedWildcardsInQuotedPhrasesVisitorTest.java,9,1,0,7,17,20,0,9,0,3,1,0.0,0.0,1
NationalSecurityAgency/datawave,warehouse/query-core/src/main/java/datawave/query/transformer/TagCloudTransformer.java,40,2,0,18,50,40,0,12,0,6,1,0.3809524,1.0,2
NationalSecurityAgency/datawave,warehouse/ingest-core/src/main/java/datawave/ingest/mapreduce/job/statsd/StatsDEnabledDataTypeHandler.java,2,2,2,3,2,1,0,2,0,0,0,0.0,0.0,1
NationalSecurityAgency/datawave,microservices/starters/audit/src/main/java/datawave/microservice/audit/config/discovery/AuditServiceDiscoveryConfiguration.java,10,1,0,19,18,7,0,7,0,5,1,0.2,0.3,2
NationalSecurityAgency/datawave,warehouse/age-off/src/test/java/datawave/ingest/util/cache/watch/FileRuleWatcherTest.java,7,1,0,9,14,0,0,6,0,8,3,0.73333335,1.0,1
NationalSecurityAgency/datawave,warehouse/metrics-core/src/main/java/datawave/metrics/iterators/CountersAggregatingIterator.java,28,2,0,13,33,13,0,10,0,5,2,0.2777778,0.33333334,1
NationalSecurityAgency/datawave,warehouse/query-core/src/test/java/datawave/query/testframework/IpAddressDataManager.java,7,3,0,8,17,8,0,6,2,2,2,0.16666667,0.16666667,2
NationalSecurityAgency/datawave,warehouse/age-off/src/test/java/datawave/ingest/util/cache/watch/DifferentClassesMergeTest.java,13,1,0,13,17,22,0,13,1,7,5,0.75,0.75,1
NationalSecurityAgency/datawave,microservices/services/modification/service/src/main/java/datawave/microservice/modification/ModificationService.java,1,1,0,4,1,0,0,1,1,0,0,0.0,0.0,1
NationalSecurityAgency/datawave,warehouse/query-core/src/main/java/datawave/query/language/functions/lucene/LuceneQueryFunction.java,11,1,9,4,3,4,0,9,0,5,0,0.44444445,0.6111111,1
NationalSecurityAgency/datawave,core/utils/accumulo-utils/src/main/java/datawave/security/iterator/ConfigurableVisibilityFilter.java,10,2,0,11,12,13,0,7,0,3,2,0.1904762,0.2857143,1
NationalSecurityAgency/datawave,microservices/services/dictionary/service/src/main/java/datawave/microservice/dictionary/HTMLControllerV2.java,1,1,0,4,0,0,0,1,0,0,0,0.0,0.0,1
NationalSecurityAgency/datawave,web-services/query/src/test/java/datawave/webservice/query/limit/PatternMatcherTest.java,8,1,0,2,16,28,0,8,0,0,0,0.0,0.0,1
NationalSecurityAgency/datawave,warehouse/query-core/src/main/java/datawave/query/transformer/annotation/SegmentValueByScoreComparator.java,3,1,0,1,3,0,0,1,0,0,0,0.0,0.0,1
NationalSecurityAgency/datawave,core/utils/type-utils/src/main/java/datawave/data/normalizer/regex/visitor/ExponentialBinAdder.java,16,3,0,13,19,8,0,5,1,2,2,0.0,0.0,1
NationalSecurityAgency/datawave,warehouse/query-core/src/test/java/datawave/query/planner/rules/FieldRuleTest.java,22,3,0,20,28,62,0,17,1,7,3,0.1,0.1,2
NationalSecurityAgency/datawave,warehouse/ingest-annotation/src/test/java/datawave/ingest/annotation/mapreduce/input/SimpleAnnotationRecordReaderTest.java,3,1,0,12,17,3,0,3,0,0,0,0.0,0.0,1
NationalSecurityAgency/datawave,core/utils/type-utils/src/main/java/datawave/data/normalizer/regex/visitor/BinFinder.java,29,1,2,7,17,25,0,14,0,9,0,0.36263737,0.72527474,1
NationalSecurityAgency/datawave,warehouse/query-core/src/test/java/datawave/query/tables/edge/TestEdge.java,49,1,0,8,27,469,0,38,4,19,0,0.16500711,0.7083926,1
NationalSecurityAgency/datawave,microservices/services/audit/service/src/main/java/datawave/microservice/audit/auditors/file/FileAuditor.java,41,1,2,12,31,90,0,22,0,17,1,0.8,1.0,2
NationalSecurityAgency/datawave,warehouse/query-core/src/main/java/datawave/query/language/functions/jexl/EvaluationOnly.java,10,2,0,5,9,1,0,7,0,1,0,0.47619048,0.47619048,1
NationalSecurityAgency/datawave,warehouse/query-core/src/main/java/datawave/query/exceptions/CannotExpandUnfieldedTermFatalException.java,4,5,0,1,0,6,0,4,0,1,1,0.0,0.0,1
NationalSecurityAgency/datawave,warehouse/query-core/src/main/java/datawave/query/jexl/visitors/PushdownUnindexedFieldsVisitor.java,42,4,0,26,24,213,0,22,1,2,1,0.028571429,0.028571429,1
NationalSecurityAgency/datawave,core/cached-results/src/main/java/datawave/core/query/cachedresults/CacheableQueryRowImpl.java,77,2,0,8,68,664,0,40,0,18,1,0.0634278,0.19838056,1
NationalSecurityAgency/datawave,warehouse/query-core/src/test/java/datawave/query/jexl/visitors/UnfieldedIndexExpansionVisitorIT.java,26,2,0,8,28,325,0,26,0,1,0,0.0,0.0,1
NationalSecurityAgency/datawave,warehouse/query-core/src/main/java/datawave/core/iterators/ColumnFamilyRangeIterator.java,10,3,0,8,15,10,0,5,0,0,0,0.0,0.0,1
NationalSecurityAgency/datawave,web-services/query/src/main/java/datawave/webservice/query/runner/AccumuloConnectionRequestBean.java,1,2,0,6,4,0,0,1,0,3,1,0.0,0.0,1
NationalSecurityAgency/datawave,warehouse/query-core/src/main/java/datawave/query/tld/TLDQueryIterator.java,54,2,2,34,52,151,0,18,0,1,1,0.0,0.0,1
NationalSecurityAgency/datawave,core/utils/type-utils/src/main/java/datawave/data/type/util/IpV4Address.java,85,2,0,5,25,30,0,21,5,4,1,0.37142858,0.5,1
NationalSecurityAgency/datawave,web-services/accumulo/src/main/java/datawave/webservice/operations/admin/UpdateBean.java,3,1,0,19,2,1,0,3,0,1,0,0.33333334,0.33333334,1
NationalSecurityAgency/datawave,warehouse/query-core/src/main/java/datawave/query/jexl/visitors/validate/ValidQueryPropertyMarkerVisitor.java,26,3,0,20,8,71,0,18,2,4,1,0.06593407,0.06593407,2
NationalSecurityAgency/datawave,microservices/services/query-metric/service/src/main/java/datawave/microservice/querymetric/config/TimelyProperties.java,10,1,0,2,0,35,0,10,0,5,0,0.11111111,0.11111111,2
NationalSecurityAgency/datawave,microservices/starters/datawave/src/main/java/datawave/microservice/authorization/config/DatawaveSecurityProperties.java,24,1,0,4,2,153,0,24,0,12,0,0.4,0.4,2
NationalSecurityAgency/datawave,core/utils/type-utils/src/main/java/datawave/data/normalizer/TrimLeadingZerosNormalizer.java,7,2,0,2,4,6,0,4,0,1,1,0.0,0.0,1
NationalSecurityAgency/datawave,warehouse/query-core/src/test/java/datawave/query/iterator/logic/IndexIteratorTest.java,28,2,0,13,39,1,0,23,14,4,1,0.59477127,0.59477127,2
NationalSecurityAgency/datawave,microservices/starters/datawave/src/main/java/datawave/microservice/authorization/federation/config/FederatedAuthorizationServiceProperties.java,20,1,0,2,1,40,0,20,0,9,0,0.1969697,0.3181818,2
NationalSecurityAgency/datawave,warehouse/query-core/src/test/java/datawave/query/util/VisibilityWiseGuysIngest.java,7,1,0,16,24,1,0,2,2,15,15,0.0,0.0,1
NationalSecurityAgency/datawave,microservices/services/audit/service/src/test/java/datawave/microservice/audit/auditors/accumulo/AccumuloAuditConfigMissingTest.java,1,1,0,9,2,0,0,1,0,1,0,0.0,0.0,2
NationalSecurityAgency/datawave,warehouse/query-core/src/main/java/datawave/query/config/ContentQueryConfiguration.java,19,2,0,6,16,0,0,10,1,2,1,0.53571427,0.53571427,1
NationalSecurityAgency/datawave,microservices/starters/query/src/test/java/datawave/microservice/query/federation/FederatedQueryServiceRegistrarTest.java,1,1,0,6,2,0,0,1,0,1,0,0.0,0.0,2
NationalSecurityAgency/datawave,warehouse/index-stats/src/main/java/datawave/mapreduce/shardStats/FieldSummary.java,3,1,0,2,0,3,0,3,0,0,0,0.0,0.0,1
NationalSecurityAgency/datawave,warehouse/query-core/src/main/java/datawave/query/util/QueryStopwatch.java,18,1,0,3,37,25,0,10,0,3,2,0.16666667,0.16666667,1
NationalSecurityAgency/datawave,microservices/services/query-metric/service/src/main/java/datawave/microservice/querymetric/persistence/AccumuloMapLoader.java,11,1,0,11,7,7,0,7,1,3,1,0.2,0.2,2
NationalSecurityAgency/datawave,warehouse/ingest-core/src/main/java/datawave/ingest/mapreduce/partition/CachingShardIdPartitioner.java,3,3,0,7,9,0,0,1,0,2,1,0.0,0.0,1
NationalSecurityAgency/datawave,microservices/services/hazelcast/client/src/main/java/datawave/microservice/cached/HazelcastCacheCondition.java,5,2,0,9,9,0,0,1,0,0,0,0.0,0.0,1
NationalSecurityAgency/datawave,microservices/services/query-executor/api/src/main/java/datawave/microservice/query/executor/config/ExecutorProperties.java,43,1,0,3,1,839,0,43,0,20,0,0.03543743,0.048726466,1
NationalSecurityAgency/datawave,web-services/modification/src/main/java/datawave/webservice/modification/QueryExecutorBeanService.java,6,1,0,8,4,0,0,6,0,1,0,0.6,0.6,2
NationalSecurityAgency/datawave,core/common-util/src/main/java/datawave/core/cache/CaffeineClassCache.java,5,1,0,2,5,4,0,4,0,1,0,0.16666667,0.16666667,1
NationalSecurityAgency/datawave,web-services/metrics/src/test/java/datawave/query/map/SimpleQueryGeometryHandlerTest.java,15,1,0,10,16,0,0,15,0,5,0,0.8857143,1.0,1
NationalSecurityAgency/datawave,web-services/query/src/test/java/datawave/webservice/query/runner/RunningQueryTest.java,28,3,0,25,69,43,0,24,0,11,1,1.0,1.0,5
NationalSecurityAgency/datawave,microservices/services/authorization/service/src/main/java/datawave/microservice/authorization/OAuthOperationsV2.java,28,1,0,21,61,6,0,9,0,6,0,0.3,0.3,1
NationalSecurityAgency/datawave,warehouse/core/src/main/java/datawave/mr/bulk/split/FileRangeSplit.java,18,2,0,5,16,0,0,13,0,5,0,0.5769231,0.84615386,1
NationalSecurityAgency/datawave,warehouse/query-core/src/main/java/datawave/query/iterator/SourcedOptions.java,9,3,0,6,1,0,0,8,0,3,1,0.89285713,1.0,1
NationalSecurityAgency/datawave,core/utils/metadata-utils/src/test/java/datawave/query/model/IndexFieldHoleTest.java,5,1,0,4,22,0,0,3,0,4,3,0.0,0.0,1
NationalSecurityAgency/datawave,core/utils/type-utils/src/main/java/datawave/data/type/util/Geometry.java,5,2,0,3,1,1,0,2,0,0,0,0.0,0.0,1
NationalSecurityAgency/datawave,warehouse/query-core/src/main/java/datawave/query/index/year/YearRowIterator.java,8,1,0,1,11,4,0,5,1,5,2,0.5,1.0,1
NationalSecurityAgency/datawave,warehouse/core/src/test/java/datawave/edge/util/EdgeKeyDecoderTest.java,16,1,0,10,35,93,0,15,0,3,0,0.044444446,0.06666667,1
NationalSecurityAgency/datawave,warehouse/query-core/src/main/java/datawave/query/tables/ssdeep/SSDeepRuntimeQueryException.java,1,4,0,0,0,0,0,1,0,0,0,0.0,0.0,1
NationalSecurityAgency/datawave,warehouse/query-core/src/test/java/datawave/query/data/parsers/DayIndexKeyTest.java,2,1,0,5,8,0,0,2,0,2,0,0.0,0.0,1
NationalSecurityAgency/datawave,warehouse/query-core/src/test/java/datawave/query/rules/ShardQueryRuleTest.java,16,1,16,13,19,64,0,16,0,11,2,0.23333333,0.7583333,1
NationalSecurityAgency/datawave,warehouse/query-core/src/main/java/datawave/query/jexl/visitors/TreeFlatteningRebuilder.java,61,1,0,16,41,112,0,16,3,2,1,0.0,0.0,1
NationalSecurityAgency/datawave,core/in-memory-accumulo/src/main/java/datawave/accumulo/inmemory/InMemoryClientInfo.java,2,2,0,5,6,1,0,2,1,0,0,0.0,0.0,1
NationalSecurityAgency/datawave,core/common-util/src/main/java/datawave/core/cache/CaffeineCVCache.java,4,1,0,4,6,4,0,4,0,1,0,0.16666667,0.16666667,1
NationalSecurityAgency/datawave,microservices/services/accumulo/api/src/main/java/datawave/webservice/response/ValidateVisibilityResponse.java,2,2,0,7,0,0,0,2,0,2,1,1.0,1.0,1
NationalSecurityAgency/datawave,warehouse/query-core/src/test/java/datawave/query/attributes/UniqueFieldsTest.java,28,1,0,7,20,372,0,28,1,1,1,0.007936508,0.007936508,1
NationalSecurityAgency/datawave,warehouse/query-core/src/main/java/datawave/query/data/parsers/KeyParser.java,8,1,0,1,0,28,0,8,0,0,0,0.0,0.0,1
NationalSecurityAgency/datawave,warehouse/query-core/src/main/java/datawave/query/postprocessing/tf/TermFrequencyConfig.java,18,1,0,7,0,135,0,18,0,9,0,0.05882353,0.05882353,1
NationalSecurityAgency/datawave,warehouse/query-core/src/main/java/datawave/query/planner/comparator/GeoWaveQueryPlanComparator.java,2,1,0,2,3,0,0,2,0,1,0,1.0,1.0,1
NationalSecurityAgency/datawave,warehouse/query-core/src/test/java/datawave/query/testframework/FlattenDataType.java,10,2,0,9,23,4,0,10,1,6,2,1.0,1.0,3
NationalSecurityAgency/datawave,warehouse/query-core/src/main/java/datawave/query/language/builder/jexl/PhraseQueryNodeBuilder.java,1,1,0,3,2,0,0,1,0,0,0,0.0,0.0,1
NationalSecurityAgency/datawave,warehouse/query-core/src/main/java/datawave/query/index/stats/IndexStatsSummingIterator.java,11,1,0,9,17,1,0,7,0,5,0,0.47619048,1.0,1
NationalSecurityAgency/datawave,warehouse/ingest-core/src/test/java/datawave/ingest/mapreduce/job/reindex/ShardReindexMapperTest.java,92,3,0,35,103,1,0,83,0,7,0,0.9701493,0.9701493,2
NationalSecurityAgency/datawave,warehouse/query-core/src/test/java/datawave/query/jexl/visitors/IngestTypePruningVisitorTest.java,72,1,0,11,30,1560,0,57,1,3,2,0.0009250694,0.0009250694,1
NationalSecurityAgency/datawave,web-services/common/src/main/java/datawave/metrics/QueryMetricFactoryProducer.java,1,1,0,4,0,0,0,1,0,0,0,0.0,0.0,1
NationalSecurityAgency/datawave,warehouse/query-core/src/main/java/datawave/query/tld/TLDIndexIteratorBuilder.java,1,2,0,9,7,0,0,1,0,0,0,0.0,0.0,1
NationalSecurityAgency/datawave,warehouse/query-core/src/test/java/datawave/query/iterator/logic/IndexIteratorBridgeTest.java,13,1,0,10,24,0,0,9,5,1,0,1.0,1.0,1
NationalSecurityAgency/datawave,core/annotation/src/test/java/datawave/annotation/util/v1/AnnotationJsonUtilsTest.java,4,1,0,9,10,4,0,4,0,3,1,0.16666667,0.16666667,1
NationalSecurityAgency/datawave,warehouse/query-core/src/main/java/datawave/query/jexl/nodes/AbstractNodeCostComparator.java,18,2,2,11,15,9,0,6,0,4,2,0.3,0.3,1
NationalSecurityAgency/datawave,microservices/services/authorization/api/src/main/java/datawave/security/authorization/CloseableLoginContext.java,6,2,0,0,1,15,0,6,0,0,0,0.0,0.0,1
NationalSecurityAgency/datawave,warehouse/query-core/src/main/java/datawave/query/rules/AbstractQueryRule.java,10,1,1,2,6,0,0,7,0,1,0,0.71428573,0.71428573,1
NationalSecurityAgency/datawave,core/utils/type-utils/src/main/java/datawave/data/normalizer/regex/NumericRegexEncoder.java,55,1,0,11,51,355,0,34,2,8,6,0.0,0.0,1
NationalSecurityAgency/datawave,warehouse/query-core/src/main/java/datawave/query/tld/TLDFieldIndexAggregator.java,20,2,0,14,36,30,0,9,0,2,0,0.083333336,0.083333336,1
NationalSecurityAgency/datawave,web-services/accumulo/src/main/java/datawave/webservice/operations/user/LookupBean.java,3,1,0,24,3,3,0,3,0,1,0,0.0,0.0,1
NationalSecurityAgency/datawave,warehouse/ingest-core/src/main/java/datawave/ingest/table/aggregator/util/TruncatedIndexKeyParser.java,7,2,0,3,15,1,0,2,0,0,0,0.0,0.0,1
NationalSecurityAgency/datawave,warehouse/query-core/src/main/java/datawave/query/tables/content/ContentQueryCheckpoint.java,13,2,0,6,16,0,0,7,0,1,0,0.6,0.6,1
NationalSecurityAgency/datawave,warehouse/query-core/src/test/java/datawave/audit/DatawaveSelectorExtractorTest.java,13,1,0,3,15,66,0,12,0,0,0,0.0,0.0,1
NationalSecurityAgency/datawave,web-services/security/src/main/java/datawave/security/authorization/remote/RemoteDatawaveUserService.java,24,2,0,17,24,266,0,24,0,16,0,0.018115941,0.036231883,1
NationalSecurityAgency/datawave,core/annotation/src/main/java/datawave/annotation/protobuf/v1/SegmentValue.java,177,2,0,16,108,1137,0,97,18,19,8,0.08019324,0.14782609,4
NationalSecurityAgency/datawave,microservices/starters/query/src/main/java/datawave/microservice/query/mapreduce/jobs/MapReduceJob.java,33,1,2,15,54,29,0,11,0,3,0,0.23636363,0.38181818,1
NationalSecurityAgency/datawave,warehouse/query-core/src/main/java/datawave/query/exceptions/DoNotPerformOptimizedQueryException.java,4,5,0,1,0,6,0,4,0,1,1,0.0,0.0,1
NationalSecurityAgency/datawave,warehouse/query-core/src/main/java/datawave/query/planner/DatePartitionedQueryIterable.java,37,1,0,9,49,18,0,14,0,12,1,0.7,1.0,2
NationalSecurityAgency/datawave,microservices/services/hazelcast/common/src/main/java/datawave/microservice/cached/ConcurrentMapCacheInspector.java,9,1,0,7,22,0,0,5,0,2,0,1.0,1.0,1
NationalSecurityAgency/datawave,warehouse/query-core/src/test/java/datawave/query/CountQueryTest.java,9,2,0,11,15,0,0,8,1,2,2,0.53571427,0.53571427,1
NationalSecurityAgency/datawave,warehouse/query-core/src/test/java/datawave/query/iterator/QueryIteratorIT.java,170,2,2,28,113,11111,0,154,0,17,4,0.028435616,0.05050505,1
NationalSecurityAgency/datawave,warehouse/query-core/src/test/java/datawave/query/util/sortedset/BufferedFileBackedSortedSetTest.java,56,1,0,10,42,1,0,28,0,4,0,1.0,1.0,6
NationalSecurityAgency/datawave,web-services/metrics/src/main/java/datawave/query/metrics/ShardTableQueryMetricHandler.java,137,2,0,61,205,64,0,20,0,20,6,0.21794872,0.5769231,1
NationalSecurityAgency/datawave,warehouse/age-off/src/main/java/datawave/iterators/filter/ColumnVisibilityOrFilter.java,9,3,0,4,6,0,0,1,0,0,0,0.0,0.0,1
NationalSecurityAgency/datawave,warehouse/ingest-core/src/test/java/datawave/ingest/mapreduce/handler/shard/ShardedDataTypeHandlerTest.java,75,2,0,25,105,810,0,62,1,15,4,0.4359606,0.4679803,3
NationalSecurityAgency/datawave,warehouse/query-core/src/main/java/datawave/query/iterator/pipeline/Pipeline.java,17,1,0,6,11,14,0,9,0,6,1,0.30555555,0.7777778,1
NationalSecurityAgency/datawave,web-services/common/src/main/java/datawave/webservice/common/audit/AuditParameterBuilder.java,2,1,0,2,0,1,0,2,0,0,0,0.0,0.0,1
NationalSecurityAgency/datawave,core/utils/type-utils/src/main/java/datawave/data/normalizer/LcNormalizer.java,7,2,0,3,4,10,0,5,0,1,1,0.0,0.0,1
NationalSecurityAgency/datawave,warehouse/ingest-core/src/main/java/datawave/ingest/mapreduce/handler/shard/ShardIdFactory.java,14,1,0,8,26,25,0,10,3,4,2,0.15555556,0.22222222,1
NationalSecurityAgency/datawave,warehouse/query-core/src/main/java/datawave/query/tables/keyword/transform/TagCloudInputTransformer.java,3,1,0,4,0,3,0,3,0,0,0,0.0,0.0,1
NationalSecurityAgency/datawave,core/annotation/src/main/java/datawave/annotation/data/v1/AccumuloAnnotationSerializer.java,41,1,0,19,81,35,0,11,6,12,10,0.18181819,0.38181818,1
NationalSecurityAgency/datawave,core/map-reduce/src/main/java/datawave/core/mapreduce/bulkresults/map/ApplicationContextAwareMapper.java,9,2,0,8,11,0,0,1,0,5,4,0.0,0.0,1
NationalSecurityAgency/datawave,core/query/src/main/java/datawave/core/query/remote/RemoteTimeoutQueryException.java,4,5,0,1,0,6,0,4,0,0,0,0.0,0.0,1
NationalSecurityAgency/datawave,microservices/services/authorization/service/src/main/java/datawave/microservice/authorization/preauth/AuthorizationProxiedEntityX509Filter.java,3,2,0,5,3,1,0,2,0,0,0,0.0,0.0,1
NationalSecurityAgency/datawave,warehouse/ingest-csv/src/test/java/datawave/ingest/csv/mr/handler/ContentCSVIndexingColumnBasedHandlerTest.java,10,1,0,24,42,0,0,7,4,4,3,0.6666667,1.0,1
NationalSecurityAgency/datawave,warehouse/query-core/src/main/java/datawave/query/tables/BatchResource.java,9,3,0,10,17,4,0,4,0,1,1,0.16666667,0.16666667,1
NationalSecurityAgency/datawave,warehouse/ingest-json/src/test/java/datawave/ingest/json/mr/input/JsonRecordReaderTest.java,8,1,0,12,27,28,0,8,0,0,0,0.0,0.0,1
NationalSecurityAgency/datawave,warehouse/query-core/src/main/java/datawave/query/config/KeywordQueryConfiguration.java,33,2,0,8,23,208,0,25,1,10,1,0.11333334,0.31333333,1
NationalSecurityAgency/datawave,web-services/common/src/main/java/datawave/webservice/common/audit/DefaultAuditParameterBuilder.java,10,1,0,6,13,0,0,2,0,1,0,1.0,1.0,1
NationalSecurityAgency/datawave,warehouse/query-core/src/main/java/datawave/query/discovery/LiteralRangeMultimapType.java,2,1,0,3,1,0,0,2,2,1,1,1.0,1.0,2
NationalSecurityAgency/datawave,warehouse/ingest-core/src/main/java/datawave/ingest/mapreduce/handler/tokenize/ExtendedContentIngestHelper.java,63,4,0,14,67,41,0,15,0,6,3,0.30476192,0.35238096,1
NationalSecurityAgency/datawave,warehouse/ops-tools/config-compare/src/main/java/datawave/configuration/RunCompare.java,11,1,0,4,17,15,0,6,3,1,1,0.0,0.0,1
NationalSecurityAgency/datawave,web-services/common/src/main/java/datawave/configuration/RefreshableScopeContext.java,2,2,0,2,0,1,0,2,0,0,0,0.0,0.0,1
NationalSecurityAgency/datawave,warehouse/core/src/main/java/datawave/mr/bulk/split/SplitStrategy.java,1,1,1,1,0,0,0,1,0,0,0,0.0,0.0,1
NationalSecurityAgency/datawave,warehouse/metrics-core/src/main/java/datawave/metrics/mapreduce/NullWritableSequenceFileCombinerFormat.java,1,2,0,9,0,0,0,1,0,0,0,0.0,0.0,1
NationalSecurityAgency/datawave,warehouse/query-core/src/test/java/datawave/query/function/DocumentProjectionTest.java,28,1,0,10,16,0,0,28,0,2,0,0.7207977,0.7207977,1
NationalSecurityAgency/datawave,warehouse/age-off-utils/src/main/java/datawave/age/off/util/RuleConfigDocument.java,18,2,0,7,25,0,0,10,0,12,10,0.0,0.0,1
NationalSecurityAgency/datawave,core/in-memory-accumulo/src/main/java/datawave/accumulo/inmemory/InMemoryScanner.java,17,4,0,14,13,40,0,14,0,3,0,1.0,1.0,2
NationalSecurityAgency/datawave,warehouse/ingest-core/src/main/java/datawave/ingest/mapreduce/job/util/AccumuloUtil.java,27,1,0,10,34,0,0,9,3,2,1,0.5833333,0.5833333,1
NationalSecurityAgency/datawave,warehouse/query-core/src/test/java/datawave/query/jexl/visitors/FixUnindexedNumericTermsTest.java,15,1,0,11,20,87,0,14,0,3,1,0.0,0.0,1
NationalSecurityAgency/datawave,warehouse/query-core/src/main/java/datawave/query/lucene/visitors/InvalidQuoteVisitor.java,9,2,0,5,9,4,0,4,1,1,1,0.0,0.0,1
NationalSecurityAgency/datawave,warehouse/query-core/src/main/java/datawave/query/transformer/FieldMappingTransform.java,7,2,0,4,6,0,0,2,0,3,0,1.0,1.0,1
NationalSecurityAgency/datawave,microservices/services/authorization/api/src/main/java/datawave/security/util/ProxiedEntityUtils.java,31,1,0,2,44,34,0,9,8,2,2,0.0,0.0,1
NationalSecurityAgency/datawave,warehouse/ingest-core/src/main/java/datawave/ingest/mapreduce/job/VisibilityConstraint.java,1,1,0,1,0,0,0,1,0,0,0,0.0,0.0,1
NationalSecurityAgency/datawave,warehouse/query-core/src/test/java/datawave/query/attributes/TemporalGranularityTest.java,18,1,0,3,11,89,0,14,0,1,1,0.010989011,0.010989011,1
NationalSecurityAgency/datawave,warehouse/query-core/src/main/java/datawave/query/postprocessing/tf/DocumentKeysFunction.java,36,1,0,18,44,20,0,8,0,4,1,0.16666667,0.16666667,1
NationalSecurityAgency/datawave,web-services/common-util/src/main/java/datawave/webservice/common/exception/QueryCanceledException.java,1,3,0,3,1,0,0,1,0,1,1,0.0,0.0,1
NationalSecurityAgency/datawave,web-services/security/src/test/java/datawave/security/user/ListEffectiveAuthorizationsTest.java,23,3,0,25,29,28,0,19,1,8,7,0.7111111,0.8,3
NationalSecurityAgency/datawave,warehouse/query-core/src/main/java/datawave/query/planner/scanhints/IvaratorScanHint.java,5,3,0,4,4,3,0,3,0,2,2,0.0,0.0,1
NationalSecurityAgency/datawave,core/in-memory-accumulo/src/main/java/datawave/accumulo/inmemory/InMemoryTableOperations.java,120,2,0,35,115,1105,0,59,0,7,2,0.6666667,1.0,2
NationalSecurityAgency/datawave,warehouse/ingest-core/src/main/java/datawave/ingest/data/config/ingest/VirtualIngest.java,121,2,0,12,95,213,0,37,1,26,10,0.93333334,1.0,4
NationalSecurityAgency/datawave,warehouse/age-off-utils/src/main/java/datawave/age/off/util/AgeOffCsvColumnInformation.java,8,1,0,0,4,0,0,1,0,8,4,0.0,0.0,1
NationalSecurityAgency/datawave,warehouse/query-core/src/main/java/datawave/next/retrieval/IndexOnlyFragmentVisitor.java,10,2,0,3,6,0,0,4,0,4,0,0.8333333,1.0,1
NationalSecurityAgency/datawave,warehouse/query-core/src/main/java/datawave/query/util/sortedset/MergeSortIterator.java,27,1,0,4,21,0,0,6,0,7,0,0.6666667,1.0,1
NationalSecurityAgency/datawave,warehouse/query-core/src/main/java/datawave/query/transformer/ExcerptTransform.java,71,2,0,21,95,18,0,21,5,16,7,0.75,1.0,2
NationalSecurityAgency/datawave,warehouse/query-core/src/test/java/datawave/query/jexl/visitors/PushdownUnindexedFieldsVisitorTest.java,4,2,0,8,8,0,0,4,1,3,0,0.16666667,0.16666667,1
NationalSecurityAgency/datawave,warehouse/query-core/src/test/java/datawave/query/jexl/visitors/IvaratorRequiredVisitorTest.java,11,1,0,3,6,45,0,10,0,0,0,0.0,0.0,1
NationalSecurityAgency/datawave,warehouse/query-core/src/main/java/datawave/query/planner/WiredQueryModelProvider.java,4,1,0,2,6,0,0,2,0,1,0,1.0,1.0,1
NationalSecurityAgency/datawave,web-services/query/src/main/java/datawave/webservice/query/hud/HudQuerySummaryBuilder.java,1,1,0,2,16,0,0,1,0,0,0,0.0,0.0,1
NationalSecurityAgency/datawave,microservices/services/authorization/service/src/main/java/datawave/microservice/authorization/mock/MockDatawaveUserLookup.java,8,1,0,9,17,4,0,4,0,1,0,0.0,0.0,1
NationalSecurityAgency/datawave,warehouse/query-core/src/main/java/datawave/query/jexl/visitors/PushdownLowSelectivityNodesVisitor.java,14,4,0,13,19,9,0,6,1,3,1,0.2,0.2,1
NationalSecurityAgency/datawave,warehouse/ingest-core/src/main/java/datawave/ingest/input/reader/LfLineReader.java,19,1,0,5,7,14,0,9,0,7,2,0.30555555,0.30555555,1
NationalSecurityAgency/datawave,warehouse/query-core/src/main/java/datawave/query/iterator/waitwindow/WaitWindowObserver.java,119,2,0,14,78,639,0,40,13,21,9,0.067226894,0.15966387,2
NationalSecurityAgency/datawave,microservices/services/query/service/src/main/java/datawave/microservice/query/monitor/MonitorTask.java,19,1,0,12,39,0,0,8,0,9,0,1.0,1.0,1
NationalSecurityAgency/datawave,warehouse/query-core/src/main/java/datawave/query/planner/async/SerializeIvaratorCacheDirs.java,6,2,0,6,5,0,0,4,0,3,0,0.5,0.5,1
NationalSecurityAgency/datawave,warehouse/query-core/src/test/java/datawave/query/language/parser/jexl/TestLuceneToJexlParser.java,8,1,0,7,11,15,0,6,1,0,0,0.0,0.0,1
NationalSecurityAgency/datawave,microservices/services/accumulo/api/src/main/java/datawave/webservice/response/objects/Visibility.java,7,1,0,6,2,9,0,6,0,3,0,0.2,0.2,1
NationalSecurityAgency/datawave,microservices/services/authorization/service/src/main/java/datawave/microservice/authorization/config/AuthorizationAllowedCallersFilter.java,4,2,0,7,7,3,0,3,1,1,1,0.0,0.0,1
NationalSecurityAgency/datawave,warehouse/query-core/src/test/java/datawave/query/transformer/annotation/AnnotationHitsTransformerTest.java,62,1,0,28,77,0,0,58,0,26,8,0.8362627,0.9158187,1
NationalSecurityAgency/datawave,warehouse/ingest-core/src/main/java/datawave/ingest/data/tokenize/StandardTokenizer.java,37,2,0,12,33,191,0,23,1,18,5,0.1,0.32857144,1
NationalSecurityAgency/datawave,warehouse/query-core/src/main/java/datawave/query/scheduler/PushdownScheduler.java,26,2,0,31,61,0,0,13,0,8,1,0.51282054,0.84615386,1
NationalSecurityAgency/datawave,microservices/services/query/service/src/main/java/datawave/microservice/query/runner/NextCall.java,86,1,0,19,77,36,0,25,0,43,0,0.23809524,0.23809524,2
NationalSecurityAgency/datawave,warehouse/query-core/src/test/java/datawave/query/index/lookup/HintToShardIteratorTest.java,18,2,0,7,17,104,0,17,0,4,0,0.0,0.0,2
NationalSecurityAgency/datawave,warehouse/query-core/src/test/java/datawave/query/predicate/FieldNameFilterTest.java,10,1,0,13,25,6,0,9,0,7,0,1.0,1.0,1
NationalSecurityAgency/datawave,warehouse/age-off-utils/src/main/java/datawave/age/off/util/AgeOffFileConfiguration.java,9,1,0,3,3,6,0,8,0,5,0,0.16666667,0.16666667,2
NationalSecurityAgency/datawave,microservices/starters/query/src/main/java/datawave/microservice/query/executor/status/cache/ExecutorStatusCache.java,7,2,0,7,9,0,0,6,0,2,1,0.6,1.0,1
NationalSecurityAgency/datawave,web-services/security/src/main/java/datawave/security/cache/AccumuloCacheStore.java,44,1,0,27,85,0,0,12,0,7,0,0.6363636,0.6545454,1
NationalSecurityAgency/datawave,warehouse/query-core/src/main/java/datawave/query/tables/keyword/KeywordQueryLogic.java,78,2,2,31,95,700,0,40,5,15,9,0.044096727,0.09388336,1
NationalSecurityAgency/datawave,microservices/services/query-metric/service/src/test/java/datawave/microservice/querymetric/MetadataCachingTest.java,6,2,0,23,55,6,0,4,0,4,0,0.0,0.0,1
NationalSecurityAgency/datawave,core/connection-pool/src/main/java/datawave/core/common/cache/BaseTableCache.java,40,1,0,20,52,248,0,25,0,14,1,0.09057971,0.4456522,1
NationalSecurityAgency/datawave,warehouse/query-core/src/main/java/datawave/next/stats/DocIterStats.java,24,1,0,6,12,0,0,22,1,6,1,0.5194805,0.90909094,1
NationalSecurityAgency/datawave,warehouse/query-core/src/test/java/datawave/test/DeepJexlNodeComparator.java,4,1,0,3,5,0,0,1,0,1,1,0.0,0.0,1
NationalSecurityAgency/datawave,warehouse/query-core/src/test/java/datawave/query/jexl/visitors/order/OrderByCostVisitorTest.java,29,1,0,11,29,276,0,24,0,2,0,0.0,0.0,1
NationalSecurityAgency/datawave,core/utils/type-utils/src/main/java/datawave/data/type/LcNoDiacriticsListType.java,6,3,0,5,7,6,0,4,0,0,0,0.0,0.0,1
NationalSecurityAgency/datawave,warehouse/ingest-core/src/main/java/datawave/ingest/mapreduce/EventMapper.java,125,4,0,47,176,16,0,13,0,35,17,0.6785714,1.0,2
NationalSecurityAgency/datawave,warehouse/query-core/src/test/java/datawave/query/jexl/visitors/RegexIndexExpansionVisitorIT.java,18,2,0,9,25,136,0,17,0,1,0,0.0,0.0,1
NationalSecurityAgency/datawave,warehouse/query-core/src/test/java/datawave/query/rules/MinimumSlopProximityRuleTest.java,19,2,0,6,6,171,0,19,0,0,0,0.0,0.0,1
NationalSecurityAgency/datawave,warehouse/query-core/src/main/java/datawave/query/util/regex/RegexTrie.java,21,1,0,3,17,28,0,9,0,4,1,0.14285715,0.14285715,2
NationalSecurityAgency/datawave,web-services/client/src/main/java/datawave/webservice/result/QueryWizardResultResponse.java,29,2,0,17,37,24,0,9,0,7,3,0.14285715,0.1904762,1
NationalSecurityAgency/datawave,web-services/security/src/main/java/datawave/security/user/UserOperationsBean.java,22,1,0,28,42,9,0,7,0,5,0,0.3,0.3,1
NationalSecurityAgency/datawave,core/base-rest-responses/src/test/java/datawave/webservice/query/exception/TimeoutQueryExceptionTest.java,12,1,0,4,7,0,0,12,0,7,0,1.0,1.0,1
NationalSecurityAgency/datawave,warehouse/query-core/src/main/java/datawave/query/discovery/MultimapType.java,2,1,0,2,1,0,0,2,2,1,1,1.0,1.0,2
NationalSecurityAgency/datawave,web-services/query/src/main/java/datawave/webservice/query/limit/QueryAlreadyTrackedException.java,1,5,0,1,0,0,0,1,0,0,0,0.0,0.0,1
NationalSecurityAgency/datawave,warehouse/query-core/src/main/java/datawave/query/jexl/visitors/FieldsWithNumericValuesVisitor.java,13,4,0,11,7,28,0,8,1,0,0,0.0,0.0,1
NationalSecurityAgency/datawave,warehouse/query-core/src/main/java/datawave/query/predicate/ChainableEventDataQueryFilter.java,32,1,0,7,20,6,0,13,0,1,0,0.46666667,0.46666667,1
NationalSecurityAgency/datawave,warehouse/query-core/src/test/java/datawave/query/tables/BitSetIteratorTest.java,13,1,0,5,9,0,0,8,0,3,0,1.0,1.0,1
NationalSecurityAgency/datawave,microservices/services/audit/service/src/main/java/datawave/microservice/audit/common/AuditMessageSupplier.java,2,1,0,3,9,0,0,2,0,1,0,0.0,0.0,1
NationalSecurityAgency/datawave,microservices/services/dictionary/service/src/main/java/datawave/microservice/dictionary/config/DictionaryServiceConfiguration.java,10,1,0,28,4,21,0,10,0,0,0,0.0,0.0,3
NationalSecurityAgency/datawave,warehouse/ingest-core/src/main/java/datawave/ingest/mapreduce/handler/edge/evaluation/EdgeJexlEngine.java,5,2,0,11,3,3,0,3,0,0,0,0.0,0.0,1
NationalSecurityAgency/datawave,microservices/starters/query/src/main/java/org/springframework/cloud/bus/event/RemoteQueryRequestEvent.java,4,2,0,2,1,0,0,4,0,1,0,1.0,1.0,1
NationalSecurityAgency/datawave,warehouse/query-core/src/main/java/datawave/query/function/AncestorEquality.java,1,1,0,2,4,0,0,1,0,0,0,0.0,0.0,1
NationalSecurityAgency/datawave,warehouse/ingest-core/src/main/java/datawave/ingest/mapreduce/partition/ShardIdPartitioner.java,15,2,1,10,15,35,0,10,0,8,5,0.11111111,0.13333334,1
NationalSecurityAgency/datawave,warehouse/query-core/src/main/java/datawave/query/util/ssdeep/NGramScoreTuple.java,16,1,0,2,7,0,0,8,0,4,1,0.89285713,1.0,1
NationalSecurityAgency/datawave,warehouse/query-core/src/main/java/datawave/query/iterator/logic/RegexFilterIterator.java,47,1,0,16,37,311,0,27,0,18,1,0.040935673,0.16374269,1
NationalSecurityAgency/datawave,warehouse/ingest-core/src/main/java/datawave/ingest/mapreduce/handler/edge/ProtobufEdgeDataTypeHandler.java,247,1,0,58,273,1048,0,51,1,54,23,0.054054055,0.34684685,3
NationalSecurityAgency/datawave,warehouse/query-core/src/main/java/datawave/query/transformer/ParentDocumentTransformer.java,3,5,0,13,9,3,0,3,0,0,0,0.0,0.0,1
NationalSecurityAgency/datawave,web-services/common/src/main/java/datawave/webservice/common/json/MultivaluedMapDeserializer.java,4,2,0,8,12,0,0,1,0,0,0,0.0,0.0,1
NationalSecurityAgency/datawave,warehouse/ingest-core/src/test/java/datawave/ingest/mapreduce/handler/edge/ProtobufEdgeDeleteModeTest.java,35,2,0,27,82,0,0,8,2,8,6,1.0,1.0,2
NationalSecurityAgency/datawave,warehouse/query-core/src/main/java/datawave/query/composite/CompositeSeeker.java,66,3,4,6,43,22,0,16,0,3,0,1.0,1.0,3
NationalSecurityAgency/datawave,warehouse/query-core/src/main/java/datawave/query/attributes/AttributeFactory.java,30,1,1,14,41,24,0,11,1,6,3,0.21428572,0.35714287,3
NationalSecurityAgency/datawave,warehouse/ingest-core/src/main/java/datawave/ingest/util/AccumuloCliOptions.java,9,1,0,6,21,3,0,7,0,3,1,0.42857143,0.71428573,1
NationalSecurityAgency/datawave,microservices/services/query/service/src/main/java/datawave/microservice/query/mapreduce/MapReduceQueryManagementService.java,117,1,0,47,156,210,0,37,0,12,2,0.35384616,0.52615386,1
NationalSecurityAgency/datawave,warehouse/ingest-core/src/test/java/datawave/ingest/mapreduce/SimpleDataTypeHelper.java,4,1,0,4,5,1,0,3,2,1,1,0.33333334,0.33333334,1
NationalSecurityAgency/datawave,warehouse/query-core/src/main/java/datawave/query/function/KeyToFieldName.java,9,1,0,5,8,4,0,4,0,1,0,0.16666667,0.16666667,1
NationalSecurityAgency/datawave,warehouse/query-core/src/main/java/datawave/query/index/lookup/QueryPlanStream.java,1,1,0,3,0,0,0,1,0,0,0,0.0,0.0,1
NationalSecurityAgency/datawave,microservices/services/dictionary/service/src/test/java/datawave/microservice/model/ModelControllerTest.java,12,2,0,20,36,3,0,8,0,8,3,0.42857143,0.71428573,2
NationalSecurityAgency/datawave,warehouse/query-core/src/main/java/datawave/query/language/builder/jexl/ModifierQueryNodeBuilder.java,1,1,0,4,2,0,0,1,0,0,0,0.0,0.0,1
NationalSecurityAgency/datawave,warehouse/query-core/src/test/java/datawave/query/iterator/logic/KeywordExtractingIteratorTest.java,12,2,0,19,37,0,0,12,2,10,7,0.8611111,1.0,1
NationalSecurityAgency/datawave,microservices/services/query/service/src/main/java/datawave/microservice/query/QueryService.java,1,1,0,4,1,0,0,1,1,0,0,0.0,0.0,1
NationalSecurityAgency/datawave,warehouse/ingest-core/src/main/java/datawave/ingest/metadata/EventMetadata.java,79,1,0,23,79,279,0,27,0,15,1,0.09846154,0.32307693,1
NationalSecurityAgency/datawave,web-services/security/src/main/java/datawave/security/cache/AccumuloCacheStoreConfiguration.java,42,2,0,10,11,20,0,16,1,22,11,0.30833334,0.875,1
NationalSecurityAgency/datawave,warehouse/ingest-core/src/main/java/datawave/ingest/mapreduce/job/OverridingConfiguration.java,4,2,0,1,8,0,0,1,0,0,0,0.0,0.0,1
NationalSecurityAgency/datawave,warehouse/query-core/src/main/java/datawave/query/tables/chained/iterators/ChainedQueryIterator.java,8,1,0,6,0,24,0,8,0,6,0,0.071428575,0.071428575,1
NationalSecurityAgency/datawave,warehouse/query-core/src/main/java/datawave/query/planner/PlanListener.java,1,1,0,0,0,0,0,1,0,0,0,0.0,0.0,1
NationalSecurityAgency/datawave,core/annotation/src/main/java/datawave/annotation/data/v1/AccumuloAnnotationSourceSerializer.java,28,1,0,18,53,15,0,7,0,8,5,0.14285715,0.14285715,1
NationalSecurityAgency/datawave,warehouse/query-core/src/main/java/datawave/query/iterator/waitwindow/WaitWindowOverseerIterator.java,14,2,0,10,6,0,0,6,0,1,0,0.6666667,0.6666667,1
NationalSecurityAgency/datawave,warehouse/query-core/src/main/java/datawave/query/DocumentSerialization.java,28,1,0,16,16,47,0,11,11,5,5,0.11111111,0.16666667,2
NationalSecurityAgency/datawave,microservices/services/mapreduce-query/api/src/main/java/datawave/microservice/mapreduce/bulkresults/map/SerializationFormat.java,0,1,0,0,0,0,0,0,0,0,0,0.0,0.0,1
NationalSecurityAgency/datawave,warehouse/ingest-core/src/test/java/datawave/ingest/mapreduce/handler/shard/ShardIdFactoryTest.java,13,2,0,14,24,0,0,13,0,8,0,1.0,1.0,3
NationalSecurityAgency/datawave,warehouse/query-core/src/main/java/datawave/query/planner/rules/RegexSimplifierTransformRule.java,1,2,0,1,0,0,0,1,0,2,2,0.0,0.0,1
NationalSecurityAgency/datawave,warehouse/query-core/src/test/java/datawave/query/jexl/DatawaveJexlContextTest.java,3,1,0,5,6,0,0,3,0,2,0,1.0,1.0,1
NationalSecurityAgency/datawave,microservices/services/accumulo/api/src/main/java/datawave/webservice/response/objects/ConstraintViolation.java,8,1,0,2,0,20,0,8,0,4,0,0.14285715,0.14285715,1
NationalSecurityAgency/datawave,microservices/services/authorization/service/src/main/java/datawave/microservice/authorization/mock/MockDatawaveUser.java,4,1,0,0,0,2,0,4,0,2,0,0.33333334,0.33333334,1
NationalSecurityAgency/datawave,warehouse/ingest-core/src/main/java/datawave/ingest/util/TimeoutStrategy.java,12,5,0,5,4,0,0,8,0,6,2,1.0,1.0,2
NationalSecurityAgency/datawave,warehouse/ingest-core/src/main/java/datawave/ingest/input/reader/AbstractEventRecordReader.java,53,2,0,23,70,52,0,16,0,16,2,0.28333333,0.65,1
NationalSecurityAgency/datawave,warehouse/ingest-core/src/main/java/datawave/ingest/data/config/filter/KeyValueFilter.java,2,1,0,3,0,1,0,2,0,0,0,0.0,0.0,1
NationalSecurityAgency/datawave,core/annotation/src/main/java/datawave/annotation/util/v1/AnnotationJsonUtils.java,8,1,0,11,15,3,0,7,7,2,2,0.32142857,0.32142857,1
NationalSecurityAgency/datawave,core/annotation/src/main/java/datawave/annotation/data/transform/MetadataTransformerBase.java,14,1,0,1,6,10,0,5,1,0,0,0.0,0.0,1
NationalSecurityAgency/datawave,warehouse/query-core/src/main/java/datawave/query/jexl/lookups/ExceededThresholdException.java,4,4,0,0,0,6,0,4,0,1,1,0.0,0.0,1
NationalSecurityAgency/datawave,warehouse/query-core/src/main/java/datawave/query/planner/pushdown/rules/DelayedPredicatePushDown.java,11,3,0,11,27,1,0,4,0,2,1,0.33333334,0.33333334,2
NationalSecurityAgency/datawave,warehouse/query-core/src/test/java/datawave/query/attributes/it/NumberTypeAttributeIT.java,9,2,0,8,11,34,0,9,0,1,0,0.027777778,0.027777778,1
NationalSecurityAgency/datawave,warehouse/ingest-core/src/test/java/datawave/ingest/data/config/ingest/VirtualFieldTest.java,7,1,0,10,13,1,0,7,0,1,0,0.47619048,0.47619048,1
NationalSecurityAgency/datawave,warehouse/query-core/src/test/java/datawave/query/iterator/QueryOptionsTest.java,21,2,0,8,36,171,0,20,2,0,0,0.0,0.0,2
NationalSecurityAgency/datawave,warehouse/query-core/src/main/java/datawave/query/tables/AnyFieldScanner.java,4,3,0,11,7,3,0,3,0,1,1,0.0,0.0,1
NationalSecurityAgency/datawave,warehouse/query-core/src/main/java/datawave/query/util/DateIndexIterator.java,31,1,1,9,30,7,0,10,0,18,7,0.47619048,1.0,1
NationalSecurityAgency/datawave,warehouse/ssdeep-common/src/test/java/datawave/util/ssdeep/SSDeepEncodingTest.java,4,1,0,3,4,0,0,2,0,1,1,1.0,1.0,1
NationalSecurityAgency/datawave,microservices/services/authorization/service/src/test/java/datawave/microservice/authorization/AuthorizeHttpTest.java,9,1,0,19,29,3,0,9,0,10,2,1.0,1.0,2
NationalSecurityAgency/datawave,warehouse/query-core/src/main/java/datawave/query/index/lookup/ConcurrentScannerInitializer.java,14,1,0,3,14,1,0,3,1,1,0,0.33333334,0.33333334,1
NationalSecurityAgency/datawave,warehouse/query-core/src/main/java/datawave/query/search/FieldedTerm.java,35,2,3,4,18,39,0,19,2,5,1,0.31578946,0.45614034,1
NationalSecurityAgency/datawave,core/utils/type-utils/src/main/java/datawave/data/type/ListType.java,7,2,2,4,5,13,0,6,0,2,1,0.06666667,0.06666667,1
NationalSecurityAgency/datawave,core/cached-results/src/main/java/datawave/core/query/cachedresults/CacheableQueryRowReader.java,29,1,0,6,50,3,0,3,3,1,1,0.0,0.0,1
NationalSecurityAgency/datawave,warehouse/ingest-core/src/main/java/datawave/ingest/table/config/AbstractTableConfigHelper.java,34,1,12,10,37,33,0,10,3,2,1,0.13333334,0.13333334,1
NationalSecurityAgency/datawave,web-services/query/src/main/java/datawave/webservice/query/util/GetUUIDCriteria.java,2,2,1,2,0,0,0,2,0,2,0,1.0,1.0,1
NationalSecurityAgency/datawave,microservices/starters/datawave/src/main/java/datawave/microservice/authorization/preauth/ProxiedEntityPreauthPrincipal.java,13,1,1,2,8,0,0,7,0,4,1,0.71428573,1.0,1
NationalSecurityAgency/datawave,warehouse/ingest-core/src/main/java/datawave/ingest/mapreduce/job/writer/AggregatingContextWriter.java,4,3,0,10,8,0,0,4,0,2,1,0.5,0.5,1
NationalSecurityAgency/datawave,warehouse/query-core/src/test/java/datawave/query/util/LimitFieldsTestingIngest.java,18,1,0,16,25,3,0,3,3,9,9,0.0,0.0,2
NationalSecurityAgency/datawave,warehouse/query-core/src/main/java/datawave/query/jexl/visitors/whindex/WhindexTerm.java,12,1,0,4,10,0,0,6,0,3,0,0.6666667,1.0,1
NationalSecurityAgency/datawave,warehouse/query-core/src/test/java/datawave/query/jexl/visitors/UniqueExpressionTermsVisitorTest.java,32,1,0,3,6,496,0,32,0,0,0,0.0,0.0,1
NationalSecurityAgency/datawave,warehouse/query-core/src/test/java/datawave/next/DocIdQueryIteratorTest.java,17,2,0,9,21,97,0,15,0,3,0,0.03809524,0.057142857,1
NationalSecurityAgency/datawave,warehouse/query-core/src/main/java/datawave/query/tables/DateIterator.java,6,1,0,1,9,0,0,4,0,3,0,1.0,1.0,1
NationalSecurityAgency/datawave,microservices/starters/datawave/src/main/java/datawave/microservice/config/cluster/ClusterProperties.java,2,1,0,1,0,0,0,2,0,1,0,1.0,1.0,1
NationalSecurityAgency/datawave,warehouse/query-core/src/main/java/datawave/query/rules/ShardQueryValidationConfiguration.java,8,2,0,3,0,20,0,8,0,4,0,0.14285715,0.14285715,1
NationalSecurityAgency/datawave,web-services/atom/src/main/java/datawave/webservice/atom/jaxrs/AtomMessageBodyWriter.java,7,1,0,9,5,3,0,3,0,0,0,0.0,0.0,1
NationalSecurityAgency/datawave,web-services/query/src/main/java/datawave/webservice/query/logic/QueryLogicFactoryConfiguration.java,8,1,0,0,1,11,0,7,0,3,0,0.23809524,0.23809524,1
NationalSecurityAgency/datawave,web-services/client/src/main/java/datawave/webservice/result/keyword/TagCloudBase.java,12,1,0,8,2,47,0,11,0,2,0,0.07272727,0.07272727,1
NationalSecurityAgency/datawave,core/utils/type-utils/src/main/java/datawave/data/parser/WKTParser.java,6,2,0,5,5,1,0,2,0,3,3,0.0,0.0,1
NationalSecurityAgency/datawave,core/utils/type-utils/src/main/java/datawave/data/type/PointType.java,8,3,0,8,10,11,0,6,0,2,0,0.06666667,0.06666667,1
NationalSecurityAgency/datawave,warehouse/age-off/src/main/java/datawave/iterators/filter/AgeOffFilterBase.java,11,2,1,9,19,13,0,6,0,2,0,0.06666667,0.06666667,1
NationalSecurityAgency/datawave,warehouse/assemble/webservice/src/main/java/datawave/webservice/mr/input/SecureEventSequenceFileRecordReader.java,10,3,0,8,10,0,0,2,0,3,2,1.0,1.0,1
NationalSecurityAgency/datawave,warehouse/query-core/src/main/java/datawave/query/planner/pushdown/rules/FullTableScan.java,12,3,0,9,21,10,0,5,0,1,1,0.0,0.0,1
NationalSecurityAgency/datawave,warehouse/query-core/src/test/java/datawave/query/jexl/visitors/HasUnfieldedTermVisitorTest.java,5,1,0,5,10,4,0,5,0,1,0,0.0,0.0,1
NationalSecurityAgency/datawave,warehouse/ingest-wikipedia/src/test/java/datawave/ingest/wikipedia/WikipediaDataTypeHandlerTest.java,17,4,0,18,37,0,0,4,1,2,1,1.0,1.0,2
NationalSecurityAgency/datawave,microservices/services/query-metric/service/src/main/java/datawave/microservice/querymetric/handler/RemoteShardTableQueryMetricHandler.java,10,3,0,21,50,0,0,5,0,6,1,0.6,0.6,1
NationalSecurityAgency/datawave,warehouse/query-core/src/main/java/datawave/query/function/JexlEvaluation.java,29,1,0,23,36,31,0,11,0,8,2,0.21818182,0.5272727,1
NationalSecurityAgency/datawave,core/utils/type-utils/src/main/java/datawave/data/type/TypeFactory.java,6,1,0,3,10,0,0,5,0,3,2,0.6,0.6,1
NationalSecurityAgency/datawave,web-services/query/src/test/java/datawave/webservice/query/logic/BaseQueryLogicTest.java,11,2,0,8,25,45,0,11,0,0,0,0.0,0.0,2
NationalSecurityAgency/datawave,microservices/services/query-metric/api/src/main/java/datawave/microservice/querymetric/QueryMetric.java,166,2,2,14,112,55,0,20,1,3,2,0.018181818,0.018181818,2
NationalSecurityAgency/datawave,warehouse/query-core/src/test/java/datawave/query/util/sortedset/MultiSetBackedSortedSetTest.java,101,1,0,8,44,0,0,14,0,3,0,1.0,1.0,1
NationalSecurityAgency/datawave,warehouse/ingest-core/src/main/java/datawave/ingest/data/config/BaseNormalizedContent.java,26,1,1,5,21,54,0,20,0,6,0,0.35789475,0.6315789,1
NationalSecurityAgency/datawave,warehouse/query-core/src/test/java/datawave/next/stats/DocIdQueryIterStatsSerializerTest.java,2,1,0,5,14,1,0,2,0,1,0,0.0,0.0,1
NationalSecurityAgency/datawave,microservices/starters/query/src/main/java/datawave/microservice/query/storage/TaskDescription.java,10,1,0,6,7,3,0,7,0,2,0,0.42857143,0.47619048,1
NationalSecurityAgency/datawave,warehouse/query-core/src/main/java/datawave/core/iterators/DatawaveFieldIndexRegexIteratorJexl.java,14,4,0,12,25,20,0,9,1,2,0,0.10714286,0.10714286,2
NationalSecurityAgency/datawave,core/utils/type-utils/src/main/java/datawave/data/normalizer/regex/visitor/ZeroLengthRepetitionTrimmer.java,15,3,0,10,16,6,0,4,1,0,0,0.0,0.0,1
NationalSecurityAgency/datawave,warehouse/ingest-core/src/main/java/datawave/ingest/input/reader/event/EventSequenceFileInputFormat.java,1,2,0,7,0,0,0,1,0,0,0,0.0,0.0,1
NationalSecurityAgency/datawave,warehouse/ingest-core/src/main/java/datawave/ingest/mapreduce/job/metrics/MetricsConfiguration.java,17,1,0,5,18,26,0,9,9,14,14,0.1388889,0.2777778,1
NationalSecurityAgency/datawave,web-services/client/src/test/java/datawave/webservice/query/TestQueryParameters.java,10,1,0,5,9,0,0,10,0,2,0,1.0,1.0,1
NationalSecurityAgency/datawave,warehouse/ingest-core/src/main/java/datawave/ingest/mapreduce/handler/facet/FacetHandler.java,57,1,0,35,80,141,0,20,1,26,15,0.09803922,0.50980395,2
NationalSecurityAgency/datawave,web-services/security/src/main/java/datawave/security/login/DatawaveCertVerifier.java,13,1,1,4,8,9,0,7,0,3,0,0.2857143,0.47619048,2
NationalSecurityAgency/datawave,warehouse/ingest-core/src/main/java/datawave/ingest/mapreduce/job/reindex/DatawaveMetadataOnlyContext.java,17,1,0,8,13,0,0,9,0,3,0,1.0,1.0,1
NationalSecurityAgency/datawave,warehouse/query-core/src/main/java/datawave/query/jexl/visitors/EvaluationRendering.java,13,3,0,12,13,10,0,8,2,4,1,0.32142857,0.53571427,1
NationalSecurityAgency/datawave,microservices/services/query-metric/service/src/main/java/datawave/microservice/querymetric/config/QueryMetricHandlerConfiguration.java,14,1,0,44,24,55,0,12,0,1,0,0.0,0.0,2
NationalSecurityAgency/datawave,warehouse/query-core/src/main/java/datawave/query/language/tree/SoftAndNode.java,7,2,0,4,7,6,0,4,0,1,1,0.0,0.0,1
NationalSecurityAgency/datawave,warehouse/query-core/src/test/java/datawave/query/MiscQueryTest.java,27,2,0,15,42,0,0,21,2,4,4,1.0,1.0,2
NationalSecurityAgency/datawave,warehouse/query-core/src/main/java/datawave/query/jexl/functions/TermFrequencyList.java,43,1,0,8,39,0,0,28,2,5,0,1.0,1.0,3
NationalSecurityAgency/datawave,core/utils/metadata-utils/src/test/java/datawave/query/model/ModelKeyParserTest.java,21,1,0,12,26,0,0,21,0,30,29,0.8238095,1.0,1
NationalSecurityAgency/datawave,warehouse/query-core/src/test/java/datawave/next/scanner/CandidateResultTest.java,4,1,0,6,13,6,0,4,0,0,0,0.0,0.0,1
NationalSecurityAgency/datawave,warehouse/query-core/src/main/java/datawave/query/tables/keyword/extractor/TagCloudInputExtractor.java,8,1,0,5,7,21,0,7,0,0,0,0.0,0.0,1
NationalSecurityAgency/datawave,microservices/services/query/api/src/main/java/datawave/microservice/query/QueryPersistence.java,0,1,0,0,0,0,0,0,0,0,0,0.0,0.0,1
NationalSecurityAgency/datawave,warehouse/core/src/test/java/datawave/ingest/mapreduce/job/SplittableRFileInputFormatTest.java,28,1,0,20,45,0,0,14,0,2,0,0.96428573,1.0,1
NationalSecurityAgency/datawave,core/utils/accumulo-utils/src/main/java/datawave/cache/CollectionSafeKeyGenerator.java,15,1,0,4,12,3,0,3,2,1,1,0.0,0.0,1
NationalSecurityAgency/datawave,warehouse/query-core/src/main/java/datawave/query/tables/async/RangeDefinition.java,4,1,0,2,2,1,0,2,2,0,0,0.0,0.0,1
NationalSecurityAgency/datawave,warehouse/query-core/src/test/java/datawave/query/tables/ssdeep/testframework/SSDeepQueryTestTableHelper.java,7,2,0,9,9,9,0,7,0,1,1,0.2857143,0.2857143,1
NationalSecurityAgency/datawave,warehouse/metrics-core/src/main/java/datawave/metrics/analytic/LongArrayWritable.java,3,2,0,3,2,1,0,2,0,0,0,0.0,0.0,1
NationalSecurityAgency/datawave,warehouse/query-core/src/test/java/datawave/query/jexl/visitors/QueryFieldsVisitorTest.java,61,1,0,6,9,1828,0,61,1,1,1,0.0,0.0,1
NationalSecurityAgency/datawave,web-services/common-util/src/main/java/datawave/resteasy/interceptor/BaseMethodStatsInterceptor.java,25,1,2,18,36,15,0,16,1,16,1,0.6666667,1.0,3
NationalSecurityAgency/datawave,warehouse/query-core/src/test/java/datawave/query/util/MultiNormalizerTest.java,19,2,0,24,26,135,0,19,2,7,6,0.099415205,0.16374269,1
NationalSecurityAgency/datawave,warehouse/query-core/src/test/java/datawave/query/tables/RangeStreamScannerTest.java,29,1,0,32,87,129,0,19,3,3,3,0.10989011,0.10989011,1
NationalSecurityAgency/datawave,core/connection-pool/src/main/java/datawave/core/common/result/ConnectionPoolClientProperties.java,2,1,0,3,1,0,0,2,0,2,1,1.0,1.0,1
NationalSecurityAgency/datawave,warehouse/query-core/src/main/java/datawave/query/predicate/PeekingPredicate.java,1,1,0,3,0,0,0,1,0,0,0,0.0,0.0,1
NationalSecurityAgency/datawave,warehouse/query-core/src/test/java/datawave/query/jexl/nodes/LexicographicalNodeComparatorTest.java,12,2,0,4,1,0,0,5,0,1,0,1.0,1.0,1
NationalSecurityAgency/datawave,warehouse/query-core/src/main/java/datawave/query/index/day/DayIndexIterator.java,13,1,0,4,10,0,0,5,0,8,0,0.5,1.0,1
NationalSecurityAgency/datawave,warehouse/ssdeep-common/src/main/java/datawave/util/ssdeep/SSDeepHashEditDistanceScorer.java,17,1,0,4,13,2,0,4,1,2,1,0.33333334,0.33333334,1
NationalSecurityAgency/datawave,warehouse/query-core/src/main/java/datawave/query/transformer/TermFrequencyQueryTransformer.java,16,2,0,16,40,3,0,6,0,3,0,1.0,1.0,1
NationalSecurityAgency/datawave,common-test/src/main/java/datawave/test/helpers/InterruptibleScannerFactory.java,12,2,0,6,15,1,0,10,1,4,0,1.0,1.0,3
NationalSecurityAgency/datawave,warehouse/query-core/src/main/java/datawave/query/tld/GetStartKeyForRoot.java,2,1,0,5,8,1,0,2,1,1,1,0.0,0.0,1
NationalSecurityAgency/datawave,warehouse/query-core/src/main/java/datawave/query/function/GetStartKey.java,2,1,0,4,1,1,0,2,1,1,1,0.0,0.0,1
NationalSecurityAgency/datawave,warehouse/ingest-core/src/main/java/datawave/ingest/data/normalizer/SimpleGroupFieldNameParser.java,31,1,0,5,31,6,0,9,0,3,3,0.2857143,0.2857143,1
NationalSecurityAgency/datawave,warehouse/ingest-core/src/main/java/datawave/ingest/data/normalizer/TextNormalizer.java,6,1,0,4,0,15,0,6,0,0,0,0.0,0.0,1
NationalSecurityAgency/datawave,warehouse/query-core/src/main/java/datawave/query/index/day/BitSetIndexEntrySerializer.java,6,1,0,6,8,4,0,5,0,2,0,0.3,0.3,1
NationalSecurityAgency/datawave,warehouse/query-core/src/main/java/datawave/core/iterators/GlobalIndexShortCircuitIterator.java,59,1,0,13,64,32,0,13,0,14,4,0.27272728,0.6545454,1
NationalSecurityAgency/datawave,warehouse/query-core/src/test/java/datawave/query/iterator/GroupingIteratorTest.java,7,1,0,10,21,15,0,6,1,2,1,0.0,0.0,1
NationalSecurityAgency/datawave,microservices/services/query-executor/api/src/main/java/datawave/microservice/query/result/QueryTaskDescription.java,10,1,0,4,4,21,0,10,0,4,0,0.26666668,0.8,1
NationalSecurityAgency/datawave,warehouse/query-core/src/test/java/datawave/query/attributes/TimingMetadataTest.java,12,1,0,9,21,4,0,8,0,5,2,0.73333335,1.0,1
NationalSecurityAgency/datawave,microservices/services/accumulo/service/src/test/java/datawave/microservice/accumulo/lookup/LookupServiceAuditDisabledTest.java,18,1,0,27,40,0,0,15,0,9,1,0.7051282,0.7051282,1
NationalSecurityAgency/datawave,warehouse/ingest-core/src/main/java/datawave/ingest/table/aggregator/util/AbstractIndexKeyParser.java,41,1,3,4,14,0,0,13,0,10,0,0.8030303,1.0,1
NationalSecurityAgency/datawave,warehouse/accumulo-extensions/src/test/java/datawave/ingest/table/volumeChoosers/ShardedTableDateBasedTieredVolumeChooserTest.java,18,2,0,12,30,0,0,15,0,5,0,0.8666667,0.8666667,1
NationalSecurityAgency/datawave,core/utils/type-utils/src/main/java/datawave/data/type/DatawaveTypeIndex.java,5,1,0,20,27,0,0,3,2,2,2,0.0,0.0,1
NationalSecurityAgency/datawave,warehouse/query-core/src/main/java/datawave/query/language/functions/jexl/JexlQueryFunction.java,15,1,33,2,6,0,0,8,0,7,3,0.53571427,0.75,1
NationalSecurityAgency/datawave,web-services/security/src/main/java/datawave/security/websocket/WebsocketSecurityConfigurator.java,4,2,0,4,10,0,0,1,0,0,0,0.0,0.0,1
NationalSecurityAgency/datawave,warehouse/query-core/src/main/java/datawave/core/iterators/ColumnRangeIterator.java,28,5,2,10,28,117,0,21,2,12,4,1.0,1.0,2
NationalSecurityAgency/datawave,warehouse/ingest-core/src/main/java/datawave/ingest/table/config/ProtobufEdgeTableConfigHelper.java,9,2,0,7,9,0,0,3,0,5,1,1.0,1.0,1
NationalSecurityAgency/datawave,warehouse/ingest-core/src/main/java/datawave/ingest/mapreduce/partition/PartitionLimiter.java,6,1,0,1,2,0,0,5,0,3,1,1.0,1.0,1
NationalSecurityAgency/datawave,warehouse/query-core/src/test/java/datawave/query/CheckpointableQueryTest.java,1,3,0,4,3,0,0,1,0,1,1,0.0,0.0,1
NationalSecurityAgency/datawave,warehouse/ingest-core/src/main/java/datawave/ingest/util/ThreadUtil.java,10,1,0,2,13,1,0,2,2,1,1,0.0,0.0,1
NationalSecurityAgency/datawave,warehouse/query-core/src/test/java/datawave/test/HitTermAssertionsTest.java,15,1,0,12,18,0,0,14,0,5,0,1.0,1.0,1
NationalSecurityAgency/datawave,warehouse/query-core/src/test/java/datawave/test/GroupsAssert.java,6,2,0,6,7,10,0,5,1,0,0,0.0,0.0,1
NationalSecurityAgency/datawave,web-services/query/src/main/java/datawave/webservice/query/limit/QueryLogicGroupQueryLimit.java,12,1,0,2,6,0,0,8,1,3,0,0.8095238,1.0,1
NationalSecurityAgency/datawave,warehouse/query-core/src/test/java/datawave/core/iterators/DataWaveFieldIndexRangeIteratorJexlTest.java,8,2,0,7,8,3,0,6,0,2,0,0.33333334,0.33333334,2
NationalSecurityAgency/datawave,microservices/services/hazelcast/common/src/main/java/datawave/microservice/cached/HazelcastCacheInspector.java,8,1,1,6,19,0,0,5,0,2,0,1.0,1.0,1
NationalSecurityAgency/datawave,warehouse/age-off/src/main/java/datawave/iterators/filter/EdgeColumnQualifierTokenFilter.java,2,3,0,5,3,1,0,2,0,1,1,0.0,0.0,1
NationalSecurityAgency/datawave,web-services/client/src/main/java/datawave/webservice/result/QueryLogicResponse.java,8,2,0,8,17,9,0,6,0,3,2,0.2,0.2,1
NationalSecurityAgency/datawave,warehouse/query-core/src/main/java/datawave/query/language/builder/lucene/BooleanQueryNodeBuilder.java,9,1,0,14,8,1,0,2,0,0,0,0.0,0.0,1
NationalSecurityAgency/datawave,warehouse/query-core/src/test/java/datawave/query/attributes/it/LcNoDiacriticsTypeAttributeIT.java,8,2,0,7,7,28,0,8,0,0,0,0.0,0.0,1
NationalSecurityAgency/datawave,microservices/services/hazelcast/common/src/main/java/datawave/microservice/cached/HazelcastDiscoveryService.java,7,1,0,7,9,8,0,5,0,3,0,0.1,0.1,1
NationalSecurityAgency/datawave,warehouse/query-core/src/main/java/datawave/query/edge/DefaultExtendedEdgeQueryLogic.java,51,2,0,22,79,107,0,18,0,5,1,0.1503268,0.35947713,1
NationalSecurityAgency/datawave,warehouse/query-core/src/main/java/datawave/query/scheduler/PushdownFunction.java,9,1,0,10,24,0,0,3,0,4,1,1.0,1.0,1
NationalSecurityAgency/datawave,warehouse/ingest-core/src/main/java/datawave/ingest/mapreduce/handler/shard/content/TermAndZone.java,10,1,0,1,10,0,0,7,0,3,1,0.71428573,0.71428573,1
NationalSecurityAgency/datawave,warehouse/query-core/src/main/java/datawave/query/planner/SubPlanCallable.java,7,1,0,11,21,0,0,5,0,7,0,0.6666667,1.0,1
NationalSecurityAgency/datawave,microservices/services/authorization/service/src/main/java/datawave/microservice/authorization/userdetails/ProxiedEntityUserDetailsService.java,9,1,0,17,25,0,0,2,0,3,0,1.0,1.0,1
NationalSecurityAgency/datawave,web-services/query/src/test/java/datawave/webservice/query/util/LookupUUIDUtilTest.java,1,1,0,16,18,0,0,1,0,6,0,0.0,0.0,1
NationalSecurityAgency/datawave,core/utils/type-utils/src/test/java/datawave/data/normalizer/LcNoDiacriticsNormalizerTest.java,1,1,0,2,2,0,0,1,0,0,0,0.0,0.0,1
NationalSecurityAgency/datawave,warehouse/query-core/src/main/java/datawave/query/index/day/DayIndexStream.java,10,1,0,12,23,0,0,8,0,5,1,0.6666667,1.0,2
NationalSecurityAgency/datawave,warehouse/query-core/src/test/java/datawave/query/cardinality/TestCardinalityRecord.java,4,1,0,2,5,6,0,4,0,0,0,0.0,0.0,1
NationalSecurityAgency/datawave,warehouse/query-core/src/main/java/datawave/core/iterators/querylock/QueryLock.java,28,1,0,6,6,16,0,12,0,7,0,0.2857143,1.0,2
NationalSecurityAgency/datawave,core/utils/type-utils/src/main/java/datawave/data/normalizer/regex/visitor/LTOneBinFinder.java,19,2,0,7,22,15,0,6,1,3,3,0.0,0.0,1
NationalSecurityAgency/datawave,warehouse/index-stats/src/test/java/datawave/mapreduce/shardStats/StatsHyperLogMapperTest.java,13,1,0,14,35,0,0,6,0,1,1,0.6666667,0.6666667,1
NationalSecurityAgency/datawave,microservices/starters/query/src/main/java/datawave/microservice/query/logic/config/ShardIndexQueryTableProperties.java,2,1,0,0,0,0,0,2,0,1,0,1.0,1.0,1
NationalSecurityAgency/datawave,warehouse/query-core/src/main/java/datawave/query/language/parser/jexl/JexlNode.java,5,1,7,1,1,4,0,5,1,1,0,0.5,0.5,1
NationalSecurityAgency/datawave,microservices/services/query-metric/service/src/main/java/datawave/microservice/querymetric/handler/QueryGeometryHandler.java,2,1,0,2,0,1,0,2,0,0,0,0.0,0.0,1
NationalSecurityAgency/datawave,warehouse/query-core/src/main/java/datawave/query/attributes/Latitude.java,24,2,0,11,24,15,0,15,0,3,2,0.42857143,0.42857143,1
NationalSecurityAgency/datawave,microservices/starters/query/src/main/java/datawave/microservice/query/messaging/QueryResultsListener.java,4,1,0,2,1,6,0,4,0,0,0,0.0,0.0,1
NationalSecurityAgency/datawave,microservices/starters/query/src/main/java/datawave/microservice/query/messaging/config/QueryMessagingConfiguration.java,0,1,0,3,0,0,0,0,0,0,0,0.0,0.0,1
NationalSecurityAgency/datawave,warehouse/query-core/src/main/java/datawave/query/language/builder/lucene/FuzzyQueryNodeBuilder.java,1,1,0,3,2,0,0,1,0,0,0,0.0,0.0,1
NationalSecurityAgency/datawave,core/common/src/main/java/datawave/core/common/extjs/ExtJsResponse.java,6,2,0,4,3,2,0,5,0,3,1,0.4,0.6,1
NationalSecurityAgency/datawave,warehouse/ssdeep-common/src/test/java/datawave/util/ssdeep/ChunkTupleTest.java,2,1,0,3,3,0,0,1,0,2,2,0.0,0.0,1
NationalSecurityAgency/datawave,warehouse/query-core/src/main/java/datawave/query/jexl/visitors/PushdownLargeFieldedListsVisitor.java,53,4,0,28,90,35,0,14,3,6,2,0.46666667,0.46666667,1
NationalSecurityAgency/datawave,core/base-rest-responses/src/test/java/datawave/webservice/query/exception/QueryCanceledQueryExceptionTest.java,12,1,0,4,7,0,0,12,0,7,0,1.0,1.0,1
NationalSecurityAgency/datawave,web-services/client/src/main/java/datawave/webservice/query/result/edge/EdgeBase.java,26,1,0,4,0,325,0,26,0,0,0,0.0,0.0,1
NationalSecurityAgency/datawave,core/utils/metadata-utils/src/test/java/datawave/query/model/FieldMappingTest.java,3,1,0,2,3,3,0,3,0,0,0,0.0,0.0,1
NationalSecurityAgency/datawave,microservices/starters/query/src/main/java/datawave/microservice/query/storage/QueryTask.java,13,1,0,8,13,42,0,12,1,5,1,0.18181819,0.27272728,1
NationalSecurityAgency/datawave,warehouse/query-core/src/test/java/datawave/query/jexl/nodes/NodeComparatorTestUtil.java,4,1,5,6,9,1,0,2,0,0,0,0.0,0.0,1
NationalSecurityAgency/datawave,warehouse/age-off/src/test/java/datawave/ingest/util/cache/watch/TestDataTypeFilter.java,2,3,0,4,2,0,0,2,0,1,0,1.0,1.0,1
NationalSecurityAgency/datawave,warehouse/query-core/src/main/java/datawave/query/planner/async/FetchTermFrequencyFields.java,6,2,0,5,4,0,0,4,0,3,0,0.5,0.5,1
NationalSecurityAgency/datawave,web-services/client/src/main/java/datawave/webservice/result/CachedResultsResponse.java,10,2,0,5,0,35,0,10,0,6,1,0.11111111,0.11111111,1
NationalSecurityAgency/datawave,warehouse/query-core/src/test/java/datawave/query/util/sortedset/FileSortedSetTest.java,54,1,0,6,50,0,0,20,0,4,0,0.9122807,1.0,2
NationalSecurityAgency/datawave,warehouse/ingest-core/src/test/java/datawave/util/flag/AbstractFlagConfig.java,31,1,3,10,44,49,0,11,0,2,1,0.083333336,0.083333336,1
NationalSecurityAgency/datawave,warehouse/query-core/src/main/java/datawave/query/language/parser/lucene/CharStream.java,10,1,0,1,0,45,0,10,0,0,0,0.0,0.0,1
NationalSecurityAgency/datawave,warehouse/query-core/src/test/java/datawave/query/FilterFunctionQueryTest.java,43,2,0,13,14,0,0,26,1,9,9,0.7784615,0.7784615,1
NationalSecurityAgency/datawave,microservices/services/modification/service/src/main/java/datawave/microservice/modification/config/ModificationCacheConfiguration.java,2,1,0,13,0,1,0,2,0,0,0,0.0,0.0,1
NationalSecurityAgency/datawave,warehouse/query-core/src/test/java/datawave/query/predicate/TLDTermFrequencyEventDataQueryFilterTest.java,1,1,0,3,5,0,0,1,0,6,0,0.0,0.0,1
NationalSecurityAgency/datawave,warehouse/query-core/src/test/java/datawave/query/jexl/util/JexlQueryGenerator.java,114,2,0,3,28,178,0,20,0,4,0,0.14285715,0.14285715,1
NationalSecurityAgency/datawave,core/base-rest-responses/src/main/java/datawave/security/DnList.java,19,1,0,8,19,14,0,9,0,3,1,0.30555555,0.41666666,1
NationalSecurityAgency/datawave,warehouse/query-core/src/main/java/datawave/query/language/tree/FunctionNode.java,8,2,0,8,8,6,0,8,0,3,1,0.39285713,0.53571427,1
NationalSecurityAgency/datawave,warehouse/query-core/src/main/java/datawave/query/config/SSDeepSimilarityQueryConfiguration.java,29,2,0,7,27,382,0,29,1,14,0,0.02955665,0.02955665,1
NationalSecurityAgency/datawave,warehouse/query-core/src/test/java/datawave/test/iter/IOExceptionIterator.java,37,1,0,10,23,31,0,14,0,19,7,0.3888889,1.0,1
NationalSecurityAgency/datawave,warehouse/keyword-common/src/main/java/datawave/util/keyword/TagCloudUtils.java,5,1,0,1,0,10,0,5,0,0,0,0.0,0.0,1
NationalSecurityAgency/datawave,warehouse/query-core/src/test/java/datawave/query/index/day/IndexedTermVisitorTest.java,18,1,0,5,18,51,0,14,0,3,0,0.083333336,0.083333336,1
NationalSecurityAgency/datawave,warehouse/query-core/src/main/java/datawave/core/iterators/filter/GlobalIndexTermMatchingFilter.java,19,2,1,8,32,16,0,8,0,8,4,0.1,0.1,1
NationalSecurityAgency/datawave,microservices/services/query/service/src/main/java/datawave/microservice/query/web/filter/LoggingStatsFilter.java,17,3,0,6,27,0,0,2,0,1,0,1.0,1.0,1
NationalSecurityAgency/datawave,warehouse/query-core/src/test/java/datawave/query/jexl/functions/GeoFunctionsDescriptorTest.java,8,1,0,6,13,28,0,8,0,0,0,0.0,0.0,1
NationalSecurityAgency/datawave,core/query/src/main/java/datawave/core/query/predicate/ProxiedAuthorizationsPredicate.java,13,1,1,5,6,7,0,10,0,2,0,0.42222223,0.62222224,2
NationalSecurityAgency/datawave,core/query/src/main/java/datawave/core/query/logic/QueryLogic.java,77,1,0,24,18,2415,0,70,0,0,0,0.0,0.0,1
NationalSecurityAgency/datawave,warehouse/ssdeep-common/src/test/java/datawave/util/ssdeep/IntegerEncodingTest.java,17,1,0,3,13,105,0,15,0,0,0,0.0,0.0,1
NationalSecurityAgency/datawave,warehouse/ingest-core/src/test/java/datawave/ingest/table/config/MetadataTableConfigHelperTest.java,22,3,0,16,43,0,0,11,0,10,5,0.2,0.33333334,2
NationalSecurityAgency/datawave,warehouse/query-core/src/main/java/datawave/query/util/QueryScannerHelper.java,8,1,0,9,8,21,0,7,7,0,0,0.0,0.0,1
NationalSecurityAgency/datawave,microservices/services/accumulo/api/src/main/java/datawave/webservice/response/objects/DefaultKey.java,26,2,0,5,11,61,0,14,0,5,0,0.16483517,0.6043956,1
NationalSecurityAgency/datawave,warehouse/query-core/src/main/java/datawave/query/function/MinimumEstimation.java,13,1,0,10,24,0,0,2,0,2,1,1.0,1.0,1
NationalSecurityAgency/datawave,warehouse/query-core/src/test/java/datawave/query/function/JexlEvaluationTest.java,18,1,0,17,31,105,0,15,0,0,0,0.0,0.0,1
NationalSecurityAgency/datawave,warehouse/query-core/src/test/java/datawave/query/testframework/cardata/GenericCarFields.java,3,2,0,1,5,1,0,2,0,6,6,0.0,0.0,1
NationalSecurityAgency/datawave,warehouse/query-core/src/test/java/datawave/query/jexl/visitors/TreeEqualityVisitorTest.java,16,1,0,5,15,120,0,16,0,0,0,0.0,0.0,1
NationalSecurityAgency/datawave,warehouse/metrics-core/src/main/java/datawave/metrics/mapreduce/IngestMetricsMapper.java,19,2,0,15,38,6,0,4,2,5,5,0.0,0.0,1
NationalSecurityAgency/datawave,warehouse/ingest-core/src/test/java/datawave/util/flag/IngestConfig.java,34,1,0,8,32,48,0,13,2,14,3,0.08888889,0.13333334,1
NationalSecurityAgency/datawave,warehouse/ingest-core/src/main/java/datawave/ingest/time/Now.java,11,2,0,2,8,3,0,7,1,3,1,0.3,0.3,2
NationalSecurityAgency/datawave,warehouse/ssdeep-common/src/test/java/datawave/util/ssdeep/SSDeepHashEditDistanceScorerTest.java,2,1,0,5,3,0,0,1,0,2,2,0.0,0.0,1
NationalSecurityAgency/datawave,warehouse/query-core/src/main/java/datawave/query/language/parser/lucene/ParseException.java,25,2,0,6,11,8,0,5,2,5,1,0.0,0.0,1
NationalSecurityAgency/datawave,warehouse/query-core/src/main/java/datawave/query/planner/MetadataHelperQueryModelProvider.java,11,2,0,9,13,0,0,6,0,3,1,0.6,1.0,2
NationalSecurityAgency/datawave,web-services/cached-results/src/main/java/datawave/webservice/query/cache/CachedResultsExpirationBean.java,13,1,0,17,17,0,0,2,0,4,0,1.0,1.0,1
NationalSecurityAgency/datawave,web-services/common-util/src/main/java/datawave/webservice/query/cache/AbstractRunningQuery.java,12,1,1,3,4,33,0,10,0,5,1,0.13333334,0.13333334,1
NationalSecurityAgency/datawave,warehouse/query-core/src/main/java/datawave/query/jexl/visitors/UniqueExpressionTermsVisitor.java,12,4,0,9,23,8,0,5,1,2,1,0.0,0.0,1
NationalSecurityAgency/datawave,core/utils/metadata-utils/src/main/java/datawave/query/util/MetadataEntry.java,16,1,0,3,17,0,0,11,0,3,2,0.74545455,0.8181818,1
NationalSecurityAgency/datawave,warehouse/query-core/src/main/java/datawave/query/jexl/visitors/whindex/WhindexVisitor.java,154,4,0,36,112,712,0,40,5,10,1,0.007352941,0.007352941,2
NationalSecurityAgency/datawave,warehouse/query-core/src/main/java/datawave/query/language/functions/jexl/UniqueBySecond.java,2,3,0,3,0,1,0,2,0,0,0,0.0,0.0,1
NationalSecurityAgency/datawave,web-services/client/src/main/java/datawave/webservice/result/keyword/DefaultTagCloud.java,45,2,0,12,18,36,0,20,0,7,2,0.38181818,0.8181818,2
NationalSecurityAgency/datawave,warehouse/ingest-core/src/main/java/datawave/ingest/data/tokenize/Lexer.java,6,1,1,1,0,15,0,6,0,14,14,0.0,0.0,1
NationalSecurityAgency/datawave,warehouse/query-core/src/main/java/datawave/query/tables/chained/ChainedQueryConfiguration.java,2,2,0,2,2,1,0,2,0,1,1,0.0,0.0,1
NationalSecurityAgency/datawave,warehouse/query-core/src/test/java/datawave/query/jexl/visitors/ExecutableExpansionVisitorTest2.java,4,1,0,7,11,0,0,3,0,3,0,1.0,1.0,1
NationalSecurityAgency/datawave,microservices/starters/cached-results/src/main/java/datawave/microservice/query/cachedresults/monitor/MonitorTask.java,21,1,0,13,45,0,0,6,0,10,2,1.0,1.0,1
NationalSecurityAgency/datawave,warehouse/ingest-wikipedia/src/test/java/datawave/ingest/wikipedia/WikipediaIngestHelperTest.java,9,2,0,9,21,4,0,5,0,1,0,0.3,0.3,1
NationalSecurityAgency/datawave,warehouse/query-core/src/main/java/datawave/query/lucene/visitors/LuceneQueryStringBuildingVisitor.java,79,2,0,39,43,741,0,39,1,1,1,0.0,0.0,1
NationalSecurityAgency/datawave,warehouse/query-core/src/main/java/datawave/query/predicate/ValueToAttribute.java,9,1,0,10,16,1,0,3,0,3,1,0.33333334,0.33333334,1
NationalSecurityAgency/datawave,warehouse/ingest-core/src/test/java/datawave/ingest/mapreduce/job/metrics/MetricsConfigurationTest.java,1,1,0,7,11,0,0,1,0,0,0,0.0,0.0,1
NationalSecurityAgency/datawave,microservices/starters/datawave/src/main/java/datawave/microservice/config/security/JWTSecurityConfigurer.java,8,2,1,20,36,1,0,6,0,3,0,0.46666667,0.6666667,1
NationalSecurityAgency/datawave,warehouse/query-core/src/test/java/datawave/query/jexl/lookups/FieldedRegexIndexLookupTest.java,24,2,0,14,47,133,0,18,0,2,1,0.0,0.0,1
NationalSecurityAgency/datawave,warehouse/accumulo-extensions/src/main/java/datawave/ingest/table/volumeChoosers/ShardedTableDateBasedTieredVolumeChooser.java,17,2,0,8,38,2,0,5,4,9,9,0.4,0.6,1
NationalSecurityAgency/datawave,web-services/accumulo/src/main/java/datawave/webservice/operations/user/ListTablesBean.java,2,1,0,15,2,1,0,2,0,1,0,0.0,0.0,1
NationalSecurityAgency/datawave,warehouse/query-core/src/main/java/datawave/query/language/parser/jexl/ControlledQueryParser.java,6,1,0,0,0,15,0,6,0,0,0,0.0,0.0,1
NationalSecurityAgency/datawave,warehouse/query-core/src/main/java/datawave/query/data/parsers/ShardIndexKey.java,16,1,0,4,11,7,0,10,0,5,0,0.33333334,0.5833333,1
NationalSecurityAgency/datawave,core/utils/type-utils/src/main/java/datawave/data/normalizer/regex/visitor/CopyVisitor.java,23,1,7,23,8,231,0,22,1,0,0,0.0,0.0,1
NationalSecurityAgency/datawave,warehouse/query-core/src/test/java/datawave/query/jexl/nodes/ExceededOrThresholdMarkerJexlNodeTest.java,53,2,0,54,115,1,0,19,4,54,47,0.6727273,0.8181818,2
NationalSecurityAgency/datawave,warehouse/query-core/src/main/java/datawave/query/exceptions/IllegalRangeArgumentException.java,1,4,0,0,0,0,0,1,0,1,1,0.0,0.0,1
NationalSecurityAgency/datawave,core/query/src/main/java/datawave/core/query/logic/composite/CompositeQueryLogicResultsIterator.java,26,1,0,4,18,2,0,5,0,9,1,0.4,0.6,1
NationalSecurityAgency/datawave,warehouse/query-core/src/test/java/datawave/next/DocIdIteratorTest.java,12,2,0,8,20,66,0,12,0,0,0,0.0,0.0,1
NationalSecurityAgency/datawave,warehouse/query-core/src/test/java/datawave/query/jexl/visitors/HasTopLevelNegationVisitorTest.java,14,1,0,2,4,91,0,14,0,0,0,0.0,0.0,1
NationalSecurityAgency/datawave,warehouse/query-core/src/test/java/datawave/query/cardinality/TestCardinalityWithQuery.java,10,1,0,36,70,0,0,5,1,13,9,0.6666667,1.0,1
NationalSecurityAgency/datawave,warehouse/ingest-json/src/main/java/datawave/ingest/json/util/JsonObjectFlattenerImpl.java,68,1,1,12,45,34,0,24,0,18,2,0.4181818,0.6545454,3
NationalSecurityAgency/datawave,warehouse/query-core/src/main/java/datawave/query/discovery/DiscoveredThing.java,19,1,0,6,21,0,0,15,0,4,0,0.61904764,0.8666667,1
NationalSecurityAgency/datawave,microservices/services/query-metric/service/src/main/java/datawave/microservice/querymetric/config/EntryProcessorConfiguration.java,1,1,0,4,0,0,0,1,0,0,0,0.0,0.0,1
NationalSecurityAgency/datawave,warehouse/query-core/src/main/java/datawave/query/tables/facets/FacetedSearchType.java,0,1,0,0,0,0,0,0,0,0,0,0.0,0.0,1
NationalSecurityAgency/datawave,warehouse/query-core/src/test/java/datawave/query/UnevaluatedFieldsQueryTest.java,14,3,0,17,19,16,0,10,1,8,8,0.21428572,0.21428572,2
NationalSecurityAgency/datawave,warehouse/query-core/src/test/java/datawave/query/tables/keyword/KeywordQueryLogicFunctionalTest.java,24,1,0,36,57,26,0,16,3,10,2,0.48351648,0.6043956,1
NationalSecurityAgency/datawave,warehouse/ingest-wikipedia/src/main/java/datawave/ingest/wikipedia/WikipediaIngestHelper.java,11,2,0,15,28,15,0,7,0,6,4,0.14285715,0.14285715,1
NationalSecurityAgency/datawave,warehouse/query-core/src/main/java/datawave/query/function/AttributeToCardinality.java,9,1,0,12,28,0,0,1,0,2,2,0.0,0.0,1
NationalSecurityAgency/datawave,warehouse/ssdeep-common/src/main/java/datawave/util/ssdeep/NGramTuple.java,12,1,0,1,10,0,0,8,1,4,2,0.71428573,0.75,1
NationalSecurityAgency/datawave,warehouse/query-core/src/main/java/datawave/query/iterator/filter/FieldIndexKeyDataTypeFilter.java,31,1,1,9,34,27,0,10,0,6,1,0.2,0.33333334,1
NationalSecurityAgency/datawave,warehouse/query-core/src/test/java/datawave/query/function/RemoveGroupingContextTest.java,3,1,0,9,20,0,0,1,0,0,0,0.0,0.0,1
NationalSecurityAgency/datawave,web-services/query/src/test/java/datawave/webservice/query/logic/filtered/DateRangeFilteredQueryLogicTest.java,16,3,0,18,53,33,0,11,0,2,0,0.2857143,0.2857143,2
NationalSecurityAgency/datawave,warehouse/query-core/src/main/java/datawave/query/tables/ssdeep/SSDeepSimilarityQueryTransformer.java,4,2,0,11,17,0,0,3,0,2,0,1.0,1.0,1
NationalSecurityAgency/datawave,microservices/starters/cache/src/main/java/datawave/autoconfigure/CacheCondition.java,5,2,0,11,10,0,0,1,0,0,0,0.0,0.0,1
NationalSecurityAgency/datawave,warehouse/query-core/src/main/java/datawave/query/exceptions/DatawaveFatalQueryException.java,4,4,7,0,0,6,0,4,0,1,1,0.0,0.0,1
NationalSecurityAgency/datawave,warehouse/query-core/src/test/java/datawave/query/data/parsers/EventKeyTest.java,14,1,0,5,14,0,0,14,0,9,0,1.0,1.0,1
NationalSecurityAgency/datawave,warehouse/query-core/src/test/java/datawave/query/tables/ResponseQueryDriver.java,3,1,0,7,7,0,0,2,0,1,0,1.0,1.0,1
NationalSecurityAgency/datawave,warehouse/core/src/main/java/datawave/attribute/EventField.java,7,1,0,0,1,0,0,4,4,1,1,1.0,1.0,1
NationalSecurityAgency/datawave,warehouse/ingest-core/src/main/java/datawave/ingest/mapreduce/handler/edge/define/EdgeGroup.java,4,1,0,1,0,2,0,4,0,2,0,0.33333334,0.33333334,1
NationalSecurityAgency/datawave,warehouse/query-core/src/main/java/datawave/query/tables/BitSetIterator.java,6,1,0,0,1,0,0,4,0,2,0,1.0,1.0,1
NationalSecurityAgency/datawave,core/utils/type-utils/src/main/java/datawave/data/normalizer/regex/RegexUtils.java,106,1,0,14,50,465,0,31,30,0,0,0.0,0.0,1
NationalSecurityAgency/datawave,core/utils/type-utils/src/main/java/datawave/data/normalizer/regex/visitor/AnchorTrimmer.java,4,2,0,5,1,3,0,3,1,0,0,0.0,0.0,1
NationalSecurityAgency/datawave,warehouse/query-core/src/main/java/datawave/query/index/lookup/ShardEquality.java,21,1,0,1,8,45,0,10,10,0,0,0.0,0.0,1
NationalSecurityAgency/datawave,warehouse/query-core/src/test/java/datawave/query/transformer/DocumentTransformerTest.java,14,1,0,17,21,0,0,11,0,8,0,0.95238096,1.0,1
NationalSecurityAgency/datawave,microservices/starters/metadata/src/main/java/datawave/microservice/metadata/config/MetadataHelperProperties.java,5,1,0,7,1,2,0,5,0,2,0,0.4,0.4,1
NationalSecurityAgency/datawave,warehouse/query-core/src/main/java/datawave/query/util/sortedset/HdfsBackedSortedSet.java,62,3,0,18,50,66,0,37,2,12,2,0.7619048,1.0,4
NationalSecurityAgency/datawave,warehouse/ingest-core/src/main/java/datawave/ingest/data/config/CSVHelper.java,43,2,0,6,22,271,0,26,0,44,22,0.083076924,0.84923077,2
NationalSecurityAgency/datawave,warehouse/query-core/src/test/java/datawave/query/index/day/BitSetIndexEntrySerializerTest.java,5,1,0,5,13,4,0,4,0,1,0,1.0,1.0,1
NationalSecurityAgency/datawave,core/annotation/src/main/java/datawave/annotation/util/v1/JacksonSegmentDeserializer.java,3,2,0,7,7,1,0,3,0,2,1,0.33333334,0.33333334,1
NationalSecurityAgency/datawave,warehouse/query-core/src/main/java/datawave/query/util/sortedset/SortedByteSetBuffer.java,99,5,0,7,32,111,0,42,1,16,2,0.53333336,0.6666667,3
NationalSecurityAgency/datawave,core/connection-pool/src/main/java/datawave/core/common/result/ConnectionFactoryResponse.java,15,2,0,10,32,9,0,7,0,3,2,0.2857143,0.2857143,1
NationalSecurityAgency/datawave,warehouse/query-core/src/main/java/datawave/query/jexl/DefaultArithmetic.java,83,3,0,6,41,45,0,10,0,2,2,0.0,0.0,1
NationalSecurityAgency/datawave,warehouse/query-core/src/main/java/datawave/query/iterator/pipeline/PipelinePool.java,13,1,0,13,19,0,0,4,0,8,1,1.0,1.0,1
NationalSecurityAgency/datawave,warehouse/query-core/src/test/java/datawave/query/transformer/SummaryTransformTest.java,3,1,0,4,4,3,0,3,0,0,0,0.0,0.0,1
NationalSecurityAgency/datawave,microservices/starters/audit/src/main/java/datawave/microservice/audit/config/AuditServiceProperties.java,8,1,0,1,0,20,0,8,0,4,0,0.14285715,0.14285715,1
NationalSecurityAgency/datawave,microservices/starters/query/src/main/java/datawave/microservice/query/storage/QueryStorageLockImpl.java,10,1,4,3,6,0,0,9,0,3,0,1.0,1.0,1
NationalSecurityAgency/datawave,microservices/starters/cache/src/main/java/datawave/autoconfigure/SimpleCacheConfiguration.java,3,1,0,9,4,0,0,2,0,2,0,1.0,1.0,1
NationalSecurityAgency/datawave,core/base-rest-responses/src/main/java/datawave/webservice/query/exception/NotFoundQueryException.java,12,4,0,2,0,66,0,12,0,1,1,0.0,0.0,1
NationalSecurityAgency/datawave,warehouse/ingest-core/src/main/java/datawave/ingest/table/config/LoadDateTableConfigHelper.java,12,2,0,6,18,0,0,8,3,7,4,1.0,1.0,1
NationalSecurityAgency/datawave,warehouse/query-core/src/test/java/datawave/query/jexl/functions/IdentityAggregatorTest.java,4,1,0,9,13,0,0,4,0,1,0,1.0,1.0,1
NationalSecurityAgency/datawave,core/utils/metadata-utils/src/main/java/datawave/query/model/QueryModel.java,41,1,0,4,48,55,0,22,0,10,7,0.3809524,0.66233766,1
NationalSecurityAgency/datawave,web-services/client/src/main/java/datawave/Constants.java,0,1,0,0,0,0,0,0,0,9,0,0.0,0.0,1
NationalSecurityAgency/datawave,warehouse/query-core/src/main/java/datawave/query/language/parser/jexl/JexlRangeNode.java,21,2,0,2,6,0,0,4,1,5,0,0.33333334,0.33333334,1
NationalSecurityAgency/datawave,warehouse/query-core/src/main/java/datawave/query/language/processor/lucene/CustomAnalyzerQueryNodeProcessor.java,75,2,0,21,77,25,0,15,3,10,3,0.6,0.6,2
NationalSecurityAgency/datawave,warehouse/ssdeep-common/src/main/java/datawave/util/ssdeep/SSDeepHashScorer.java,1,1,0,2,0,0,0,1,0,0,0,0.0,0.0,1
NationalSecurityAgency/datawave,web-services/query/src/main/java/datawave/webservice/query/limit/SystemLimitConfiguration.java,17,1,0,1,8,0,0,13,0,4,0,0.53846157,0.84615386,1
NationalSecurityAgency/datawave,microservices/starters/query/src/main/java/datawave/microservice/query/storage/config/CachingConfigurer.java,5,2,0,7,4,0,0,5,0,1,0,1.0,1.0,2
NationalSecurityAgency/datawave,warehouse/metrics-core/src/main/java/datawave/metrics/mapreduce/error/ProcessingErrorsReducer.java,25,2,0,13,32,0,0,3,0,5,1,0.33333334,0.33333334,1
NationalSecurityAgency/datawave,warehouse/query-core/src/main/java/datawave/query/language/parser/lucene/AccumuloSyntaxParserConstants.java,1,1,0,0,1,0,0,1,0,36,36,0.0,0.0,1
NationalSecurityAgency/datawave,core/utils/type-utils/src/main/java/datawave/data/normalizer/regex/visitor/StringVisitor.java,26,1,0,23,20,210,0,21,1,0,0,0.0,0.0,1
NationalSecurityAgency/datawave,web-services/client/src/main/java/datawave/webservice/modification/ModificationOperationImpl.java,15,2,0,8,9,35,0,15,0,7,1,0.33333334,1.0,1
NationalSecurityAgency/datawave,warehouse/query-core/src/main/java/datawave/query/ancestor/AncestorQueryPlanner.java,6,2,0,10,2,10,0,5,0,0,0,0.0,0.0,1
NationalSecurityAgency/datawave,warehouse/query-core/src/test/java/datawave/core/iterators/FieldExpansionIteratorTest.java,25,1,0,13,35,186,0,21,2,7,2,0.05263158,0.110526316,1
NationalSecurityAgency/datawave,web-services/annotations/src/main/java/datawave/webservice/annotation/AnnotationManager.java,8,1,0,1,0,28,0,8,0,0,0,0.0,0.0,1
NationalSecurityAgency/datawave,core/annotation/src/main/java/datawave/annotation/util/v1/AnnotationValidators.java,15,1,0,7,45,21,0,7,7,16,16,0.0,0.0,1
NationalSecurityAgency/datawave,warehouse/query-core/src/test/java/datawave/query/util/MockMetadataHelper.java,79,2,0,19,68,1350,0,57,2,16,1,0.06638714,0.07477289,2
NationalSecurityAgency/datawave,warehouse/query-core/src/main/java/datawave/query/function/DocumentPermutation.java,3,1,0,4,1,0,0,2,0,1,0,1.0,1.0,2
NationalSecurityAgency/datawave,web-services/common/src/test/java/datawave/configuration/spring/ThreadSafeClassPathXmlApplicationContextTest.java,67,2,0,25,86,0,0,66,0,5,0,1.0,1.0,1
NationalSecurityAgency/datawave,warehouse/query-core/src/test/java/datawave/test/iter/RuntimeExceptionIterator.java,37,1,0,10,23,31,0,14,0,19,7,0.3888889,1.0,1
NationalSecurityAgency/datawave,warehouse/ingest-core/src/test/java/datawave/ingest/mapreduce/partition/TabletLocationHashPartitionerTest.java,9,1,0,11,13,0,0,4,0,8,1,0.6666667,1.0,1
NationalSecurityAgency/datawave,core/common-util/src/test/java/datawave/core/cache/CVCacheIT.java,31,1,0,11,30,97,0,15,0,4,0,0.03809524,0.03809524,1
NationalSecurityAgency/datawave,warehouse/metrics-core/src/main/java/datawave/metrics/mapreduce/util/EmptyValue.java,4,2,0,3,0,1,0,3,2,2,2,0.0,0.0,1
NationalSecurityAgency/datawave,warehouse/query-core/src/main/java/datawave/query/jexl/visitors/IndexedTermCountingVisitor.java,5,4,0,5,4,0,0,4,1,2,0,0.6666667,1.0,1
NationalSecurityAgency/datawave,core/utils/accumulo-utils/src/main/java/datawave/marking/ColumnVisibilityHelper.java,25,1,0,8,27,19,0,7,7,2,2,0.0,0.0,1
NationalSecurityAgency/datawave,warehouse/core/src/main/java/datawave/edge/model/DefaultEdgeModelFieldsFactory.java,5,1,0,9,13,1,0,2,0,6,6,0.0,0.0,1
NationalSecurityAgency/datawave,core/utils/accumulo-utils/src/main/java/datawave/webservice/common/connection/ScannerDelegate.java,9,2,0,3,8,36,0,9,0,0,0,0.0,0.0,1
NationalSecurityAgency/datawave,warehouse/ingest-core/src/main/java/datawave/ingest/data/config/ingest/FieldNameAliaserNormalizer.java,43,1,0,6,36,19,0,11,0,7,3,0.3272727,0.6545454,2
NationalSecurityAgency/datawave,warehouse/ingest-core/src/main/java/datawave/ingest/data/tokenize/TokenSearchSynonymFilter.java,37,2,0,12,30,10,0,13,0,14,0,1.0,1.0,2
NationalSecurityAgency/datawave,warehouse/ingest-core/src/main/java/datawave/ingest/mapreduce/job/reindex/ShardReindexMapper.java,233,2,0,36,161,405,0,44,7,76,26,0.14285715,0.18181819,3
NationalSecurityAgency/datawave,web-services/security/src/main/java/datawave/security/authorization/test/TestDatawaveUserService.java,34,1,0,23,61,0,0,12,0,7,0,0.5,0.8333333,1
NationalSecurityAgency/datawave,core/utils/type-utils/src/main/java/datawave/data/normalizer/regex/NodeType.java,0,1,0,0,0,0,0,0,0,0,0,0.0,0.0,1
NationalSecurityAgency/datawave,web-services/common-util/src/main/java/datawave/webservice/metrics/Constants.java,0,1,0,0,0,0,0,0,0,2,0,0.0,0.0,1
NationalSecurityAgency/datawave,warehouse/ingest-core/src/main/java/datawave/ingest/data/config/ingest/TermFrequencyIngestHelperInterface.java,1,1,0,0,0,0,0,1,0,0,0,0.0,0.0,1
NationalSecurityAgency/datawave,warehouse/query-core/src/test/java/datawave/query/jexl/JexlNodeFactoryTest.java,10,1,0,7,21,45,0,10,0,0,0,0.0,0.0,1
NationalSecurityAgency/datawave,core/utils/accumulo-utils/src/main/java/datawave/accumulo/util/security/UserAuthFunctions.java,28,1,0,5,33,28,0,14,5,3,1,0.0,0.0,3
NationalSecurityAgency/datawave,warehouse/query-core/src/test/java/datawave/query/jexl/functions/ContentOrderedEvaluatorTest.java,33,2,0,10,31,295,0,29,0,8,1,0.0,0.0,2
NationalSecurityAgency/datawave,web-services/common-util/src/main/java/datawave/configuration/DatawaveConfigPropertyProducer.java,35,2,0,9,25,78,0,13,0,0,0,0.0,0.0,1
NationalSecurityAgency/datawave,warehouse/ingest-annotation/src/main/java/datawave/ingest/annotation/mapreduce/handler/SimpleAnnotationDataTypeHandler.java,9,1,0,16,9,3,0,7,0,3,1,0.42857143,0.47619048,1
NationalSecurityAgency/datawave,warehouse/query-core/src/test/java/datawave/query/index/lookup/ShardEqualityTest.java,7,1,0,1,8,21,0,7,0,0,0,0.0,0.0,1
NationalSecurityAgency/datawave,warehouse/ingest-core/src/test/java/datawave/ingest/mapreduce/job/reindex/ReindexedShardPartitionerTest.java,5,1,0,10,12,10,0,5,0,0,0,0.0,0.0,1
NationalSecurityAgency/datawave,warehouse/query-core/src/test/java/datawave/query/predicate/TLDFieldIndexQueryFilterTest.java,2,1,0,4,6,1,0,2,0,6,0,0.0,0.0,1
NationalSecurityAgency/datawave,warehouse/query-core/src/main/java/datawave/query/tables/PartitionedQueryLogic.java,21,3,0,12,32,16,0,12,0,6,1,0.35714287,0.35714287,2
NationalSecurityAgency/datawave,warehouse/query-core/src/main/java/datawave/query/jexl/visitors/IngestTypeVisitor.java,62,3,0,31,50,358,0,29,1,6,3,0.053333335,0.12,1
NationalSecurityAgency/datawave,warehouse/query-core/src/test/java/datawave/query/tables/keyword/KeywordQueryLogicTest.java,24,2,0,26,56,66,0,24,0,7,0,0.43939394,0.43939394,2
NationalSecurityAgency/datawave,warehouse/ingest-core/src/test/java/datawave/ingest/mapreduce/job/metrics/TestEventCountMetricsReceiver.java,1,2,0,3,0,0,0,1,0,0,0,0.0,0.0,1
NationalSecurityAgency/datawave,core/connection-pool/src/main/java/datawave/core/common/connection/AccumuloConnectionFactoryImpl.java,56,1,0,19,107,7,0,14,2,6,1,0.46153846,0.84615386,1
NationalSecurityAgency/datawave,microservices/starters/query/src/main/java/datawave/microservice/query/logic/config/BaseEventQueryConfiguration.java,25,1,0,16,32,171,0,19,0,1,0,0.0,0.0,1
NationalSecurityAgency/datawave,microservices/services/dictionary/api/src/main/java/datawave/webservice/dictionary/data/DefaultDataDictionary.java,55,3,0,15,42,102,0,26,1,9,4,0.13235295,0.19117647,2
NationalSecurityAgency/datawave,web-services/client/src/main/java/datawave/webservice/result/EventQueryResponseBase.java,11,3,1,3,0,55,0,11,0,1,1,0.0,0.0,1
NationalSecurityAgency/datawave,warehouse/ingest-core/src/main/java/datawave/ingest/test/StandaloneStatusReporter.java,10,2,0,4,1,31,0,10,0,3,0,0.15555556,0.2,1
NationalSecurityAgency/datawave,microservices/services/query/api/src/main/java/datawave/microservice/query/DefaultQueryParameters.java,139,1,0,6,45,853,0,51,5,28,7,0.15686275,0.78054297,1
NationalSecurityAgency/datawave,web-services/client/src/main/java/datawave/webservice/query/result/EdgeQueryResponseBase.java,5,3,1,4,0,10,0,5,0,2,1,0.0,0.0,1
NationalSecurityAgency/datawave,warehouse/query-core/src/test/java/datawave/query/tables/DedupingIteratorTest.java,14,2,0,9,10,3,0,7,1,5,3,0.8333333,1.0,2
NationalSecurityAgency/datawave,warehouse/query-core/src/test/java/datawave/query/CompositeQueryTest.java,10,2,0,11,17,0,0,8,1,2,2,0.53571427,0.53571427,1
NationalSecurityAgency/datawave,core/metrics-reporter/src/main/java/datawave/metrics/NSQMetricsReporter.java,11,3,0,10,27,0,0,5,0,5,1,0.5,1.0,1
NationalSecurityAgency/datawave,warehouse/query-core/src/main/java/datawave/mr/bulk/RfileResource.java,12,2,0,13,34,8,0,5,0,2,1,0.1,0.1,1
NationalSecurityAgency/datawave,core/utils/type-utils/src/main/java/datawave/data/normalizer/IpAddressNormalizer.java,8,6,0,6,9,10,0,6,0,1,1,0.0,0.0,2
NationalSecurityAgency/datawave,core/annotation/src/test/java/datawave/annotation/test/v1/AnnotationAssertions.java,32,1,0,7,61,36,0,9,9,0,0,0.0,0.0,1
NationalSecurityAgency/datawave,core/utils/type-utils/src/main/java/datawave/data/normalizer/RawDateNormalizer.java,5,2,0,2,3,0,0,5,0,2,1,0.6,0.6,1
NationalSecurityAgency/datawave,web-services/annotations/src/main/java/datawave/webservice/annotation/LookupUUIDService.java,6,1,0,16,30,0,0,3,1,6,1,1.0,1.0,1
NationalSecurityAgency/datawave,warehouse/query-core/src/main/java/datawave/query/util/GeoUtils.java,49,1,0,12,76,118,0,18,16,6,4,0.015151516,0.015151516,3
NationalSecurityAgency/datawave,warehouse/ingest-core/src/main/java/datawave/ingest/data/config/ingest/AtomIngestHelper.java,1,4,0,4,0,0,0,1,0,0,0,0.0,0.0,1
NationalSecurityAgency/datawave,core/utils/type-utils/src/main/java/datawave/data/type/NumberType.java,5,2,0,4,5,10,0,5,0,2,2,0.0,0.0,1
NationalSecurityAgency/datawave,warehouse/query-core/src/main/java/datawave/query/postprocessing/tf/ContentFunction.java,4,1,0,0,1,0,0,4,0,2,0,0.6666667,1.0,1
NationalSecurityAgency/datawave,warehouse/ingest-core/src/test/java/datawave/ingest/mapreduce/job/metrics/MetricsServiceTest.java,5,1,0,16,19,0,0,5,0,9,0,1.0,1.0,1
NationalSecurityAgency/datawave,warehouse/query-core/src/main/java/datawave/query/language/functions/jexl/Matches.java,4,3,0,3,2,3,0,3,0,0,0,0.0,0.0,1
NationalSecurityAgency/datawave,warehouse/query-core/src/test/java/datawave/query/jexl/visitors/FunctionNormalizationRebuildingVisitorTest.java,20,1,0,13,16,169,0,19,0,2,0,0.0,0.0,1
NationalSecurityAgency/datawave,warehouse/query-core/src/test/java/datawave/query/tables/keyword/KeywordUUIDChainStrategyTest.java,10,2,0,23,61,0,0,10,0,4,0,0.62222224,0.62222224,1
NationalSecurityAgency/datawave,warehouse/query-core/src/main/java/datawave/query/language/parser/jexl/JexlControlledQueryParser.java,26,1,0,9,20,12,0,9,0,3,0,0.32142857,0.4642857,1
NationalSecurityAgency/datawave,web-services/common/src/main/java/datawave/webservice/common/audit/AuditBean.java,3,1,0,20,8,0,0,2,0,3,1,1.0,1.0,1
NationalSecurityAgency/datawave,warehouse/query-core/src/main/java/datawave/query/language/functions/jexl/MostRecentUniqueByDay.java,2,3,0,3,0,1,0,2,0,0,0,0.0,0.0,1
NationalSecurityAgency/datawave,warehouse/query-core/src/main/java/datawave/query/language/parser/lucene/LuceneSyntaxQueryParser.java,1,1,0,2,0,0,0,1,0,0,0,0.0,0.0,1
NationalSecurityAgency/datawave,warehouse/query-core/src/test/java/datawave/query/iterator/logic/TermFrequencyIndexIteratorTest.java,74,1,0,23,36,0,0,19,0,5,0,0.55,0.55,1
NationalSecurityAgency/datawave,microservices/services/query/service/src/test/java/datawave/microservice/query/QueryServiceDefineTest.java,9,2,0,20,36,36,0,9,0,0,0,0.0,0.0,1
NationalSecurityAgency/datawave,microservices/services/query-metric/service/src/main/java/datawave/microservice/querymetric/handler/SimpleQueryGeometryHandler.java,13,1,0,11,32,13,0,7,3,6,3,0.5,1.0,1
NationalSecurityAgency/datawave,web-services/atom/src/main/java/datawave/webservice/atom/AtomKeyValueParser.java,19,1,0,7,36,94,0,16,3,10,4,0.07272727,0.07272727,1
NationalSecurityAgency/datawave,warehouse/query-core/src/main/java/datawave/query/tables/content/ContentQueryLogic.java,44,2,2,24,46,150,0,20,0,8,3,0.10526316,0.21052632,1
NationalSecurityAgency/datawave,warehouse/query-core/src/main/java/datawave/query/util/sortedmap/rfile/RFileKeyValueOutputStream.java,2,2,0,4,1,1,0,2,0,0,0,0.0,0.0,1
NationalSecurityAgency/datawave,core/common-util/src/main/java/datawave/security/authorization/DatawavePrincipal.java,33,1,0,9,32,90,0,21,4,5,1,0.2857143,0.43333334,1
NationalSecurityAgency/datawave,warehouse/ingest-json/src/main/java/datawave/ingest/json/mr/handler/ContentJsonColumnBasedHandler.java,2,2,0,4,1,1,0,2,0,0,0,0.0,0.0,1
NationalSecurityAgency/datawave,warehouse/query-core/src/main/java/datawave/query/lucene/visitors/QueryNodeType.java,5,1,0,33,5,1,0,3,2,2,1,0.16666667,0.16666667,1
NationalSecurityAgency/datawave,warehouse/ingest-core/src/main/java/datawave/ingest/data/config/ingest/AbstractIngestHelper.java,29,2,1,9,22,113,0,18,0,8,1,0.13071896,0.1633987,1
NationalSecurityAgency/datawave,warehouse/query-core/src/test/java/datawave/query/iterator/logic/AndOrIteratorTest.java,16,1,0,6,10,120,0,16,0,0,0,0.0,0.0,1
NationalSecurityAgency/datawave,microservices/services/query-metric/service/src/test/java/datawave/microservice/querymetric/NonWebApplicationMessagingTest.java,7,1,0,15,20,6,0,7,0,4,0,1.0,1.0,3
NationalSecurityAgency/datawave,warehouse/query-core/src/main/java/datawave/query/tld/TLDIndexBuildingVisitor.java,40,2,0,22,57,19,0,7,0,1,1,0.04761905,0.04761905,1
NationalSecurityAgency/datawave,warehouse/query-core/src/main/java/datawave/query/tables/async/ScannerChunk.java,18,1,0,5,13,36,0,16,0,7,0,0.35,0.875,1
NationalSecurityAgency/datawave,microservices/services/accumulo/api/src/main/java/datawave/webservice/response/objects/Totals.java,8,1,0,3,0,20,0,8,0,5,1,0.14285715,0.14285715,1
NationalSecurityAgency/datawave,warehouse/query-core/src/main/java/datawave/query/rules/UnescapedSpecialCharsRule.java,31,3,0,12,33,19,0,18,0,7,3,0.49264705,0.6691176,1
NationalSecurityAgency/datawave,warehouse/query-core/src/main/java/datawave/query/iterator/EmptyTreeIterable.java,12,1,0,5,1,66,0,12,0,0,0,0.0,0.0,1
NationalSecurityAgency/datawave,web-services/examples/http-client/src/main/java/datawave/webservice/examples/JAXBQueryExample.java,13,1,0,19,43,0,0,1,1,3,3,0.0,0.0,1
NationalSecurityAgency/datawave,warehouse/query-core/src/main/java/datawave/query/language/builder/jexl/FuzzyQueryNodeBuilder.java,1,1,0,3,2,0,0,1,0,0,0,0.0,0.0,1
NationalSecurityAgency/datawave,warehouse/query-core/src/main/java/datawave/query/iterators/FirstAndLastSeenDate.java,7,2,0,3,4,17,0,7,0,2,0,0.13333334,0.2,1
NationalSecurityAgency/datawave,warehouse/query-core/src/main/java/datawave/query/planner/rules/NodeTransformVisitor.java,18,2,1,20,8,114,0,16,1,3,0,0.025,0.025,1
NationalSecurityAgency/datawave,core/connection-pool/src/main/java/datawave/core/common/cache/SharedBooleanReader.java,1,1,0,1,0,0,0,1,0,0,0,0.0,0.0,1
NationalSecurityAgency/datawave,warehouse/query-core/src/main/java/datawave/query/planner/BooleanChunkingQueryPlanner.java,19,3,0,15,19,4,0,6,0,1,1,0.16666667,0.16666667,2
NationalSecurityAgency/datawave,warehouse/query-core/src/main/java/datawave/mr/bulk/RfileScanner.java,34,2,0,21,55,3,0,10,0,12,2,0.44444445,0.7777778,1
NationalSecurityAgency/datawave,web-services/query/src/main/java/datawave/webservice/query/limit/QueryLogicGroupLimit.java,13,1,0,2,10,0,0,8,0,3,0,0.89285713,1.0,1
NationalSecurityAgency/datawave,warehouse/ingest-core/src/main/java/datawave/ingest/table/config/ErrorShardTableConfigHelper.java,17,3,0,4,6,0,0,1,0,2,2,0.0,0.0,1
NationalSecurityAgency/datawave,warehouse/query-core/src/main/java/datawave/query/iterator/NestedQuery.java,10,1,0,5,0,35,0,10,0,5,0,0.11111111,0.11111111,1
NationalSecurityAgency/datawave,warehouse/ingest-core/src/main/java/datawave/ingest/mapreduce/handler/fact/functions/MultimapContext.java,4,1,1,2,4,0,0,4,0,1,0,1.0,1.0,1
NationalSecurityAgency/datawave,warehouse/query-core/src/main/java/datawave/query/exceptions/InvalidFieldIndexQueryFatalQueryException.java,4,5,0,1,0,6,0,4,0,1,1,0.0,0.0,1
NationalSecurityAgency/datawave,microservices/services/hazelcast/common/src/main/java/datawave/microservice/cached/CacheInspectorConfiguration.java,8,1,0,12,0,6,0,5,0,0,0,0.0,0.0,2
NationalSecurityAgency/datawave,warehouse/query-core/src/test/java/datawave/query/testframework/AbstractFields.java,23,1,10,3,9,175,0,23,0,8,1,0.1541502,0.68774706,1
NationalSecurityAgency/datawave,microservices/services/query-metric/service/src/main/java/datawave/microservice/querymetric/handler/QueryMetricCombiner.java,85,1,0,6,111,6,0,4,0,2,2,0.0,0.0,1
NationalSecurityAgency/datawave,microservices/starters/query/src/main/java/datawave/microservice/query/logic/config/EdgeQueryConfiguration.java,4,1,0,10,6,1,0,2,0,1,0,0.0,0.0,1
NationalSecurityAgency/datawave,warehouse/ingest-core/src/main/java/datawave/ingest/util/GenerateMultipleNumShardsCacheFile.java,5,1,0,10,20,0,0,1,1,4,4,0.0,0.0,1
NationalSecurityAgency/datawave,warehouse/ingest-core/src/test/java/datawave/util/flag/SimpleMoverTest.java,3,2,0,10,24,1,0,3,0,1,1,0.33333334,0.33333334,1
NationalSecurityAgency/datawave,warehouse/query-core/src/test/java/datawave/query/composite/CompositeUtilsTest.java,16,1,0,2,11,10,0,5,0,0,0,0.0,0.0,1
NationalSecurityAgency/datawave,microservices/starters/query/src/main/java/datawave/microservice/query/messaging/hazelcast/HazelcastQueryResultsPublisher.java,6,1,0,5,8,1,0,3,0,3,0,0.33333334,0.33333334,1
NationalSecurityAgency/datawave,warehouse/query-core/src/test/java/datawave/query/tables/edge/DefaultEdgeEventQueryLogicTest.java,20,1,0,11,21,0,0,20,0,3,0,1.0,1.0,1
NationalSecurityAgency/datawave,core/query/src/main/java/datawave/core/query/logic/filtered/DateRangeFilteredQueryLogic.java,12,3,0,10,17,8,0,5,0,1,1,0.0,0.0,1
NationalSecurityAgency/datawave,warehouse/accumulo-extensions/src/test/java/datawave/ingest/table/balancer/ShardedTableTabletBalancerTest.java,99,3,0,19,90,4,0,39,2,10,1,0.96190476,1.0,4
NationalSecurityAgency/datawave,warehouse/query-core/src/test/java/datawave/query/attributes/it/IpAddressTypeAttributeIT.java,9,2,0,7,11,30,0,9,0,1,0,0.083333336,0.083333336,1
NationalSecurityAgency/datawave,warehouse/query-core/src/main/java/datawave/query/jexl/functions/JexlFunctionNamespaceRegistry.java,9,1,0,8,24,1,0,2,1,5,5,0.0,0.0,1
NationalSecurityAgency/datawave,warehouse/query-core/src/main/java/datawave/query/transformer/GroupingDocumentTransformer.java,43,5,0,19,57,26,0,9,0,3,1,0.06666667,0.06666667,1
NationalSecurityAgency/datawave,warehouse/query-core/src/main/java/datawave/query/jexl/functions/TermFrequencyAggregator.java,11,3,0,11,15,28,0,8,0,0,0,0.0,0.0,1
NationalSecurityAgency/datawave,microservices/services/query-executor/service/src/main/java/datawave/microservice/query/executor/QueryExecutorController.java,17,1,0,14,47,16,0,9,0,1,0,1.0,1.0,1
NationalSecurityAgency/datawave,warehouse/query-core/src/test/java/datawave/query/predicate/TermFrequencyDataFilterTest.java,3,1,0,9,8,0,0,3,0,11,0,1.0,1.0,1
NationalSecurityAgency/datawave,warehouse/query-core/src/main/java/datawave/query/tables/keyword/KeywordQueryUtil.java,14,1,0,5,15,3,0,3,3,0,0,0.0,0.0,1
NationalSecurityAgency/datawave,warehouse/ssdeep-common/src/main/java/datawave/util/ssdeep/HashReverse.java,13,1,0,4,11,10,0,5,5,7,7,0.0,0.0,1
NationalSecurityAgency/datawave,microservices/starters/datawave/src/main/java/datawave/microservice/config/security/util/DnUtilsConfig.java,1,1,0,6,2,0,0,1,0,0,0,0.0,0.0,1
NationalSecurityAgency/datawave,core/utils/type-utils/src/main/java/datawave/data/normalizer/LcNoDiacriticsNormalizer.java,9,2,0,3,9,15,0,6,0,2,2,0.0,0.0,1
NationalSecurityAgency/datawave,warehouse/query-core/src/main/java/datawave/query/tables/async/SpeculativeScan.java,39,2,0,15,44,27,0,16,0,14,1,1.0,1.0,2
NationalSecurityAgency/datawave,warehouse/accumulo-extensions/src/main/java/datawave/ingest/table/balancer/RendezvousHostBalancer.java,55,1,1,16,91,62,0,18,0,4,0,1.0,1.0,2
NationalSecurityAgency/datawave,warehouse/query-core/src/main/java/datawave/query/tables/facets/MergedReadAhead.java,27,2,0,6,20,14,0,9,0,5,1,0.1904762,0.1904762,1
NationalSecurityAgency/datawave,core/base-rest-responses/src/test/java/datawave/user/DefaultAuthorizationsListTest.java,3,1,0,5,41,3,0,3,0,5,1,0.0,0.0,1
NationalSecurityAgency/datawave,microservices/starters/datawave/src/main/java/datawave/microservice/config/DatawaveMicroserviceConfig.java,8,1,0,22,23,6,0,5,0,2,0,0.0,0.0,2
NationalSecurityAgency/datawave,warehouse/ingest-core/src/test/java/datawave/ingest/table/config/ShardTableConfigHelperTest.java,30,1,0,18,50,6,0,16,0,10,5,0.1978022,0.23076923,1
NationalSecurityAgency/datawave,warehouse/query-core/src/test/java/datawave/core/iterators/TermFrequencyFilterTest.java,39,1,0,9,21,155,0,19,0,5,3,0.04761905,0.06666667,1
NationalSecurityAgency/datawave,warehouse/core/src/main/java/datawave/util/CounterDump.java,10,1,0,4,19,3,0,5,0,1,0,1.0,1.0,2
NationalSecurityAgency/datawave,warehouse/query-core/src/main/java/datawave/core/iterators/filesystem/FileSystemCache.java,14,1,0,5,19,2,0,5,0,3,1,0.33333334,0.5,1
NationalSecurityAgency/datawave,web-services/query/src/main/java/datawave/webservice/query/limit/QueryLimiterResponse.java,11,1,0,1,6,0,0,8,2,3,1,0.71428573,0.75,1
NationalSecurityAgency/datawave,web-services/common-util/src/main/java/datawave/resteasy/util/RequiredProcessor.java,5,1,0,2,7,0,0,2,0,2,0,1.0,1.0,1
NationalSecurityAgency/datawave,warehouse/query-core/src/test/java/datawave/query/jexl/visitors/FetchDataTypesVisitorTest.java,9,1,0,11,12,34,0,9,1,3,2,0.0,0.0,1
NationalSecurityAgency/datawave,warehouse/ingest-core/src/main/java/datawave/ingest/input/reader/EventInitializer.java,1,1,0,1,0,0,0,1,0,0,0,0.0,0.0,1
NationalSecurityAgency/datawave,warehouse/query-core/src/test/java/datawave/query/jexl/visitors/QueryOptionsFromQueryVisitorTest.java,36,1,0,7,22,589,0,35,0,2,1,0.0,0.0,1
NationalSecurityAgency/datawave,microservices/starters/query/src/main/java/datawave/microservice/query/util/GeometrySerializer.java,1,2,0,4,2,0,0,1,0,0,0,0.0,0.0,1
NationalSecurityAgency/datawave,warehouse/query-core/src/test/java/datawave/query/language/functions/jexl/GroupByTest.java,6,1,0,3,9,15,0,6,0,0,0,0.0,0.0,1
NationalSecurityAgency/datawave,warehouse/keyword-common/src/main/java/datawave/util/keyword/KeywordResults.java,26,1,0,4,20,93,0,19,4,6,1,0.22807017,0.4619883,1
NationalSecurityAgency/datawave,warehouse/query-core/src/test/java/datawave/query/iterator/logic/TermFrequencyExcerptIteratorTest.java,29,2,0,20,51,0,0,25,4,6,3,0.8105263,0.9,1
NationalSecurityAgency/datawave,warehouse/query-core/src/main/java/datawave/query/tables/ssdeep/SSDeepChainedDiscoveryQueryLogic.java,9,3,0,11,19,26,0,8,0,2,1,0.035714287,0.035714287,1
NationalSecurityAgency/datawave,core/connection-pool/src/main/java/datawave/core/common/result/TableCacheDescription.java,14,1,0,3,0,77,0,14,0,8,1,0.07692308,0.07692308,1
NationalSecurityAgency/datawave,warehouse/query-core/src/main/java/datawave/query/index/lookup/IndexMatchType.java,0,1,0,0,0,0,0,0,0,0,0,0.0,0.0,1
NationalSecurityAgency/datawave,warehouse/ingest-core/src/main/java/datawave/ingest/mapreduce/job/metrics/MetricsReceiver.java,4,1,0,7,0,6,0,4,0,0,0,0.0,0.0,1
NationalSecurityAgency/datawave,warehouse/ingest-core/src/main/java/datawave/ingest/table/aggregator/GlobalIndexUidAggregator.java,34,3,1,12,39,45,0,15,0,7,2,0.15151516,0.16666667,1
NationalSecurityAgency/datawave,microservices/services/dictionary/service/src/main/java/datawave/microservice/model/ModelController.java,18,1,0,26,38,0,0,7,0,6,2,0.9047619,1.0,1
NationalSecurityAgency/datawave,warehouse/query-core/src/test/java/datawave/test/iter/IOExceptionIteratorTest.java,16,1,0,10,19,91,0,14,0,1,0,0.0,0.0,1
NationalSecurityAgency/datawave,web-services/client/src/main/java/datawave/webservice/util/HtmlProviderMessageBodyWriter.java,5,2,0,3,5,10,0,5,0,0,0,0.0,0.0,1
NationalSecurityAgency/datawave,warehouse/query-core/src/test/java/datawave/query/index/lookup/UnionTest.java,30,1,0,9,30,231,0,22,0,0,0,0.0,0.0,1
NationalSecurityAgency/datawave,warehouse/query-core/src/main/java/datawave/query/language/functions/jexl/MatchesInGroupFunction.java,10,2,0,4,10,6,0,4,0,0,0,0.0,0.0,1
NationalSecurityAgency/datawave,warehouse/query-core/src/test/java/datawave/query/testframework/JsonTestFileLoader.java,7,1,0,17,19,0,0,3,0,3,1,1.0,1.0,1
NationalSecurityAgency/datawave,microservices/starters/query/src/main/java/datawave/microservice/query/config/ThreadPoolTaskExecutorProperties.java,10,1,0,4,0,21,0,10,0,4,0,0.26666668,0.8,1
NationalSecurityAgency/datawave,microservices/starters/query/src/main/java/datawave/microservice/query/messaging/kafka/KafkaQueryResultsManager.java,23,1,0,18,46,0,0,11,0,7,2,0.8,1.0,1
NationalSecurityAgency/datawave,warehouse/query-core/src/test/java/datawave/query/LuceneQueryTest.java,18,2,0,14,19,0,0,16,1,2,2,0.65,0.65,1
NationalSecurityAgency/datawave,warehouse/query-core/src/test/java/datawave/query/transformer/annotation/AllHitsFactoryTest.java,24,1,0,14,37,0,0,23,0,8,5,1.0,1.0,1
NationalSecurityAgency/datawave,warehouse/ingest-core/src/main/java/datawave/ingest/mapreduce/partition/SplitBasedHashPartitioner.java,5,3,0,8,9,0,0,5,0,3,2,0.6,0.6,1
NationalSecurityAgency/datawave,core/query/src/main/java/datawave/core/query/logic/lookup/uid/LookupUIDQueryLogic.java,6,3,0,5,8,10,0,5,0,2,2,0.0,0.0,1
NationalSecurityAgency/datawave,warehouse/ingest-ssdeep/src/main/java/datawave/ingest/mapreduce/handler/ssdeep/SSDeepIndexHandler.java,15,1,0,25,24,35,0,10,0,21,15,0.11111111,0.33333334,1
NationalSecurityAgency/datawave,core/utils/type-utils/src/main/java/datawave/data/normalizer/ZeroRegexStatus.java,0,1,0,0,0,0,0,0,0,0,0,0.0,0.0,1
NationalSecurityAgency/datawave,web-services/query/src/test/java/datawave/webservice/query/interceptor/QueryMetricsEnrichmentInterceptorTest.java,8,1,0,30,59,0,0,8,0,20,1,1.0,1.0,2
NationalSecurityAgency/datawave,microservices/services/audit/service/src/main/java/datawave/microservice/audit/auditors/file/config/FileAuditProperties.java,16,1,0,3,0,104,0,16,0,8,0,0.06666667,0.06666667,1
NationalSecurityAgency/datawave,microservices/services/query-executor/api/src/main/java/datawave/microservice/query/result/ExecutorMetricsResponse.java,48,2,0,11,39,73,0,15,0,8,2,0.15238096,0.53333336,1
NationalSecurityAgency/datawave,warehouse/ingest-core/src/main/java/datawave/ingest/util/BloomFilterUtil.java,49,1,0,15,45,76,0,16,6,11,2,0.15384616,0.24175824,1
NationalSecurityAgency/datawave,warehouse/query-core/src/main/java/datawave/query/common/grouping/Field.java,17,1,0,4,7,0,0,11,0,5,0,0.6,1.0,1
NationalSecurityAgency/datawave,warehouse/query-core/src/main/java/datawave/query/common/grouping/CountAggregator.java,13,2,0,8,12,0,0,10,1,2,0,0.4722222,0.5833333,1
NationalSecurityAgency/datawave,warehouse/data-dictionary-core/src/main/java/datawave/webservice/datadictionary/DataDictionaryResponseTypeProducer.java,1,1,0,5,0,0,0,1,0,0,0,0.0,0.0,2
NationalSecurityAgency/datawave,warehouse/query-core/src/test/java/datawave/query/util/YearIndexIngest.java,12,2,0,12,41,7,0,6,0,2,1,0.33333334,0.5,1
NationalSecurityAgency/datawave,microservices/starters/query/src/main/java/datawave/microservice/query/logic/config/HitHighlightsConfiguration.java,5,1,0,11,7,3,0,3,0,1,0,0.0,0.0,1
NationalSecurityAgency/datawave,warehouse/ingest-core/src/main/java/datawave/ingest/mapreduce/TermFilter.java,1,1,0,3,2,0,0,1,0,1,1,0.0,0.0,1
NationalSecurityAgency/datawave,warehouse/query-core/src/main/java/datawave/core/iterators/uid/ShardUidMappingIterator.java,88,2,0,12,59,132,0,20,0,10,3,0.20588236,0.40441176,1
NationalSecurityAgency/datawave,warehouse/ingest-core/src/main/java/datawave/ingest/mapreduce/DataTypeDiscardFutureIntervalPredicate.java,9,1,0,6,8,0,0,5,0,4,3,0.6,0.6,1
NationalSecurityAgency/datawave,warehouse/query-core/src/test/java/datawave/query/util/DateIndexIteratorTest.java,20,1,0,14,32,82,0,16,0,6,1,0.0,0.0,1
NationalSecurityAgency/datawave,web-services/common-util/src/main/java/datawave/webservice/util/NotEqualPropertyExpressionInterpreter.java,4,1,0,1,4,0,0,1,0,0,0,0.0,0.0,1
NationalSecurityAgency/datawave,warehouse/query-core/src/main/java/datawave/query/rules/QueryValidationConfiguration.java,2,1,0,2,0,1,0,2,0,0,0,0.0,0.0,1
NationalSecurityAgency/datawave,microservices/services/dictionary/api/src/main/java/datawave/webservice/dictionary/data/DataDictionaryBase.java,11,2,0,8,0,55,0,11,0,0,0,0.0,0.0,1
NationalSecurityAgency/datawave,warehouse/query-core/src/test/java/datawave/query/language/parser/lucene/TestLuceneQueryParser.java,30,1,0,4,6,325,0,30,0,1,0,0.12643678,0.12643678,1
NationalSecurityAgency/datawave,core/utils/accumulo-utils/src/main/java/datawave/scan/ExecutionHintHelper.java,15,1,0,3,7,3,0,6,5,3,3,0.6,0.6,1
NationalSecurityAgency/datawave,core/utils/type-utils/src/test/java/datawave/data/type/IpAddressTypeTest.java,9,1,0,7,12,0,0,6,0,1,1,0.6666667,0.6666667,1
NationalSecurityAgency/datawave,microservices/services/accumulo/service/src/main/java/datawave/microservice/accumulo/lookup/LookupController.java,2,1,0,20,14,0,0,2,0,1,0,1.0,1.0,1
NationalSecurityAgency/datawave,microservices/starters/query/src/main/java/datawave/microservice/query/messaging/hazelcast/HazelcastMessagingUtils.java,2,1,0,4,5,0,0,1,1,0,0,0.0,0.0,1
NationalSecurityAgency/datawave,microservices/services/hazelcast/common/src/main/java/datawave/microservice/cached/LockableHazelcastCacheInspector.java,17,2,0,5,7,36,0,9,0,0,0,0.0,0.0,1
NationalSecurityAgency/datawave,web-services/security/src/main/java/datawave/security/websocket/WebsocketSecurityInterceptor.java,11,1,0,9,14,6,0,4,0,3,3,0.0,0.0,1
NationalSecurityAgency/datawave,core/annotation/src/main/java/datawave/annotation/util/v1/JacksonAnnotationDeserializer.java,3,2,0,7,7,1,0,3,0,2,1,0.33333334,0.33333334,1
NationalSecurityAgency/datawave,warehouse/query-core/src/test/java/datawave/query/jexl/visitors/GeoFeatureVisitorTest.java,9,1,0,3,7,36,0,9,0,11,11,0.0,0.0,1
NationalSecurityAgency/datawave,warehouse/query-core/src/main/java/datawave/query/language/builder/lucene/SlopQueryNodeBuilder.java,3,1,0,7,8,0,0,1,0,0,0,0.0,0.0,1
NationalSecurityAgency/datawave,warehouse/query-core/src/test/java/datawave/query/testframework/cardata/AbstractCarFields.java,23,1,1,3,9,175,0,23,0,8,1,0.1541502,0.68774706,1
NationalSecurityAgency/datawave,microservices/starters/cached-results/src/main/java/datawave/microservice/query/cachedresults/status/cache/util/LockedCacheUpdateUtil.java,4,1,0,4,6,0,0,2,0,1,0,1.0,1.0,1
NationalSecurityAgency/datawave,warehouse/query-core/src/main/java/datawave/query/jexl/visitors/SetMembershipVisitor.java,29,3,0,21,10,217,0,22,2,3,0,0.019607844,0.019607844,1
NationalSecurityAgency/datawave,warehouse/query-core/src/main/java/datawave/query/language/functions/jexl/UniqueByYear.java,2,3,0,3,0,1,0,2,0,0,0,0.0,0.0,1
NationalSecurityAgency/datawave,warehouse/query-core/src/test/java/datawave/query/jexl/visitors/EventDataQueryExpressionVisitorTest.java,61,1,0,18,47,0,0,47,3,7,3,0.836715,0.9140097,1
NationalSecurityAgency/datawave,web-services/common/src/main/java/datawave/configuration/RefreshableScopeExtension.java,4,1,0,9,6,1,0,3,0,2,0,0.33333334,0.33333334,1
NationalSecurityAgency/datawave,warehouse/query-core/src/main/java/datawave/query/jexl/lookups/IndexLookupMap.java,53,1,0,3,33,101,0,34,0,9,1,0.41075268,0.50537634,1
NationalSecurityAgency/datawave,warehouse/query-core/src/test/java/datawave/query/testframework/BaseTestManager.java,5,2,2,1,0,8,0,5,0,1,0,0.1,0.1,1
NationalSecurityAgency/datawave,warehouse/ingest-core/src/main/java/datawave/iterators/StatsLinksEdgeCombiner.java,39,2,0,15,40,42,0,17,2,10,3,0.5,0.5,2
NationalSecurityAgency/datawave,core/modification/src/main/java/datawave/modification/ModificationService.java,11,1,0,20,45,0,0,3,0,5,1,1.0,1.0,1
NationalSecurityAgency/datawave,warehouse/query-core/src/main/java/datawave/next/CountScheduler.java,2,3,0,4,2,1,0,2,0,0,0,0.0,0.0,1
NationalSecurityAgency/datawave,warehouse/query-core/src/test/java/datawave/query/jexl/visitors/PushdownMissingIndexRangeNodesVisitorTest.java,20,1,0,11,19,0,0,20,0,3,1,1.0,1.0,1
NationalSecurityAgency/datawave,warehouse/query-core/src/test/java/datawave/query/util/sortedset/SortedByteSetBufferTest.java,98,1,0,6,36,0,0,15,0,3,0,1.0,1.0,1
NationalSecurityAgency/datawave,warehouse/query-core/src/test/java/datawave/query/iterator/logic/AndOrIteratorYieldingIT.java,24,2,0,11,11,123,0,18,0,2,1,1.0,1.0,1
NationalSecurityAgency/datawave,warehouse/query-core/src/test/java/datawave/query/jexl/visitors/FieldMissingFromDateRangeVisitorTest.java,24,1,0,8,25,233,0,23,0,8,3,0.0,0.0,1
NationalSecurityAgency/datawave,microservices/services/query/service/src/main/java/datawave/microservice/query/cachedresults/LocalQueryService.java,6,1,0,15,8,0,0,6,0,2,1,1.0,1.0,1
NationalSecurityAgency/datawave,warehouse/query-core/src/main/java/datawave/query/tables/TLDQueryLogic.java,6,3,0,4,6,15,0,6,0,0,0,0.0,0.0,1
NationalSecurityAgency/datawave,warehouse/query-core/src/test/java/datawave/core/iterators/DatawaveFieldIndexIteratorJexlTest.java,7,1,0,14,36,0,0,7,0,3,0,0.7619048,1.0,1
NationalSecurityAgency/datawave,warehouse/query-core/src/main/java/datawave/query/iterator/ivarator/IvaratorCacheDir.java,5,1,0,2,0,0,0,5,0,3,0,0.5,1.0,1
NationalSecurityAgency/datawave,web-services/client/src/main/java/datawave/webservice/query/result/event/EventBase.java,15,1,0,10,2,81,0,14,0,3,0,0.054945055,0.054945055,1
NationalSecurityAgency/datawave,warehouse/query-core/src/main/java/datawave/query/exceptions/LoadAverageWatchException.java,0,4,0,0,0,0,0,0,0,1,1,0.0,0.0,1
NationalSecurityAgency/datawave,web-services/client/src/main/java/datawave/webservice/modification/EventIdentifier.java,7,1,0,5,2,3,0,7,0,4,1,0.42857143,1.0,1
NationalSecurityAgency/datawave,warehouse/query-core/src/test/java/datawave/query/tables/BaseScannerSessionTest.java,18,1,0,1,0,153,0,18,0,0,0,0.0,0.0,1
NationalSecurityAgency/datawave,core/annotation/src/test/java/datawave/annotation/data/transform/TimestampTransformerTest.java,9,1,0,12,20,6,0,6,0,0,0,0.0,0.0,2
NationalSecurityAgency/datawave,warehouse/query-core/src/main/java/datawave/query/predicate/RootPointerPredicate.java,31,1,0,6,11,0,0,4,0,3,2,1.0,1.0,1
NationalSecurityAgency/datawave,warehouse/ingest-core/src/main/java/datawave/ingest/mapreduce/handler/tokenize/ContentIndexingColumnBasedHandler.java,93,4,0,47,139,21,0,14,0,19,1,0.26373628,0.6043956,1
NationalSecurityAgency/datawave,microservices/services/query-metric/service/src/main/java/datawave/microservice/querymetric/config/HazelcastMetricCacheConfiguration.java,18,1,0,33,61,15,0,7,0,3,1,0.06666667,0.06666667,1
NationalSecurityAgency/datawave,microservices/services/authorization/api/src/main/java/datawave/security/authorization/AuthorizationException.java,5,3,0,0,0,10,0,5,0,0,0,0.0,0.0,1
NationalSecurityAgency/datawave,warehouse/ingest-core/src/main/java/datawave/iterators/PropogatingIterator.java,54,1,1,14,51,6,0,16,0,16,7,0.37878788,0.6818182,1
NationalSecurityAgency/datawave,warehouse/query-core/src/main/java/datawave/query/tables/RemoteTimeoutInterceptingQueryLogic.java,44,2,0,13,33,15,0,22,0,4,2,0.36363637,0.5090909,5
NationalSecurityAgency/datawave,warehouse/query-core/src/main/java/datawave/query/jexl/lookups/ValueSet.java,34,1,0,3,25,0,0,22,0,4,1,0.69590646,0.8947368,1
NationalSecurityAgency/datawave,warehouse/query-core/src/main/java/datawave/query/util/sortedmap/rfile/RFileByteDocumentOutputStream.java,2,2,0,5,3,1,0,2,0,0,0,0.0,0.0,1
NationalSecurityAgency/datawave,warehouse/query-core/src/main/java/datawave/query/iterator/builder/AndIteratorBuilder.java,5,2,0,5,2,0,0,4,0,1,0,0.5,0.5,1
NationalSecurityAgency/datawave,warehouse/query-core/src/main/java/datawave/query/function/Equality.java,1,1,0,1,0,0,0,1,0,0,0,0.0,0.0,1
NationalSecurityAgency/datawave,warehouse/query-core/src/main/java/datawave/query/rules/QueryRuleResult.java,19,1,0,1,13,0,0,14,2,3,0,0.6813187,1.0,1
NationalSecurityAgency/datawave,warehouse/ingest-core/src/main/java/datawave/ingest/mapreduce/job/writer/BulkContextWriter.java,2,3,0,5,4,0,0,1,0,0,0,0.0,0.0,1
NationalSecurityAgency/datawave,microservices/services/modification/service/src/main/java/datawave/microservice/modification/cache/ModificationCacheController.java,4,1,0,7,8,0,0,3,0,1,0,1.0,1.0,1
NationalSecurityAgency/datawave,warehouse/query-core/src/test/java/datawave/query/rules/NumericValueRuleTest.java,10,2,0,11,18,19,0,10,0,2,2,0.2888889,0.33333334,1
NationalSecurityAgency/datawave,warehouse/query-core/src/test/java/datawave/query/tld/TLDNormalFlattenQueryTest.java,2,2,0,5,1,1,0,2,0,1,1,0.0,0.0,1
NationalSecurityAgency/datawave,microservices/starters/cached-results/src/main/java/datawave/microservice/query/cachedresults/status/cache/DefinedQueryIdByCachedQueryIdCache.java,5,2,0,6,5,4,0,4,0,2,1,0.16666667,0.16666667,1
NationalSecurityAgency/datawave,warehouse/query-core/src/test/java/datawave/query/jexl/visitors/IteratorBuildingVisitorTest.java,68,1,0,25,73,1035,0,61,0,2,1,1.0,1.0,3
NationalSecurityAgency/datawave,warehouse/query-core/src/main/java/datawave/query/discovery/DiscoveryTransformer.java,15,2,0,17,62,0,0,6,0,5,0,1.0,1.0,1
NationalSecurityAgency/datawave,warehouse/ingest-ssdeep/src/main/java/datawave/ingest/table/config/SSDeepIndexTableConfigHelper.java,5,2,0,7,3,1,0,3,0,5,0,0.33333334,0.33333334,2
NationalSecurityAgency/datawave,warehouse/query-core/src/main/java/datawave/query/rules/GroupedInterpretationRule.java,16,3,0,16,29,28,0,8,0,1,1,0.0,0.0,1
NationalSecurityAgency/datawave,microservices/services/authorization/service/src/main/java/datawave/microservice/authorization/oauth/AuthorizedClient.java,6,1,0,0,0,9,0,6,0,4,1,0.2,0.2,1
NationalSecurityAgency/datawave,warehouse/ingest-core/src/test/java/datawave/ingest/table/aggregator/BitSetCombinerTest.java,11,1,0,6,13,6,0,9,0,2,0,1.0,1.0,1
NationalSecurityAgency/datawave,warehouse/query-core/src/main/java/datawave/audit/SplitSelectorExtractor.java,26,1,0,5,17,5,0,6,0,3,0,0.2,0.4,1
NationalSecurityAgency/datawave,microservices/services/config/src/main/java/datawave/microservice/config/server/autoconfigure/DatawaveKeyStoreKeyFactory.java,5,2,0,4,4,3,0,3,1,0,0,0.0,0.0,1
NationalSecurityAgency/datawave,warehouse/query-core/src/test/java/datawave/query/util/MixedGeoAndGeoWaveIngest.java,17,2,0,30,64,0,0,6,4,34,34,1.0,1.0,2
NationalSecurityAgency/datawave,warehouse/query-core/src/test/java/datawave/query/jexl/lookups/UnfieldedRegexIndexLookupTest.java,25,2,0,12,41,170,0,20,0,1,0,0.0,0.0,1
NationalSecurityAgency/datawave,warehouse/query-core/src/main/java/datawave/query/index/day/DayIndexQueryBuilder.java,31,2,0,20,17,169,0,19,0,2,0,0.0,0.0,1
NationalSecurityAgency/datawave,common-test/src/main/java/datawave/common/test/utils/ProcessUtils.java,16,1,0,1,23,28,0,8,7,5,5,0.0,0.0,1
NationalSecurityAgency/datawave,warehouse/query-core/src/main/java/datawave/query/jexl/functions/FieldIndexAggregator.java,3,1,0,6,0,3,0,3,0,0,0,0.0,0.0,1
NationalSecurityAgency/datawave,warehouse/query-core/src/test/java/datawave/query/tables/ssdeep/SSDeepIngestQueryTest.java,17,2,0,38,66,15,0,11,1,5,2,0.36363637,0.38181818,1
NationalSecurityAgency/datawave,web-services/security/src/main/java/datawave/security/login/DatawaveCertRolesLoginModule.java,22,2,0,7,37,11,0,6,0,3,1,0.13333334,0.13333334,1
NationalSecurityAgency/datawave,warehouse/ingest-core/src/main/java/datawave/ingest/config/TableConfigCacheGenerator.java,2,1,0,4,5,0,0,1,1,2,2,0.0,0.0,1
NationalSecurityAgency/datawave,core/annotation/src/main/java/datawave/annotation/util/v1/AnnotationStringUtils.java,3,1,0,3,8,3,0,3,3,0,0,0.0,0.0,1
NationalSecurityAgency/datawave,warehouse/query-core/src/main/java/datawave/query/iterator/builder/IvaratorBuilder.java,36,3,4,11,3,498,0,33,0,17,0,0.028409092,0.028409092,1
NationalSecurityAgency/datawave,warehouse/query-core/src/main/java/datawave/query/planner/async/FetchTypeMetadata.java,6,2,0,6,4,0,0,4,0,3,0,0.5,0.5,1
NationalSecurityAgency/datawave,microservices/starters/cached-results/src/main/java/datawave/microservice/query/cachedresults/status/cache/CachedResultsQueryStatusCache.java,6,2,0,8,7,8,0,5,0,2,1,0.1,0.1,1
NationalSecurityAgency/datawave,web-services/atom/src/main/java/datawave/webservice/atom/AtomServiceBean.java,34,1,0,43,56,9,0,6,0,10,2,0.5,0.5,1
NationalSecurityAgency/datawave,warehouse/query-core/src/test/java/datawave/query/index/day/DayRowIteratorTest.java,15,1,0,4,26,58,0,13,0,3,0,0.04761905,0.04761905,1
NationalSecurityAgency/datawave,warehouse/query-core/src/main/java/datawave/query/discovery/DiscoveryQueryConfiguration.java,28,4,0,7,19,140,0,24,4,6,1,0.14855072,0.38043478,1
NationalSecurityAgency/datawave,core/utils/type-utils/src/main/java/datawave/data/normalizer/regex/GroupNode.java,7,2,0,4,1,21,0,7,0,0,0,0.0,0.0,1
NationalSecurityAgency/datawave,warehouse/ingest-core/src/main/java/datawave/ingest/mapreduce/job/reindex/ShardReindexVerificationMapper.java,39,2,0,16,43,22,0,9,0,6,1,0.33333334,0.33333334,1
NationalSecurityAgency/datawave,microservices/services/query-metric/api/src/main/java/datawave/microservice/querymetric/QueryMetricType.java,0,1,0,0,0,0,0,0,0,0,0,0.0,0.0,1
NationalSecurityAgency/datawave,core/in-memory-accumulo/src/main/java/datawave/accumulo/inmemory/InMemoryConnector.java,23,2,0,33,12,45,0,18,0,3,0,0.29411766,0.43137255,1
NationalSecurityAgency/datawave,microservices/starters/query/src/main/java/datawave/microservice/query/config/QueryProperties.java,41,1,0,10,3,513,0,41,0,19,0,0.33333334,0.52380955,2
NationalSecurityAgency/datawave,core/utils/type-utils/src/main/java/datawave/data/type/GeoType.java,2,2,0,1,1,1,0,2,0,2,2,0.0,0.0,1
NationalSecurityAgency/datawave,warehouse/query-core/src/main/java/datawave/query/tables/ScannerFactory.java,77,1,0,23,83,190,0,29,0,13,2,0.25356126,0.5982906,1
NationalSecurityAgency/datawave,warehouse/query-core/src/test/java/datawave/query/AnyFieldQueryTest.java,202,2,1,20,74,589,0,102,1,9,2,1.0,1.0,4
NationalSecurityAgency/datawave,core/query/src/main/java/datawave/core/query/cachedresults/CacheableLogic.java,2,1,0,1,0,1,0,2,0,0,0,0.0,0.0,1
NationalSecurityAgency/datawave,warehouse/query-core/src/main/java/datawave/query/iterator/profile/SourceTrackingIterator.java,5,2,0,10,9,0,0,5,0,2,0,1.0,1.0,1
NationalSecurityAgency/datawave,warehouse/query-core/src/test/java/datawave/query/tables/ScannerSessionBuilderTest.java,22,1,0,19,50,148,0,21,1,9,7,0.12631579,0.14736842,1
NationalSecurityAgency/datawave,warehouse/query-core/src/test/java/datawave/query/rules/UnfieldedTermsRuleTest.java,7,2,0,6,6,21,0,7,0,0,0,0.0,0.0,1
NationalSecurityAgency/datawave,microservices/starters/query/src/main/java/datawave/microservice/query/storage/QueryStorageLock.java,8,1,0,0,0,28,0,8,0,0,0,0.0,0.0,1
NationalSecurityAgency/datawave,warehouse/query-core/src/main/java/datawave/query/language/parser/lucene/QueryConfigHandler.java,1,2,0,3,2,0,0,1,0,0,0,0.0,0.0,1
NationalSecurityAgency/datawave,warehouse/query-core/src/main/java/datawave/query/language/tree/WithinNode.java,4,2,0,4,5,0,0,3,0,2,1,1.0,1.0,1
NationalSecurityAgency/datawave,microservices/starters/cached-results/src/main/java/datawave/microservice/query/cachedresults/config/DisableDataSourceAutoConfiguration.java,0,1,0,5,0,0,0,0,0,0,0,0.0,0.0,1
NationalSecurityAgency/datawave,core/base-rest-responses/src/main/java/datawave/webservice/query/result/util/protostuff/ProtostuffField.java,8,1,0,4,9,6,0,5,0,2,0,0.33333334,0.5,1
NationalSecurityAgency/datawave,microservices/services/dictionary/api/src/main/java/datawave/webservice/metadata/DefaultMetadataField.java,59,2,0,14,25,36,0,21,1,14,2,0.27272728,0.6969697,2
NationalSecurityAgency/datawave,warehouse/ingest-core/src/main/java/datawave/ingest/metadata/id/DateIdParser.java,6,2,0,3,6,0,0,3,0,2,0,0.6666667,1.0,1
NationalSecurityAgency/datawave,warehouse/query-core/src/test/java/datawave/query/attributes/GeometryTest.java,2,2,0,7,7,1,0,2,0,0,0,0.0,0.0,1
NationalSecurityAgency/datawave,warehouse/query-core/src/test/java/datawave/query/SizesTest.java,17,2,0,21,13,126,0,17,2,7,6,0.036764707,0.073529415,1
NationalSecurityAgency/datawave,warehouse/ingest-core/src/main/java/datawave/ingest/mapreduce/job/reduce/BulkIngestKeyDedupeCombiner.java,26,3,0,15,33,6,0,9,1,6,5,0.41666666,0.41666666,1
NationalSecurityAgency/datawave,warehouse/query-core/src/main/java/datawave/query/discovery/Normalization.java,1,1,0,1,0,0,0,1,0,0,0,0.0,0.0,1
NationalSecurityAgency/datawave,warehouse/ingest-core/src/main/java/datawave/ingest/mapreduce/MemberShipTest.java,4,1,0,4,6,3,0,3,3,0,0,0.0,0.0,1
NationalSecurityAgency/datawave,warehouse/ingest-core/src/main/java/datawave/util/flag/processor/UnusableFileException.java,4,3,0,0,0,6,0,4,0,1,1,0.0,0.0,1
NationalSecurityAgency/datawave,warehouse/query-core/src/main/java/datawave/query/postprocessing/tf/TermOffsetFunction.java,21,1,0,14,32,12,0,8,0,6,1,0.5,0.5,1
NationalSecurityAgency/datawave,warehouse/query-core/src/main/java/datawave/query/jexl/visitors/DelegatingArithmetic.java,23,2,0,1,22,0,0,23,0,1,0,1.0,1.0,1
NationalSecurityAgency/datawave,core/utils/type-utils/src/main/java/datawave/data/normalizer/Normalizer.java,6,1,0,21,0,15,0,6,0,16,0,0.0,0.0,1
NationalSecurityAgency/datawave,warehouse/query-core/src/main/java/datawave/query/language/functions/jexl/GroupByMillisecond.java,2,3,0,3,0,1,0,2,0,0,0,0.0,0.0,1
NationalSecurityAgency/datawave,microservices/starters/query/src/main/java/datawave/microservice/query/logic/config/LuceneUUIDEventQueryConfiguration.java,4,1,0,7,2,6,0,4,0,0,0,0.0,0.0,1
NationalSecurityAgency/datawave,warehouse/query-core/src/main/java/datawave/query/util/sortedset/SortedSetTempFileHandler.java,9,1,0,5,10,2,0,8,0,3,0,0.4642857,0.75,1
NationalSecurityAgency/datawave,warehouse/query-core/src/main/java/datawave/query/util/sortedmap/rfile/RFileKeyValueInputStreamBase.java,14,1,3,7,13,0,0,6,0,8,1,0.5,1.0,1
NationalSecurityAgency/datawave,warehouse/age-off/src/main/java/datawave/ingest/util/cache/watch/RuleConfig.java,19,1,0,3,0,36,0,19,0,18,0,0.0,0.0,2
NationalSecurityAgency/datawave,web-services/query/src/main/java/datawave/webservice/query/cache/QueryCacheBean.java,8,1,0,24,15,0,0,3,0,3,0,0.6666667,1.0,1
NationalSecurityAgency/datawave,microservices/services/accumulo/api/src/main/java/datawave/webservice/response/objects/KeyInterface.java,4,1,0,1,0,6,0,4,0,0,0,0.0,0.0,1
NationalSecurityAgency/datawave,warehouse/keyword-common/src/main/java/datawave/util/keyword/YakeKeywordExtractor.java,103,1,0,10,157,350,0,37,12,20,7,0.21428572,0.75,2
NationalSecurityAgency/datawave,warehouse/query-core/src/main/java/datawave/query/iterator/errors/UnindexedException.java,1,4,0,0,0,0,0,1,0,1,1,0.0,0.0,1
NationalSecurityAgency/datawave,warehouse/query-core/src/main/java/datawave/core/iterators/FieldIndexCountingIteratorPerVisibility.java,175,2,0,18,109,370,0,37,11,38,13,0.16304348,0.5543478,1
NationalSecurityAgency/datawave,core/annotation/src/main/java/datawave/annotation/data/AccumuloAnnotationUtil.java,7,1,0,5,19,0,0,1,1,0,0,0.0,0.0,1
NationalSecurityAgency/datawave,core/annotation/src/main/java/datawave/annotation/data/transform/DefaultVisibilityTransformer.java,7,1,0,4,8,0,0,4,0,2,2,0.5,0.5,1
NationalSecurityAgency/datawave,warehouse/ingest-nyctlc/src/main/java/datawave/ingest/nyctlc/NYCTLCReader.java,13,3,0,15,24,8,0,5,0,2,1,0.1,0.1,1
NationalSecurityAgency/datawave,warehouse/query-core/src/test/java/datawave/query/attributes/DocumentKeyTest.java,1,2,0,4,1,0,0,1,0,0,0,0.0,0.0,1
NationalSecurityAgency/datawave,core/common-util/src/main/java/datawave/core/cache/ClassCache.java,2,1,0,0,0,1,0,2,0,1,0,0.0,0.0,1
NationalSecurityAgency/datawave,warehouse/ingest-wikipedia/src/main/java/datawave/ingest/wikipedia/WikipediaPageExtractor.java,26,1,0,1,24,0,0,1,0,14,14,0.0,0.0,1
NationalSecurityAgency/datawave,warehouse/query-core/src/test/java/datawave/query/GroupsQueryTest.java,9,2,0,11,12,0,0,9,1,2,2,0.5833333,0.5833333,1
NationalSecurityAgency/datawave,warehouse/query-core/src/main/java/datawave/query/planner/scanhints/PriorityScanHintRule.java,1,2,0,2,1,0,0,1,0,1,1,0.0,0.0,1
NationalSecurityAgency/datawave,warehouse/query-core/src/test/java/datawave/query/testframework/AbstractCityFields.java,20,1,0,3,9,118,0,20,0,7,1,0.18947369,0.9,1
NationalSecurityAgency/datawave,warehouse/query-core/src/main/java/datawave/query/language/functions/jexl/DateFormatUtil.java,9,1,0,2,10,0,0,1,0,5,3,0.0,0.0,1
NationalSecurityAgency/datawave,warehouse/core/src/main/java/datawave/data/hash/AbstractUIDBuilder.java,27,1,0,11,25,3,0,3,0,1,1,0.0,0.0,1
NationalSecurityAgency/datawave,warehouse/ingest-core/src/test/java/datawave/ingest/jobcache/ActiveSetterTest.java,9,1,0,9,11,0,0,7,2,4,3,0.6,1.0,1
NationalSecurityAgency/datawave,warehouse/query-core/src/test/java/datawave/query/testframework/BaseRawData.java,47,1,16,7,47,50,0,17,0,6,3,0.31617647,0.5735294,1
NationalSecurityAgency/datawave,warehouse/query-core/src/main/java/datawave/query/language/tree/Optimization.java,3,1,0,2,0,0,0,3,0,1,0,1.0,1.0,2
NationalSecurityAgency/datawave,warehouse/query-core/src/main/java/datawave/query/tables/QueryMacroFunction.java,10,1,0,2,19,0,0,5,0,1,0,1.0,1.0,1
NationalSecurityAgency/datawave,warehouse/query-core/src/test/java/datawave/query/jexl/functions/GroupingRequiredFilterFunctionsIT.java,12,1,0,14,13,39,0,11,0,5,0,0.11111111,0.16666667,1
NationalSecurityAgency/datawave,warehouse/query-core/src/test/java/datawave/query/testframework/FlattenData.java,2,2,0,3,0,0,0,2,0,1,0,1.0,1.0,1
NationalSecurityAgency/datawave,microservices/starters/datawave/src/main/java/datawave/microservice/config/web/SwaggerProperties.java,12,1,0,1,0,54,0,12,0,6,0,0.09090909,0.09090909,1
NationalSecurityAgency/datawave,warehouse/ingest-core/src/main/java/datawave/ingest/mapreduce/job/metrics/MetricsService.java,19,1,0,13,33,0,0,5,0,9,2,1.0,1.0,1
NationalSecurityAgency/datawave,warehouse/query-core/src/main/java/datawave/query/jexl/nodes/LexicographicalNodeComparator.java,2,2,0,3,2,1,0,2,0,0,0,0.0,0.0,1
NationalSecurityAgency/datawave,warehouse/ingest-core/src/test/java/datawave/ingest/mapreduce/job/reindex/ShardReindexJobTest.java,47,2,0,11,44,439,0,35,0,2,0,0.09677419,0.09677419,1
NationalSecurityAgency/datawave,warehouse/ingest-core/src/test/java/datawave/ingest/mapreduce/job/SplitsFileTest.java,25,1,0,11,45,0,0,17,1,4,4,0.8,0.8,1
NationalSecurityAgency/datawave,warehouse/query-core/src/main/java/datawave/query/tables/ScannerSessionBuilder.java,10,2,0,8,10,6,0,4,1,1,1,0.0,0.0,1
NationalSecurityAgency/datawave,web-services/query/src/main/java/datawave/webservice/query/limit/QueryLogicGroupLimitProvider.java,25,1,0,6,38,5,0,9,0,5,0,1.0,1.0,2
NationalSecurityAgency/datawave,warehouse/query-core/src/test/java/datawave/query/jexl/visitors/QueryPruningVisitorTest.java,47,1,0,14,16,0,0,46,0,2,0,0.56666666,0.56666666,1
NationalSecurityAgency/datawave,core/utils/type-utils/src/test/java/datawave/data/normalizer/PointNormalizerTest.java,16,1,0,9,36,0,0,8,0,2,0,0.53571427,0.53571427,1
NationalSecurityAgency/datawave,warehouse/ingest-core/src/main/java/datawave/ingest/mapreduce/job/reindex/ReindexedShardPartitioner.java,25,2,0,12,16,58,0,16,0,8,2,0.33333334,0.33333334,2
NationalSecurityAgency/datawave,warehouse/ingest-wikipedia/src/main/java/datawave/ingest/wikipedia/WikipediaHelper.java,6,2,0,2,10,2,0,5,0,8,4,0.4,1.0,1
NationalSecurityAgency/datawave,core/tables/src/main/java/datawave/table/key/parser/TruncatedIndexKeyParser.java,7,2,0,3,15,1,0,2,0,0,0,0.0,0.0,1
NationalSecurityAgency/datawave,warehouse/query-core/src/main/java/datawave/query/jexl/visitors/FieldMissingFromSchemaVisitor.java,29,4,0,20,19,66,0,13,1,6,1,0.07692308,0.07692308,1
NationalSecurityAgency/datawave,web-services/client/src/main/java/datawave/webservice/query/result/event/DefaultFacets.java,27,2,0,8,12,36,0,17,1,4,2,0.14285715,0.14285715,2
NationalSecurityAgency/datawave,core/annotation/src/main/java/datawave/annotation/data/transform/DefaultTimestampTransformer.java,8,1,0,3,8,0,0,4,0,2,2,0.5,0.5,1
NationalSecurityAgency/datawave,microservices/services/query-metric/api/src/main/java/datawave/microservice/querymetric/QueryMetricUpdate.java,7,1,0,4,0,3,0,7,0,3,1,0.42857143,0.71428573,1
NationalSecurityAgency/datawave,warehouse/query-core/src/test/java/datawave/query/jexl/functions/QueryFunctionsDescriptorTest.java,11,1,0,18,24,28,0,9,0,33,0,0.5,0.5,1
NationalSecurityAgency/datawave,core/base-rest-responses/src/test/java/datawave/webservice/query/exception/UnauthorizedQueryExceptionTest.java,12,1,0,4,7,0,0,12,0,7,0,1.0,1.0,1
NationalSecurityAgency/datawave,warehouse/ingest-core/src/test/java/datawave/ingest/mapreduce/handler/shard/content/TermAndZoneTest.java,9,1,0,2,9,3,0,3,0,0,0,0.0,0.0,1
NationalSecurityAgency/datawave,core/connection-pool/src/test/java/datawave/core/common/cache/SharedCacheCoordinatorTest.java,30,1,0,18,33,1,0,11,0,3,0,1.0,1.0,3
NationalSecurityAgency/datawave,web-services/common-util/src/main/java/datawave/security/util/DnUtils.java,24,1,0,5,28,61,0,14,14,8,8,0.14285715,0.14285715,1
NationalSecurityAgency/datawave,warehouse/query-core/src/main/java/datawave/query/predicate/TLDFieldIndexQueryFilter.java,10,1,0,6,5,28,0,9,0,2,0,0.11111111,0.16666667,1
NationalSecurityAgency/datawave,microservices/services/audit/service/src/main/java/datawave/microservice/audit/auditors/log/config/LogAuditConfig.java,2,1,0,8,0,1,0,2,0,1,0,0.0,0.0,1
NationalSecurityAgency/datawave,microservices/services/query/service/src/test/java/datawave/microservice/query/QueryServiceUpdateTest.java,9,2,0,18,35,36,0,9,0,0,0,0.0,0.0,1
NationalSecurityAgency/datawave,warehouse/query-core/src/main/java/datawave/query/predicate/TLDTermFrequencyEventDataQueryFilter.java,10,1,0,7,6,39,0,10,0,3,0,0.055555556,0.083333336,1
NationalSecurityAgency/datawave,core/query/src/main/java/datawave/core/query/predicate/QueryDateRangePredicate.java,9,1,1,1,4,0,0,5,0,2,0,0.6,1.0,1
NationalSecurityAgency/datawave,core/common-util/src/test/java/datawave/core/cache/ClassCacheIT.java,19,1,0,10,35,39,0,10,0,4,0,0.33333334,0.33333334,1
NationalSecurityAgency/datawave,web-services/query/src/main/java/datawave/webservice/query/util/UIDQueryCriteria.java,2,3,0,2,0,1,0,2,0,0,0,0.0,0.0,1
NationalSecurityAgency/datawave,warehouse/query-core/src/main/java/datawave/query/language/functions/jexl/MostRecentUniqueBySecond.java,2,3,0,3,0,1,0,2,0,0,0,0.0,0.0,1
NationalSecurityAgency/datawave,microservices/services/dictionary/service/src/main/java/datawave/microservice/dictionary/data/DataDictionaryImpl.java,23,1,0,18,41,122,0,17,0,6,0,0.06410257,0.08974359,1
NationalSecurityAgency/datawave,warehouse/ingest-wikipedia/src/main/java/datawave/ingest/wikipedia/WikipediaInputFormat.java,7,2,0,7,6,0,0,7,0,1,0,1.0,1.0,2
NationalSecurityAgency/datawave,web-services/client/src/main/java/datawave/webservice/util/ProtostuffMessageBodyWriter.java,12,1,0,10,13,3,0,3,0,1,0,0.0,0.0,1
NationalSecurityAgency/datawave,warehouse/query-core/src/test/java/datawave/query/tables/DateIteratorTest.java,11,1,0,4,12,37,0,10,0,4,0,0.0,0.0,1
NationalSecurityAgency/datawave,warehouse/core/src/main/java/datawave/util/ByteUtil.java,3,1,0,1,9,0,0,1,1,0,0,0.0,0.0,1
NationalSecurityAgency/datawave,warehouse/query-core/src/test/java/datawave/query/UnindexedNumericQueryTest.java,10,2,0,17,31,4,0,5,1,2,2,0.3,0.3,1
NationalSecurityAgency/datawave,core/utils/accumulo-utils/src/main/java/datawave/marking/FlattenedVisibilityCache.java,4,1,0,5,7,3,0,3,3,1,1,0.0,0.0,1
NationalSecurityAgency/datawave,microservices/services/hazelcast/common/src/main/java/datawave/microservice/cached/HazelcastDiscoveryServiceAutoConfiguration.java,2,1,0,10,0,1,0,2,0,0,0,0.0,0.0,1
NationalSecurityAgency/datawave,warehouse/query-core/src/test/java/datawave/query/jexl/visitors/DepthVisitorTest.java,10,1,0,2,3,45,0,10,0,0,0,0.0,0.0,1
NationalSecurityAgency/datawave,core/connection-pool/src/main/java/datawave/core/common/cache/AccumuloTableCache.java,6,1,0,5,0,15,0,6,0,2,0,0.0,0.0,1
NationalSecurityAgency/datawave,warehouse/ingest-core/src/test/java/datawave/ingest/data/config/XMLFieldConfigHelperTest.java,20,1,0,20,57,0,0,17,1,2,0,0.8666667,0.8666667,1
NationalSecurityAgency/datawave,warehouse/query-core/src/main/java/datawave/query/jexl/nodes/FieldCostComparator.java,7,3,0,8,2,3,0,3,0,0,0,0.0,0.0,1
NationalSecurityAgency/datawave,warehouse/query-core/src/test/java/datawave/query/planner/CompositeIndexTest.java,48,2,0,60,119,0,0,16,4,26,25,0.6666667,0.6666667,2
NationalSecurityAgency/datawave,microservices/services/query-metric/service/src/main/java/datawave/microservice/querymetric/config/CorrelatorProperties.java,6,1,0,1,0,9,0,6,0,3,0,0.2,0.2,1
NationalSecurityAgency/datawave,warehouse/core/src/main/java/datawave/util/timely/TcpClient.java,17,1,0,2,14,0,0,6,0,7,1,0.4,0.6,1
NationalSecurityAgency/datawave,warehouse/query-core/src/test/java/datawave/query/DelayedIndexOnlyQueryTest.java,18,2,0,13,23,0,0,17,1,2,2,0.6691176,0.6691176,1
NationalSecurityAgency/datawave,warehouse/query-core/src/test/java/datawave/query/rules/FieldExistenceRuleTest.java,15,2,0,14,30,22,0,13,1,9,4,0.4888889,0.62222224,1
NationalSecurityAgency/datawave,warehouse/query-core/src/main/java/datawave/query/language/builder/lucene/ModifierQueryNodeBuilder.java,1,1,0,4,2,0,0,1,0,0,0,0.0,0.0,1
NationalSecurityAgency/datawave,warehouse/query-core/src/main/java/datawave/query/tables/facets/FacetedVisitor.java,18,2,0,23,23,50,0,12,0,20,2,0.121212125,0.15151516,1
NationalSecurityAgency/datawave,warehouse/query-core/src/main/java/datawave/query/planner/VisitorManager.java,1,1,0,1,0,0,0,1,0,0,0,0.0,0.0,1
NationalSecurityAgency/datawave,microservices/starters/cache/src/main/java/datawave/autoconfigure/NoOpCacheConfiguration.java,1,1,0,7,0,0,0,1,0,0,0,0.0,0.0,1
NationalSecurityAgency/datawave,warehouse/query-core/src/test/java/datawave/query/tables/ShardQueryLogicTest.java,96,3,4,65,171,1578,0,76,3,24,12,0.3295626,0.39819005,3
NationalSecurityAgency/datawave,warehouse/ingest-core/src/main/java/datawave/ingest/mapreduce/handler/edge/evaluation/EdgePreconditionCacheHelper.java,9,1,0,8,13,9,0,6,0,1,0,0.3,0.3,1
NationalSecurityAgency/datawave,warehouse/query-core/src/main/java/datawave/query/attributes/PreNormalizedAttribute.java,21,2,0,10,23,1,0,14,0,2,1,0.4945055,0.4945055,1
NationalSecurityAgency/datawave,web-services/accumulo/src/main/java/datawave/webservice/operations/user/ListUserAuthorizationsBean.java,1,1,0,14,1,0,0,1,0,1,0,0.0,0.0,1
NationalSecurityAgency/datawave,warehouse/core/src/main/java/datawave/ingest/mapreduce/job/RFileRecordReader.java,9,2,1,10,21,0,0,6,0,3,0,0.8,1.0,1
NationalSecurityAgency/datawave,warehouse/ingest-core/src/main/java/datawave/ingest/mapreduce/job/statsd/StatsDEnabledMapper.java,7,2,2,6,8,0,0,7,0,1,0,0.71428573,0.71428573,1
NationalSecurityAgency/datawave,warehouse/query-core/src/main/java/datawave/query/tables/keyword/transform/TagCloudPartitionTransformer.java,7,1,0,5,7,10,0,5,1,1,1,0.0,0.0,1
NationalSecurityAgency/datawave,warehouse/query-core/src/test/java/datawave/query/jexl/functions/ContentFunctionsTest.java,116,1,0,28,94,0,0,105,2,7,2,0.723093,0.8048589,1
NationalSecurityAgency/datawave,warehouse/age-off/src/main/java/datawave/iterators/filter/TokenizingFilterBase.java,17,2,3,13,22,20,0,9,0,4,1,0.2857143,0.35714287,1
NationalSecurityAgency/datawave,microservices/services/accumulo/api/src/main/java/datawave/webservice/response/TablePropertiesResponse.java,2,2,0,7,0,0,0,2,0,2,1,1.0,1.0,1
NationalSecurityAgency/datawave,warehouse/query-core/src/test/java/datawave/query/jexl/visitors/FieldToFieldComparisonVisitorTest.java,9,1,0,3,6,36,0,9,0,0,0,0.0,0.0,1
NationalSecurityAgency/datawave,warehouse/query-core/src/main/java/datawave/query/tld/TLD.java,49,1,0,6,29,103,0,18,17,2,2,0.18382353,0.18382353,1
NationalSecurityAgency/datawave,microservices/starters/query/src/main/java/datawave/microservice/query/mapreduce/remote/MapReduceQueryRequest.java,8,1,0,2,0,0,0,8,2,2,0,0.7,1.0,2
NationalSecurityAgency/datawave,microservices/starters/cache/src/main/java/datawave/autoconfigure/Cache2kCacheConfiguration.java,3,1,0,14,8,1,0,2,0,0,0,0.0,0.0,1
NationalSecurityAgency/datawave,warehouse/ingest-core/src/main/java/datawave/ingest/mapreduce/handler/summary/MetricsSummaryDataTypeHandler.java,32,2,0,14,40,86,0,21,0,17,11,1.0,1.0,2
NationalSecurityAgency/datawave,warehouse/query-core/src/main/java/datawave/query/exceptions/FullTableScansDisallowedException.java,4,4,0,1,0,6,0,4,0,1,1,0.0,0.0,1
NationalSecurityAgency/datawave,warehouse/query-core/src/test/java/datawave/query/jexl/visitors/CaseSensitivityVisitorTest.java,6,1,0,6,9,13,0,6,0,2,0,0.0,0.0,1
NationalSecurityAgency/datawave,warehouse/query-core/src/test/java/datawave/query/attributes/it/LcNoDiacriticsListTypeAttributeIT.java,9,2,0,7,10,32,0,9,0,2,0,0.055555556,0.083333336,1
NationalSecurityAgency/datawave,microservices/services/hazelcast/client/src/main/java/datawave/microservice/cached/HazelcastCacheClientHealthIndicator.java,8,2,0,10,21,8,0,5,0,3,1,0.0,0.0,1
NationalSecurityAgency/datawave,warehouse/ingest-core/src/test/java/datawave/ingest/mapreduce/job/reindex/ShardedDataGenerator.java,15,1,0,22,52,36,0,9,9,0,0,0.0,0.0,1
NationalSecurityAgency/datawave,core/query/src/main/java/datawave/core/query/logic/composite/CompositeLogicException.java,18,4,0,3,19,21,0,7,5,1,1,0.0,0.0,1
NationalSecurityAgency/datawave,warehouse/ingest-core/src/main/java/datawave/ingest/mapreduce/handler/edge/evaluation/EdgeJexlInterpreter.java,13,2,0,11,8,10,0,5,0,0,0,0.0,0.0,1
NationalSecurityAgency/datawave,warehouse/query-core/src/main/java/datawave/query/config/IndexValueHole.java,36,1,1,1,10,0,0,18,0,5,1,0.5424837,0.78431374,1
NationalSecurityAgency/datawave,warehouse/ingest-core/src/main/java/datawave/ingest/table/aggregator/TruncatedIndexConversionIterator.java,21,1,0,10,31,0,0,9,0,7,1,0.6111111,1.0,1
NationalSecurityAgency/datawave,microservices/services/accumulo/service/src/test/java/datawave/microservice/accumulo/TestHelper.java,14,1,0,12,28,65,0,14,4,5,1,0.14285715,0.30769232,1
NationalSecurityAgency/datawave,core/utils/type-utils/src/main/java/datawave/data/normalizer/MacAddressNormalizer.java,18,2,0,2,11,21,0,7,3,1,1,0.0,0.0,1
NationalSecurityAgency/datawave,warehouse/keyword-common/src/main/java/datawave/util/keyword/language/BaseYakeLanguage.java,13,1,0,5,9,9,0,7,2,2,0,0.2857143,0.47619048,1
NationalSecurityAgency/datawave,warehouse/query-core/src/main/java/datawave/query/transformer/EventQueryTransformer.java,21,3,0,16,43,3,0,3,0,0,0,0.0,0.0,1
NationalSecurityAgency/datawave,core/utils/accumulo-utils/src/main/java/datawave/webservice/common/connection/WrappedScannerHelper.java,6,2,0,6,7,1,0,2,2,0,0,0.0,0.0,1
NationalSecurityAgency/datawave,warehouse/ingest-core/src/test/java/datawave/ingest/table/aggregator/AggregatorIntegrationTests.java,52,1,0,17,53,91,0,27,3,15,10,0.5,0.7157895,1
NationalSecurityAgency/datawave,warehouse/query-core/src/test/java/datawave/query/function/TLDEqualityTest.java,8,1,0,3,3,0,0,8,0,6,0,1.0,1.0,1
NationalSecurityAgency/datawave,core/utils/accumulo-utils/src/main/java/datawave/webservice/common/connection/WrappedAccumuloClient.java,65,1,0,22,29,133,0,35,0,6,1,0.3882353,0.63529414,1
NationalSecurityAgency/datawave,core/common-util/src/main/java/datawave/core/common/util/TypeFilter.java,26,1,0,3,13,0,0,15,2,2,1,0.63809526,0.74285716,1
NationalSecurityAgency/datawave,microservices/services/query-metric/api/src/main/java/datawave/microservice/querymetric/QueryMetricFactoryImpl.java,3,1,0,4,2,1,0,2,0,0,0,0.0,0.0,1
NationalSecurityAgency/datawave,microservices/services/accumulo/service/src/main/java/datawave/microservice/accumulo/admin/AdminService.java,64,1,0,42,112,0,0,15,0,3,0,1.0,1.0,1
NationalSecurityAgency/datawave,warehouse/query-core/src/test/java/datawave/query/testframework/BooksDataManager.java,15,3,0,14,40,3,0,8,0,5,1,0.9,1.0,2
NationalSecurityAgency/datawave,warehouse/age-off-utils/src/test/java/datawave/age/off/util/RuleConfigDocumentTest.java,10,1,0,7,17,36,0,9,1,0,0,0.0,0.0,1
NationalSecurityAgency/datawave,warehouse/query-core/src/test/java/datawave/query/jexl/visitors/JexlStringBuildingVisitorTest.java,1,1,0,2,3,0,0,1,0,0,0,0.0,0.0,1
NationalSecurityAgency/datawave,core/tables/src/test/java/datawave/table/constants/LocalityGroupConstantsTest.java,1,1,0,1,1,0,0,1,0,0,0,0.0,0.0,1
NationalSecurityAgency/datawave,warehouse/query-core/src/main/java/datawave/query/discovery/MultimapSerializer.java,7,1,0,10,17,1,0,2,0,0,0,0.0,0.0,1
NationalSecurityAgency/datawave,warehouse/query-core/src/main/java/datawave/mr/bulk/RecordIterator.java,138,2,0,35,128,99,0,45,0,39,8,1.0,1.0,4
NationalSecurityAgency/datawave,warehouse/query-core/src/test/java/datawave/query/index/lookup/CreateUidsIteratorTest.java,20,1,0,14,54,118,0,16,1,1,0,0.0,0.0,1
NationalSecurityAgency/datawave,warehouse/query-core/src/test/java/datawave/query/language/parser/jexl/TestLuceneToJexlQueryParserVariants.java,12,1,0,11,11,43,0,10,0,1,0,0.0,0.0,1
NationalSecurityAgency/datawave,warehouse/query-core/src/main/java/datawave/query/language/builder/lucene/RangeQueryNodeBuilder.java,1,1,0,7,7,0,0,1,0,0,0,0.0,0.0,1
NationalSecurityAgency/datawave,warehouse/ingest-core/src/main/java/datawave/ingest/data/tokenize/StandardLexer.java,92,2,0,6,23,153,0,26,10,34,19,0.53846157,1.0,1
NationalSecurityAgency/datawave,warehouse/ingest-core/src/test/java/datawave/ingest/table/aggregator/KeepCountOnlyUidAggregatorTest.java,4,1,0,8,12,0,0,4,0,2,1,1.0,1.0,1
NationalSecurityAgency/datawave,web-services/query-websocket/src/main/java/datawave/webservice/websocket/QueryWebsocket.java,20,1,0,20,26,2,0,10,0,7,3,1.0,1.0,2
NationalSecurityAgency/datawave,microservices/services/config/src/main/java/datawave/microservice/config/server/autoconfigure/DatawaveEncryptionBootstrapConfiguration.java,4,1,0,11,13,0,0,2,0,2,0,1.0,1.0,1
NationalSecurityAgency/datawave,microservices/services/query-metric/service/src/main/java/datawave/microservice/querymetric/QueryMetricSplitBrainMergePolicy.java,10,1,0,13,12,8,0,5,0,2,0,0.1,0.1,1
NationalSecurityAgency/datawave,microservices/starters/datawave/src/main/java/datawave/microservice/config/discovery/rabbit/RabbitDiscoveryContextListener.java,7,1,0,14,13,2,0,4,0,5,1,0.33333334,0.33333334,1
NationalSecurityAgency/datawave,microservices/services/accumulo/api/src/main/java/datawave/webservice/response/ListUserAuthorizationsResponse.java,2,2,0,6,0,0,0,2,0,2,1,1.0,1.0,1
NationalSecurityAgency/datawave,warehouse/query-core/src/main/java/datawave/query/jexl/visitors/FunctionIndexQueryExpansionVisitor.java,17,4,1,23,12,49,0,11,1,3,0,0.054545455,0.054545455,1
NationalSecurityAgency/datawave,core/utils/metadata-utils/src/main/java/datawave/query/composite/CompositeMetadataHelper.java,21,1,0,15,31,0,0,5,0,7,3,0.9,1.0,1
NationalSecurityAgency/datawave,warehouse/query-core/src/test/java/datawave/query/tables/ssdeep/FullSSDeepDiscoveryChainStrategyTest.java,7,2,0,13,33,0,0,7,0,4,0,1.0,1.0,1
NationalSecurityAgency/datawave,warehouse/query-core/src/test/java/datawave/query/util/AbstractQueryTest.java,58,1,7,17,80,538,0,37,0,14,1,0.089655176,0.4827586,1
NationalSecurityAgency/datawave,core/base-rest-responses/src/main/java/datawave/webservice/query/exception/BadRequestQueryException.java,13,4,0,2,0,78,0,13,0,1,1,0.0,0.0,1
NationalSecurityAgency/datawave,warehouse/query-core/src/main/java/datawave/query/jexl/visitors/JexlFormattedStringBuildingVisitor.java,73,4,0,14,48,108,0,16,11,1,1,0.054545455,0.054545455,1
NationalSecurityAgency/datawave,warehouse/query-core/src/main/java/datawave/query/transformer/annotation/model/TermHit.java,6,1,0,1,0,9,0,6,0,3,0,0.2,0.2,1
NationalSecurityAgency/datawave,warehouse/query-core/src/test/java/datawave/query/jexl/visitors/LiteralNodeSubsetVisitorTest.java,19,1,0,4,15,153,0,18,0,0,0,0.0,0.0,1
NationalSecurityAgency/datawave,web-services/query/src/main/java/datawave/webservice/query/metric/QueryMetricsBean.java,35,1,0,45,46,55,0,14,0,8,1,0.2888889,0.46666667,1
NationalSecurityAgency/datawave,warehouse/query-core/src/main/java/datawave/query/language/parser/jexl/JexlGroupingNode.java,4,2,0,1,6,3,0,3,0,0,0,0.0,0.0,1
NationalSecurityAgency/datawave,warehouse/query-core/src/test/java/datawave/test/index/TruncatedIndexTest.java,25,2,0,9,32,91,0,14,0,0,0,0.0,0.0,1
NationalSecurityAgency/datawave,core/query/src/main/java/datawave/core/query/dashboard/DashboardSummary.java,54,1,0,2,6,127,0,23,0,18,0,0.24901186,1.0,1
NationalSecurityAgency/datawave,warehouse/query-core/src/main/java/datawave/query/iterator/SeekableNestedIterator.java,13,1,0,8,14,0,0,13,0,5,1,1.0,1.0,1
NationalSecurityAgency/datawave,web-services/client/src/test/java/datawave/webservice/query/util/QueryUncaughtExceptionHandlerTest.java,1,1,0,2,7,0,0,1,0,3,0,0.0,0.0,1
NationalSecurityAgency/datawave,warehouse/query-core/src/main/java/datawave/query/parser/JexlOperatorConstants.java,7,1,0,12,7,6,0,4,4,4,4,0.0,0.0,1
NationalSecurityAgency/datawave,warehouse/ingest-core/src/main/java/datawave/ingest/mapreduce/handler/DataTypeHandler.java,7,1,0,13,0,21,0,7,0,1,0,0.0,0.0,1
NationalSecurityAgency/datawave,core/base-rest-responses/src/main/java/datawave/marking/SecurityMarking.java,7,1,0,2,0,21,0,7,0,0,0,0.0,0.0,1
NationalSecurityAgency/datawave,web-services/query/src/main/java/datawave/webservice/query/util/MapUtils.java,4,1,0,6,2,1,0,2,2,0,0,0.0,0.0,1
NationalSecurityAgency/datawave,warehouse/query-core/src/test/java/datawave/core/iterators/RangeSplitterTest.java,41,1,0,8,11,0,0,15,0,1,0,0.62857145,0.62857145,1
NationalSecurityAgency/datawave,core/connection-pool/src/main/java/datawave/core/common/cache/SharedTriState.java,23,1,0,10,32,1,0,17,3,5,2,0.6666667,0.8,3
NationalSecurityAgency/datawave,warehouse/core/src/main/java/datawave/query/data/UUIDType.java,13,1,0,1,6,17,0,11,0,4,1,0.34545454,0.8181818,1
NationalSecurityAgency/datawave,web-services/examples/jms-client/src/main/java/datawave/webservice/streamed/jms/client/StreamDumper.java,23,1,0,13,22,12,0,8,2,5,0,0.0,0.0,1
NationalSecurityAgency/datawave,warehouse/query-core/src/main/java/datawave/query/tables/ssdeep/SSDeepParsingFunction.java,2,1,0,7,11,0,0,2,0,4,0,1.0,1.0,1
NationalSecurityAgency/datawave,warehouse/query-core/src/main/java/datawave/query/transformer/EventQueryDataDecoratorTransformer.java,11,1,0,5,8,0,0,7,0,2,0,0.52380955,0.71428573,1
NationalSecurityAgency/datawave,warehouse/ingest-core/src/main/java/datawave/ingest/metric/IngestProcess.java,0,1,0,0,0,0,0,0,0,0,0,0.0,0.0,1
NationalSecurityAgency/datawave,warehouse/query-core/src/main/java/datawave/query/transformer/annotation/model/Term.java,7,1,0,3,0,15,0,7,0,4,0,0.14285715,0.14285715,1
NationalSecurityAgency/datawave,warehouse/query-core/src/test/java/datawave/query/jexl/visitors/RewriteNegationsVisitorTest.java,16,1,0,4,12,105,0,15,0,1,0,0.0,0.0,1
NationalSecurityAgency/datawave,microservices/starters/query-metric/src/main/java/datawave/microservice/querymetric/config/QueryMetricSourceConfiguration.java,1,1,0,4,0,0,0,1,0,0,0,0.0,0.0,1
NationalSecurityAgency/datawave,warehouse/query-core/src/main/java/datawave/core/iterators/IteratorThreadPoolManager.java,45,1,0,15,73,29,0,17,8,14,11,0.47619048,0.47619048,2
NationalSecurityAgency/datawave,warehouse/query-core/src/test/java/datawave/query/CompoundJexlQueryTest.java,36,2,0,11,13,0,0,20,1,2,2,0.80526316,0.80526316,1
NationalSecurityAgency/datawave,warehouse/ssdeep-common/src/test/java/datawave/util/ssdeep/NGramGeneratorTest.java,7,1,0,5,24,1,0,2,0,1,1,0.0,0.0,1
NationalSecurityAgency/datawave,warehouse/age-off/src/main/java/datawave/ingest/util/cache/watch/FileLoaderDependencyProvider.java,5,1,0,4,5,0,0,2,0,2,0,1.0,1.0,1
NationalSecurityAgency/datawave,warehouse/query-core/src/main/java/datawave/query/jexl/JexlNodeFactory.java,269,1,0,43,115,2145,0,66,66,2,2,0.0,0.0,2
NationalSecurityAgency/datawave,web-services/query/src/main/java/datawave/webservice/query/logic/QueryLogicFactoryImpl.java,16,1,0,12,30,4,0,4,0,3,0,0.16666667,0.16666667,1
NationalSecurityAgency/datawave,microservices/services/query/service/src/main/java/datawave/microservice/query/monitor/QueryMonitor.java,19,1,0,21,32,0,0,5,0,14,0,1.0,1.0,1
NationalSecurityAgency/datawave,web-services/cached-results/src/main/java/datawave/webservice/query/database/CachedResultsCleanupBean.java,20,1,0,15,29,0,0,5,0,6,3,0.8333333,1.0,1
NationalSecurityAgency/datawave,warehouse/query-core/src/main/java/datawave/query/jexl/visitors/MergeAdjacentJunctionsVisitor.java,24,3,0,7,18,15,0,6,1,0,0,0.0,0.0,1
NationalSecurityAgency/datawave,warehouse/query-core/src/test/java/datawave/query/transformer/annotation/SegmentValueByScoreComparatorTest.java,10,1,0,4,7,0,0,4,0,5,4,1.0,1.0,1
NationalSecurityAgency/datawave,warehouse/query-core/src/test/java/datawave/query/iterator/WaitWindowQueryIterator.java,3,2,0,5,1,3,0,3,0,1,1,0.0,0.0,1
NationalSecurityAgency/datawave,warehouse/query-core/src/main/java/datawave/query/language/functions/jexl/Average.java,7,2,0,4,6,6,0,4,0,0,0,0.0,0.0,1
NationalSecurityAgency/datawave,web-services/modification/src/main/java/datawave/webservice/modification/ModificationBean.java,6,1,0,34,10,3,0,3,0,7,0,0.0,0.0,1
NationalSecurityAgency/datawave,warehouse/ingest-wikipedia/src/main/java/datawave/ingest/wikipedia/WikipediaPage.java,8,1,0,1,7,0,0,8,0,5,0,0.64285713,1.0,1
NationalSecurityAgency/datawave,warehouse/core/src/main/java/datawave/ingest/util/cache/watch/FileSystemWatcher.java,13,2,0,9,13,0,0,8,0,5,1,0.5714286,0.71428573,1
NationalSecurityAgency/datawave,microservices/starters/cached-results/src/main/java/datawave/microservice/query/cachedresults/status/cache/DefinedQueryIdByAliasCache.java,5,2,0,6,5,4,0,4,0,2,1,0.16666667,0.16666667,1
NationalSecurityAgency/datawave,warehouse/keyword-common/src/main/java/datawave/util/keyword/DefaultTagCloudUtils.java,7,1,0,3,24,10,0,5,0,2,2,0.0,0.0,1
NationalSecurityAgency/datawave,microservices/services/query-executor/service/src/main/java/datawave/microservice/query/executor/task/FindWorkTask.java,26,1,0,12,42,9,0,6,0,6,0,0.2,0.2,1
NationalSecurityAgency/datawave,warehouse/query-core/src/main/java/datawave/query/common/grouping/DocumentGrouper.java,122,1,0,27,165,50,0,30,1,27,9,0.14285715,0.14285715,2
NationalSecurityAgency/datawave,warehouse/query-core/src/test/java/datawave/core/iterators/key/util/TFKeyUtilTest.java,7,1,0,2,9,21,0,7,0,3,0,0.0,0.0,1
NationalSecurityAgency/datawave,warehouse/ingest-core/src/test/java/datawave/ingest/mapreduce/OverridingConfigurationTest.java,1,1,0,3,3,0,0,1,0,0,0,0.0,0.0,1
NationalSecurityAgency/datawave,web-services/client/src/main/java/datawave/webservice/query/cachedresults/CacheableQueryRow.java,37,1,0,3,7,559,0,34,2,2,1,0.0016806723,0.0016806723,1
NationalSecurityAgency/datawave,warehouse/query-core/src/test/java/datawave/query/util/TypeMetadataTest.java,5,1,0,6,15,6,0,4,0,2,1,0.0,0.0,1
NationalSecurityAgency/datawave,warehouse/query-core/src/main/java/datawave/query/function/AncestorRangeProvider.java,1,2,0,3,4,0,0,1,0,0,0,0.0,0.0,1
NationalSecurityAgency/datawave,warehouse/query-core/src/main/java/datawave/query/transformer/annotation/AllHitsException.java,1,3,0,0,0,0,0,1,0,0,0,0.0,0.0,1
NationalSecurityAgency/datawave,warehouse/ingest-annotation/src/test/java/datawave/ingest/annotation/mapreduce/handler/MockStatusReporter.java,7,2,0,4,4,15,0,7,0,3,0,0.14285715,0.14285715,1
NationalSecurityAgency/datawave,core/utils/metadata-utils/src/test/java/datawave/query/composite/CompositeMetadataTest.java,11,1,0,5,25,0,0,4,0,3,0,1.0,1.0,1
NationalSecurityAgency/datawave,warehouse/ingest-csv/src/test/java/datawave/ingest/csv/ShardedDataTypeHandlerFailurePolicyTest.java,11,1,0,17,31,0,0,11,0,17,2,1.0,1.0,1
NationalSecurityAgency/datawave,warehouse/keyword-common/src/test/java/datawave/util/keyword/YakeKeywordRegressionTest.java,5,1,0,8,26,6,0,4,1,0,0,0.0,0.0,1
NationalSecurityAgency/datawave,core/annotation/src/main/java/datawave/annotation/protobuf/v1/BoundaryType.java,19,1,0,5,11,32,0,10,5,8,7,0.21428572,0.35714287,2
NationalSecurityAgency/datawave,warehouse/query-core/src/main/java/datawave/core/iterators/uid/UidMapper.java,3,1,0,0,0,3,0,3,0,0,0,0.0,0.0,1
NationalSecurityAgency/datawave,warehouse/query-core/src/test/java/datawave/query/iterator/ParentQueryIteratorTest.java,16,1,0,17,46,25,0,11,0,2,1,0.6,0.6,1
NationalSecurityAgency/datawave,warehouse/ingest-core/src/test/java/datawave/ingest/table/aggregator/GlobalIndexUidAggregatorTest.java,54,1,0,16,74,78,0,40,0,1,0,0.5462185,0.5462185,1
NationalSecurityAgency/datawave,core/connection-pool/src/main/java/datawave/core/common/cache/AccumuloTableCacheImpl.java,44,1,0,13,71,1,0,17,1,7,0,0.6,1.0,3
NationalSecurityAgency/datawave,warehouse/query-core/src/main/java/datawave/query/language/builder/lucene/PhraseQueryNodeBuilder.java,4,1,0,8,7,0,0,1,0,0,0,0.0,0.0,1
NationalSecurityAgency/datawave,warehouse/query-core/src/main/java/datawave/query/language/functions/jexl/UniqueByHour.java,2,3,0,3,0,1,0,2,0,0,0,0.0,0.0,1
NationalSecurityAgency/datawave,warehouse/query-core/src/main/java/datawave/query/iterator/TreeIterable.java,2,1,0,2,1,0,0,2,0,1,0,1.0,1.0,1
NationalSecurityAgency/datawave,warehouse/query-core/src/main/java/datawave/query/language/tree/ServerHeadNode.java,7,2,0,3,10,10,0,5,0,1,1,0.0,0.0,1
NationalSecurityAgency/datawave,warehouse/query-core/src/main/java/datawave/query/rules/InvalidQuoteRule.java,8,3,0,12,18,15,0,6,0,1,1,0.0,0.0,1
NationalSecurityAgency/datawave,warehouse/query-core/src/main/java/datawave/query/function/MaskedValueFilterInterface.java,9,1,0,3,0,6,0,9,0,2,0,0.2,0.2,2
NationalSecurityAgency/datawave,warehouse/query-core/src/main/java/datawave/query/jexl/visitors/RewriteNullFunctionsVisitor.java,66,3,0,54,30,1374,0,53,1,2,1,0.0,0.0,1
NationalSecurityAgency/datawave,warehouse/ingest-core/src/test/java/datawave/ingest/mapreduce/TablePropertiesMap.java,2,3,0,1,4,0,0,1,0,1,1,0.0,0.0,1
NationalSecurityAgency/datawave,warehouse/query-core/src/main/java/datawave/query/planner/rules/EvaluationOnlyPushdownRule.java,5,1,0,6,7,0,0,3,0,1,0,1.0,1.0,1
NationalSecurityAgency/datawave,warehouse/query-core/src/test/java/datawave/query/IntermediateResultsQueryTest.java,47,2,0,35,78,463,0,35,2,27,7,0.10952381,0.37142858,1
NationalSecurityAgency/datawave,warehouse/query-core/src/test/java/datawave/query/MultiValueQueryTest.java,20,2,0,11,11,0,0,10,1,3,3,0.62222224,0.62222224,1
NationalSecurityAgency/datawave,warehouse/query-core/src/main/java/datawave/query/util/count/CountMapSerDe.java,5,1,0,6,11,4,0,5,0,2,0,0.3,0.3,1
NationalSecurityAgency/datawave,warehouse/query-core/src/test/java/datawave/query/jexl/functions/TermFrequencyListTest.java,2,1,0,3,3,1,0,2,0,0,0,0.0,0.0,1
NationalSecurityAgency/datawave,warehouse/query-core/src/main/java/datawave/query/planner/rules/NodeTransformRule.java,1,1,0,3,0,0,0,1,0,0,0,0.0,0.0,1
NationalSecurityAgency/datawave,web-services/client/src/main/java/datawave/webservice/modification/ModificationOperation.java,14,1,0,5,0,91,0,14,0,0,0,0.0,0.0,2
NationalSecurityAgency/datawave,core/tables/src/main/java/datawave/table/key/parser/AbstractIndexKeyParser.java,41,1,3,4,14,0,0,13,0,10,0,0.8030303,1.0,1
NationalSecurityAgency/datawave,warehouse/ingest-core/src/test/java/datawave/ingest/mapreduce/partition/TabletLocationNamePartitionerTest.java,8,1,0,11,20,0,0,3,0,2,0,1.0,1.0,1
NationalSecurityAgency/datawave,warehouse/query-core/src/main/java/datawave/query/language/builder/lucene/AccumuloQueryTreeBuilder.java,3,2,0,20,2,3,0,3,0,0,0,0.0,0.0,1
NationalSecurityAgency/datawave,warehouse/query-core/src/test/java/datawave/query/rewrite/jexl/visitors/PushdownLowSelectivityNodesVisitorTest.java,9,1,0,8,9,0,0,7,0,3,1,1.0,1.0,1
NationalSecurityAgency/datawave,microservices/services/dictionary/service/src/main/java/datawave/microservice/AccumuloConnectionService.java,16,1,0,21,39,19,0,10,0,6,3,0.32142857,0.53571427,1
NationalSecurityAgency/datawave,warehouse/query-core/src/main/java/datawave/query/tables/keyword/KeywordChainedUUIDQueryLogic.java,17,3,0,12,26,28,0,9,0,3,1,0.11111111,0.16666667,1
NationalSecurityAgency/datawave,core/query/src/main/java/datawave/core/query/logic/filtered/QueryLogicFilterByAuth.java,9,2,0,6,8,8,0,8,0,1,0,0.35714287,0.35714287,1
NationalSecurityAgency/datawave,microservices/services/hazelcast/service/src/main/java/datawave/microservice/cached/server/HazelcastService.java,6,1,0,8,9,3,0,3,3,1,1,0.0,0.0,1
NationalSecurityAgency/datawave,warehouse/age-off/src/test/java/datawave/ingest/util/cache/watch/FileRuleLoadContentsMergeFiltersTest.java,11,1,0,15,35,37,0,10,1,9,4,0.16666667,0.16666667,1
NationalSecurityAgency/datawave,warehouse/query-core/src/main/java/datawave/query/language/functions/jexl/Compare.java,7,3,0,4,9,6,0,4,0,0,0,0.0,0.0,1
NationalSecurityAgency/datawave,microservices/starters/audit/src/main/java/datawave/microservice/audit/config/AuditServiceConfiguration.java,1,1,0,9,0,0,0,1,0,0,0,0.0,0.0,1
NationalSecurityAgency/datawave,microservices/services/query-metric/service/src/test/java/datawave/microservice/querymetric/QueryMetricOperationsHazelcastWriteBehindTest.java,5,3,0,8,5,10,0,5,0,0,0,0.0,0.0,1
NationalSecurityAgency/datawave,web-services/query/src/test/java/datawave/webservice/query/cache/QueryCacheBeanTest.java,5,1,0,15,43,2,0,5,0,4,0,0.4,0.6,1
NationalSecurityAgency/datawave,warehouse/query-core/src/test/java/datawave/query/common/grouping/MaxAggregatorTest.java,10,1,0,10,9,15,0,10,0,1,0,0.6666667,0.6666667,1
NationalSecurityAgency/datawave,microservices/services/dictionary/api/src/main/java/datawave/webservice/model/ModelList.java,11,2,0,8,7,5,0,6,0,8,3,0.33333334,0.4,1
NationalSecurityAgency/datawave,microservices/services/hazelcast/common/src/main/java/datawave/microservice/cached/UniversalLockableCacheInspector.java,16,1,0,4,13,85,0,15,0,2,0,0.12820514,0.12820514,1
NationalSecurityAgency/datawave,warehouse/query-core/src/main/java/datawave/query/data/parsers/EventKey.java,31,1,0,4,11,5,0,10,0,10,0,0.32142857,0.5714286,1
NationalSecurityAgency/datawave,warehouse/query-core/src/main/java/datawave/query/language/functions/lucene/Include.java,2,3,0,3,0,1,0,2,0,0,0,0.0,0.0,1
NationalSecurityAgency/datawave,warehouse/query-core/src/test/java/datawave/next/ListDocIdIteratorTest.java,8,2,0,10,14,28,0,8,0,0,0,0.0,0.0,1
NationalSecurityAgency/datawave,warehouse/keyword-common/src/test/java/datawave/util/keyword/language/BaseYakeLanguageTest.java,4,1,0,3,11,0,0,1,0,0,0,0.0,0.0,1
NationalSecurityAgency/datawave,warehouse/query-core/src/main/java/datawave/query/index/lookup/TupleComparator.java,2,1,0,1,2,0,0,1,0,0,0,0.0,0.0,1
NationalSecurityAgency/datawave,warehouse/ingest-core/src/main/java/datawave/ingest/data/config/GroupedNormalizedContentInterface.java,8,1,0,1,0,28,0,8,0,0,0,0.0,0.0,1
NationalSecurityAgency/datawave,web-services/modification/src/main/java/datawave/webservice/modification/cache/ModificationCacheMessageBean.java,7,1,0,15,11,0,0,1,0,3,0,0.0,0.0,1
NationalSecurityAgency/datawave,warehouse/ingest-core/src/test/java/datawave/ingest/data/TestIgnorableHelper.java,3,1,0,3,1,1,0,2,0,0,0,0.0,0.0,1
NationalSecurityAgency/datawave,warehouse/query-core/src/main/java/datawave/query/iterator/AccumuloTreeIterable.java,6,1,0,7,6,0,0,4,0,3,0,1.0,1.0,1
NationalSecurityAgency/datawave,warehouse/query-core/src/test/java/datawave/query/function/DocumentRangeProviderTest.java,3,1,0,5,4,0,0,3,0,10,0,1.0,1.0,1
NationalSecurityAgency/datawave,warehouse/query-core/src/test/java/datawave/query/attributes/ExcerptFieldsTest.java,12,1,0,4,13,64,0,12,0,1,1,0.015151516,0.015151516,1
NationalSecurityAgency/datawave,warehouse/core/src/main/java/datawave/data/hash/HashUID.java,43,2,3,9,26,9,0,23,5,10,6,0.37894738,0.47894737,1
NationalSecurityAgency/datawave,microservices/starters/datawave/src/test/java/datawave/microservice/authorization/util/MicroserviceAuthorizationsUtilTest.java,30,1,0,11,46,280,0,28,0,10,2,0.13846155,0.36923078,1
NationalSecurityAgency/datawave,warehouse/query-core/src/main/java/datawave/core/iterators/key/util/FiKeyUtil.java,20,1,0,3,8,21,0,7,6,0,0,0.0,0.0,1
NationalSecurityAgency/datawave,microservices/services/accumulo/api/src/main/java/datawave/webservice/request/objects/Mutation.java,4,1,0,5,0,2,0,4,0,2,0,0.33333334,0.33333334,1
NationalSecurityAgency/datawave,warehouse/query-core/src/main/java/datawave/query/language/functions/jexl/TimeFunction.java,5,2,0,4,8,6,0,4,0,0,0,0.0,0.0,1
NationalSecurityAgency/datawave,core/utils/type-utils/src/main/java/datawave/data/type/NoOpType.java,3,2,0,2,4,3,0,3,0,2,2,0.0,0.0,1
NationalSecurityAgency/datawave,warehouse/query-core/src/main/java/datawave/next/stats/StatUtil.java,14,1,0,1,6,6,0,4,3,0,0,0.0,0.0,1
NationalSecurityAgency/datawave,microservices/services/authorization/service/src/main/java/datawave/microservice/authorization/config/AuthorizationSecurityConfigurer.java,4,2,0,15,11,0,0,4,0,2,0,0.6666667,1.0,1
NationalSecurityAgency/datawave,warehouse/ingest-core/src/main/java/datawave/ingest/data/config/ingest/IndexOnlyIngestHelperInterface.java,1,1,0,0,0,0,0,1,0,0,0,0.0,0.0,1
NationalSecurityAgency/datawave,microservices/services/config/src/main/java/datawave/microservice/config/server/DatawaveConfigServerConfiguration.java,2,1,0,10,3,0,0,1,0,4,0,0.0,0.0,1
NationalSecurityAgency/datawave,microservices/services/mapreduce-query/service/src/main/java/datawave/microservice/query/mapreduce/config/AccumuloConnectionFactoryConfig.java,2,1,0,6,1,1,0,2,0,0,0,0.0,0.0,1
NationalSecurityAgency/datawave,core/base-rest-responses/src/main/java/datawave/webservice/result/BaseResponse.java,28,1,14,7,13,55,0,14,0,5,1,0.1978022,0.6043956,1
NationalSecurityAgency/datawave,warehouse/accumulo-extensions/src/test/java/datawave/util/MapCounter.java,4,1,0,2,5,0,0,3,0,1,0,1.0,1.0,1
NationalSecurityAgency/datawave,microservices/starters/datawave/src/main/java/datawave/microservice/authorization/jwt/JWTAuthentication.java,8,1,0,3,8,8,0,8,0,4,1,0.35714287,0.75,1
NationalSecurityAgency/datawave,warehouse/query-core/src/test/java/datawave/query/ColorsTest.java,31,2,0,25,60,227,0,23,2,8,5,0.025974026,0.038961038,1
NationalSecurityAgency/datawave,warehouse/query-core/src/test/java/datawave/query/index/lookup/ShardSpecificIndexIteratorTest.java,13,2,0,8,23,29,0,11,1,4,0,0.06666667,0.06666667,2
NationalSecurityAgency/datawave,core/tables/src/test/java/datawave/table/constants/MetadataColumnFamilyConstantsTest.java,2,1,0,3,2,1,0,2,0,0,0,0.0,0.0,1
NationalSecurityAgency/datawave,warehouse/query-core/src/test/java/datawave/query/MockAccumuloRecordWriter.java,8,2,0,8,14,0,0,3,0,2,1,1.0,1.0,1
NationalSecurityAgency/datawave,warehouse/query-core/src/main/java/datawave/query/jexl/visitors/FixNegativeNumbersVisitor.java,14,4,0,7,18,3,0,3,1,0,0,0.0,0.0,1
NationalSecurityAgency/datawave,warehouse/query-core/src/test/java/datawave/query/common/grouping/CountAggregatorTest.java,4,1,0,6,4,0,0,4,0,2,0,0.33333334,0.33333334,1
NationalSecurityAgency/datawave,warehouse/query-core/src/main/java/datawave/query/jexl/functions/ContentOrderedEvaluator.java,57,2,2,6,35,9,0,13,0,6,3,0.61904764,0.71428573,2
NationalSecurityAgency/datawave,warehouse/query-core/src/main/java/datawave/query/tables/async/event/VisitorFunction.java,114,1,0,25,144,65,0,14,0,10,2,0.16363636,0.27272728,1
NationalSecurityAgency/datawave,warehouse/query-core/src/test/java/datawave/query/attributes/it/LcTypeAttributeIT.java,8,2,0,7,7,28,0,8,0,0,0,0.0,0.0,1
NationalSecurityAgency/datawave,web-services/client/src/main/java/datawave/webservice/query/result/event/ResponseObjectFactory.java,19,1,0,19,0,171,0,19,0,0,0,0.0,0.0,1
NationalSecurityAgency/datawave,web-services/client/src/main/java/datawave/webservice/results/mr/JobExecution.java,40,1,0,8,25,36,0,20,1,6,2,0.3090909,0.5272727,2
NationalSecurityAgency/datawave,web-services/query/src/test/java/datawave/webservice/query/limit/SystemLimitProviderTest.java,21,1,0,9,31,70,0,21,0,5,2,0.29411766,0.29411766,1
NationalSecurityAgency/datawave,warehouse/ingest-core/src/main/java/datawave/ingest/table/aggregator/BitSetCombiner.java,2,3,0,4,6,0,0,1,0,0,0,0.0,0.0,1
NationalSecurityAgency/datawave,microservices/starters/query/src/main/java/datawave/microservice/query/federation/config/FederatedQueryServiceRegistrarConfiguration.java,1,1,0,4,0,0,0,1,1,0,0,0.0,0.0,1
NationalSecurityAgency/datawave,microservices/starters/query/src/main/java/datawave/microservice/query/remote/event/listener/QueryRemoteRequestEventListener.java,6,1,0,9,16,2,0,4,0,3,0,1.0,1.0,1
NationalSecurityAgency/datawave,core/utils/type-utils/src/main/java/datawave/data/type/TrimLeadingZerosType.java,2,2,0,1,1,1,0,2,0,2,2,0.0,0.0,1
NationalSecurityAgency/datawave,warehouse/ingest-core/src/test/java/datawave/ingest/table/aggregator/TruncatingTimestampIteratorTest.java,13,1,0,7,18,6,0,4,0,0,0,0.0,0.0,1
NationalSecurityAgency/datawave,web-services/client/src/main/java/datawave/webservice/results/mr/WorkflowAlgorithmDescription.java,8,1,0,7,0,20,0,8,0,5,1,0.14285715,0.14285715,1
NationalSecurityAgency/datawave,microservices/starters/cached-results/src/main/java/datawave/microservice/query/cachedresults/status/cache/CachedResultsQueryCache.java,39,1,0,11,36,126,0,28,0,6,0,0.29,0.8433333,1
NationalSecurityAgency/datawave,warehouse/query-core/src/main/java/datawave/query/transformer/ShardQueryCountTableTransformer.java,11,2,0,15,50,0,0,6,0,5,2,1.0,1.0,1
NationalSecurityAgency/datawave,microservices/configcheck/src/main/java/datawave/microservice/configcheck/Output.java,4,1,0,0,0,0,0,4,0,2,0,0.8333333,1.0,1
NationalSecurityAgency/datawave,core/in-memory-accumulo/src/main/java/datawave/accumulo/inmemory/IteratorAdapter.java,1,2,0,2,0,0,0,1,0,0,0,0.0,0.0,1
NationalSecurityAgency/datawave,core/utils/metadata-utils/src/main/java/datawave/data/ColumnFamilyConstants.java,0,1,0,1,0,0,0,0,0,19,0,0.0,0.0,1
NationalSecurityAgency/datawave,warehouse/query-core/src/main/java/datawave/query/function/AbstractVersionFilter.java,118,2,0,19,86,0,0,13,0,27,18,0.46666667,0.6666667,2
NationalSecurityAgency/datawave,warehouse/query-core/src/test/java/datawave/query/tables/AnyFieldScannerBuilderTest.java,22,1,0,19,50,148,0,21,1,9,7,0.12631579,0.14736842,1
NationalSecurityAgency/datawave,core/utils/type-utils/src/test/java/datawave/data/normalizer/regex/NumericRegexEncoderTest.java,47,1,0,5,35,463,0,40,3,3,1,0.0028490028,0.0028490028,2
NationalSecurityAgency/datawave,web-services/client/src/main/java/datawave/webservice/results/mr/ResultFile.java,23,1,0,7,15,36,0,15,1,5,2,0.2,0.2,2
NationalSecurityAgency/datawave,microservices/services/query-metric/service/src/test/java/datawave/microservice/querymetric/handler/SimpleQueryGeometryHandlerTest.java,15,1,0,12,20,0,0,15,0,5,0,0.8857143,1.0,1
NationalSecurityAgency/datawave,warehouse/query-core/src/test/java/datawave/next/SimpleQueryVisitorTest.java,19,1,0,3,8,153,0,18,0,2,0,0.0,0.0,1
NationalSecurityAgency/datawave,core/connection-pool/src/main/java/datawave/core/common/connection/AccumuloClientPoolFactory.java,9,1,2,6,6,18,0,8,0,5,1,0.17857143,0.21428572,1
NationalSecurityAgency/datawave,warehouse/query-core/src/test/java/datawave/test/iter/TestIteratorEnv.java,15,1,0,16,10,93,0,15,0,2,0,0.03809524,0.03809524,1
NationalSecurityAgency/datawave,warehouse/query-core/src/main/java/datawave/query/language/functions/jexl/GroupByYear.java,2,3,0,3,0,1,0,2,0,0,0,0.0,0.0,1
NationalSecurityAgency/datawave,warehouse/query-core/src/main/java/datawave/query/jexl/visitors/UnescapedSpecialCharactersVisitor.java,37,4,0,19,37,149,0,19,2,7,1,0.012820513,0.012820513,1
NationalSecurityAgency/datawave,web-services/common/src/main/java/datawave/configuration/ConfigurationBean.java,2,1,0,20,3,1,0,2,0,3,0,0.0,0.0,1
NationalSecurityAgency/datawave,microservices/services/accumulo/api/src/main/java/datawave/webservice/response/objects/Compactions.java,4,1,0,5,0,2,0,4,0,3,1,0.33333334,0.33333334,1
NationalSecurityAgency/datawave,core/utils/type-utils/src/main/java/datawave/data/normalizer/regex/CharRangeNode.java,10,2,0,4,7,41,0,10,0,2,2,0.044444446,0.044444446,1
NationalSecurityAgency/datawave,microservices/services/dictionary/service/src/main/java/datawave/microservice/metadata/DefaultMetadataFieldScanner.java,45,1,0,14,83,29,0,17,0,19,3,0.0,0.0,2
NationalSecurityAgency/datawave,warehouse/core/src/main/java/datawave/edge/util/EdgeValueHelper.java,35,1,0,8,29,108,0,16,15,3,2,0.057142857,0.057142857,1
NationalSecurityAgency/datawave,warehouse/ingest-core/src/test/java/datawave/ingest/mapreduce/partition/LimitedRowPartitionerTest.java,3,1,0,8,6,0,0,3,0,4,0,1.0,1.0,1
NationalSecurityAgency/datawave,warehouse/query-core/src/main/java/datawave/query/index/lookup/AncestorCreateUidsIterator.java,1,2,0,3,2,0,0,1,0,0,0,0.0,0.0,1
NationalSecurityAgency/datawave,web-services/client/src/main/java/datawave/webservice/result/keyword/TagCloudEntryBase.java,8,1,0,4,0,28,0,8,0,0,0,0.0,0.0,1
NationalSecurityAgency/datawave,microservices/starters/query-metric/src/main/java/datawave/microservice/querymetric/config/QueryMetricTransportType.java,0,1,0,0,0,0,0,0,0,0,0,0.0,0.0,1
NationalSecurityAgency/datawave,warehouse/query-core/src/main/java/datawave/query/metrics/ContentQueryMetricsHandler.java,1,2,0,3,0,0,0,1,0,0,0,0.0,0.0,1
NationalSecurityAgency/datawave,microservices/configcheck/src/main/java/datawave/microservice/configcheck/Analysis.java,25,1,0,1,7,97,0,18,0,7,0,0.104761906,0.14285715,1
NationalSecurityAgency/datawave,warehouse/ingest-core/src/main/java/datawave/ingest/input/reader/KeyReader.java,1,1,0,1,0,0,0,1,0,0,0,0.0,0.0,1
NationalSecurityAgency/datawave,microservices/services/dictionary/service/src/main/java/datawave/microservice/metadata/MetadataDescriptionsHelper.java,25,1,0,22,44,42,0,12,0,6,1,0.2,0.22222222,1
NationalSecurityAgency/datawave,microservices/services/query-executor/service/src/main/java/datawave/microservice/query/executor/action/CreateTask.java,18,2,0,21,55,2,0,4,0,3,1,0.0,0.0,1
NationalSecurityAgency/datawave,core/utils/metadata-utils/src/main/java/datawave/query/util/MetadataEntryToFieldName.java,1,1,0,2,1,0,0,1,0,0,0,0.0,0.0,1
NationalSecurityAgency/datawave,warehouse/query-core/src/test/java/datawave/core/iterators/key/util/FiKeyUtilTest.java,6,1,0,2,9,15,0,6,0,3,0,0.0,0.0,1
NationalSecurityAgency/datawave,warehouse/query-core/src/main/java/datawave/query/planner/DefaultQueryPlanner.java,579,2,2,94,578,11166,0,182,13,70,12,0.15859804,0.762395,2
NationalSecurityAgency/datawave,microservices/starters/query/src/main/java/datawave/microservice/query/mapreduce/config/MapReduceQueryConfiguration.java,15,1,0,28,22,26,0,9,0,1,0,0.0,0.0,2
NationalSecurityAgency/datawave,core/utils/metadata-utils/src/test/java/datawave/query/util/MetadataHelperTableTest.java,71,1,0,29,142,0,0,65,4,11,5,0.7168784,0.80217785,1
NationalSecurityAgency/datawave,core/utils/metadata-utils/src/test/java/datawave/util/DateSchemaTest.java,4,1,0,3,15,0,0,3,0,1,0,1.0,1.0,1
NationalSecurityAgency/datawave,web-services/security/src/main/java/datawave/security/authorization/simple/DatabaseUserService.java,10,1,0,12,26,0,0,4,0,6,0,1.0,1.0,1
NationalSecurityAgency/datawave,warehouse/query-core/src/main/java/datawave/query/ancestor/AncestorIndexIterator.java,11,2,0,6,14,3,0,5,1,0,0,0.0,0.0,2
NationalSecurityAgency/datawave,warehouse/query-core/src/main/java/datawave/query/planner/rules/RegexPushdownTransformRule.java,9,1,0,9,21,0,0,3,0,2,1,1.0,1.0,1
NationalSecurityAgency/datawave,core/utils/type-utils/src/main/java/datawave/data/type/AbstractGeometryType.java,13,2,0,10,22,15,0,6,0,4,4,0.0,0.0,1
NationalSecurityAgency/datawave,warehouse/query-core/src/main/java/datawave/query/function/ConfiguredFunction.java,1,1,0,1,0,0,0,1,0,0,0,0.0,0.0,1
NationalSecurityAgency/datawave,warehouse/query-core/src/test/java/datawave/query/attributes/it/NumberListTypeAttributeIT.java,8,2,0,7,7,28,0,8,0,0,0,0.0,0.0,1
NationalSecurityAgency/datawave,web-services/common-util/src/main/java/datawave/security/util/WSAuthorizationsUtil.java,1,2,0,2,1,0,0,1,1,0,0,0.0,0.0,1
NationalSecurityAgency/datawave,microservices/services/query-metric/api/src/test/java/datawave/microservice/querymetric/QueryMetricTest.java,19,1,0,16,101,57,0,14,1,7,7,0.18681319,0.23076923,1
NationalSecurityAgency/datawave,warehouse/query-core/src/test/java/datawave/query/jexl/visitors/PrintingVisitorTest.java,9,1,0,4,5,0,0,9,0,3,2,1.0,1.0,1
NationalSecurityAgency/datawave,warehouse/ingest-core/src/main/java/datawave/ingest/mapreduce/partition/LimitedKeyPartitioner.java,9,2,1,10,6,22,0,9,0,3,1,0.19444445,0.2777778,1
NationalSecurityAgency/datawave,warehouse/query-core/src/main/java/datawave/next/async/RunnableWithContext.java,2,1,0,0,0,1,0,2,0,0,0,0.0,0.0,1
NationalSecurityAgency/datawave,microservices/configcheck/src/main/java/datawave/microservice/configcheck/CommandRunner.java,47,1,0,11,36,0,0,9,0,10,9,1.0,1.0,1
NationalSecurityAgency/datawave,microservices/services/authorization/api/src/main/java/datawave/security/authorization/DatawaveUserV1.java,1,2,0,2,8,0,0,1,0,2,0,0.0,0.0,1
NationalSecurityAgency/datawave,core/utils/type-utils/src/test/java/datawave/data/normalizer/NumberNormalizerTest.java,37,1,0,3,41,55,0,14,0,2,0,0.04761905,0.04761905,1
NationalSecurityAgency/datawave,web-services/common-util/src/test/java/datawave/resteasy/util/DateFormatterTest.java,3,1,0,2,4,0,0,3,0,1,0,1.0,1.0,1
NationalSecurityAgency/datawave,microservices/services/mapreduce-query/service/src/main/java/datawave/microservice/query/mapreduce/MapReduceQueryJobRunner.java,22,1,0,25,71,0,0,5,0,10,0,1.0,1.0,1
NationalSecurityAgency/datawave,warehouse/query-core/src/test/java/datawave/query/tables/facets/FacetQueryTestTableHelper.java,5,2,0,8,9,0,0,5,0,3,3,0.6,0.6,1
NationalSecurityAgency/datawave,microservices/services/query/service/src/main/java/datawave/microservice/query/monitor/cache/MonitorStatusCache.java,14,1,0,6,9,0,0,12,0,3,2,0.969697,1.0,1
NationalSecurityAgency/datawave,warehouse/query-core/src/main/java/datawave/query/index/lookup/TruncatedRangeStream.java,19,3,0,11,32,3,0,3,0,1,1,0.0,0.0,1
NationalSecurityAgency/datawave,warehouse/query-core/src/main/java/datawave/query/index/lookup/UidIntersector.java,1,1,0,2,0,0,0,1,0,0,0,0.0,0.0,1
NationalSecurityAgency/datawave,warehouse/keyword-common/src/main/java/datawave/util/keyword/TokenScore.java,9,1,0,1,4,0,0,6,0,2,0,0.93333334,1.0,1
NationalSecurityAgency/datawave,warehouse/query-core/src/main/java/datawave/query/iterator/SourceManager.java,64,1,0,8,33,48,0,24,0,16,1,0.41520467,1.0,1
NationalSecurityAgency/datawave,warehouse/query-core/src/main/java/datawave/next/retrieval/DocumentIterator.java,65,2,0,31,79,88,0,17,0,7,1,0.11111111,0.16666667,1
NationalSecurityAgency/datawave,core/base-rest-responses/src/main/java/datawave/validation/ParameterValidator.java,1,1,0,0,0,0,0,1,0,0,0,0.0,0.0,1
NationalSecurityAgency/datawave,microservices/services/accumulo/api/src/main/java/datawave/webservice/response/objects/Compaction.java,4,1,0,3,0,2,0,4,0,3,1,0.33333334,0.33333334,1
NationalSecurityAgency/datawave,warehouse/query-core/src/main/java/datawave/query/iterator/profile/PipelineQuerySpanCollectionIterator.java,6,1,0,4,4,0,0,4,0,3,0,1.0,1.0,1
NationalSecurityAgency/datawave,warehouse/query-core/src/main/java/datawave/query/attributes/Content.java,32,2,0,12,40,0,0,16,0,4,2,0.5,0.55,1
NationalSecurityAgency/datawave,warehouse/query-core/src/main/java/datawave/query/function/KryoCVAwareSerializableSerializer.java,5,2,0,6,3,0,0,4,0,1,0,0.5,0.5,1
NationalSecurityAgency/datawave,core/annotation/src/test/java/datawave/annotation/data/v1/AnnotationDataAccessTest.java,38,1,0,36,118,0,0,25,6,8,7,0.5233333,0.7,1
NationalSecurityAgency/datawave,warehouse/core/src/main/java/datawave/edge/util/ExtendedHyperLogLogPlus.java,13,1,0,4,6,0,0,7,0,7,5,0.75,0.75,1
NationalSecurityAgency/datawave,warehouse/query-core/src/main/java/datawave/query/language/functions/jexl/MatchesInGroupLeft.java,10,2,0,4,10,6,0,4,0,0,0,0.0,0.0,1
NationalSecurityAgency/datawave,warehouse/query-core/src/main/java/datawave/query/util/sortedmap/rfile/RFileByteDocumentInputStream.java,3,2,0,5,3,3,0,3,0,0,0,0.0,0.0,1
NationalSecurityAgency/datawave,warehouse/query-core/src/test/java/datawave/query/transformer/annotation/AllHitsFactoryErrorOnly.java,2,2,0,6,0,1,0,2,0,0,0,0.0,0.0,1
NationalSecurityAgency/datawave,core/base-rest-responses/src/main/java/datawave/webservice/query/result/util/protostuff/FieldAccessor.java,2,1,0,0,0,1,0,2,0,0,0,0.0,0.0,1
NationalSecurityAgency/datawave,web-services/security/src/main/java/datawave/security/cache/CredentialsCacheBean.java,28,1,2,35,52,23,0,11,0,6,0,0.2888889,0.62222224,1
NationalSecurityAgency/datawave,web-services/query/src/main/java/datawave/webservice/query/metric/QueryMetricMessage.java,13,1,0,7,8,0,0,9,2,2,1,0.5833333,0.5833333,1
NationalSecurityAgency/datawave,core/utils/type-utils/src/main/java/datawave/webservice/query/util/TypedValueAdapter.java,2,2,0,2,1,1,0,2,0,0,0,0.0,0.0,1
NationalSecurityAgency/datawave,web-services/query/src/main/java/datawave/webservice/query/limit/QueryLogicGroupLimitConfiguration.java,14,1,0,1,6,0,0,11,0,3,0,0.6,0.8181818,1
NationalSecurityAgency/datawave,microservices/services/accumulo/api/src/main/java/datawave/webservice/response/ListUserPermissionsResponse.java,2,2,0,6,0,0,0,2,0,2,1,1.0,1.0,1
NationalSecurityAgency/datawave,warehouse/query-core/src/test/java/datawave/query/common/grouping/SumAggregatorTest.java,6,1,0,9,7,3,0,6,0,1,0,0.5,0.5,1
NationalSecurityAgency/datawave,warehouse/ingest-core/src/test/java/datawave/ingest/table/config/LoadDateTableConfigHelperTest.java,7,2,0,7,22,15,0,7,0,2,1,0.2,0.2,1
NationalSecurityAgency/datawave,warehouse/query-core/src/main/java/datawave/query/model/edge/EdgeQueryModel.java,19,4,0,7,15,9,0,11,4,3,2,0.2857143,0.2857143,2
NationalSecurityAgency/datawave,microservices/services/query-metric/service/src/main/java/datawave/microservice/querymetric/QueryMetricService.java,7,1,0,7,10,6,0,4,4,1,1,0.0,0.0,1
NationalSecurityAgency/datawave,microservices/starters/query/src/main/java/datawave/microservice/query/lookup/LookupProperties.java,12,1,0,5,0,54,0,12,0,6,0,0.09090909,0.09090909,1
NationalSecurityAgency/datawave,warehouse/ingest-core/src/main/java/datawave/ingest/data/config/DataTypeHelperImpl.java,24,1,4,9,29,39,0,11,0,6,2,0.11111111,0.11111111,1
NationalSecurityAgency/datawave,warehouse/query-core/src/main/java/datawave/query/jexl/visitors/FetchDataTypesVisitor.java,29,3,0,29,28,61,0,14,2,5,2,0.12820514,0.12820514,1
NationalSecurityAgency/datawave,warehouse/query-core/src/main/java/datawave/query/predicate/EventDataQueryExpressionFilter.java,18,1,4,6,15,69,0,14,0,3,0,0.12087912,0.16483517,1
NationalSecurityAgency/datawave,warehouse/query-core/src/test/java/datawave/query/jexl/visitors/FetchFunctionFieldsVisitorTest.java,54,1,0,9,13,1413,0,54,0,4,0,0.0,0.0,1
NationalSecurityAgency/datawave,web-services/query/src/main/java/datawave/webservice/query/cache/QueryCache.java,5,2,0,5,6,0,0,4,0,1,0,0.5,0.5,1
NationalSecurityAgency/datawave,warehouse/query-core/src/main/java/datawave/query/attributes/PreNormalizedAttributeFactory.java,2,2,0,5,0,1,0,2,0,0,0,0.0,0.0,1
NationalSecurityAgency/datawave,warehouse/ingest-core/src/main/java/datawave/metrics/util/flag/FlagFile.java,0,1,0,0,0,0,0,0,0,0,0,0.0,0.0,1
NationalSecurityAgency/datawave,warehouse/query-core/src/main/java/datawave/query/iterator/SourceThreadTrackingIterator.java,32,1,0,9,13,0,0,9,0,4,1,1.0,1.0,1
NationalSecurityAgency/datawave,warehouse/query-core/src/main/java/datawave/query/jexl/visitors/DateIndexCleanupVisitor.java,20,4,0,11,6,21,0,7,1,0,0,0.0,0.0,1
NationalSecurityAgency/datawave,microservices/services/query-metric/service/src/main/java/datawave/microservice/querymetric/QueryMetricUpdateMergeType.java,0,1,0,1,0,0,0,0,0,0,0,0.0,0.0,1
NationalSecurityAgency/datawave,warehouse/metrics-core/src/main/java/datawave/metrics/keys/XKey.java,2,1,0,1,0,1,0,2,0,0,0,0.0,0.0,1
NationalSecurityAgency/datawave,core/connection-pool/src/main/java/datawave/core/common/cache/TableCache.java,22,1,0,3,0,231,0,22,0,0,0,0.0,0.0,1
NationalSecurityAgency/datawave,warehouse/query-core/src/main/java/datawave/query/rules/QueryValidationResult.java,11,1,0,2,8,0,0,8,0,2,0,0.78571427,1.0,1
NationalSecurityAgency/datawave,microservices/services/authorization/service/src/main/java/datawave/microservice/authorization/mock/MockDatawaveUserService.java,9,1,0,7,12,10,0,9,0,3,1,0.3611111,0.5833333,1
NationalSecurityAgency/datawave,warehouse/query-core/src/main/java/datawave/query/planner/pushdown/PushDownVisitor.java,16,2,0,10,13,20,0,8,0,5,1,0.26666668,0.6666667,1
NationalSecurityAgency/datawave,microservices/services/audit/service/src/test/java/datawave/microservice/audit/auditors/log/LogAuditConfigDisabledTest.java,1,1,0,9,2,0,0,1,0,1,0,0.0,0.0,2
NationalSecurityAgency/datawave,core/query/src/main/java/datawave/core/query/configuration/ResultContext.java,2,1,0,1,0,1,0,2,0,0,0,0.0,0.0,1
NationalSecurityAgency/datawave,warehouse/query-core/src/test/java/datawave/query/iterator/ivarator/IvaratorCacheDirConfigTest.java,1,1,0,2,12,0,0,1,0,0,0,0.0,0.0,1
NationalSecurityAgency/datawave,core/query/src/main/java/datawave/core/query/dashboard/DashboardFields.java,17,1,0,5,14,6,0,4,3,10,10,0.0,0.0,1
NationalSecurityAgency/datawave,warehouse/ingest-core/src/main/java/datawave/ingest/mapreduce/handler/shard/content/OffsetQueue.java,6,1,0,3,0,15,0,6,0,0,0,0.0,0.0,1
NationalSecurityAgency/datawave,warehouse/query-core/src/main/java/datawave/query/common/grouping/AverageAggregator.java,16,2,0,8,15,0,0,12,1,5,1,0.5090909,0.8181818,1
NationalSecurityAgency/datawave,warehouse/query-core/src/main/java/datawave/query/index/day/DayIndexScanner.java,10,1,0,14,22,0,0,3,0,5,0,1.0,1.0,1
NationalSecurityAgency/datawave,warehouse/ingest-core/src/main/java/datawave/ingest/mapreduce/partition/TabletLocationNamePartitioner.java,15,2,0,11,16,39,0,10,0,3,1,0.035714287,0.035714287,1
NationalSecurityAgency/datawave,warehouse/query-core/src/main/java/datawave/query/transformer/EdgeQueryTransformerSupport.java,44,2,0,18,83,7,0,7,2,5,2,0.4,0.4,1
NationalSecurityAgency/datawave,warehouse/query-core/src/test/java/datawave/query/iterator/TestLookupTask.java,19,1,0,13,39,9,0,6,0,5,1,0.0,0.0,1
NationalSecurityAgency/datawave,warehouse/query-core/src/test/java/datawave/query/tld/TLDFieldIndexAggregatorTest.java,9,1,0,14,29,0,0,5,0,1,0,1.0,1.0,1
NationalSecurityAgency/datawave,web-services/security/src/main/java/datawave/security/login/DatawavePrincipalLoginModule.java,98,2,2,19,99,17,0,11,0,14,0,0.34545454,0.6545454,1
NationalSecurityAgency/datawave,warehouse/query-core/src/main/java/datawave/query/common/grouping/SumAggregator.java,15,2,0,8,13,0,0,10,1,2,0,0.4722222,0.5833333,1
NationalSecurityAgency/datawave,warehouse/query-core/src/main/java/datawave/query/jexl/functions/EvaluationPhaseFilterFunctions.java,305,1,0,11,124,1712,0,77,76,9,9,0.24801865,0.24801865,2
NationalSecurityAgency/datawave,core/utils/type-utils/src/main/java/datawave/data/normalizer/regex/visitor/AlternationDeduper.java,9,2,0,6,11,3,0,3,1,0,0,0.0,0.0,1
NationalSecurityAgency/datawave,microservices/starters/datawave/src/main/java/datawave/microservice/authorization/jwt/JWTConfiguration.java,5,1,0,12,16,1,0,2,0,0,0,0.0,0.0,1
NationalSecurityAgency/datawave,microservices/starters/query/src/main/java/datawave/microservice/query/mapreduce/status/MapReduceQueryCache.java,19,1,0,11,22,24,0,13,0,4,0,0.34848484,1.0,1
NationalSecurityAgency/datawave,warehouse/query-core/src/main/java/datawave/next/CountQueryIterator.java,21,1,0,15,22,25,0,11,0,12,0,0.3611111,0.7777778,1
NationalSecurityAgency/datawave,warehouse/ingest-core/src/main/java/datawave/ingest/TableCreator.java,2,1,0,5,5,0,0,1,1,2,2,0.0,0.0,1
NationalSecurityAgency/datawave,warehouse/query-core/src/main/java/datawave/query/index/lookup/IndexStreamComparator.java,14,1,0,5,5,6,0,4,0,0,0,0.0,0.0,1
NationalSecurityAgency/datawave,warehouse/query-core/src/test/java/datawave/query/jexl/visitors/DisjunctionEliminationVisitorTest.java,14,1,0,3,6,91,0,14,0,0,0,0.0,0.0,1
NationalSecurityAgency/datawave,warehouse/ingest-core/src/test/java/datawave/ingest/mapreduce/handler/edge/EdgeHandlerTestUtil.java,20,3,0,15,43,3,0,5,3,8,7,1.0,1.0,2
NationalSecurityAgency/datawave,warehouse/query-core/src/main/java/datawave/query/attributes/Attributes.java,64,3,0,13,56,86,0,25,0,6,2,0.3715415,0.4743083,1
NationalSecurityAgency/datawave,web-services/common/src/main/java/datawave/webservice/common/remote/RemoteHttpServiceConfiguration.java,32,1,0,1,1,464,0,32,0,16,0,0.032258064,0.032258064,1
NationalSecurityAgency/datawave,microservices/services/authorization/api/src/test/java/datawave/security/util/ProxiedEntityUtilsTest.java,8,1,0,2,14,28,0,8,0,0,0,0.0,0.0,1
NationalSecurityAgency/datawave,microservices/services/query-metric/api/src/main/java/datawave/microservice/querymetric/QueryMetricsSummaryResponse.java,25,2,0,10,26,193,0,23,0,13,1,0.11857708,0.9130435,1
NationalSecurityAgency/datawave,core/query/src/main/java/datawave/core/query/logic/Flushable.java,1,1,0,1,0,0,0,1,0,0,0,0.0,0.0,1
NationalSecurityAgency/datawave,warehouse/query-core/src/main/java/datawave/query/transformer/FacetedTransformer.java,27,4,0,21,57,30,0,9,0,1,1,0.035714287,0.035714287,1
NationalSecurityAgency/datawave,warehouse/core/src/main/java/datawave/util/OperationEvaluator.java,115,1,0,2,10,0,0,13,12,15,15,1.0,1.0,1
NationalSecurityAgency/datawave,warehouse/query-core/src/test/java/datawave/query/util/GeoWaveUtilsTest.java,18,1,0,7,47,66,0,12,0,0,0,0.0,0.0,1
NationalSecurityAgency/datawave,warehouse/query-core/src/main/java/datawave/query/planner/rules/RegexReplacementTransformRule.java,10,1,2,10,17,1,0,3,0,2,0,0.0,0.0,1
NationalSecurityAgency/datawave,web-services/client/src/main/java/datawave/webservice/results/mr/MapReduceJobDescriptionList.java,2,2,0,7,0,0,0,2,0,2,1,1.0,1.0,1
NationalSecurityAgency/datawave,microservices/services/query/service/src/main/java/datawave/microservice/query/monitor/cache/MonitorStatus.java,4,1,0,0,0,0,0,3,0,2,1,1.0,1.0,1
NationalSecurityAgency/datawave,core/base-rest-responses/src/test/java/datawave/webservice/query/exception/QueryExceptionTypeTest.java,2,2,0,3,2,1,0,2,0,0,0,0.0,0.0,1
NationalSecurityAgency/datawave,warehouse/query-core/src/test/java/datawave/query/jexl/visitors/AddShardsAndDaysVisitorTest.java,16,1,0,6,14,105,0,15,0,1,1,0.0,0.0,1
NationalSecurityAgency/datawave,warehouse/query-core/src/main/java/datawave/query/search/WildcardFieldedTerm.java,48,3,0,8,34,98,0,17,5,3,1,0.13970588,0.15441176,1
NationalSecurityAgency/datawave,warehouse/query-core/src/test/java/datawave/query/index/day/IndexIngestUtil.java,7,1,0,7,3,13,0,7,0,4,0,0.1904762,0.47619048,1
NationalSecurityAgency/datawave,web-services/query/src/main/java/datawave/webservice/query/configuration/LookupUUIDConfiguration.java,14,1,0,3,1,62,0,13,0,6,0,0.102564104,0.102564104,1
NationalSecurityAgency/datawave,warehouse/query-core/src/main/java/datawave/query/postprocessing/tf/TermOffsetMap.java,28,1,0,4,16,3,0,15,0,4,0,0.4857143,0.8666667,1
NationalSecurityAgency/datawave,core/utils/type-utils/src/main/java/datawave/data/normalizer/GeoLonNormalizer.java,11,2,0,4,10,6,0,4,0,2,2,0.0,0.0,1
NationalSecurityAgency/datawave,warehouse/ingest-core/src/main/java/datawave/ingest/mapreduce/handler/dateindex/DateIndexDataTypeHandler.java,51,1,0,26,71,219,0,26,0,13,5,0.14492753,0.29710144,1
NationalSecurityAgency/datawave,warehouse/query-core/src/main/java/datawave/query/exceptions/InvalidQueryTreeException.java,4,3,0,0,0,6,0,4,0,1,1,0.0,0.0,1
NationalSecurityAgency/datawave,microservices/starters/cached-results/src/main/java/datawave/microservice/query/cachedresults/status/cache/LockableCache.java,11,1,0,2,4,0,0,10,0,2,0,0.62222224,0.62222224,1
NationalSecurityAgency/datawave,core/utils/type-utils/src/main/java/datawave/webservice/query/util/OptionallyEncodedString.java,14,1,0,7,7,0,0,7,0,2,0,0.61904764,0.71428573,1
NationalSecurityAgency/datawave,warehouse/query-core/src/main/java/datawave/query/jexl/visitors/AllTermsIndexedVisitor.java,25,4,0,28,18,58,0,17,1,4,2,0.325,0.45833334,1
NationalSecurityAgency/datawave,warehouse/query-core/src/test/java/datawave/query/util/regex/RegexTrieTest.java,6,1,0,2,8,1,0,2,0,0,0,0.0,0.0,1
NationalSecurityAgency/datawave,core/annotation/src/main/java/datawave/annotation/data/transform/AnnotationTransformException.java,2,4,0,1,0,1,0,2,0,1,1,0.0,0.0,1
NationalSecurityAgency/datawave,warehouse/query-core/src/main/java/datawave/query/util/IteratorToSortedKeyValueIterator.java,17,1,0,8,5,0,0,9,0,3,0,0.42857143,0.75,1
NationalSecurityAgency/datawave,warehouse/query-core/src/main/java/datawave/query/tables/IndexQueryLogic.java,5,3,1,3,4,10,0,5,0,0,0,0.0,0.0,1
NationalSecurityAgency/datawave,warehouse/keyword-common/src/test/java/datawave/util/keyword/TagCloudTest.java,26,1,0,7,52,78,0,13,8,4,4,0.0,0.0,1
NationalSecurityAgency/datawave,warehouse/query-core/src/main/java/datawave/mr/bulk/RfileIterator.java,5,1,0,3,5,0,0,4,0,1,0,0.5,0.5,1
NationalSecurityAgency/datawave,microservices/starters/datawave/src/main/java/datawave/microservice/authorization/jwt/exception/TokenExpiredException.java,2,2,0,1,0,1,0,2,0,0,0,0.0,0.0,1
NationalSecurityAgency/datawave,warehouse/query-core/src/test/java/datawave/query/TokensQueryTest.java,12,2,0,15,12,43,0,10,1,3,3,0.022222223,0.022222223,1
NationalSecurityAgency/datawave,warehouse/query-core/src/test/java/datawave/query/iterator/TestWaitWindowObserver.java,12,2,0,2,7,9,0,7,0,5,0,0.0,0.0,1
NationalSecurityAgency/datawave,microservices/services/mapreduce-query/layout-factory/src/main/java/datawave/microservice/query/mapreduce/MapReduceLayoutFactory.java,4,1,0,4,0,3,0,4,0,0,0,0.0,0.0,2
NationalSecurityAgency/datawave,warehouse/query-core/src/test/java/datawave/query/util/MockDateIndexHelper.java,41,2,0,4,25,0,0,9,0,5,0,1.0,1.0,2
NationalSecurityAgency/datawave,warehouse/query-core/src/main/java/datawave/query/language/functions/lucene/EvaluationOnly.java,10,2,0,5,9,1,0,7,0,1,0,0.47619048,0.47619048,1
NationalSecurityAgency/datawave,warehouse/query-core/src/main/java/datawave/query/language/functions/jexl/Count.java,7,2,0,4,6,6,0,4,0,0,0,0.0,0.0,1
NationalSecurityAgency/datawave,warehouse/query-core/src/main/java/datawave/core/iterators/ColumnQualifierRangeIterator.java,10,3,0,8,16,10,0,5,0,0,0,0.0,0.0,1
NationalSecurityAgency/datawave,warehouse/query-core/src/test/java/datawave/query/rules/AmbiguousNotRuleTest.java,11,2,0,8,6,55,0,11,0,0,0,0.0,0.0,1
NationalSecurityAgency/datawave,warehouse/query-core/src/main/java/datawave/query/jexl/visitors/QueryPropertyMarkerVisitor.java,22,3,0,9,16,11,0,7,1,3,0,0.16666667,0.16666667,1
NationalSecurityAgency/datawave,warehouse/query-core/src/main/java/datawave/query/iterator/DocumentSpecificTreeIterable.java,3,2,0,7,5,1,0,3,0,1,0,0.33333334,0.33333334,1
NationalSecurityAgency/datawave,warehouse/query-core/src/main/java/datawave/query/jexl/visitors/validate/ValidateBoundedRangeVisitor.java,7,4,0,10,10,3,0,3,1,1,1,0.0,0.0,1
NationalSecurityAgency/datawave,microservices/starters/datawave/src/main/java/datawave/microservice/config/web/RestClientProperties.java,4,1,0,3,0,2,0,4,0,2,0,0.33333334,0.33333334,1
NationalSecurityAgency/datawave,warehouse/query-core/src/main/java/datawave/query/iterator/profile/QuerySpanCollector.java,27,1,0,3,44,0,0,11,0,6,0,0.5,1.0,1
NationalSecurityAgency/datawave,microservices/services/accumulo/service/src/test/java/datawave/microservice/accumulo/lookup/LookupServiceAuditEnabledTest.java,15,1,0,28,44,43,0,15,0,12,2,0.36363637,0.36363637,1
NationalSecurityAgency/datawave,warehouse/query-core/src/main/java/datawave/query/metrics/ContentQueryMetricsIngestHelper.java,69,2,0,9,85,34,0,13,0,4,2,0.027777778,0.027777778,2
NationalSecurityAgency/datawave,core/in-memory-accumulo/src/main/java/datawave/accumulo/inmemory/MockPluginEnvironment.java,2,1,0,3,4,1,0,2,1,0,0,0.0,0.0,1
NationalSecurityAgency/datawave,warehouse/query-core/src/main/java/datawave/query/predicate/AncestorEventDataFilter.java,11,2,0,5,15,15,0,7,0,1,0,0.14285715,0.14285715,1
NationalSecurityAgency/datawave,core/in-memory-accumulo/src/main/java/datawave/accumulo/inmemory/ScannerRebuilder.java,1,1,0,2,0,0,0,1,0,0,0,0.0,0.0,1
NationalSecurityAgency/datawave,warehouse/metrics-core/src/main/java/datawave/metrics/mapreduce/CombinedSequenceFileRecordReader.java,2,2,0,6,5,0,0,2,0,1,0,1.0,1.0,1
NationalSecurityAgency/datawave,warehouse/query-core/src/test/java/datawave/query/lucene/visitors/UnfieldedTermsVisitorTest.java,7,1,0,6,9,11,0,7,0,3,1,0.0,0.0,1
NationalSecurityAgency/datawave,microservices/services/accumulo/service/src/main/java/datawave/microservice/accumulo/stats/config/StatsProperties.java,2,1,0,1,0,0,0,2,0,1,0,1.0,1.0,1
NationalSecurityAgency/datawave,microservices/starters/cached-results/src/main/java/datawave/microservice/query/cachedresults/status/cache/DefinedQueryIdByViewCache.java,5,2,0,6,5,4,0,4,0,2,1,0.16666667,0.16666667,1
NationalSecurityAgency/datawave,warehouse/ingest-core/src/test/java/datawave/ingest/mapreduce/job/CBMutationOutputFormatterTest.java,18,1,0,19,33,0,0,16,0,4,2,0.38333333,0.38333333,1
NationalSecurityAgency/datawave,warehouse/query-core/src/main/java/datawave/query/tables/keyword/KeywordQueryCheckpoint.java,13,2,0,6,16,0,0,7,0,1,0,0.6,0.6,1
NationalSecurityAgency/datawave,warehouse/query-core/src/main/java/datawave/query/predicate/EventDataQueryFilter.java,5,1,0,7,0,10,0,5,0,0,0,0.0,0.0,1
NationalSecurityAgency/datawave,warehouse/ingest-core/src/main/java/datawave/ingest/mapreduce/handler/summary/SummaryDataTypeHandler.java,7,1,0,16,9,19,0,7,0,2,1,0.06666667,0.06666667,1
NationalSecurityAgency/datawave,warehouse/index-stats/src/test/java/datawave/mapreduce/shardStats/StatsHyperLogReducerTest.java,13,1,0,18,41,0,0,6,0,1,1,0.6666667,0.6666667,1
NationalSecurityAgency/datawave,microservices/starters/datawave/src/main/java/datawave/microservice/config/security/AllowedCallersFilter.java,12,2,0,11,19,0,0,3,0,3,0,1.0,1.0,1
NationalSecurityAgency/datawave,microservices/starters/datawave/src/main/java/datawave/microservice/config/web/BaseResponseAdvice.java,4,1,0,11,10,1,0,2,0,0,0,0.0,0.0,1
NationalSecurityAgency/datawave,core/annotation/src/main/java/datawave/annotation/protobuf/v1/SegmentBoundaryOrBuilder.java,11,1,0,4,0,55,0,11,0,0,0,0.0,0.0,1
NationalSecurityAgency/datawave,core/query/src/main/java/datawave/core/query/predict/QueryPredictor.java,5,3,0,2,0,6,0,5,0,1,1,0.0,0.0,2
NationalSecurityAgency/datawave,microservices/starters/datawave/src/main/java/datawave/microservice/authorization/config/AuthorizationsListSupplier.java,1,1,0,4,0,0,0,1,0,0,0,0.0,0.0,1
NationalSecurityAgency/datawave,warehouse/ingest-core/src/test/java/datawave/ingest/table/bloomfilter/ShardKeyFunctorTest.java,6,1,0,8,8,3,0,6,0,2,1,0.4,0.4,1
NationalSecurityAgency/datawave,web-services/client/src/main/java/datawave/webservice/result/CachedResultsDescribeResponse.java,6,2,0,6,0,9,0,6,0,4,1,0.2,0.2,1
NationalSecurityAgency/datawave,warehouse/ingest-csv/src/main/java/datawave/ingest/csv/mr/handler/ContentCSVColumnBasedHandler.java,2,2,0,4,1,1,0,2,0,0,0,0.0,0.0,1
NationalSecurityAgency/datawave,warehouse/query-core/src/test/java/datawave/query/tld/GetStartKeyForRootTest.java,1,1,0,3,3,0,0,1,0,0,0,0.0,0.0,1
NationalSecurityAgency/datawave,web-services/query/src/test/java/datawave/webservice/query/cache/RunningQueryTimingImplTest.java,7,1,0,5,11,21,0,7,0,0,0,0.0,0.0,1
NationalSecurityAgency/datawave,warehouse/query-core/src/main/java/datawave/query/language/functions/jexl/GroupByDay.java,2,3,0,3,0,1,0,2,0,0,0,0.0,0.0,1
NationalSecurityAgency/datawave,warehouse/core/src/main/java/datawave/ingest/mapreduce/job/RFileInputFormat.java,2,2,1,9,0,1,0,2,0,0,0,0.0,0.0,1
NationalSecurityAgency/datawave,warehouse/ingest-core/src/main/java/datawave/ingest/util/BloomFilterWrapper.java,10,1,0,1,0,24,0,9,0,4,0,0.16666667,0.16666667,1
NationalSecurityAgency/datawave,core/metrics-reporter/src/main/java/datawave/metrics/StatsDClient.java,22,1,0,4,19,93,0,15,0,5,2,0.044444446,0.06666667,1
NationalSecurityAgency/datawave,microservices/services/audit/service/src/test/java/datawave/microservice/audit/common/AuditMessageConsumerTest.java,4,1,0,7,15,0,0,3,0,1,0,1.0,1.0,2
NationalSecurityAgency/datawave,warehouse/ingest-csv/src/main/java/datawave/ingest/csv/mr/input/CSVReaderBase.java,54,2,2,13,62,262,0,28,0,7,1,0.14529915,0.6581197,1
NationalSecurityAgency/datawave,warehouse/query-core/src/main/java/datawave/next/stats/QueryDataConsumerStats.java,8,1,0,0,0,20,0,8,0,5,1,0.14285715,0.14285715,1
NationalSecurityAgency/datawave,core/base-rest-responses/src/main/java/datawave/webservice/query/exception/QueryExceptionType.java,37,1,0,7,12,36,0,22,1,6,2,0.43589744,0.5897436,2
NationalSecurityAgency/datawave,warehouse/query-core/src/main/java/datawave/query/language/functions/lucene/GetAllMatches.java,15,2,0,7,9,10,0,5,0,0,0,0.0,0.0,1
NationalSecurityAgency/datawave,warehouse/query-core/src/main/java/datawave/query/iterator/ivarator/IvaratorCacheDirConfig.java,33,1,0,5,12,16,0,21,3,10,6,0.42631578,0.63684213,1
NationalSecurityAgency/datawave,microservices/starters/datawave/src/main/java/datawave/microservice/config/security/GlobalMethodSecurityConfigurer.java,0,1,0,4,0,0,0,0,0,0,0,0.0,0.0,1
NationalSecurityAgency/datawave,microservices/starters/query/src/main/java/datawave/microservice/query/mapreduce/jobs/OozieJob.java,23,2,0,13,25,53,0,11,0,8,7,0.018181818,0.018181818,1
NationalSecurityAgency/datawave,warehouse/ingest-core/src/main/java/datawave/util/flag/SimpleMover.java,10,1,1,7,16,0,0,3,0,5,1,1.0,1.0,1
NationalSecurityAgency/datawave,microservices/services/query-metric/service/src/main/java/datawave/microservice/querymetric/factory/QueryMetricResponseFactory.java,7,1,0,5,11,0,0,4,0,2,0,1.0,1.0,1
NationalSecurityAgency/datawave,warehouse/age-off/src/test/java/datawave/iterators/filter/ageoff/FieldAgeOffFilterTest.java,26,2,0,12,28,0,0,24,0,5,3,1.0,1.0,2
NationalSecurityAgency/datawave,web-services/query/src/main/java/datawave/webservice/query/limit/LimitSource.java,0,1,0,0,0,0,0,0,0,0,0,0.0,0.0,1
NationalSecurityAgency/datawave,core/utils/type-utils/src/main/java/datawave/data/normalizer/regex/IntegerRangeNode.java,13,2,0,4,10,47,0,11,0,2,2,0.07272727,0.07272727,1
NationalSecurityAgency/datawave,web-services/client/src/main/java/datawave/webservice/results/modification/ModificationConfigurationResponse.java,8,1,0,6,0,20,0,8,0,5,1,0.14285715,0.14285715,1
NationalSecurityAgency/datawave,warehouse/query-core/src/main/java/datawave/next/stats/ScanTimeStats.java,8,1,0,0,3,2,0,8,0,5,0,0.4642857,0.5714286,1
NationalSecurityAgency/datawave,core/query/src/main/java/datawave/core/query/remote/RemoteQueryService.java,7,1,0,4,0,21,0,7,0,0,0,0.0,0.0,1
NationalSecurityAgency/datawave,warehouse/query-core/src/test/java/datawave/query/predicate/ChainableEventDataQueryFilterTest.java,36,1,0,6,20,0,0,22,0,1,0,1.0,1.0,1
NationalSecurityAgency/datawave,web-services/security/src/test/java/datawave/security/login/DatawaveCertVerifierTest.java,2,1,0,3,14,0,0,2,0,4,0,1.0,1.0,1
NationalSecurityAgency/datawave,warehouse/query-core/src/test/java/datawave/query/testframework/RawDataManager.java,9,1,0,3,1,36,0,9,0,16,0,0.0,0.0,1
NationalSecurityAgency/datawave,microservices/services/accumulo/api/src/main/java/datawave/webservice/response/objects/NamespacePermission.java,7,1,0,6,1,3,0,7,0,3,1,0.42857143,0.71428573,2
NationalSecurityAgency/datawave,warehouse/query-core/src/main/java/datawave/query/function/SourcedFunction.java,1,1,0,4,0,0,0,1,0,0,0,0.0,0.0,1
NationalSecurityAgency/datawave,microservices/services/authorization/service/src/test/java/datawave/microservice/authorization/AuthorizationTestUtils.java,16,1,0,10,25,0,0,7,0,4,0,0.7619048,1.0,1
NationalSecurityAgency/datawave,warehouse/query-core/src/main/java/datawave/query/iterator/LoadAverageWatchIterator.java,13,2,0,10,13,13,0,7,1,5,3,0.1904762,0.2857143,1
NationalSecurityAgency/datawave,microservices/services/audit/service/src/main/java/datawave/microservice/audit/auditors/file/config/DumpAuditConfig.java,7,1,0,14,16,1,0,3,0,1,0,0.0,0.0,1
NationalSecurityAgency/datawave,warehouse/query-core/src/main/java/datawave/query/jexl/functions/SeekingAggregator.java,12,1,1,7,12,19,0,7,0,1,0,0.04761905,0.04761905,1
NationalSecurityAgency/datawave,warehouse/age-off/src/main/java/datawave/iterators/filter/ageoff/FilterOptions.java,25,1,0,2,8,0,0,16,0,4,0,0.675,1.0,1
NationalSecurityAgency/datawave,warehouse/query-core/src/test/java/datawave/test/JexlNodeListAssert.java,6,2,0,6,8,10,0,5,0,0,0,0.0,0.0,1
NationalSecurityAgency/datawave,microservices/services/query-metric/service/src/test/java/datawave/microservice/querymetric/config/AlternateQueryMetric.java,5,3,0,4,0,4,0,5,0,1,0,0.3,0.3,1
NationalSecurityAgency/datawave,warehouse/query-core/src/main/java/datawave/query/util/sortedmap/rfile/KeyValueByteDocumentTransforms.java,16,1,0,8,11,28,0,8,8,2,2,0.0,0.0,1
NationalSecurityAgency/datawave,warehouse/query-core/src/main/java/datawave/query/iterator/logic/AndIterator.java,133,1,0,18,71,59,0,23,1,11,1,0.2867647,0.5735294,1
NationalSecurityAgency/datawave,warehouse/query-core/src/test/java/datawave/query/QueryPlanTest.java,27,2,0,18,27,0,0,16,1,3,2,0.55,0.55,1
NationalSecurityAgency/datawave,microservices/starters/datawave/src/main/java/datawave/microservice/http/converter/html/HtmlProviderHttpMessageConverter.java,6,3,0,5,5,15,0,6,0,0,0,0.0,0.0,1
NationalSecurityAgency/datawave,microservices/services/config/src/main/java/datawave/microservice/config/server/ConfigServerApplication.java,1,1,0,6,1,0,0,1,1,0,0,0.0,0.0,1
NationalSecurityAgency/datawave,warehouse/ingest-core/src/main/java/datawave/ingest/validation/EventValidator.java,3,1,0,3,0,3,0,3,0,0,0,0.0,0.0,1
NationalSecurityAgency/datawave,core/query/src/main/java/datawave/core/query/logic/QueryCheckpoint.java,11,1,1,5,8,10,0,9,0,3,1,0.3611111,0.41666666,1
NationalSecurityAgency/datawave,warehouse/query-core/src/test/java/datawave/query/jexl/visitors/AllTermsIndexedVisitorTest.java,25,1,0,8,8,298,0,25,1,3,3,0.0,0.0,1
NationalSecurityAgency/datawave,warehouse/core/src/test/java/datawave/ingest/protobuf/TermWeightPositionTest.java,5,1,0,5,15,4,0,5,0,1,0,0.3,0.3,1
NationalSecurityAgency/datawave,warehouse/query-core/src/main/java/datawave/query/predicate/ValueToAttributes.java,63,1,0,18,70,46,0,12,0,8,1,0.2857143,0.53571427,1
NationalSecurityAgency/datawave,web-services/query/src/main/java/datawave/webservice/query/limit/UserLimitProvider.java,29,1,0,6,27,0,0,6,0,4,1,0.6666667,1.0,1
NationalSecurityAgency/datawave,warehouse/query-core/src/main/java/datawave/query/jexl/visitors/UnfieldedIndexExpansionVisitor.java,46,6,0,34,42,190,0,20,2,1,1,0.0,0.0,1
NationalSecurityAgency/datawave,microservices/starters/datawave/src/main/java/datawave/microservice/http/converter/html/AbstractDatawaveHttpMessageConverter.java,11,2,0,10,13,34,0,9,0,2,0,0.027777778,0.027777778,1
NationalSecurityAgency/datawave,microservices/services/authorization/service/src/main/java/datawave/microservice/authorization/oauth/AuthorizationRequest.java,7,1,0,2,0,3,0,7,0,4,1,0.42857143,1.0,1
NationalSecurityAgency/datawave,web-services/query/src/main/java/datawave/webservice/query/limit/UserLimits.java,10,1,0,3,9,0,0,8,0,3,0,0.8214286,1.0,1
NationalSecurityAgency/datawave,warehouse/query-core/src/main/java/datawave/query/planner/async/FetchNonEventFields.java,6,2,0,5,4,0,0,4,0,3,0,0.5,0.5,1
NationalSecurityAgency/datawave,warehouse/query-core/src/main/java/datawave/query/tables/ProducerConsumerQueue.java,4,1,0,1,2,0,0,4,0,1,0,0.5,0.5,1
NationalSecurityAgency/datawave,microservices/starters/query/src/main/java/datawave/microservice/query/storage/QueryStorageCache.java,24,1,0,15,3,276,0,24,0,0,0,0.0,0.0,1
NationalSecurityAgency/datawave,common-test/src/main/java/datawave/common/test/utils/query/RangeFactoryForTests.java,5,1,0,2,2,8,0,5,4,2,2,0.16666667,0.16666667,1
NationalSecurityAgency/datawave,warehouse/age-off-utils/src/main/java/datawave/age/off/util/AgeOffFileGenerator.java,9,1,0,6,13,0,0,7,0,4,1,0.0,0.0,1
NationalSecurityAgency/datawave,warehouse/query-core/src/test/java/datawave/query/jexl/nodes/QueryPropertyMarkerTest.java,24,1,0,10,34,231,0,22,0,0,0,0.0,0.0,1
NationalSecurityAgency/datawave,warehouse/query-core/src/main/java/datawave/query/planner/pushdown/CostEstimator.java,26,1,0,10,31,0,0,3,0,4,1,1.0,1.0,1
NationalSecurityAgency/datawave,warehouse/ingest-core/src/test/java/datawave/ingest/metadata/MetadataWithMostRecentDateTest.java,14,1,0,6,19,3,0,9,0,9,1,1.0,1.0,2
NationalSecurityAgency/datawave,microservices/starters/cached-results/src/main/java/datawave/microservice/query/cachedresults/status/cache/util/CacheUpdater.java,2,1,0,2,0,1,0,2,0,0,0,0.0,0.0,1
NationalSecurityAgency/datawave,warehouse/query-core/src/test/java/datawave/query/util/count/CountMapSerDeTest.java,4,1,0,5,10,1,0,3,0,1,0,1.0,1.0,1
NationalSecurityAgency/datawave,microservices/services/accumulo/api/src/main/java/datawave/webservice/request/objects/TableUpdate.java,4,1,0,5,0,2,0,4,0,2,0,0.33333334,0.33333334,1
NationalSecurityAgency/datawave,warehouse/query-core/src/main/java/datawave/query/parser/EventFields.java,55,1,0,10,46,0,0,35,0,5,0,1.0,1.0,2
NationalSecurityAgency/datawave,warehouse/query-core/src/main/java/datawave/query/language/functions/jexl/GroupByTenthOfHour.java,2,3,0,3,0,1,0,2,0,0,0,0.0,0.0,1
NationalSecurityAgency/datawave,warehouse/query-core/src/main/java/datawave/query/rules/IncludeExcludeIndexOnlyFieldsRule.java,10,3,0,13,22,10,0,5,0,2,2,0.0,0.0,1
NationalSecurityAgency/datawave,core/connection-pool/src/main/java/datawave/core/common/result/Connection.java,15,1,0,7,8,30,0,13,0,5,1,0.30769232,0.35897437,1
NationalSecurityAgency/datawave,core/base-rest-responses/src/main/java/datawave/webservice/query/result/util/protostuff/FieldParser.java,2,1,0,0,0,1,0,2,0,0,0,0.0,0.0,1
NationalSecurityAgency/datawave,core/base-rest-responses/src/main/java/datawave/webservice/query/exception/ShutdownQueryException.java,12,4,0,2,0,66,0,12,0,1,1,0.0,0.0,1
NationalSecurityAgency/datawave,warehouse/ingest-core/src/main/java/datawave/ingest/data/config/ingest/CSVIngestHelper.java,48,6,0,14,58,0,0,12,0,2,1,0.54545456,0.54545456,1
NationalSecurityAgency/datawave,warehouse/query-core/src/main/java/datawave/query/enrich/DataEnricher.java,4,1,0,4,0,4,0,4,0,1,0,0.16666667,0.16666667,1
NationalSecurityAgency/datawave,warehouse/query-core/src/main/java/datawave/query/iterator/logic/IndexIterator.java,68,1,0,23,49,34,0,25,1,30,2,0.23333333,0.55,2
NationalSecurityAgency/datawave,warehouse/age-off/src/main/java/datawave/iterators/filter/ageoff/MaximumAgeOffFilter.java,10,2,0,9,14,15,0,6,0,2,1,0.0,0.0,1
NationalSecurityAgency/datawave,core/annotation/src/main/java/datawave/annotation/data/AnnotationReadException.java,2,5,0,1,0,1,0,2,0,1,1,0.0,0.0,1
NationalSecurityAgency/datawave,warehouse/query-core/src/test/java/datawave/query/MaxExpansionQueryTest.java,26,2,0,12,24,0,0,15,1,2,2,0.62857145,0.62857145,1
NationalSecurityAgency/datawave,core/annotation/src/main/java/datawave/annotation/data/AnnotationWriteException.java,2,5,0,1,0,1,0,2,0,1,1,0.0,0.0,1
NationalSecurityAgency/datawave,warehouse/query-core/src/test/java/datawave/query/attributes/IpAddressTest.java,1,2,0,4,1,0,0,1,0,0,0,0.0,0.0,1
NationalSecurityAgency/datawave,warehouse/query-core/src/test/java/datawave/query/index/lookup/RangeStreamTestX.java,636,1,0,24,62,12539,0,159,4,2,1,0.00034399724,0.0005159959,1
NationalSecurityAgency/datawave,core/utils/type-utils/src/main/java/datawave/data/normalizer/GeometryNormalizer.java,10,2,0,14,12,24,0,8,3,3,3,0.035714287,0.035714287,1
NationalSecurityAgency/datawave,core/utils/type-utils/src/test/java/datawave/data/normalizer/regex/visitor/EmptyLeafTrimmerTest.java,10,1,0,8,8,36,0,9,0,0,0,0.0,0.0,1
NationalSecurityAgency/datawave,warehouse/query-core/src/test/java/datawave/query/attributes/DiacriticContentTest.java,1,2,0,4,1,0,0,1,0,0,0,0.0,0.0,1
NationalSecurityAgency/datawave,warehouse/ingest-core/src/main/java/datawave/ingest/mapreduce/job/SplitsFile.java,26,1,0,11,38,30,0,9,9,7,7,0.1,0.1,1
NationalSecurityAgency/datawave,warehouse/ingest-core/src/main/java/datawave/ingest/data/tokenize/TruncateAttribute.java,4,1,0,1,0,6,0,4,0,0,0,0.0,0.0,1
NationalSecurityAgency/datawave,warehouse/ingest-annotation/src/main/java/datawave/ingest/annotation/mapreduce/handler/AnnotationHelper.java,24,1,0,26,51,14,0,8,0,21,10,0.25,0.75,1
NationalSecurityAgency/datawave,warehouse/query-core/src/main/java/datawave/query/iterator/builder/IndexRegexIteratorBuilder.java,12,4,0,15,47,0,0,3,0,2,1,1.0,1.0,1
NationalSecurityAgency/datawave,warehouse/query-core/src/test/java/datawave/next/StochasticDocIdIteratorVisitorTest.java,86,2,0,11,66,129,0,38,0,13,1,0.32380953,0.32380953,1
NationalSecurityAgency/datawave,warehouse/query-core/src/main/java/datawave/query/util/Tuples.java,4,1,0,8,0,6,0,4,4,0,0,0.0,0.0,1
NationalSecurityAgency/datawave,warehouse/query-core/src/test/java/datawave/query/jexl/visitors/validate/MinimalReferenceExpressionsVisitorTest.java,18,1,0,3,8,136,0,17,0,0,0,0.0,0.0,1
NationalSecurityAgency/datawave,core/in-memory-accumulo/src/main/java/datawave/accumulo/inmemory/InMemoryAccumulo.java,17,1,0,15,30,27,0,14,0,6,0,0.35897437,0.5897436,1
NationalSecurityAgency/datawave,web-services/client/src/main/java/datawave/webservice/result/FacetQueryResponseBase.java,6,3,1,4,0,15,0,6,0,2,1,0.0,0.0,1
NationalSecurityAgency/datawave,core/utils/accumulo-utils/src/test/java/datawave/accumulo/util/security/UserAuthFunctionsTest.java,14,1,0,8,16,0,0,11,0,9,3,1.0,1.0,1
NationalSecurityAgency/datawave,warehouse/ingest-core/src/main/java/datawave/ingest/jobcache/ActiveSetter.java,11,1,0,2,11,0,0,5,0,1,0,0.0,0.0,1
NationalSecurityAgency/datawave,warehouse/query-core/src/test/java/datawave/query/IvaratorYieldingTest.java,40,2,0,15,59,103,0,29,1,12,2,0.56060606,0.56060606,2
NationalSecurityAgency/datawave,web-services/client/src/main/java/datawave/webservice/modification/ModificationEventBase.java,6,1,0,5,0,11,0,6,0,2,0,0.13333334,0.13333334,1
NationalSecurityAgency/datawave,web-services/query/src/test/java/datawave/webservice/query/limit/QueryHeartbeatTest.java,13,1,0,11,28,60,0,12,0,1,0,0.04761905,0.04761905,1
NationalSecurityAgency/datawave,warehouse/query-core/src/main/java/datawave/query/util/sortedmap/rfile/RFileKeyDocumentOutputStream.java,2,2,0,5,2,1,0,2,0,0,0,0.0,0.0,1
NationalSecurityAgency/datawave,warehouse/query-core/src/main/java/datawave/query/rules/IncludeExcludeArgsRule.java,16,3,0,12,21,45,0,10,0,5,5,0.0,0.0,1
NationalSecurityAgency/datawave,warehouse/query-core/src/main/java/datawave/query/planner/rules/RegexDotallTransformRule.java,1,2,0,1,0,0,0,1,0,2,2,0.0,0.0,1
NationalSecurityAgency/datawave,web-services/common-util/src/test/java/datawave/security/util/WSAuthorizationsUtilTest.java,30,1,0,10,46,280,0,28,0,10,2,0.13846155,0.36923078,1
NationalSecurityAgency/datawave,warehouse/ingest-core/src/test/java/datawave/ingest/table/bloomfilter/ShardIndexKeyFunctorTest.java,6,1,0,8,8,3,0,6,0,2,1,0.4,0.4,1
NationalSecurityAgency/datawave,microservices/services/query-metric/service/src/main/java/datawave/microservice/querymetric/QueryMetricOperations.java,99,1,0,55,153,261,0,30,2,15,1,0.26811594,0.5543478,2
NationalSecurityAgency/datawave,warehouse/ingest-core/src/test/java/datawave/ingest/data/config/ingest/IngestFieldFilterTest.java,15,1,0,9,18,0,0,15,0,4,0,1.0,1.0,1
NationalSecurityAgency/datawave,warehouse/query-core/src/main/java/datawave/query/function/serializer/KryoDocumentSerializer.java,4,2,0,5,3,6,0,4,0,2,0,0.0,0.0,1
NationalSecurityAgency/datawave,microservices/services/query-metric/service/src/main/java/datawave/microservice/querymetric/config/CorrelatorConfiguration.java,0,1,0,3,0,0,0,0,0,0,0,0.0,0.0,1
NationalSecurityAgency/datawave,warehouse/index-stats/src/test/java/datawave/mapreduce/shardStats/MockReduceContext.java,12,2,0,10,3,10,0,11,0,3,0,0.2,0.2,2
NationalSecurityAgency/datawave,warehouse/ingest-core/src/test/java/datawave/ingest/mapreduce/partition/TestShardGenerator.java,13,1,0,6,25,0,0,5,0,8,1,1.0,1.0,1
NationalSecurityAgency/datawave,warehouse/ingest-core/src/main/java/datawave/policy/ExampleIngestPolicyEnforcer.java,10,2,0,4,14,0,0,4,0,1,1,0.0,0.0,1
NationalSecurityAgency/datawave,core/utils/accumulo-utils/src/main/java/datawave/marking/VisibilityFlattener.java,9,1,0,6,9,3,0,3,3,0,0,0.0,0.0,1
NationalSecurityAgency/datawave,core/utils/type-utils/src/test/java/datawave/data/normalizer/regex/visitor/ZeroValueNormalizerTest.java,9,1,0,6,6,36,0,9,0,0,0,0.0,0.0,1
NationalSecurityAgency/datawave,warehouse/query-core/src/test/java/datawave/query/tables/facets/FacetedCitiesDataType.java,2,3,0,5,6,1,0,2,0,0,0,0.0,0.0,1
NationalSecurityAgency/datawave,warehouse/query-core/src/main/java/datawave/core/iterators/GlobalIndexRangeSamplingIterator.java,19,1,0,11,21,32,0,12,0,4,1,0.25757575,0.42424244,1
NationalSecurityAgency/datawave,warehouse/query-core/src/main/java/datawave/query/tables/facets/FacetTableFunction.java,2,1,0,6,12,0,0,1,0,0,0,0.0,0.0,1
NationalSecurityAgency/datawave,warehouse/ingest-core/src/main/java/datawave/ingest/util/GenerateSplitsFile.java,5,1,0,10,22,0,0,1,1,1,1,0.0,0.0,1
NationalSecurityAgency/datawave,warehouse/query-core/src/test/java/datawave/query/index/lookup/TruncatedIndexIteratorTest.java,21,1,0,13,32,52,0,17,0,11,1,0.06666667,0.06666667,1
NationalSecurityAgency/datawave,warehouse/query-core/src/main/java/datawave/query/language/processor/lucene/QueryNodeProcessorFactory.java,1,1,0,3,0,0,0,1,0,0,0,0.0,0.0,1
NationalSecurityAgency/datawave,warehouse/ingest-core/src/main/java/datawave/ingest/table/aggregator/PropogatingCombiner.java,9,2,7,8,7,19,0,7,0,3,2,0.04761905,0.04761905,1
NationalSecurityAgency/datawave,warehouse/query-core/src/main/java/datawave/query/jexl/functions/KeyAdjudicator.java,10,1,0,6,12,2,0,8,0,3,1,0.4642857,0.75,1
NationalSecurityAgency/datawave,microservices/services/query-metric/service/src/main/java/datawave/microservice/querymetric/persistence/MetricCacheListener.java,8,1,0,8,16,0,0,2,0,2,0,1.0,1.0,1
NationalSecurityAgency/datawave,warehouse/query-core/src/main/java/datawave/query/jexl/visitors/PushdownUnexecutableNodesVisitor.java,70,3,0,57,22,1153,0,50,1,7,1,0.023809524,0.023809524,1
NationalSecurityAgency/datawave,warehouse/query-core/src/main/java/datawave/query/util/Tuple1.java,3,1,0,2,1,0,0,3,0,1,0,1.0,1.0,1
NationalSecurityAgency/datawave,warehouse/query-core/src/main/java/datawave/query/util/Tuple2.java,6,2,0,5,7,0,0,5,0,1,0,1.0,1.0,1
NationalSecurityAgency/datawave,warehouse/query-core/src/main/java/datawave/query/tables/BaseRemoteQueryLogic.java,31,2,0,21,45,124,0,20,0,6,2,0.15789473,0.21052632,1
NationalSecurityAgency/datawave,warehouse/query-core/src/main/java/datawave/query/util/Tuple3.java,7,3,0,6,7,0,0,5,0,1,0,1.0,1.0,1
NationalSecurityAgency/datawave,warehouse/query-core/src/main/java/datawave/query/util/Tuple4.java,7,4,0,8,8,0,0,5,0,1,0,1.0,1.0,1
NationalSecurityAgency/datawave,warehouse/query-core/src/test/java/datawave/query/jexl/functions/TermFrequencyAggregatorTest.java,7,1,0,15,25,0,0,7,0,1,0,1.0,1.0,1
NationalSecurityAgency/datawave,warehouse/query-core/src/main/java/datawave/mr/bulk/MultiRfileInputformat.java,35,2,1,22,55,15,0,7,4,7,7,0.14285715,0.14285715,1
NationalSecurityAgency/datawave,warehouse/query-core/src/main/java/datawave/query/jexl/visitors/IvaratorRequiredVisitor.java,6,3,0,6,7,1,0,3,1,1,0,0.33333334,0.33333334,1
NationalSecurityAgency/datawave,warehouse/query-core/src/test/java/datawave/query/MaxExpansionRegexQueryTest.java,30,2,0,12,35,19,0,14,1,2,2,0.6545454,0.6545454,1
NationalSecurityAgency/datawave,web-services/query/src/test/java/datawave/webservice/query/configuration/GenericQueryConfigurationTest.java,1,1,0,3,21,0,0,1,0,0,0,0.0,0.0,1
NationalSecurityAgency/datawave,microservices/starters/query/src/main/java/datawave/microservice/query/logic/config/InternalQueryMetricsQueryConfiguration.java,2,1,0,7,2,1,0,2,0,0,0,0.0,0.0,1
NationalSecurityAgency/datawave,warehouse/query-core/src/test/java/datawave/query/transformer/UniqueTransformMostRecentTest.java,4,2,0,11,38,1,0,3,0,2,1,0.33333334,0.33333334,1
NationalSecurityAgency/datawave,microservices/starters/datawave/src/main/java/datawave/microservice/authorization/service/RemoteAuthorizationServiceUserDetailsService.java,7,1,0,18,28,1,0,3,0,5,1,1.0,1.0,1
NationalSecurityAgency/datawave,warehouse/ingest-core/src/main/java/datawave/ingest/mapreduce/handler/error/ErrorShardedDataTypeHandler.java,42,4,0,38,83,38,0,12,1,13,9,0.21212122,0.3181818,1
NationalSecurityAgency/datawave,warehouse/query-core/src/main/java/datawave/query/language/parser/jexl/JexlFunctionNode.java,4,2,0,3,2,1,0,3,0,1,0,1.0,1.0,1
NationalSecurityAgency/datawave,warehouse/query-core/src/test/java/datawave/next/stats/StatUtilTest.java,1,1,0,1,2,0,0,1,0,0,0,0.0,0.0,1
NationalSecurityAgency/datawave,warehouse/query-core/src/test/java/datawave/query/jexl/visitors/IsNotNullIntentVisitorTest.java,5,1,0,4,9,6,0,4,0,1,0,0.0,0.0,1
NationalSecurityAgency/datawave,warehouse/ingest-core/src/main/java/datawave/ingest/mapreduce/job/TablePartitionerOffsets.java,16,3,0,6,12,3,0,6,0,4,1,0.0,0.0,1
NationalSecurityAgency/datawave,warehouse/query-core/src/main/java/datawave/query/util/sortedmap/MultiMapBackedSortedMap.java,95,2,0,7,62,66,0,33,0,11,0,0.6666667,1.0,3
NationalSecurityAgency/datawave,warehouse/core/src/main/java/datawave/ingest/util/io/GzipDetectionUtil.java,4,1,0,1,4,1,0,2,2,0,0,0.0,0.0,1
NationalSecurityAgency/datawave,web-services/common-util/src/main/java/datawave/resteasy/interceptor/DatawaveCorsFilter.java,1,2,0,3,6,0,0,1,0,4,4,0.0,0.0,1
NationalSecurityAgency/datawave,microservices/services/query-metric/api/src/main/java/datawave/microservice/querymetric/QueryMetricModelFormat.java,50,1,0,3,22,528,0,33,0,4,0,0.0,0.0,1
NationalSecurityAgency/datawave,web-services/dictionary/src/main/java/datawave/webservice/dictionary/EdgeDictionaryBean.java,1,1,0,11,7,0,0,1,0,1,0,0.0,0.0,1
NationalSecurityAgency/datawave,warehouse/query-core/src/main/java/datawave/query/language/parser/lucene/JavaCharStream.java,108,1,0,3,15,363,0,38,1,18,1,0.2119488,0.29871976,1
NationalSecurityAgency/datawave,warehouse/ingest-core/src/main/java/datawave/ingest/table/aggregator/TruncatingTimestampIterator.java,14,1,0,7,24,0,0,11,3,1,0,0.5090909,0.5090909,1
NationalSecurityAgency/datawave,warehouse/query-core/src/main/java/datawave/query/jexl/visitors/NodeTypeCountVisitor.java,96,2,0,93,12,4266,0,93,3,1,0,0.0014981274,0.0014981274,1
NationalSecurityAgency/datawave,warehouse/query-core/src/test/java/datawave/query/attributes/it/GeoLonTypeAttributeIT.java,9,2,0,9,10,36,0,9,0,0,0,0.0,0.0,1
NationalSecurityAgency/datawave,warehouse/query-core/src/test/java/datawave/query/jexl/visitors/TreeWrappingRebuildingVisitorTest.java,4,1,0,3,6,6,0,4,0,0,0,0.0,0.0,1
NationalSecurityAgency/datawave,warehouse/ingest-core/src/main/java/datawave/ingest/data/config/ingest/FilterIngest.java,1,1,0,1,0,0,0,1,0,0,0,0.0,0.0,1
NationalSecurityAgency/datawave,web-services/accumulo/src/main/java/datawave/webservice/operations/remote/RemoteLookupService.java,2,3,0,12,11,0,0,2,0,2,1,1.0,1.0,1
NationalSecurityAgency/datawave,core/query/src/main/java/datawave/core/query/logic/composite/CompositeQueryLogicTransformer.java,42,2,0,12,28,0,0,14,0,2,1,0.72527474,0.72527474,1
NationalSecurityAgency/datawave,warehouse/core/src/test/java/datawave/util/cli/PasswordConverterTest.java,5,1,0,4,7,0,0,5,0,3,0,1.0,1.0,2
NationalSecurityAgency/datawave,web-services/common/src/main/java/datawave/configuration/spring/ThreadSafeClassPathXmlApplicationContext.java,62,1,0,17,34,0,0,61,0,2,0,1.0,1.0,1
NationalSecurityAgency/datawave,warehouse/query-core/src/main/java/datawave/query/lucene/visitors/GroupedInterpretationVisitor.java,16,2,0,7,15,15,0,6,1,0,0,0.0,0.0,1
NationalSecurityAgency/datawave,microservices/starters/cached-results/src/main/java/datawave/microservice/query/cachedresults/monitor/cache/MonitorStatus.java,4,1,0,0,0,0,0,3,0,2,1,1.0,1.0,1
NationalSecurityAgency/datawave,microservices/services/query-metric/service/src/main/java/datawave/microservice/querymetric/ClusterMembershipListener.java,2,1,0,5,9,0,0,2,0,1,0,1.0,1.0,1
NationalSecurityAgency/datawave,warehouse/query-core/src/test/java/datawave/query/attributes/AttributeFactoryTest.java,2,1,0,11,10,1,0,2,0,11,1,0.0,0.0,1
NationalSecurityAgency/datawave,microservices/starters/cached-results/src/main/java/datawave/microservice/query/cachedresults/monitor/config/MonitorConfig.java,2,1,0,16,5,0,0,1,0,1,0,0.0,0.0,1
NationalSecurityAgency/datawave,microservices/starters/datawave/src/main/java/datawave/microservice/authorization/config/DatawaveSecurityConfiguration.java,1,1,0,6,0,0,0,1,0,0,0,0.0,0.0,1
NationalSecurityAgency/datawave,warehouse/query-core/src/main/java/datawave/query/index/lookup/ShardSpecificIndexIterator.java,16,1,0,5,17,5,0,7,1,7,0,0.6666667,1.0,1
NationalSecurityAgency/datawave,microservices/starters/query/src/main/java/datawave/microservice/query/edge/EdgeModelFieldsFactoryImpl.java,8,1,0,4,9,10,0,8,0,3,0,0.32142857,0.75,1
NationalSecurityAgency/datawave,warehouse/query-core/src/main/java/datawave/query/data/parsers/TermFrequencyKey.java,39,1,0,4,10,0,0,10,0,11,0,0.51111114,1.0,1
NationalSecurityAgency/datawave,warehouse/query-core/src/main/java/datawave/query/index/lookup/AnonymousIterable.java,2,1,0,1,0,0,0,2,0,1,0,1.0,1.0,1
NationalSecurityAgency/datawave,web-services/query/src/main/java/datawave/webservice/query/cache/ClosedQueryCache.java,8,1,0,4,10,0,0,3,0,2,0,1.0,1.0,1
NationalSecurityAgency/datawave,warehouse/query-core/src/main/java/datawave/query/config/RemoteQueryConfiguration.java,18,2,0,5,10,79,0,14,2,3,1,0.06593407,0.10989011,1
NationalSecurityAgency/datawave,core/annotation/src/test/java/datawave/annotation/data/v1/AccumuloAnnotationSerializerTest.java,10,1,0,14,51,3,0,3,0,1,1,0.0,0.0,1
NationalSecurityAgency/datawave,warehouse/query-core/src/test/java/datawave/query/jexl/visitors/CardinalityVisitorTest.java,22,1,0,4,9,188,0,20,0,1,0,0.0,0.0,1
NationalSecurityAgency/datawave,web-services/accumulo/src/main/java/datawave/webservice/operations/admin/PermissionsBean.java,4,1,0,14,4,0,0,4,0,1,0,1.0,1.0,1
NationalSecurityAgency/datawave,core/query/src/main/java/datawave/core/query/iterator/DatawaveTransformIterator.java,16,2,0,6,6,9,0,6,0,2,0,0.1,0.1,1
NationalSecurityAgency/datawave,warehouse/query-core/src/test/java/datawave/next/DocIdIteratorVisitorTest.java,25,2,0,9,14,294,0,25,0,3,0,0.01,0.01,1
NationalSecurityAgency/datawave,warehouse/metrics-core/src/main/java/datawave/metrics/config/MetricsOptions.java,1,2,0,1,6,0,0,1,0,1,1,0.0,0.0,1
NationalSecurityAgency/datawave,warehouse/ingest-core/src/main/java/datawave/ingest/data/config/ingest/CompositeFieldIngestHelper.java,8,1,0,7,8,6,0,8,0,2,0,0.39285713,0.53571427,1
NationalSecurityAgency/datawave,warehouse/query-core/src/test/java/datawave/query/iterator/logic/RegexFilterIteratorTest.java,42,1,0,8,20,84,0,17,0,5,1,0.22222222,0.22222222,1
NationalSecurityAgency/datawave,warehouse/ingest-csv/src/main/java/datawave/ingest/csv/mr/input/CSVRecordReader.java,42,3,0,17,57,76,0,16,0,8,2,0.15238096,0.22857143,1
NationalSecurityAgency/datawave,warehouse/query-core/src/main/java/datawave/query/jexl/visitors/HasTopLevelNegationVisitor.java,22,1,0,9,7,6,0,4,1,0,0,0.0,0.0,1
NationalSecurityAgency/datawave,warehouse/age-off/src/test/java/datawave/ingest/util/cache/watch/TestFieldFilter.java,2,3,0,4,2,0,0,2,0,1,0,1.0,1.0,1
NationalSecurityAgency/datawave,warehouse/ingest-core/src/main/java/datawave/ingest/data/config/FieldConfigHelperConstants.java,0,1,0,0,0,0,0,0,0,1,1,0.0,0.0,1
NationalSecurityAgency/datawave,warehouse/query-core/src/test/java/datawave/query/transformer/annotation/BoundaryComparatorTest.java,23,1,0,4,8,0,0,7,0,7,6,1.0,1.0,1
NationalSecurityAgency/datawave,microservices/starters/query/src/main/java/datawave/microservice/query/messaging/kafka/config/KafkaMessagingConfiguration.java,12,1,0,18,16,10,0,5,0,0,0,0.0,0.0,1
NationalSecurityAgency/datawave,warehouse/query-core/src/main/java/datawave/core/iterators/FieldedRegexExpansionIterator.java,30,2,0,16,38,0,0,6,0,19,7,0.53333336,0.6666667,2
NationalSecurityAgency/datawave,warehouse/query-core/src/main/java/datawave/next/scanner/DocumentScannerConfig.java,73,1,0,10,3,2376,0,72,0,37,1,0.03521127,0.17762129,1
NationalSecurityAgency/datawave,microservices/services/authorization/service/src/main/java/datawave/microservice/authorization/oauth/OAuthProperties.java,8,1,0,6,5,20,0,8,0,4,0,0.14285715,0.14285715,1
NationalSecurityAgency/datawave,warehouse/query-core/src/main/java/datawave/query/iterator/errors/ErrorReportingIterator.java,14,3,0,10,5,13,0,6,0,1,1,0.06666667,0.06666667,1
NationalSecurityAgency/datawave,core/common-util/src/main/java/datawave/core/common/logging/ThreadConfigurableLogger.java,60,2,0,5,28,0,0,35,6,2,1,0.56149733,0.56149733,1
NationalSecurityAgency/datawave,warehouse/query-core/src/main/java/datawave/query/jexl/visitors/DisjunctionEliminationVisitor.java,44,4,0,14,35,105,0,15,1,1,1,0.0,0.0,1
NationalSecurityAgency/datawave,warehouse/query-core/src/main/java/datawave/query/tld/DedupeColumnFamilies.java,2,1,0,4,4,0,0,2,0,1,0,1.0,1.0,1
NationalSecurityAgency/datawave,warehouse/core/src/main/java/datawave/data/hash/UIDBuilder.java,6,1,0,5,0,15,0,6,0,0,0,0.0,0.0,1
NationalSecurityAgency/datawave,warehouse/ingest-core/src/main/java/datawave/ingest/table/config/AtomTableConfigHelper.java,6,2,0,8,9,0,0,2,0,4,2,1.0,1.0,1
NationalSecurityAgency/datawave,warehouse/metrics-core/src/main/java/datawave/metrics/util/WritableUtil.java,30,1,0,5,17,21,0,7,7,1,1,0.0,0.0,1
NationalSecurityAgency/datawave,warehouse/metrics-core/src/main/java/datawave/metrics/mapreduce/TextRecordReader.java,1,3,0,5,0,0,0,1,0,0,0,0.0,0.0,1
NationalSecurityAgency/datawave,warehouse/query-core/src/main/java/datawave/query/language/functions/jexl/NoExpansion.java,7,2,0,4,6,6,0,4,0,0,0,0.0,0.0,1
NationalSecurityAgency/datawave,warehouse/query-core/src/main/java/datawave/query/jexl/visitors/ExpandMultiNormalizedTerms.java,90,4,0,36,91,81,0,15,1,4,1,0.08974359,0.12820514,1
NationalSecurityAgency/datawave,warehouse/query-core/src/test/java/datawave/query/PushdownQueryTest.java,21,2,0,15,17,0,0,13,1,2,2,0.7051282,0.7051282,1
NationalSecurityAgency/datawave,core/utils/type-utils/src/main/java/datawave/webservice/query/util/XMLUtil.java,12,1,0,0,2,3,0,3,2,0,0,0.0,0.0,1
NationalSecurityAgency/datawave,warehouse/query-core/src/main/java/datawave/query/index/lookup/BaseIndexStream.java,20,1,4,8,9,12,0,12,0,8,0,0.4090909,0.6818182,1
NationalSecurityAgency/datawave,microservices/starters/query/src/main/java/datawave/microservice/query/messaging/rabbitmq/RabbitMQQueryResultsListener.java,26,2,0,14,33,0,0,7,0,8,0,0.5714286,1.0,1
NationalSecurityAgency/datawave,warehouse/query-core/src/test/java/datawave/query/jexl/visitors/PushdownNegationVisitorTest.java,38,1,0,7,22,666,0,37,0,1,0,0.0,0.0,1
NationalSecurityAgency/datawave,warehouse/ingest-core/src/main/java/datawave/ingest/data/tokenize/DefaultTokenSearch.java,169,1,0,6,56,997,0,47,3,13,2,0.036714975,0.059903383,1
NationalSecurityAgency/datawave,web-services/common-util/src/main/java/datawave/resteasy/util/DateParamConverterProvider.java,2,1,0,6,2,0,0,1,0,0,0,0.0,0.0,1
NationalSecurityAgency/datawave,warehouse/age-off/src/main/java/datawave/iterators/filter/ageoff/AppliedRule.java,21,1,8,9,21,4,0,12,0,4,1,0.4090909,0.54545456,1
NationalSecurityAgency/datawave,web-services/query/src/test/java/datawave/webservice/query/cache/CreatedQueryLogicCacheBeanTest.java,11,1,0,8,24,0,0,11,0,9,0,1.0,1.0,1
NationalSecurityAgency/datawave,microservices/services/query-executor/service/src/main/java/datawave/microservice/query/executor/QueryExecutorStateService.java,3,1,0,2,0,3,0,3,0,0,0,0.0,0.0,1
NationalSecurityAgency/datawave,warehouse/query-core/src/test/java/datawave/query/DataTypeQueryTest.java,29,2,0,12,25,0,0,13,1,6,6,0.7051282,0.7051282,1
NationalSecurityAgency/datawave,warehouse/query-core/src/test/java/datawave/query/tables/ssdeep/util/SSDeepTestUtil.java,11,1,0,13,36,6,0,4,4,8,8,0.0,0.0,1
NationalSecurityAgency/datawave,core/utils/accumulo-utils/src/test/java/datawave/scan/ExecutionHintHelperTest.java,26,1,0,4,22,271,0,26,0,5,0,0.14035088,0.14035088,1
NationalSecurityAgency/datawave,warehouse/ingest-core/src/main/java/datawave/ingest/mapreduce/job/TableSplitsCache.java,91,2,0,18,94,344,0,32,5,26,17,0.17028986,0.33695653,1
NationalSecurityAgency/datawave,microservices/services/query/service/src/test/java/datawave/microservice/query/QueryServiceListTest.java,22,2,0,17,46,36,0,9,0,0,0,0.0,0.0,1
NationalSecurityAgency/datawave,web-services/security/src/test/java/datawave/security/util/MockCallbackHandler.java,2,1,0,1,6,0,0,2,0,4,0,1.0,1.0,1
NationalSecurityAgency/datawave,warehouse/core/src/test/java/datawave/edge/util/EdgeKeyTest.java,26,1,0,8,76,130,0,20,0,9,0,0.3846154,0.46153846,1
NationalSecurityAgency/datawave,warehouse/query-core/src/test/java/datawave/query/jexl/visitors/UnfieldedIndexExpansionVisitorTest.java,38,2,0,20,50,237,0,34,6,9,9,0.07971015,0.07971015,2
NationalSecurityAgency/datawave,warehouse/query-core/src/test/java/datawave/test/iter/DelayIterator.java,15,1,0,9,17,17,0,10,0,5,1,0.33333334,1.0,1
NationalSecurityAgency/datawave,web-services/query/src/main/java/datawave/webservice/query/limit/MatchableLimit.java,7,1,0,2,5,0,0,5,0,3,0,0.7,1.0,1
NationalSecurityAgency/datawave,core/connection-pool/src/main/java/datawave/core/common/cache/AccumuloTableCacheProperties.java,27,1,0,2,3,245,0,27,0,9,0,0.15099715,1.0,1
NationalSecurityAgency/datawave,warehouse/query-core/src/main/java/datawave/query/jexl/functions/arguments/RebuildingJexlArgumentDescriptor.java,1,1,0,6,0,0,0,1,0,0,0,0.0,0.0,1
NationalSecurityAgency/datawave,warehouse/query-core/src/main/java/datawave/query/jexl/functions/CardinalityAggregator.java,12,3,0,14,28,0,0,2,0,3,2,1.0,1.0,1
NationalSecurityAgency/datawave,warehouse/ingest-core/src/main/java/datawave/ingest/data/RawDataErrorNames.java,0,1,0,0,0,0,0,0,0,20,20,0.0,0.0,1
NationalSecurityAgency/datawave,microservices/starters/cache/src/main/java/datawave/autoconfigure/HazelcastCacheConfiguration.java,2,1,0,11,1,0,0,2,0,1,0,1.0,1.0,1
NationalSecurityAgency/datawave,warehouse/query-core/src/test/java/datawave/query/function/AncestorRangeProviderTest.java,3,1,0,5,4,0,0,3,0,10,0,1.0,1.0,1
NationalSecurityAgency/datawave,warehouse/metrics-core/src/main/java/datawave/metrics/iterators/IngestRateIterator.java,7,2,0,10,15,6,0,4,0,2,2,0.0,0.0,1
NationalSecurityAgency/datawave,warehouse/query-core/src/test/java/datawave/core/iterators/FieldedRegexExpansionIteratorTest.java,24,1,0,8,37,173,0,22,0,8,1,0.073529415,0.15441176,1
NationalSecurityAgency/datawave,warehouse/query-core/src/main/java/datawave/query/predicate/EventDataQueryFieldFilter.java,24,1,0,7,12,54,0,13,0,6,0,0.121212125,0.22727273,1
NationalSecurityAgency/datawave,warehouse/ingest-annotation/src/main/java/datawave/ingest/annotation/mapreduce/handler/SimpleAnnotationIngestHelper.java,4,4,0,17,26,1,0,2,0,3,3,0.0,0.0,1
NationalSecurityAgency/datawave,warehouse/query-core/src/main/java/datawave/query/language/functions/jexl/GroupByMinute.java,2,3,0,3,0,1,0,2,0,0,0,0.0,0.0,1
NationalSecurityAgency/datawave,microservices/services/accumulo/api/src/main/java/datawave/webservice/request/UpdateRequest.java,4,1,0,6,0,2,0,4,0,2,0,0.33333334,0.33333334,1
NationalSecurityAgency/datawave,warehouse/query-core/src/main/java/datawave/next/DocIdQueryIterator.java,53,1,0,19,48,33,0,14,0,26,5,0.2777778,0.7777778,1
NationalSecurityAgency/datawave,warehouse/metrics-core/src/main/java/datawave/metrics/mapreduce/util/TypeNameConverter.java,8,1,0,0,3,2,0,4,0,2,0,0.33333334,0.33333334,1
NationalSecurityAgency/datawave,warehouse/ingest-core/src/test/java/datawave/ingest/table/aggregator/DateIndexDateAggregatorTest.java,25,1,0,5,21,0,0,5,0,1,0,1.0,1.0,1
NationalSecurityAgency/datawave,core/in-memory-accumulo/src/main/java/datawave/accumulo/inmemory/InMemoryUser.java,1,1,0,3,2,0,0,1,0,4,0,0.0,0.0,1
NationalSecurityAgency/datawave,warehouse/ingest-json/src/test/java/datawave/ingest/json/mr/handler/ContentJsonColumnBasedHandlerTest.java,10,1,0,24,42,0,0,7,4,5,4,0.33333334,0.33333334,1
NationalSecurityAgency/datawave,warehouse/query-core/src/main/java/datawave/query/iterator/QueryInformationIterator.java,28,2,1,13,13,13,0,11,1,6,2,0.38181818,0.6545454,1
NationalSecurityAgency/datawave,warehouse/age-off-utils/src/test/java/datawave/age/off/util/AgeOffCsvToMatchPatternFormatterTest.java,33,1,0,5,38,367,0,30,2,9,9,0.07509881,0.07509881,1
NationalSecurityAgency/datawave,warehouse/query-core/src/test/java/datawave/query/rules/AmbiguousOrPhrasesRuleTest.java,17,2,0,6,6,136,0,17,0,0,0,0.0,0.0,1
NationalSecurityAgency/datawave,warehouse/age-off-utils/src/main/java/datawave/age/off/util/AgeOffCsvToMatchPatternFormatter.java,40,1,0,5,46,22,0,13,0,11,9,1.0,1.0,1
NationalSecurityAgency/datawave,warehouse/query-core/src/main/java/datawave/query/index/lookup/HintToShardIterator.java,15,1,0,5,14,7,0,6,0,5,0,0.6666667,1.0,1
NationalSecurityAgency/datawave,web-services/query/src/test/java/datawave/webservice/query/limit/QueryLimiterTest.java,23,1,0,12,53,0,0,20,0,10,6,0.5809524,0.5809524,1
NationalSecurityAgency/datawave,warehouse/ingest-core/src/test/java/datawave/ingest/mapreduce/handler/dateindex/DateIndexUtilTest.java,9,1,0,1,8,1,0,2,0,0,0,0.0,0.0,1
NationalSecurityAgency/datawave,warehouse/ingest-core/src/main/java/datawave/ingest/mapreduce/handler/shard/ShardStatsDataTypeHandler.java,9,1,0,13,5,19,0,7,0,2,2,0.04761905,0.04761905,1
NationalSecurityAgency/datawave,warehouse/ingest-core/src/main/java/datawave/ingest/mapreduce/partition/MultiTableRangePartitioner.java,24,2,3,13,26,29,0,11,1,11,5,0.2,0.33333334,1
NationalSecurityAgency/datawave,warehouse/query-core/src/test/java/datawave/query/jexl/visitors/RootNegationCheckVisitorTest.java,13,1,0,3,4,78,0,13,0,0,0,0.0,0.0,1
NationalSecurityAgency/datawave,web-services/client/src/main/java/datawave/webservice/modification/ModificationEvent.java,5,2,0,8,2,0,0,5,0,3,1,0.6,1.0,1
NationalSecurityAgency/datawave,web-services/security/src/main/java/datawave/security/system/SecurityDomainProducer.java,2,1,0,7,0,0,0,1,0,2,0,0.0,0.0,1
NationalSecurityAgency/datawave,microservices/starters/query/src/main/java/datawave/microservice/query/logic/config/EventQueryConfiguration.java,2,1,0,8,2,1,0,2,0,0,0,0.0,0.0,1
NationalSecurityAgency/datawave,core/utils/type-utils/src/main/java/datawave/data/normalizer/regex/QuestionMarkNode.java,5,2,0,4,1,10,0,5,0,0,0,0.0,0.0,1
NationalSecurityAgency/datawave,warehouse/core/src/main/java/datawave/query/iterator/SortedListKeyValueIterator.java,27,1,0,6,17,0,0,13,0,6,0,0.6545454,0.6545454,1
NationalSecurityAgency/datawave,warehouse/ssdeep-common/src/main/java/datawave/util/ssdeep/SSDeepParseException.java,3,4,0,1,0,0,0,3,0,3,1,1.0,1.0,1
NationalSecurityAgency/datawave,warehouse/ingest-core/src/test/java/datawave/ingest/time/NowTest.java,6,1,0,2,8,10,0,5,0,0,0,0.0,0.0,1
NationalSecurityAgency/datawave,warehouse/query-core/src/main/java/datawave/query/language/functions/jexl/Lenient.java,5,2,0,4,4,6,0,4,0,0,0,0.0,0.0,1
NationalSecurityAgency/datawave,core/utils/type-utils/src/test/java/datawave/query/parser/JavaRegexAnalyzerTest.java,71,1,0,11,35,0,0,55,2,1,1,0.7279461,0.7279461,1
NationalSecurityAgency/datawave,core/utils/metadata-utils/src/main/java/datawave/query/util/Metadata.java,25,1,0,6,18,58,0,16,2,15,9,0.24175824,0.4945055,1
NationalSecurityAgency/datawave,warehouse/ingest-core/src/main/java/datawave/ingest/input/reader/ShardStatsRecordReader.java,6,2,0,5,0,15,0,6,0,0,0,0.0,0.0,1
NationalSecurityAgency/datawave,microservices/services/hazelcast/service/src/main/java/datawave/microservice/cached/server/HazelcastConfiguration.java,8,1,0,16,30,6,0,4,0,1,0,0.0,0.0,1
NationalSecurityAgency/datawave,core/utils/metadata-utils/src/test/java/datawave/iterators/filter/EdgeMetadataCQStripperCombinerTest.java,14,1,0,24,44,0,0,6,2,8,7,1.0,1.0,1
NationalSecurityAgency/datawave,core/in-memory-accumulo/src/main/java/datawave/accumulo/inmemory/InMemoryMultiTableBatchWriter.java,6,1,0,4,3,8,0,5,0,2,0,0.1,0.1,1
NationalSecurityAgency/datawave,core/utils/type-utils/src/test/java/datawave/webservice/query/util/XMLUtilTest.java,4,1,0,2,7,3,0,3,0,0,0,0.0,0.0,1
NationalSecurityAgency/datawave,warehouse/ingest-core/src/test/java/datawave/ingest/table/aggregator/CardinalityAggregatorTest.java,4,1,0,6,17,0,0,4,0,1,0,1.0,1.0,1
NationalSecurityAgency/datawave,warehouse/query-core/src/main/java/datawave/next/RangeDocIdIterator.java,18,3,0,9,26,0,0,11,0,3,0,0.30555555,0.41666666,1
NationalSecurityAgency/datawave,warehouse/query-core/src/main/java/datawave/query/language/tree/RequireNode.java,6,2,0,3,8,0,0,4,0,2,1,0.5,0.5,1
NationalSecurityAgency/datawave,warehouse/query-core/src/test/java/datawave/query/jexl/functions/ContentFunctionsDescriptorTest.java,15,1,0,9,29,58,0,13,0,13,0,1.0,1.0,1
NationalSecurityAgency/datawave,warehouse/ingest-core/src/main/java/datawave/ingest/data/config/FieldConfigHelper.java,7,1,0,0,0,21,0,7,0,0,0,0.0,0.0,1
NationalSecurityAgency/datawave,web-services/security/src/test/java/datawave/security/authorization/remote/RemoteUserOperationsUtil.java,5,2,0,16,41,8,0,5,0,1,0,0.16666667,0.16666667,1
NationalSecurityAgency/datawave,warehouse/query-core/src/test/java/datawave/core/iterators/TermFrequencyIteratorTest.java,44,1,0,10,34,251,0,23,0,2,0,0.005263158,0.005263158,1
NationalSecurityAgency/datawave,core/utils/accumulo-utils/src/main/java/datawave/webservice/common/connection/BatchDeleterDelegate.java,3,2,0,3,2,3,0,3,0,0,0,0.0,0.0,1
NationalSecurityAgency/datawave,core/utils/type-utils/src/main/java/datawave/data/normalizer/regex/visitor/ZeroTrimmer.java,112,2,0,18,49,120,0,16,4,0,0,0.0,0.0,1
NationalSecurityAgency/datawave,warehouse/query-core/src/main/java/datawave/query/function/PrefixEquality.java,2,1,0,3,1,0,0,2,0,1,0,1.0,1.0,1
NationalSecurityAgency/datawave,warehouse/query-core/src/main/java/datawave/query/iterator/profile/EvaluationTrackingFunction.java,2,1,0,7,4,0,0,2,0,4,0,1.0,1.0,1
NationalSecurityAgency/datawave,warehouse/query-core/src/test/java/datawave/query/jexl/util/JexlQueryGeneratorTest.java,20,1,0,8,26,98,0,17,0,6,1,0.045454547,0.045454547,1
NationalSecurityAgency/datawave,warehouse/query-core/src/main/java/datawave/query/language/functions/jexl/IsNotNull.java,5,2,0,4,5,6,0,4,0,0,0,0.0,0.0,1
NationalSecurityAgency/datawave,core/in-memory-accumulo/src/main/java/datawave/accumulo/inmemory/impl/InMemoryTabletLocator.java,8,2,0,8,5,21,0,7,0,0,0,0.0,0.0,1
NationalSecurityAgency/datawave,warehouse/metrics-core/src/main/java/datawave/metrics/analytic/HourlyPrecisionHelper.java,5,1,0,2,4,3,0,3,2,0,0,0.0,0.0,1
NationalSecurityAgency/datawave,microservices/services/dictionary/service/src/main/java/datawave/microservice/dictionary/edge/EdgeDictionary.java,3,1,0,6,0,3,0,3,0,1,0,0.0,0.0,1
NationalSecurityAgency/datawave,core/utils/common-utils/src/test/java/datawave/microservice/security/util/DnUtilsTest.java,14,1,0,3,11,0,0,14,0,1,0,1.0,1.0,1
NationalSecurityAgency/datawave,warehouse/query-core/src/main/java/datawave/query/util/sortedset/RFileKeyInputStream.java,14,1,0,8,13,0,0,6,0,8,1,0.5,1.0,1
NationalSecurityAgency/datawave,warehouse/metrics-core/src/main/java/datawave/metrics/keys/AnalyticEntryKey.java,10,1,0,4,7,24,0,9,0,4,0,0.16666667,0.41666666,1
NationalSecurityAgency/datawave,warehouse/ingest-core/src/main/java/datawave/ingest/mapreduce/handler/edge/EdgeKeyVersioningCache.java,25,1,0,16,45,13,0,10,0,12,7,0.53333336,0.6666667,1
NationalSecurityAgency/datawave,core/tables/src/test/java/datawave/table/key/parser/IndexKeyConversionTests.java,4,1,0,1,0,6,0,4,0,0,0,0.0,0.0,1
NationalSecurityAgency/datawave,warehouse/query-core/src/main/java/datawave/query/planner/rules/FieldRule.java,5,1,2,4,1,10,0,5,0,0,0,0.0,0.0,1
NationalSecurityAgency/datawave,warehouse/ingest-core/src/test/java/datawave/ingest/data/config/MarkingsHelperTest.java,4,1,0,5,8,0,0,4,0,2,2,1.0,1.0,1
NationalSecurityAgency/datawave,warehouse/query-core/src/main/java/datawave/query/language/builder/jexl/RegexpQueryNodeBuilder.java,4,1,0,6,4,0,0,1,0,0,0,0.0,0.0,1
NationalSecurityAgency/datawave,core/utils/type-utils/src/main/java/datawave/data/normalizer/regex/Node.java,50,1,20,4,32,207,0,35,0,3,0,0.31932774,0.31932774,1
NationalSecurityAgency/datawave,microservices/services/query/api/src/main/java/datawave/microservice/query/config/QueryExpirationProperties.java,47,1,0,3,3,971,0,47,0,19,0,0.050878815,0.084181316,1
NationalSecurityAgency/datawave,warehouse/ingest-core/src/test/java/datawave/ingest/config/TestIngestConfigurationImpl.java,5,1,0,12,2,10,0,5,0,0,0,0.0,0.0,1
NationalSecurityAgency/datawave,warehouse/query-core/src/main/java/datawave/next/scanner/DocumentIdConsumer.java,12,1,0,7,31,0,0,2,0,11,1,1.0,1.0,1
NationalSecurityAgency/datawave,warehouse/age-off/src/main/java/datawave/iterators/filter/ColumnVisibilityRegexFilter.java,1,3,0,3,2,0,0,1,0,0,0,0.0,0.0,1
NationalSecurityAgency/datawave,microservices/starters/cache/src/main/java/datawave/autoconfigure/CaffeineCacheConfiguration.java,9,1,0,15,14,0,0,4,0,5,0,1.0,1.0,1
NationalSecurityAgency/datawave,microservices/starters/query/src/main/java/datawave/microservice/query/messaging/rabbitmq/RabbitMQQueryResultsPublisher.java,16,1,0,16,35,0,0,4,0,8,1,1.0,1.0,1
NationalSecurityAgency/datawave,web-services/query/src/test/java/datawave/webservice/query/limit/QueryLogicGroupLimitProviderTest.java,16,1,0,5,15,26,0,16,0,2,0,0.3956044,0.3956044,1
NationalSecurityAgency/datawave,warehouse/query-core/src/main/java/datawave/query/index/lookup/PeekOrdering.java,5,2,0,4,5,4,0,5,3,1,0,0.16666667,0.16666667,1
NationalSecurityAgency/datawave,warehouse/keyword-common/src/test/java/datawave/util/keyword/YakeKeywordExtractorTest.java,6,1,0,9,37,0,0,4,0,5,5,0.3,0.3,1
NationalSecurityAgency/datawave,core/annotation/src/main/java/datawave/annotation/data/AnnotationUpdateException.java,2,5,0,1,0,1,0,2,0,1,1,0.0,0.0,1
NationalSecurityAgency/datawave,warehouse/ops-tools/config-compare/src/test/java/datawave/configuration/DataTypeConfigCompareTest.java,5,1,0,5,10,0,0,5,0,5,2,1.0,1.0,1
NationalSecurityAgency/datawave,warehouse/query-core/src/test/java/datawave/query/tables/keyword/TagCloudTestUtil.java,6,1,0,4,16,3,0,3,0,6,6,0.0,0.0,1
NationalSecurityAgency/datawave,warehouse/query-core/src/main/java/datawave/core/iterators/filter/GlobalIndexDateRangeFilter.java,7,2,0,8,18,1,0,3,1,2,1,0.33333334,0.33333334,1
NationalSecurityAgency/datawave,microservices/services/query/service/src/main/java/datawave/microservice/query/mapreduce/MapReduceQueryController.java,16,1,0,31,30,0,0,14,0,1,0,1.0,1.0,1
NationalSecurityAgency/datawave,warehouse/age-off/src/main/java/datawave/iterators/filter/AgeOffConfigParams.java,0,1,0,0,0,0,0,0,0,12,12,0.0,0.0,1
NationalSecurityAgency/datawave,warehouse/ingest-wikipedia/src/main/java/datawave/ingest/wikipedia/ISO_639_Codes.java,0,1,0,1,4,0,0,0,0,1,1,0.0,0.0,1
NationalSecurityAgency/datawave,warehouse/query-core/src/test/java/datawave/query/attributes/it/DateTypeAttributeIT.java,10,2,0,9,12,45,0,10,1,0,0,0.0,0.0,1
NationalSecurityAgency/datawave,web-services/common-util/src/main/java/datawave/resteasy/interceptor/CreateQuerySessionIDFilter.java,6,1,0,9,21,1,0,2,1,2,1,0.0,0.0,1
NationalSecurityAgency/datawave,warehouse/query-core/src/main/java/datawave/query/jexl/visitors/IngestTypePruningVisitor.java,84,3,0,27,43,500,0,33,2,6,1,0.005263158,0.005263158,1
NationalSecurityAgency/datawave,warehouse/ingest-core/src/main/java/datawave/ingest/util/GenerateEdgeKeyVersionCache.java,17,1,0,7,17,1,0,2,2,1,1,0.0,0.0,1
NationalSecurityAgency/datawave,warehouse/ingest-core/src/main/java/datawave/ingest/mapreduce/RawRecordPredicate.java,4,1,0,3,3,6,0,4,0,0,0,0.0,0.0,1
NationalSecurityAgency/datawave,warehouse/query-core/src/test/java/datawave/query/jexl/util/QueryGenerator.java,36,1,0,1,0,630,0,36,0,0,0,0.0,0.0,1
NationalSecurityAgency/datawave,microservices/starters/query/src/main/java/datawave/microservice/query/logic/config/converter/StringToTypeConverter.java,2,1,0,4,3,0,0,1,0,0,0,0.0,0.0,1
NationalSecurityAgency/datawave,warehouse/query-core/src/main/java/datawave/query/jexl/visitors/ShortCircuitBaseVisitor.java,30,3,20,31,0,435,0,30,0,0,0,0.0,0.0,1
NationalSecurityAgency/datawave,core/query/src/main/java/datawave/core/query/logic/ResultPostprocessor.java,2,1,0,1,0,0,0,2,0,0,0,0.0,0.0,2
NationalSecurityAgency/datawave,microservices/services/query/service/src/main/java/datawave/microservice/query/cachedresults/CachedResultsQueryController.java,13,1,0,24,12,0,0,13,0,1,0,1.0,1.0,1
NationalSecurityAgency/datawave,warehouse/ingest-core/src/main/java/datawave/ingest/data/config/ingest/ContentBaseIngestHelper.java,23,5,1,8,19,39,0,11,1,22,12,0.17777778,0.8,1
NationalSecurityAgency/datawave,warehouse/core/src/test/java/datawave/data/hash/SnowflakeUIDTest.java,36,1,0,9,72,0,0,14,0,4,0,0.31868133,0.3956044,2
NationalSecurityAgency/datawave,warehouse/query-core/src/test/java/datawave/next/retrieval/DocumentIteratorTest.java,3,1,0,11,14,3,0,3,0,1,0,0.0,0.0,1
NationalSecurityAgency/datawave,core/in-memory-accumulo/src/main/java/datawave/accumulo/inmemory/InMemoryConfiguration.java,6,2,0,2,7,0,0,5,0,1,0,1.0,1.0,1
NationalSecurityAgency/datawave,warehouse/query-core/src/main/java/datawave/query/tables/term/TermFrequencyQueryTable.java,16,2,0,18,26,39,0,10,0,3,3,0.06666667,0.06666667,1
NationalSecurityAgency/datawave,microservices/services/query-metric/service/src/test/java/datawave/microservice/querymetric/HazelcastCachingTest.java,6,2,0,12,14,6,0,4,0,0,0,0.0,0.0,1
NationalSecurityAgency/datawave,warehouse/query-core/src/main/java/datawave/query/tables/ScannerSession.java,102,2,3,17,67,348,0,32,0,21,1,0.14919356,0.6048387,1
NationalSecurityAgency/datawave,warehouse/query-core/src/main/java/datawave/query/exceptions/TooManyTermsException.java,4,4,0,1,0,6,0,4,0,1,1,0.0,0.0,1
NationalSecurityAgency/datawave,warehouse/query-core/src/main/java/datawave/query/enrich/EnrichingMaster.java,14,1,0,7,14,0,0,3,0,7,5,0.6666667,1.0,1
NationalSecurityAgency/datawave,warehouse/age-off/src/main/java/datawave/ingest/util/cache/watch/XmlRuleProcessor.java,36,1,0,10,68,32,0,9,0,2,1,0.0,0.0,1
NationalSecurityAgency/datawave,microservices/starters/datawave/src/test/java/datawave/microservice/http/converter/protostuff/PermitAllSecurityConfigurer.java,1,2,0,6,3,0,0,1,0,0,0,0.0,0.0,1
NationalSecurityAgency/datawave,warehouse/query-core/src/test/java/datawave/query/planner/PartitionedPlanVisitor.java,4,2,0,6,10,1,0,2,1,0,0,0.0,0.0,1
NationalSecurityAgency/datawave,web-services/query/src/main/java/datawave/webservice/query/limit/WildcardMatcher.java,5,1,0,3,1,10,0,5,1,1,1,0.0,0.0,1
NationalSecurityAgency/datawave,warehouse/core/src/main/java/datawave/ingest/util/cache/ReloadableCacheBuilder.java,14,3,0,7,15,13,0,6,0,1,1,0.06666667,0.06666667,1
NationalSecurityAgency/datawave,warehouse/query-core/src/main/java/datawave/query/language/parser/lucene/AccumuloSyntaxParserTokenManager.java,473,1,0,6,36,498,0,33,3,21,10,0.2857143,0.35714287,1
NationalSecurityAgency/datawave,microservices/services/accumulo/service/src/main/java/datawave/microservice/accumulo/mock/MockAccumuloDataService.java,7,1,0,12,17,4,0,4,0,3,1,0.33333334,0.33333334,1
NationalSecurityAgency/datawave,warehouse/ingest-core/src/main/java/datawave/ingest/table/aggregator/KeepCountOnlyNoUidAggregator.java,1,5,0,1,0,0,0,1,0,0,0,0.0,0.0,1
NationalSecurityAgency/datawave,warehouse/query-core/src/test/java/datawave/query/jexl/visitors/BaseIndexExpansionTest.java,24,1,3,22,40,82,0,17,2,16,11,0.24761905,0.34285715,1
NationalSecurityAgency/datawave,warehouse/core/src/main/java/datawave/util/TableName.java,1,1,0,0,0,0,0,1,0,12,12,0.0,0.0,1
NationalSecurityAgency/datawave,web-services/client/src/main/java/datawave/webservice/modification/UUIDEventIdentifier.java,5,1,0,5,2,0,0,5,0,3,1,0.6,1.0,1
NationalSecurityAgency/datawave,microservices/starters/cached-results/src/main/java/datawave/microservice/query/cachedresults/QueryService.java,5,1,0,4,0,10,0,5,0,0,0,0.0,0.0,1
NationalSecurityAgency/datawave,warehouse/ingest-core/src/main/java/datawave/ingest/mapreduce/job/metrics/ReusableMetricsLabels.java,3,1,0,1,5,1,0,3,0,1,0,0.33333334,0.33333334,1
NationalSecurityAgency/datawave,web-services/query/src/main/java/datawave/webservice/query/runner/IdTranslatorBean.java,19,1,0,37,45,7,0,6,0,10,2,0.0,0.0,1
NationalSecurityAgency/datawave,microservices/services/query-metric/api/src/main/java/datawave/microservice/querymetric/QueryMetricSummary.java,33,1,0,4,7,204,0,24,0,10,2,0.13043478,0.5072464,1
NationalSecurityAgency/datawave,warehouse/common/src/main/java/datawave/common/util/ArgumentChecker.java,15,1,0,0,0,0,0,5,4,1,1,1.0,1.0,1
NationalSecurityAgency/datawave,warehouse/query-core/src/main/java/datawave/next/DocIdIteratorVisitor.java,90,2,0,29,62,257,0,26,1,13,1,0.09150327,0.29411766,1
NationalSecurityAgency/datawave,warehouse/query-core/src/test/java/datawave/query/jexl/visitors/EdgeTableRangeBuildingVisitorTest.java,3,1,0,8,8,0,0,3,0,3,0,1.0,1.0,1
NationalSecurityAgency/datawave,microservices/starters/query/src/main/java/datawave/microservice/query/logic/config/QueryLogicFactoryProperties.java,10,1,0,1,0,35,0,10,0,5,0,0.11111111,0.11111111,1
NationalSecurityAgency/datawave,warehouse/query-core/src/main/java/datawave/query/attributes/ValueTuple.java,40,2,0,6,22,141,0,19,8,1,0,0.0877193,0.0877193,1
NationalSecurityAgency/datawave,warehouse/age-off/src/main/java/datawave/ingest/util/cache/watch/AgeOffFileLoaderDependencyProvider.java,1,1,0,1,0,0,0,1,0,0,0,0.0,0.0,1
NationalSecurityAgency/datawave,warehouse/ingest-core/src/test/java/datawave/ingest/mapreduce/job/reindex/ShardReindexVerificationMapperTest.java,24,2,0,20,38,0,0,18,0,9,0,0.9150327,1.0,1
NationalSecurityAgency/datawave,warehouse/query-core/src/main/java/datawave/query/index/year/YearIndexIterator.java,17,1,0,3,14,3,0,6,0,8,0,0.4,1.0,1
NationalSecurityAgency/datawave,core/query/src/main/java/datawave/core/query/logic/composite/CompositeUserOperations.java,27,1,0,16,51,9,0,7,2,4,0,0.4,0.4,1
NationalSecurityAgency/datawave,microservices/services/query/service/src/test/java/datawave/microservice/query/lookup/LookupServiceTest.java,50,2,0,27,79,147,0,18,0,1,0,0.019607844,0.019607844,1
NationalSecurityAgency/datawave,warehouse/ingest-core/src/main/java/datawave/ingest/mapreduce/handler/shard/ShiftOnDay.java,32,1,0,5,21,0,0,11,0,6,3,0.73333335,0.8,1
NationalSecurityAgency/datawave,microservices/starters/datawave/src/main/java/datawave/microservice/config/web/UndertowServletWebServerCustomizer.java,4,1,0,8,12,0,0,1,0,1,0,0.0,0.0,1
NationalSecurityAgency/datawave,warehouse/age-off/src/test/java/datawave/iterators/filter/TokenTtlTrieTest.java,28,1,0,9,19,311,0,26,1,3,3,0.014492754,0.014492754,1
NationalSecurityAgency/datawave,warehouse/query-core/src/test/java/datawave/query/testframework/RawData.java,9,1,0,1,0,36,0,9,0,0,0,0.0,0.0,1
NationalSecurityAgency/datawave,web-services/common-util/src/test/java/datawave/security/util/DnUtilsTest.java,14,1,0,2,6,91,0,14,0,0,0,0.0,0.0,1
NationalSecurityAgency/datawave,microservices/starters/datawave/src/main/java/datawave/microservice/config/web/ClientCertRestTemplateCustomizer.java,5,1,0,14,11,0,0,4,0,3,0,0.5,0.5,1
NationalSecurityAgency/datawave,web-services/security/src/test/java/datawave/security/login/DatawaveCertRolesLoginModuleTest.java,5,1,0,7,22,0,0,5,0,3,0,1.0,1.0,1
NationalSecurityAgency/datawave,warehouse/query-core/src/main/java/datawave/query/tables/edge/contexts/EdgeContext.java,0,1,0,0,0,0,0,0,0,0,0,0.0,0.0,1
NationalSecurityAgency/datawave,warehouse/ingest-core/src/main/java/datawave/ingest/mapreduce/job/writer/ChainedContextWriter.java,1,1,0,4,0,0,0,1,0,0,0,0.0,0.0,1
NationalSecurityAgency/datawave,microservices/services/accumulo/api/src/main/java/datawave/webservice/response/objects/AuthorizationFailure.java,6,1,0,4,0,9,0,6,0,3,0,0.2,0.2,1
NationalSecurityAgency/datawave,warehouse/query-core/src/test/java/datawave/query/rules/GroupedInterpretationRuleTest.java,16,2,0,6,6,120,0,16,0,0,0,0.0,0.0,1
NationalSecurityAgency/datawave,warehouse/query-core/src/main/java/datawave/query/language/functions/jexl/AbstractEvaluationPhaseFunction.java,18,2,5,4,14,6,0,4,0,1,0,0.0,0.0,1
NationalSecurityAgency/datawave,warehouse/query-core/src/main/java/datawave/query/index/day/IndexedTermVisitor.java,9,2,0,6,10,0,0,5,1,2,0,0.5,0.6,1
NationalSecurityAgency/datawave,warehouse/query-core/src/main/java/datawave/query/tables/chained/ChainedQueryTable.java,13,2,0,13,13,42,0,12,0,4,0,0.18181819,0.24242425,1
NationalSecurityAgency/datawave,warehouse/query-core/src/main/java/datawave/query/language/functions/jexl/MostRecentUniqueByMonth.java,2,3,0,3,0,1,0,2,0,0,0,0.0,0.0,1
NationalSecurityAgency/datawave,web-services/security/src/main/java/datawave/security/system/ServerSecurityProducer.java,5,1,0,12,13,3,0,3,0,3,0,0.0,0.0,1
NationalSecurityAgency/datawave,warehouse/ingest-core/src/test/java/datawave/ingest/data/config/ingest/FakeIngestHelper.java,1,2,0,5,3,0,0,1,0,0,0,0.0,0.0,1
NationalSecurityAgency/datawave,microservices/services/accumulo/api/src/main/java/datawave/webservice/response/UpdateResponse.java,10,2,0,8,0,35,0,10,0,6,1,0.11111111,0.11111111,1
NationalSecurityAgency/datawave,warehouse/age-off-utils/src/test/java/datawave/age/off/util/AgeOffRuleFormatterTest.java,7,1,0,11,20,21,0,7,0,0,0,0.0,0.0,1
NationalSecurityAgency/datawave,core/query/src/main/java/datawave/core/query/predict/NoOpQueryPredictor.java,1,1,0,3,0,0,0,1,0,0,0,0.0,0.0,1
NationalSecurityAgency/datawave,core/utils/type-utils/src/test/java/datawave/data/type/util/NumericalEncoderTest.java,17,1,0,3,18,15,0,6,0,0,0,0.0,0.0,1
NationalSecurityAgency/datawave,warehouse/query-core/src/main/java/datawave/query/tables/ssdeep/SSDeepSimilarityQueryState.java,6,1,0,3,0,9,0,6,0,3,0,0.2,0.2,1
NationalSecurityAgency/datawave,microservices/services/query/service/src/main/java/datawave/microservice/query/web/filter/CountingResponseBodyEmitter.java,3,2,0,2,1,0,0,2,0,1,0,1.0,1.0,1
NationalSecurityAgency/datawave,core/connection-pool/src/main/java/datawave/core/common/result/ConnectionPoolsProperties.java,9,1,0,2,6,16,0,9,0,3,0,0.2777778,0.2777778,1
NationalSecurityAgency/datawave,microservices/starters/datawave/src/main/java/datawave/microservice/authorization/user/DatawaveUserDetails.java,38,1,0,10,33,144,0,25,3,4,0,0.26,0.4,1
NationalSecurityAgency/datawave,warehouse/ingest-core/src/test/java/datawave/util/flag/FlagMakerLoad.java,8,1,0,4,15,4,0,4,2,1,1,0.0,0.0,1
NationalSecurityAgency/datawave,warehouse/query-core/src/test/java/datawave/query/testframework/FieldConfig.java,21,1,0,0,0,210,0,21,0,0,0,0.0,0.0,1
NationalSecurityAgency/datawave,warehouse/ingest-annotation/src/main/java/datawave/ingest/annotation/mapreduce/input/SimpleAnnotationRecordReader.java,18,3,0,15,42,8,0,8,0,12,1,0.35714287,1.0,1
NationalSecurityAgency/datawave,web-services/accumulo/src/main/java/datawave/webservice/operations/user/StatsBean.java,2,1,0,15,2,1,0,2,0,1,0,0.0,0.0,1
NationalSecurityAgency/datawave,warehouse/ingest-core/src/main/java/datawave/ingest/mapreduce/job/writer/SpillingSortedContextWriter.java,20,3,0,16,40,0,0,4,0,4,1,0.33333334,0.33333334,1
NationalSecurityAgency/datawave,warehouse/ingest-core/src/test/java/datawave/ingest/data/config/ingest/ErrorShardedIngestHelperTest.java,3,1,0,6,15,0,0,3,0,1,1,1.0,1.0,1
NationalSecurityAgency/datawave,microservices/services/query-metric/service/src/test/java/datawave/microservice/querymetric/config/QueryMetricTestConfiguration.java,1,1,0,10,1,0,0,1,0,0,0,0.0,0.0,1
NationalSecurityAgency/datawave,warehouse/ingest-core/src/test/java/datawave/ingest/mapreduce/partition/BalancedShardPartitionerTest.java,32,1,0,17,34,31,0,18,3,8,5,0.41025642,0.46153846,1
NationalSecurityAgency/datawave,warehouse/query-core/src/test/java/datawave/query/jexl/lookups/UnfieldedLiteralIndexLookupTest.java,12,2,0,9,33,35,0,11,0,2,1,0.0,0.0,1
NationalSecurityAgency/datawave,core/base-rest-responses/src/test/java/datawave/webservice/query/exception/BadRequestQueryExceptionTest.java,12,1,0,4,7,0,0,12,0,7,0,1.0,1.0,1
NationalSecurityAgency/datawave,warehouse/query-core/src/test/java/datawave/query/predicate/ProjectionTest.java,14,1,0,2,8,91,0,14,0,0,0,0.0,0.0,1
NationalSecurityAgency/datawave,core/utils/type-utils/src/test/java/datawave/data/normalizer/regex/visitor/NegativeVariantExpanderTest.java,7,1,0,6,7,15,0,6,0,0,0,0.0,0.0,1
NationalSecurityAgency/datawave,core/annotation/src/main/java/datawave/annotation/util/v1/JacksonSegmentSerializer.java,1,2,0,6,3,0,0,1,0,1,1,0.0,0.0,1
NationalSecurityAgency/datawave,warehouse/query-core/src/main/java/datawave/query/scheduler/SingleRangeQueryDataIterator.java,7,1,0,1,9,0,0,3,0,2,0,1.0,1.0,1
NationalSecurityAgency/datawave,warehouse/query-core/src/main/java/datawave/query/tables/RangeStreamScannerBuilder.java,11,2,0,11,11,8,0,5,1,2,1,0.16666667,0.16666667,1
NationalSecurityAgency/datawave,warehouse/query-core/src/main/java/datawave/query/util/TupleToEntry.java,1,1,0,5,3,0,0,1,0,0,0,0.0,0.0,1
NationalSecurityAgency/datawave,warehouse/core/src/test/java/datawave/util/TextUtilTest.java,4,1,0,4,10,6,0,4,0,0,0,0.0,0.0,1
NationalSecurityAgency/datawave,web-services/accumulo/src/main/java/datawave/webservice/operations/remote/RemoteAccumuloService.java,21,2,3,12,15,163,0,19,0,15,1,0.023391813,0.03508772,1
NationalSecurityAgency/datawave,microservices/starters/query/src/main/java/datawave/microservice/query/planner/config/TransformRuleProperties.java,2,1,0,0,0,0,0,2,0,1,0,1.0,1.0,1
NationalSecurityAgency/datawave,warehouse/query-core/src/main/java/datawave/query/function/NoOpMaskedValueFilter.java,7,1,0,4,0,9,0,7,0,2,0,0.2857143,0.47619048,1
NationalSecurityAgency/datawave,web-services/query/src/main/java/datawave/webservice/query/limit/SystemLimits.java,13,1,0,3,9,0,0,10,0,4,0,0.73333335,1.0,1
NationalSecurityAgency/datawave,warehouse/query-core/src/main/java/datawave/core/iterators/filter/GlobalIndexDataTypeFilter.java,5,2,0,7,13,0,0,2,0,3,2,1.0,1.0,1
NationalSecurityAgency/datawave,warehouse/query-core/src/test/java/datawave/query/testframework/TestFileLoader.java,1,1,0,1,0,0,0,1,0,0,0,0.0,0.0,1
NationalSecurityAgency/datawave,warehouse/query-core/src/test/java/datawave/query/iterator/WaitWindowQueryIteratorSerialIT.java,12,3,1,8,19,6,0,4,0,0,0,0.0,0.0,1
NationalSecurityAgency/datawave,core/utils/common-utils/src/test/java/datawave/util/StringUtilsTest.java,30,1,0,4,27,55,0,11,0,0,0,0.0,0.0,1
NationalSecurityAgency/datawave,warehouse/query-core/src/test/java/datawave/query/index/day/AbstractIndexIngest.java,2,1,1,2,0,1,0,2,0,0,0,0.0,0.0,1
NationalSecurityAgency/datawave,warehouse/ingest-core/src/main/java/datawave/ingest/data/Type.java,33,1,0,8,25,20,0,20,0,7,1,0.49707603,0.8947368,1
NationalSecurityAgency/datawave,warehouse/query-core/src/test/java/datawave/query/util/EmptyTreeCheckerTest.java,6,1,0,7,9,10,0,5,0,0,0,0.0,0.0,1
NationalSecurityAgency/datawave,warehouse/query-core/src/main/java/datawave/core/iterators/FieldExpansionIterator.java,23,2,0,15,38,3,0,6,0,11,5,0.4,0.6666667,1
NationalSecurityAgency/datawave,microservices/services/modification/service/src/main/java/datawave/microservice/modification/config/ModificationQueryProperties.java,1,1,0,7,1,0,0,1,0,4,0,0.0,0.0,1
NationalSecurityAgency/datawave,warehouse/query-core/src/main/java/datawave/core/iterators/querylock/HdfsQueryLock.java,27,1,0,6,16,27,0,11,0,5,1,0.42857143,0.47619048,1
NationalSecurityAgency/datawave,microservices/services/dictionary/service/src/main/java/datawave/microservice/dictionary/EdgeDictionaryController.java,4,1,0,20,10,0,0,2,0,5,0,1.0,1.0,1
NationalSecurityAgency/datawave,warehouse/query-core/src/test/java/datawave/query/iterator/logic/AndIteratorTest.java,20,1,0,8,17,171,0,19,0,0,0,0.0,0.0,1
NationalSecurityAgency/datawave,warehouse/query-core/src/test/java/datawave/query/jexl/visitors/IsNotNullPruningVisitorTest.java,51,1,0,4,10,1225,0,50,0,1,0,0.0,0.0,1
NationalSecurityAgency/datawave,core/utils/accumulo-utils/src/main/java/datawave/security/util/ScannerHelper.java,12,1,1,13,20,6,0,4,4,1,1,0.0,0.0,1
NationalSecurityAgency/datawave,core/utils/metadata-utils/src/test/java/datawave/query/util/YearMonthDayTest.java,13,1,0,3,17,78,0,13,0,0,0,0.0,0.0,1
NationalSecurityAgency/datawave,warehouse/query-core/src/main/java/datawave/query/language/functions/jexl/UniqueByTenthOfHour.java,2,3,0,3,0,1,0,2,0,0,0,0.0,0.0,1
NationalSecurityAgency/datawave,web-services/query/src/main/java/datawave/webservice/query/runner/QueryExecutor.java,27,1,0,13,0,351,0,27,0,0,0,0.0,0.0,1
NationalSecurityAgency/datawave,core/utils/metadata-utils/src/main/java/datawave/query/model/Direction.java,3,1,0,2,2,0,0,3,1,1,0,1.0,1.0,1
NationalSecurityAgency/datawave,warehouse/query-core/src/test/java/datawave/query/tables/keyword/extractor/FieldedTagCloudInputExtractorTest.java,7,1,0,6,17,0,0,7,0,2,1,1.0,1.0,1
NationalSecurityAgency/datawave,warehouse/query-core/src/test/java/org/apache/commons/jexl3/parser/ASTDelayedPredicateTest.java,4,1,0,3,14,3,0,3,0,0,0,0.0,0.0,1
NationalSecurityAgency/datawave,web-services/client/src/test/java/datawave/webservice/query/TestQueryImpl.java,4,1,0,4,7,0,0,3,0,6,5,1.0,1.0,1
NationalSecurityAgency/datawave,warehouse/query-core/src/main/java/datawave/next/stats/DocumentCandidateStats.java,5,1,0,3,16,6,0,5,0,7,1,0.33333334,0.5,1
NationalSecurityAgency/datawave,warehouse/ingest-core/src/main/java/datawave/ingest/util/MemoryStarvationStrategy.java,11,5,0,8,7,0,0,6,0,6,2,0.7,1.0,2
NationalSecurityAgency/datawave,warehouse/query-core/src/main/java/datawave/query/util/sortedmap/rfile/RFileKeyValueInputStream.java,3,2,0,4,1,3,0,3,0,0,0,0.0,0.0,1
NationalSecurityAgency/datawave,warehouse/query-core/src/test/java/datawave/query/jexl/visitors/BoundedRangeIndexExpansionVisitorIT.java,11,2,0,5,10,55,0,11,0,1,0,0.0,0.0,1
NationalSecurityAgency/datawave,microservices/starters/query/src/test/java/datawave/microservice/query/storage/QueryTaskCheckpointTest.java,6,1,0,19,47,15,0,6,0,0,0,0.0,0.0,1
NationalSecurityAgency/datawave,warehouse/query-core/src/main/java/datawave/query/rules/QueryRule.java,5,1,0,3,0,10,0,5,0,0,0,0.0,0.0,1
NationalSecurityAgency/datawave,microservices/services/audit/service/src/main/java/org/springframework/cloud/bus/event/AuditReplayRemoteRequestEvent.java,4,2,0,2,0,0,0,4,0,1,0,1.0,1.0,1
NationalSecurityAgency/datawave,warehouse/query-core/src/main/java/datawave/query/attributes/Longitude.java,24,2,0,11,24,15,0,15,0,3,2,0.42857143,0.42857143,1
NationalSecurityAgency/datawave,microservices/starters/datawave/src/main/java/datawave/microservice/config/web/ClientCertWebClientCustomizer.java,2,1,0,11,5,0,0,2,0,2,0,1.0,1.0,1
NationalSecurityAgency/datawave,microservices/services/query-executor/service/src/main/java/datawave/microservice/query/executor/action/ResultsTask.java,6,2,0,11,22,1,0,2,0,1,1,0.0,0.0,1
NationalSecurityAgency/datawave,microservices/starters/cached-results/src/main/java/datawave/microservice/query/cachedresults/monitor/CachedResultsQueryMonitor.java,14,1,0,13,16,0,0,4,0,10,0,1.0,1.0,1
NationalSecurityAgency/datawave,microservices/services/accumulo/service/src/main/java/datawave/microservice/accumulo/mock/MockAccumuloConfiguration.java,2,1,0,8,2,1,0,2,0,0,0,0.0,0.0,1
NationalSecurityAgency/datawave,warehouse/query-core/src/main/java/datawave/query/iterator/EventFieldIterator.java,32,1,0,11,23,55,0,14,0,8,0,0.10606061,0.15151516,1
NationalSecurityAgency/datawave,warehouse/common/src/test/java/datawave/common/util/concurrent/BoundedBlockingQueueTest.java,31,1,0,4,39,10,0,5,1,1,1,0.0,0.0,1
NationalSecurityAgency/datawave,warehouse/ingest-core/src/main/java/datawave/ingest/test/StandaloneTaskAttemptContext.java,5,2,0,6,0,10,0,5,0,0,0,0.0,0.0,1
NationalSecurityAgency/datawave,microservices/starters/datawave/src/main/java/datawave/microservice/rest/exception/RestExceptionHandler.java,7,2,0,15,14,10,0,5,0,1,0,0.0,0.0,1
NationalSecurityAgency/datawave,microservices/services/audit/service/src/main/java/datawave/microservice/audit/replay/runner/ReplayTask.java,49,1,0,13,73,0,0,8,0,6,2,0.33333334,0.33333334,2
NationalSecurityAgency/datawave,microservices/configcheck/src/main/java/datawave/microservice/configcheck/util/FileUtils.java,8,1,0,1,7,1,0,2,2,2,2,0.0,0.0,1
NationalSecurityAgency/datawave,warehouse/query-core/src/main/java/datawave/query/jexl/lookups/FieldedRegexIndexLookup.java,15,4,0,15,57,0,0,6,0,2,1,0.6666667,0.6666667,1
NationalSecurityAgency/datawave,warehouse/ingest-core/src/main/java/datawave/ingest/data/tokenize/StandardAnalyzer.java,13,2,0,11,3,18,0,8,0,6,2,0.17857143,0.35714287,1
NationalSecurityAgency/datawave,warehouse/query-core/src/main/java/datawave/query/util/EmptyCloseableIterator.java,2,1,0,2,1,1,0,2,0,0,0,0.0,0.0,1
NationalSecurityAgency/datawave,web-services/accumulo/src/main/java/datawave/webservice/operations/admin/TableAdminBean.java,4,1,0,15,4,0,0,4,0,1,0,1.0,1.0,1
NationalSecurityAgency/datawave,warehouse/index-stats/src/test/java/datawave/mapreduce/shardStats/StatsInit.java,0,1,0,4,0,0,0,0,0,5,5,0.0,0.0,1
NationalSecurityAgency/datawave,warehouse/query-core/src/test/java/datawave/query/tld/TLDTermFrequencyAggregatorTest.java,10,1,0,18,37,0,0,8,0,1,0,1.0,1.0,1
NationalSecurityAgency/datawave,core/utils/type-utils/src/main/java/datawave/data/normalizer/regex/OneOrMoreNode.java,5,2,0,4,1,10,0,5,0,0,0,0.0,0.0,1
NationalSecurityAgency/datawave,warehouse/ingest-core/src/main/java/datawave/util/flag/processor/FlagDistributor.java,4,1,0,3,0,6,0,4,0,0,0,0.0,0.0,1
NationalSecurityAgency/datawave,warehouse/ingest-core/src/main/java/datawave/util/flag/config/FlagMakerConfig.java,79,1,0,10,58,825,0,43,0,22,2,0.04318937,0.18272425,1
NationalSecurityAgency/datawave,warehouse/query-core/src/test/java/datawave/query/predicate/TLDEventDataFilterTest.java,23,2,0,16,50,0,0,23,0,6,0,1.0,1.0,1
NationalSecurityAgency/datawave,core/utils/common-utils/src/main/java/datawave/util/time/DateHelper.java,45,1,0,1,30,319,0,27,27,21,21,0.057971016,0.07608695,1
NationalSecurityAgency/datawave,warehouse/ingest-core/src/main/java/datawave/ingest/mapreduce/job/metrics/Metric.java,0,1,0,0,0,0,0,0,0,0,0,0.0,0.0,1
NationalSecurityAgency/datawave,warehouse/query-core/src/main/java/datawave/query/iterator/logic/ArrayIterator.java,23,1,0,5,4,66,0,13,0,3,1,0.07692308,0.07692308,1
NationalSecurityAgency/datawave,web-services/query/src/main/java/datawave/webservice/query/metric/QueryMetricsWriterConfiguration.java,18,1,0,0,0,135,0,18,0,9,0,0.05882353,0.05882353,1
NationalSecurityAgency/datawave,warehouse/ingest-nyctlc/src/main/java/datawave/ingest/nyctlc/NYCTLCHelper.java,8,2,0,4,14,4,0,5,0,7,4,0.3,0.4,1
NationalSecurityAgency/datawave,core/tables/src/main/java/datawave/table/key/parser/ShardedYearIndexKeyParser.java,6,2,0,5,16,3,0,3,0,0,0,0.0,0.0,1
NationalSecurityAgency/datawave,microservices/starters/query/src/main/java/datawave/microservice/query/messaging/rabbitmq/RabbitMQQueryResultsManager.java,15,1,0,19,23,0,0,7,0,10,3,0.8666667,1.0,1
NationalSecurityAgency/datawave,warehouse/query-core/src/main/java/datawave/core/iterators/GlobalIndexTermMatchingIterator.java,40,3,0,11,34,67,0,15,0,8,2,0.17948718,0.3974359,1
NationalSecurityAgency/datawave,warehouse/query-core/src/test/java/datawave/query/function/KeyToFieldNameTest.java,7,1,0,5,6,0,0,7,0,7,0,1.0,1.0,1
NationalSecurityAgency/datawave,warehouse/query-core/src/main/java/datawave/query/planner/QueryPlanner.java,12,1,2,11,1,62,0,12,0,2,0,0.030303031,0.030303031,1
NationalSecurityAgency/datawave,core/utils/metadata-utils/src/main/java/datawave/query/util/MetadataCacheManager.java,8,1,0,6,14,0,0,3,0,2,0,1.0,1.0,1
NationalSecurityAgency/datawave,warehouse/ingest-core/src/main/java/datawave/ingest/mapreduce/handler/facet/HashTableFunction.java,11,1,0,18,25,0,0,3,1,11,4,0.6666667,1.0,1
NationalSecurityAgency/datawave,warehouse/ingest-wikipedia/src/test/java/datawave/ingest/wikipedia/WikipediaRecordReaderTest.java,1,2,0,5,16,0,0,1,0,0,0,0.0,0.0,1
NationalSecurityAgency/datawave,warehouse/query-core/src/main/java/datawave/query/iterator/logic/DocumentAggregatingIterator.java,21,2,0,14,14,11,0,11,0,9,0,0.4,0.6545454,1
NationalSecurityAgency/datawave,microservices/services/query/service/src/test/java/datawave/microservice/query/QueryServicePlanTest.java,3,2,0,20,27,0,0,1,0,1,0,0.0,0.0,1
NationalSecurityAgency/datawave,microservices/starters/datawave/src/main/java/datawave/microservice/config/web/Constants.java,0,1,0,0,0,0,0,0,0,5,0,0.0,0.0,1
NationalSecurityAgency/datawave,core/annotation/src/test/java/datawave/annotation/data/v1/AccumuloAnnotationSourceSerializerTest.java,5,1,0,15,44,3,0,3,0,1,1,0.0,0.0,1
NationalSecurityAgency/datawave,microservices/services/dictionary/api/src/main/java/datawave/webservice/dictionary/data/DescriptionBase.java,2,1,0,6,0,1,0,2,0,2,0,0.0,0.0,1
NationalSecurityAgency/datawave,warehouse/query-core/src/test/java/datawave/query/planner/rules/EvaluationOnlyPushdownRuleTest.java,7,1,0,8,11,15,0,6,0,0,0,0.0,0.0,1
NationalSecurityAgency/datawave,warehouse/ingest-core/src/main/java/datawave/ingest/metadata/RawRecordMetadata.java,6,1,0,5,0,15,0,6,0,4,0,0.0,0.0,1
NationalSecurityAgency/datawave,warehouse/query-core/src/test/java/datawave/query/predicate/RootPointerPredicateTest.java,7,1,0,3,4,0,0,7,0,2,2,0.71428573,0.71428573,1
NationalSecurityAgency/datawave,warehouse/query-core/src/main/java/datawave/query/language/functions/lucene/AbstractEvaluationPhaseFunction.java,15,2,3,4,10,4,0,4,0,1,0,0.16666667,0.16666667,1
NationalSecurityAgency/datawave,warehouse/query-core/src/test/java/datawave/query/tables/keyword/KeywordUUIDChainStrategyFunctionalTest.java,10,1,0,24,32,0,0,10,2,10,3,0.6666667,1.0,1
NationalSecurityAgency/datawave,warehouse/ingest-core/src/main/java/datawave/ingest/mapreduce/job/reduce/BulkIngestKeyAggregatingReducer.java,30,3,0,16,40,4,0,9,1,10,6,0.44444445,0.44444445,1
NationalSecurityAgency/datawave,warehouse/query-core/src/main/java/datawave/query/iterator/logic/SummaryCreator.java,17,1,0,2,22,0,0,5,3,3,0,1.0,1.0,1
NationalSecurityAgency/datawave,warehouse/query-core/src/test/java/datawave/query/testframework/ShardIdValues.java,11,1,0,1,17,0,0,4,1,3,1,0.33333334,0.5,1
NationalSecurityAgency/datawave,warehouse/query-core/src/main/java/datawave/core/iterators/GlobalIndexFieldSummaryIterator.java,10,2,0,11,18,10,0,5,0,1,1,0.0,0.0,1
NationalSecurityAgency/datawave,warehouse/query-core/src/test/java/datawave/query/jexl/visitors/RegexFunctionVisitorTest.java,19,1,0,8,13,153,0,18,0,2,0,0.0,0.0,1
NationalSecurityAgency/datawave,warehouse/query-core/src/test/java/datawave/query/jexl/nodes/JunctionComparatorTest.java,14,2,0,4,1,0,0,6,0,1,0,1.0,1.0,1
NationalSecurityAgency/datawave,warehouse/ingest-core/src/main/java/datawave/ingest/table/aggregator/util/ShardedDayIndexKeyParser.java,8,2,0,3,15,1,0,2,0,0,0,0.0,0.0,1
NationalSecurityAgency/datawave,core/utils/type-utils/src/test/java/datawave/data/normalizer/regex/visitor/ZeroLengthRepetitionTrimmerTest.java,8,1,0,7,8,21,0,7,0,0,0,0.0,0.0,1
NationalSecurityAgency/datawave,web-services/client/src/main/java/datawave/webservice/result/VoidResponseHtmlMessageBodyWriter.java,11,2,0,4,9,8,0,5,0,1,1,0.0,0.0,1
NationalSecurityAgency/datawave,warehouse/query-core/src/main/java/datawave/query/jexl/ArithmeticJexlEngines.java,8,1,0,8,15,8,0,5,4,3,3,0.0,0.0,1
NationalSecurityAgency/datawave,warehouse/query-core/src/main/java/datawave/query/rules/UnfieldedTermsRule.java,7,3,0,11,11,10,0,5,0,1,1,0.0,0.0,1
NationalSecurityAgency/datawave,core/query/src/main/java/datawave/core/query/logic/DelegatingQueryLogic.java,76,1,1,21,72,0,0,76,0,1,0,0.9477193,0.9477193,1
NationalSecurityAgency/datawave,warehouse/query-core/src/main/java/datawave/query/language/builder/jexl/SlopQueryNodeBuilder.java,3,1,0,7,7,0,0,1,0,0,0,0.0,0.0,1
NationalSecurityAgency/datawave,warehouse/query-core/src/main/java/datawave/query/config/annotation/AllHitsQueryConfig.java,23,1,0,5,21,213,0,22,0,9,0,0.038961038,0.038961038,1
NationalSecurityAgency/datawave,microservices/services/query/service/src/main/java/datawave/microservice/query/QueryController.java,44,1,0,46,55,0,0,36,0,10,0,0.6136364,1.0,1
NationalSecurityAgency/datawave,core/utils/type-utils/src/main/java/datawave/data/normalizer/regex/visitor/DecimalPointValidator.java,8,2,0,7,9,3,0,3,1,0,0,0.0,0.0,1
NationalSecurityAgency/datawave,warehouse/age-off/src/main/java/datawave/iterators/filter/ColumnVisibilityAndFilter.java,12,3,0,5,6,0,0,1,0,0,0,0.0,0.0,1
NationalSecurityAgency/datawave,warehouse/query-core/src/main/java/datawave/query/tables/BatchScannerSessionBuilder.java,12,2,0,8,10,9,0,6,1,2,1,0.3,0.3,1
NationalSecurityAgency/datawave,warehouse/query-core/src/main/java/datawave/query/tables/RangeStreamScanner.java,146,3,0,24,100,274,0,28,3,14,2,0.1268116,0.32971016,1
NationalSecurityAgency/datawave,microservices/configcheck/src/main/java/datawave/microservice/configcheck/ConfigCheckApplication.java,7,1,0,8,15,1,0,3,1,2,1,0.33333334,0.33333334,1
NationalSecurityAgency/datawave,microservices/services/query-metric/api/src/main/java/datawave/microservice/querymetric/QueryGeometryResponse.java,13,2,0,11,9,36,0,12,0,7,1,0.14545454,0.3090909,1
NationalSecurityAgency/datawave,warehouse/keyword-common/src/main/java/datawave/util/keyword/KeywordExtractor.java,12,1,0,9,24,0,0,3,0,17,8,0.6666667,1.0,1
NationalSecurityAgency/datawave,warehouse/query-core/src/main/java/datawave/query/attributes/ExcerptFields.java,31,1,0,4,32,0,0,16,2,3,2,0.65833336,0.65833336,1
NationalSecurityAgency/datawave,warehouse/core/src/main/java/datawave/ingest/util/cache/Loader.java,24,2,0,8,27,9,0,11,0,6,1,0.4181818,0.5090909,1
NationalSecurityAgency/datawave,core/utils/type-utils/src/main/java/datawave/data/type/OneToManyNormalizerType.java,3,1,0,2,0,3,0,3,0,0,0,0.0,0.0,1
NationalSecurityAgency/datawave,warehouse/ingest-core/src/main/java/datawave/ingest/OptionsParser.java,15,1,0,2,13,0,0,1,1,12,12,0.0,0.0,1
NationalSecurityAgency/datawave,warehouse/query-core/src/main/java/datawave/query/language/parser/jexl/LuceneToJexlUUIDQueryParser.java,18,2,0,10,14,4,0,5,0,2,0,0.33333334,0.33333334,1
NationalSecurityAgency/datawave,warehouse/query-core/src/main/java/datawave/query/exceptions/DatawaveQueryException.java,4,3,4,0,0,6,0,4,0,1,1,0.0,0.0,1
NationalSecurityAgency/datawave,warehouse/query-core/src/main/java/datawave/query/iterators/FirstAndLastSeenIterator.java,34,1,0,12,35,125,0,22,1,9,3,0.225,0.45833334,1
NationalSecurityAgency/datawave,core/annotation/src/main/java/datawave/annotation/data/transform/VisibilityTransformer.java,0,1,0,2,0,0,0,0,0,0,0,0.0,0.0,1
NationalSecurityAgency/datawave,warehouse/query-core/src/main/java/datawave/query/planner/scanhints/ExecutorScanHintRule.java,1,2,1,2,1,0,0,1,0,1,1,0.0,0.0,1
NationalSecurityAgency/datawave,warehouse/query-core/src/main/java/datawave/query/tables/ScanSessionManager.java,6,2,2,4,10,0,0,4,0,2,1,0.5,0.5,1
NationalSecurityAgency/datawave,warehouse/core/src/main/java/datawave/data/hash/UIDConstants.java,0,1,0,1,2,0,0,0,0,10,0,0.0,0.0,1
NationalSecurityAgency/datawave,microservices/services/accumulo/api/src/main/java/datawave/webservice/response/objects/Entry.java,4,1,0,4,1,2,0,4,0,3,1,0.33333334,0.5,1
NationalSecurityAgency/datawave,warehouse/ingest-core/src/main/java/datawave/ingest/mapreduce/job/metrics/BaseMetricsReceiver.java,18,1,0,14,28,21,0,11,0,9,3,0.29090908,0.38181818,1
NationalSecurityAgency/datawave,warehouse/query-core/src/main/java/datawave/query/language/parser/lucene/FastCharStream.java,20,1,0,3,5,19,0,14,0,6,0,0.33333334,0.37179488,1
NationalSecurityAgency/datawave,warehouse/query-core/src/main/java/datawave/core/iterators/IteratorTimeoutException.java,1,4,0,0,0,0,0,1,0,1,1,0.0,0.0,1
NationalSecurityAgency/datawave,warehouse/query-core/src/main/java/datawave/query/planner/TimedVisitorManager.java,15,1,0,7,5,5,0,10,0,3,0,0.44444445,0.8,1
NationalSecurityAgency/datawave,warehouse/query-core/src/main/java/datawave/query/function/TLDRangeProvider.java,1,2,0,3,3,0,0,1,0,0,0,0.0,0.0,1
NationalSecurityAgency/datawave,core/query/src/main/java/datawave/core/query/logic/QueryKey.java,18,1,0,5,14,42,0,13,1,7,4,0.23076923,0.35897437,1
NationalSecurityAgency/datawave,core/utils/type-utils/src/test/java/datawave/data/normalizer/regex/visitor/OptionalVariantExpanderTest.java,7,1,0,6,8,15,0,6,0,0,0,0.0,0.0,1
NationalSecurityAgency/datawave,warehouse/query-core/src/main/java/datawave/query/planner/IndexQueryPlanner.java,11,3,1,13,10,15,0,6,0,0,0,0.0,0.0,1
NationalSecurityAgency/datawave,microservices/services/audit/service/src/main/java/datawave/microservice/audit/replay/event/listener/AuditReplayRemoteRequestEventListener.java,3,1,0,9,6,0,0,2,0,3,0,1.0,1.0,1
NationalSecurityAgency/datawave,warehouse/ingest-wikipedia/src/test/java/datawave/ingest/wikipedia/WikipediaTestBed.java,5,1,3,13,21,3,0,3,0,4,0,0.0,0.0,1
NationalSecurityAgency/datawave,warehouse/query-core/src/main/java/datawave/query/jexl/DatawaveInterpreter.java,134,2,0,43,97,192,0,21,1,2,1,0.06593407,0.06593407,1
NationalSecurityAgency/datawave,web-services/query-websocket/src/main/java/datawave/webservice/websocket/messages/CreateQueryMessage.java,3,1,0,3,0,1,0,3,0,1,0,0.33333334,0.33333334,1
NationalSecurityAgency/datawave,microservices/services/dictionary/service/src/main/java/datawave/microservice/dictionary/data/DataDictionary.java,12,1,0,8,0,66,0,12,0,0,0,0.0,0.0,1
NationalSecurityAgency/datawave,warehouse/core/src/main/java/datawave/util/cli/PasswordConverter.java,5,1,0,2,6,3,0,3,2,1,1,0.0,0.0,1
NationalSecurityAgency/datawave,microservices/starters/datawave/src/test/java/datawave/microservice/authorization/user/DatawaveUserDetailsTest.java,4,1,0,5,14,0,0,4,0,11,0,1.0,1.0,1
NationalSecurityAgency/datawave,warehouse/query-core/src/test/java/datawave/query/attributes/it/HexTypeAttributeIT.java,9,2,0,8,10,36,0,9,0,0,0,0.0,0.0,1
NationalSecurityAgency/datawave,web-services/query/src/main/java/datawave/webservice/query/cache/AbstractQueryCache.java,9,1,0,4,10,0,0,9,0,1,0,0.7777778,0.7777778,1
NationalSecurityAgency/datawave,web-services/query/src/test/java/datawave/webservice/query/runner/ExtendedRunningQueryTest.java,14,1,0,24,80,0,0,9,0,10,0,0.7777778,0.7777778,1
NationalSecurityAgency/datawave,warehouse/ingest-core/src/test/java/datawave/ingest/table/aggregator/util/ShardedDayIndexKeyParserTest.java,4,1,0,5,11,0,0,4,0,1,0,1.0,1.0,1
NationalSecurityAgency/datawave,core/common-util/src/main/java/datawave/core/cache/CVCache.java,2,1,0,2,0,1,0,2,0,1,0,0.0,0.0,1
NationalSecurityAgency/datawave,warehouse/query-core/src/main/java/datawave/query/ranges/RangeFactory.java,4,1,0,2,2,4,0,4,4,3,3,0.16666667,0.16666667,1
NationalSecurityAgency/datawave,web-services/client/src/main/java/datawave/webservice/query/result/event/FieldBase.java,12,1,0,8,2,55,0,11,0,1,0,0.0,0.0,1
NationalSecurityAgency/datawave,warehouse/query-core/src/main/java/datawave/query/cardinality/CardinalityScannerConfiguration.java,26,1,0,1,0,299,0,26,0,13,0,0.04,0.04,1
NationalSecurityAgency/datawave,warehouse/query-core/src/test/java/datawave/query/rules/FieldPatternPresenceRuleTest.java,5,2,0,7,11,10,0,5,0,3,3,0.0,0.0,1
NationalSecurityAgency/datawave,warehouse/query-core/src/main/java/datawave/query/common/grouping/Aggregator.java,8,1,0,5,1,28,0,8,0,0,0,0.0,0.0,1
NationalSecurityAgency/datawave,warehouse/query-core/src/main/java/datawave/query/function/NormalizedVersionPredicate.java,2,2,0,3,1,0,0,1,0,0,0,0.0,0.0,1
NationalSecurityAgency/datawave,warehouse/query-core/src/main/java/datawave/query/language/parser/lucene/LuceneUUIDQueryParser.java,11,2,0,10,11,0,0,3,0,2,1,1.0,1.0,1
NationalSecurityAgency/datawave,warehouse/query-core/src/main/java/datawave/query/iterator/builder/IndexFilterIteratorBuilder.java,12,4,0,17,61,0,0,4,0,3,1,0.8333333,1.0,1
NationalSecurityAgency/datawave,web-services/common/src/main/java/datawave/webservice/common/audit/remote/RemoteAuditor.java,15,2,0,18,12,91,0,14,0,14,0,0.0,0.0,1
NationalSecurityAgency/datawave,microservices/starters/datawave/src/main/java/datawave/microservice/config/metrics/DatawaveMetricsConfig.java,3,2,0,7,14,0,0,2,0,1,0,1.0,1.0,1
NationalSecurityAgency/datawave,warehouse/age-off/src/main/java/datawave/ingest/util/cache/watch/FileRuleCacheValue.java,12,1,0,12,12,0,0,7,1,5,1,0.8095238,1.0,1
NationalSecurityAgency/datawave,warehouse/query-core/src/test/java/datawave/query/index/day/DayIndexScannerStreamTest.java,29,1,0,14,56,214,0,24,1,9,3,0.0,0.0,1
NationalSecurityAgency/datawave,microservices/services/audit/service/src/main/java/datawave/microservice/audit/AuditService.java,3,1,0,7,1,3,0,3,1,0,0,0.0,0.0,1
NationalSecurityAgency/datawave,web-services/query/src/main/java/datawave/webservice/query/annotation/EnrichQueryMetrics.java,0,1,0,0,0,0,0,0,0,0,0,0.0,0.0,1
NationalSecurityAgency/datawave,core/utils/type-utils/src/test/java/datawave/data/type/LcNoDiacriticsTypeTest.java,1,1,0,3,2,0,0,1,0,0,0,0.0,0.0,1
NationalSecurityAgency/datawave,warehouse/query-core/src/main/java/datawave/query/postprocessing/tf/FunctionReferenceVisitor.java,10,2,0,9,15,0,0,6,2,3,1,1.0,1.0,1
NationalSecurityAgency/datawave,warehouse/query-core/src/main/java/datawave/query/metrics/AccumuloRecordWriter.java,63,2,0,20,84,267,0,26,17,28,18,0.07608695,0.083333336,1
NationalSecurityAgency/datawave,warehouse/query-core/src/main/java/datawave/query/tables/ssdeep/DiscoveredSSDeep.java,3,1,0,2,0,0,0,3,0,2,0,0.6666667,1.0,1
NationalSecurityAgency/datawave,core/annotation/src/main/java/datawave/annotation/util/v1/AnnotationUtils.java,26,1,0,15,77,105,0,15,15,4,4,0.0,0.0,1
NationalSecurityAgency/datawave,core/in-memory-accumulo/src/main/java/datawave/accumulo/inmemory/InMemoryAccumuloClient.java,28,2,0,35,18,91,0,22,0,2,0,0.23376623,0.33766234,1
NationalSecurityAgency/datawave,core/utils/accumulo-utils/src/main/java/datawave/marking/ColumnVisibilityCache.java,2,1,0,3,4,0,0,1,1,1,1,0.0,0.0,1
NationalSecurityAgency/datawave,warehouse/query-core/src/main/java/datawave/query/language/functions/jexl/Loaded.java,18,2,0,4,18,4,0,4,0,1,1,0.16666667,0.16666667,1
NationalSecurityAgency/datawave,warehouse/query-core/src/main/java/datawave/next/stats/DocumentSchedulerStats.java,10,1,0,6,19,16,0,9,0,8,1,0.2777778,1.0,1
NationalSecurityAgency/datawave,warehouse/query-core/src/main/java/datawave/query/predicate/Filter.java,1,1,0,1,0,0,0,1,0,0,0,0.0,0.0,1
NationalSecurityAgency/datawave,warehouse/age-off/src/main/java/datawave/iterators/filter/ConfigurableAgeOffFilter.java,61,2,2,18,54,101,0,18,2,19,10,0.14102565,0.2820513,1
NationalSecurityAgency/datawave,warehouse/query-core/src/test/java/datawave/query/util/SizesIngest.java,73,1,0,19,73,229,0,26,1,25,11,0.0,0.0,1
NationalSecurityAgency/datawave,warehouse/query-core/src/test/java/datawave/query/postprocessing/tf/DocumentKeysFunctionTest.java,8,1,0,10,9,0,0,8,0,9,0,1.0,1.0,1
NationalSecurityAgency/datawave,microservices/services/authorization/api/src/main/java/datawave/security/authorization/oauth/OAuthConstants.java,0,1,0,0,0,0,0,0,0,3,3,0.0,0.0,1
NationalSecurityAgency/datawave,web-services/query/src/main/java/datawave/webservice/query/limit/StringMatcher.java,13,1,0,3,11,0,0,9,0,1,0,0.7777778,0.7777778,1
NationalSecurityAgency/datawave,warehouse/query-core/src/main/java/datawave/query/jexl/DelayedNonEventIndexContext.java,30,3,0,13,33,0,0,10,0,8,0,0.8888889,1.0,1
NationalSecurityAgency/datawave,core/utils/accumulo-utils/src/main/java/datawave/scan/ScannerBuilder.java,7,2,0,9,9,6,0,4,1,0,0,0.0,0.0,1
NationalSecurityAgency/datawave,warehouse/query-core/src/main/java/datawave/query/function/DocumentMetadata.java,1,1,0,7,10,0,0,1,0,1,1,0.0,0.0,1
NationalSecurityAgency/datawave,web-services/query/src/test/java/datawave/webservice/query/cache/TestQueryLogic.java,9,2,0,7,0,36,0,9,0,0,0,0.0,0.0,1
NationalSecurityAgency/datawave,warehouse/query-core/src/main/java/datawave/query/iterator/logic/NestedIteratorContextUtil.java,22,1,0,5,22,10,0,5,5,0,0,0.0,0.0,1
NationalSecurityAgency/datawave,warehouse/metrics-core/src/main/java/datawave/metrics/config/MetricsConfig.java,0,1,0,0,1,0,0,0,0,49,49,0.0,0.0,1
NationalSecurityAgency/datawave,core/base-rest-responses/src/main/java/datawave/webservice/query/result/event/HasMarkings.java,2,1,0,0,0,1,0,2,0,0,0,0.0,0.0,1
NationalSecurityAgency/datawave,warehouse/query-core/src/main/java/datawave/query/jexl/visitors/QueryPatternsVisitor.java,11,4,0,12,14,10,0,5,1,0,0,0.0,0.0,1
NationalSecurityAgency/datawave,web-services/query/src/test/java/datawave/webservice/query/configuration/QueryDataTest.java,7,1,0,6,25,6,0,4,0,0,0,0.0,0.0,1
NationalSecurityAgency/datawave,warehouse/ingest-core/src/test/java/datawave/ingest/table/aggregator/UidTestBuilder.java,12,1,0,4,16,6,0,9,3,1,0,0.35714287,0.35714287,1
NationalSecurityAgency/datawave,warehouse/query-core/src/main/java/datawave/query/language/processor/lucene/TokenizedFieldsAttributeImpl.java,18,2,0,4,9,30,0,12,0,4,1,0.27272728,0.33333334,1
NationalSecurityAgency/datawave,warehouse/query-core/src/main/java/datawave/query/iterator/filter/LoadDateFilter.java,12,3,0,8,20,9,0,6,1,1,0,0.33333334,0.33333334,1
NationalSecurityAgency/datawave,web-services/common-util/src/main/java/datawave/webservice/common/exception/NotFoundException.java,1,3,0,3,1,0,0,1,0,1,1,0.0,0.0,1
NationalSecurityAgency/datawave,warehouse/query-core/src/main/java/datawave/query/function/FacetedGrouping.java,28,1,0,12,43,0,0,3,0,4,2,1.0,1.0,1
NationalSecurityAgency/datawave,microservices/starters/datawave/src/main/java/datawave/microservice/authorization/federation/config/FederatedAuthorizationServiceRegistrarConfiguration.java,2,1,0,7,2,1,0,2,1,0,0,0.0,0.0,1
NationalSecurityAgency/datawave,core/utils/type-utils/src/test/java/datawave/data/normalizer/regex/visitor/DecimalPointValidatorTest.java,8,1,0,4,9,28,0,8,0,0,0,0.0,0.0,1
NationalSecurityAgency/datawave,core/modification/src/main/java/datawave/modification/cache/ModificationCache.java,13,1,0,11,34,0,0,6,0,5,2,0.73333335,1.0,1
NationalSecurityAgency/datawave,warehouse/query-core/src/test/java/datawave/query/MixedGeoAndGeoWaveTest.java,31,2,0,28,52,317,0,26,1,8,6,0.008658009,0.012987013,1
NationalSecurityAgency/datawave,core/utils/type-utils/src/main/java/datawave/data/normalizer/regex/CharClassNode.java,8,2,0,4,6,22,0,8,0,2,2,0.10714286,0.10714286,1
NationalSecurityAgency/datawave,warehouse/query-core/src/main/java/datawave/query/jexl/visitors/RebuildingVisitor.java,100,3,35,95,37,4182,0,92,2,3,0,0.0004884005,0.00073260075,1
NationalSecurityAgency/datawave,web-services/common/src/main/java/datawave/configuration/RefreshLifecycle.java,0,1,0,0,0,0,0,0,0,0,0,0.0,0.0,1
NationalSecurityAgency/datawave,warehouse/query-core/src/main/java/datawave/query/metrics/BaseQueryMetricHandler.java,35,1,0,11,48,13,0,6,0,1,0,0.06666667,0.06666667,1
NationalSecurityAgency/datawave,warehouse/query-core/src/main/java/datawave/query/jexl/visitors/IsNotNullPruningVisitor.java,105,3,0,55,39,1540,0,56,1,1,1,0.0,0.0,1
NationalSecurityAgency/datawave,microservices/services/authorization/api/src/main/java/datawave/security/authorization/CachedDatawaveUserService.java,7,1,0,3,0,21,0,7,0,0,0,0.0,0.0,1
NationalSecurityAgency/datawave,web-services/cached-results/src/main/java/datawave/webservice/query/cache/CachedResultsQueryCacheBean.java,4,1,0,13,6,1,0,2,0,2,0,0.0,0.0,1
NationalSecurityAgency/datawave,core/utils/type-utils/src/main/java/datawave/data/type/util/IpAddress.java,9,1,2,3,3,21,0,7,1,1,1,0.0,0.0,1
NationalSecurityAgency/datawave,warehouse/metrics-core/src/main/java/datawave/metrics/iterators/AnalyticDataTypeFilter.java,2,3,0,4,4,0,0,1,0,1,0,0.0,0.0,1
NationalSecurityAgency/datawave,warehouse/age-off/src/test/java/datawave/ingest/util/cache/watch/TestFilter.java,7,2,0,9,0,19,0,7,0,1,0,0.04761905,0.04761905,1
NationalSecurityAgency/datawave,warehouse/query-core/src/test/java/datawave/query/predicate/ParentRangeProviderTest.java,3,1,0,5,4,0,0,3,0,10,0,1.0,1.0,1
NationalSecurityAgency/datawave,warehouse/query-core/src/main/java/datawave/query/language/processor/lucene/TokenizedFieldsAttribute.java,6,1,0,1,0,15,0,6,0,0,0,0.0,0.0,1
NationalSecurityAgency/datawave,warehouse/query-core/src/test/java/datawave/query/testframework/IpAddrFields.java,3,2,0,1,4,1,0,2,0,6,6,0.0,0.0,1
NationalSecurityAgency/datawave,warehouse/ingest-core/src/main/java/datawave/IdentityDataType.java,19,1,0,4,0,171,0,19,0,0,0,0.0,0.0,1
NationalSecurityAgency/datawave,common-test/src/main/java/datawave/test/helpers/InterruptibleScanner.java,1,1,0,3,0,0,0,1,0,0,0,0.0,0.0,1
NationalSecurityAgency/datawave,microservices/services/query-executor/service/src/main/java/datawave/microservice/query/executor/task/FindWorkMonitor.java,15,1,0,19,31,0,0,5,0,13,0,1.0,1.0,1
NationalSecurityAgency/datawave,core/common-util/src/main/java/datawave/core/common/util/EnvProvider.java,6,1,0,3,7,1,0,2,1,2,2,0.0,0.0,1
NationalSecurityAgency/datawave,warehouse/ingest-core/src/main/java/datawave/ingest/mapreduce/partition/LocalityGroupPartitioner.java,13,2,0,9,11,22,0,9,0,5,2,0.10714286,0.14285715,1
NationalSecurityAgency/datawave,warehouse/query-core/src/test/java/datawave/query/testframework/AbstractDataManager.java,24,1,8,9,32,31,0,10,0,7,1,0.15555556,0.46666667,1
NationalSecurityAgency/datawave,microservices/services/query-metric/service/src/main/java/datawave/microservice/querymetric/function/QueryMetricConsumer.java,13,1,0,9,22,0,0,3,0,4,0,1.0,1.0,1
NationalSecurityAgency/datawave,warehouse/query-core/src/main/java/datawave/query/planner/pushdown/rules/PushDownRule.java,4,2,2,6,5,6,0,4,1,1,0,0.0,0.0,1
NationalSecurityAgency/datawave,warehouse/age-off/src/main/java/datawave/iterators/filter/DateInColQualAgeOffFilter.java,1,3,0,4,2,0,0,1,0,0,0,0.0,0.0,1
NationalSecurityAgency/datawave,warehouse/query-core/src/main/java/datawave/query/language/parser/jexl/JexlWithinNode.java,7,2,0,1,5,0,0,4,0,3,0,0.8333333,1.0,1
NationalSecurityAgency/datawave,microservices/services/audit/service/src/main/java/datawave/microservice/audit/replay/status/StatusCache.java,16,1,0,7,19,1,0,14,0,2,1,0.4945055,0.4945055,1
NationalSecurityAgency/datawave,warehouse/query-core/src/test/java/datawave/query/testframework/MultiValueCityFields.java,3,2,0,1,5,1,0,2,0,6,6,0.0,0.0,1
NationalSecurityAgency/datawave,warehouse/query-core/src/main/java/datawave/query/transformer/annotation/BoundaryComparator.java,12,1,0,1,3,0,0,1,0,0,0,0.0,0.0,1
NationalSecurityAgency/datawave,warehouse/query-core/src/main/java/datawave/query/Constants.java,0,1,0,5,1,0,0,0,0,58,58,0.0,0.0,1
NationalSecurityAgency/datawave,web-services/query-websocket/src/main/java/datawave/webservice/websocket/codec/QueryResponseMessageJsonEncoder.java,3,1,0,6,11,1,0,3,0,1,0,0.33333334,0.33333334,1
NationalSecurityAgency/datawave,web-services/cached-results/src/main/java/datawave/webservice/query/cache/CachedResultsExpirationConfiguration.java,6,1,0,1,0,3,0,6,0,4,2,0.4,0.4,1
NationalSecurityAgency/datawave,warehouse/query-core/src/test/java/datawave/query/util/sortedmap/rfile/KeyValueByteDocumenTransformsTest.java,15,1,0,14,25,21,0,7,2,1,0,0.0,0.0,1
NationalSecurityAgency/datawave,warehouse/query-core/src/main/java/datawave/query/language/functions/lucene/Occurrence.java,12,2,0,7,8,10,0,5,0,0,0,0.0,0.0,1
NationalSecurityAgency/datawave-audit-service,service/src/main/java/datawave/microservice/audit/common/AuditMessageSupplier.java,2,1,0,3,9,0,0,2,0,1,0,0.0,0.0,1
NationalSecurityAgency/datawave-audit-service,service/src/main/java/datawave/microservice/audit/config/AuditProperties.java,15,1,0,4,1,20,0,14,0,7,0,0.2,0.2,2
NationalSecurityAgency/datawave-audit-service,service/src/main/java/datawave/microservice/audit/replay/remote/Request.java,13,2,2,3,1,15,0,13,4,3,0,1.0,1.0,3
NationalSecurityAgency/datawave-audit-service,service/src/test/java/datawave/microservice/audit/auditors/log/LogAuditConfigMissingTest.java,1,1,0,9,2,0,0,1,0,1,0,0.0,0.0,2
NationalSecurityAgency/datawave-audit-service,api/src/main/java/datawave/microservice/audit/replay/status/Status.java,32,1,0,2,5,68,0,32,0,16,2,0.25,1.0,4
NationalSecurityAgency/datawave-audit-service,service/src/main/java/datawave/microservice/audit/health/rabbit/config/RabbitHealthProperties.java,74,1,0,8,1,252,0,74,0,37,0,0.2,0.2,6
NationalSecurityAgency/datawave-audit-service,service/src/main/java/datawave/microservice/audit/replay/runner/RunningReplay.java,3,1,0,1,0,0,0,3,0,2,0,0.6666667,1.0,1
NationalSecurityAgency/datawave-audit-service,service/src/test/java/datawave/microservice/audit/auditors/accumulo/AccumuloAuditConfigDisabledTest.java,1,1,0,9,2,0,0,1,0,1,0,0.0,0.0,2
NationalSecurityAgency/datawave-audit-service,service/src/test/java/datawave/microservice/audit/health/rabbit/RabbitHealthCheckerTest.java,47,1,0,22,70,438,0,45,0,11,7,1.0,1.0,2
NationalSecurityAgency/datawave-audit-service,service/src/test/java/datawave/microservice/audit/AuditServiceTest.java,46,3,0,33,86,10,0,28,0,13,2,1.0,1.0,10
NationalSecurityAgency/datawave-audit-service,service/src/test/java/datawave/microservice/audit/auditors/accumulo/AccumuloAuditConfigMissingTest.java,1,1,0,9,2,0,0,1,0,1,0,0.0,0.0,2
NationalSecurityAgency/datawave-audit-service,service/src/main/java/datawave/microservice/audit/replay/ReplayController.java,110,1,0,31,61,0,0,26,0,11,0,1.0,1.0,2
NationalSecurityAgency/datawave-audit-service,service/src/test/java/datawave/microservice/audit/replay/AuditReplayTest.java,106,1,0,36,110,36,0,29,9,14,5,0.9916667,1.0,6
NationalSecurityAgency/datawave-audit-service,service/src/test/java/datawave/microservice/audit/common/AuditMessageConsumerTest.java,4,1,0,7,15,0,0,3,0,1,0,1.0,1.0,2
NationalSecurityAgency/datawave-audit-service,service/src/main/java/datawave/microservice/audit/common/AuditMessage.java,5,1,0,2,1,0,0,5,1,1,0,0.6,0.6,1
NationalSecurityAgency/datawave-audit-service,service/src/main/java/datawave/microservice/audit/auditors/log/LogAuditor.java,1,1,0,3,4,0,0,1,0,1,0,0.0,0.0,1
NationalSecurityAgency/datawave-audit-service,service/src/main/java/datawave/microservice/audit/health/rabbit/config/RabbitHealthConfig.java,7,1,0,18,16,10,0,5,0,2,0,0.0,0.0,1
NationalSecurityAgency/datawave-audit-service,service/src/main/java/datawave/microservice/audit/config/AuditServiceConfig.java,1,1,0,5,0,0,0,1,0,0,0,0.0,0.0,1
NationalSecurityAgency/datawave-audit-service,service/src/main/java/datawave/microservice/audit/AuditController.java,25,1,0,27,36,0,0,5,0,8,2,0.8333333,1.0,1
NationalSecurityAgency/datawave-audit-service,service/src/main/java/datawave/microservice/audit/health/HealthChecker.java,5,1,0,0,0,10,0,5,0,0,0,0.0,0.0,1
NationalSecurityAgency/datawave-audit-service,service/src/test/java/datawave/microservice/audit/auditors/accumulo/AccumuloAuditorTest.java,8,1,0,17,34,0,0,7,0,4,0,0.53333336,0.6666667,2
NationalSecurityAgency/datawave-audit-service,service/src/main/java/datawave/microservice/audit/auditors/log/config/LogAuditConfig.java,2,1,0,8,0,1,0,2,0,1,0,0.0,0.0,1
NationalSecurityAgency/datawave-audit-service,service/src/main/java/datawave/microservice/audit/auditors/file/FileAuditor.java,41,1,2,12,31,90,0,22,0,17,1,0.8,1.0,2
NationalSecurityAgency/datawave-audit-service,service/src/main/java/datawave/microservice/audit/replay/event/listener/AuditReplayRemoteRequestEventListener.java,3,1,0,9,6,0,0,2,0,3,0,1.0,1.0,1
NationalSecurityAgency/datawave-audit-service,api/src/test/java/datawave/webservice/common/audit/AuditParametersTest.java,31,1,0,3,36,0,0,31,0,1,0,0.8731183,0.8731183,1
NationalSecurityAgency/datawave-audit-service,service/src/main/java/datawave/microservice/audit/auditors/file/config/FileAuditProperties.java,16,1,0,3,0,104,0,16,0,8,0,0.06666667,0.06666667,1
NationalSecurityAgency/datawave-audit-service,service/src/test/java/datawave/microservice/audit/auditors/log/LogAuditorTest.java,8,2,0,20,29,0,0,8,0,4,0,0.5,0.5,3
NationalSecurityAgency/datawave-audit-service,service/src/main/java/datawave/microservice/audit/auditors/file/config/FileAuditConfig.java,5,1,0,11,18,1,0,2,0,0,0,0.0,0.0,1
NationalSecurityAgency/datawave-audit-service,service/src/main/java/datawave/microservice/audit/health/rabbit/RabbitHealthChecker.java,115,1,0,22,146,93,0,23,3,28,3,0.5714286,1.0,2
NationalSecurityAgency/datawave-audit-service,service/src/main/java/datawave/microservice/audit/auditors/accumulo/AccumuloAuditor.java,9,1,0,9,28,0,0,4,0,5,1,0.6666667,1.0,1
NationalSecurityAgency/datawave-audit-service,service/src/main/java/datawave/microservice/audit/auditors/accumulo/config/AccumuloAuditConfig.java,4,1,0,16,12,6,0,4,0,2,0,0.0,0.0,1
NationalSecurityAgency/datawave-audit-service,service/src/main/java/datawave/microservice/audit/auditors/accumulo/config/AccumuloAuditProperties.java,23,1,0,5,1,20,0,23,0,11,0,0.33333334,0.52380955,3
NationalSecurityAgency/datawave-audit-service,api/src/main/java/datawave/webservice/common/audit/AuditParameters.java,77,1,0,5,48,110,0,28,2,19,10,0.37321937,0.9259259,1
NationalSecurityAgency/datawave-audit-service,api/src/test/java/datawave/webservice/common/audit/TestAuditParameters.java,12,1,0,4,18,0,0,8,0,2,0,1.0,1.0,1
NationalSecurityAgency/datawave-audit-service,service/src/main/java/datawave/microservice/audit/auditors/accumulo/health/AccumuloHealthChecker.java,5,1,0,5,12,0,0,2,0,2,0,1.0,1.0,1
NationalSecurityAgency/datawave-audit-service,service/src/main/java/org/springframework/cloud/bus/event/AuditReplayRemoteRequestEvent.java,4,2,0,2,0,0,0,4,0,1,0,1.0,1.0,1
NationalSecurityAgency/datawave-audit-service,service/src/main/java/datawave/microservice/audit/replay/runner/ReplayTask.java,49,1,0,13,73,0,0,8,0,6,2,0.33333334,0.33333334,2
NationalSecurityAgency/datawave-audit-service,service/src/main/java/datawave/microservice/audit/replay/config/ReplayConfig.java,3,1,0,17,11,1,0,2,0,0,0,0.0,0.0,1
NationalSecurityAgency/datawave-audit-service,service/src/main/java/datawave/microservice/audit/health/rabbit/RabbitOutageStats.java,26,2,0,2,14,64,0,17,0,8,0,0.2647059,0.88235295,1
NationalSecurityAgency/datawave-audit-service,service/src/test/java/datawave/microservice/audit/auditors/log/LogAuditConfigDisabledTest.java,1,1,0,9,2,0,0,1,0,1,0,0.0,0.0,2
NationalSecurityAgency/datawave-audit-service,service/src/main/java/datawave/microservice/audit/health/OutageStats.java,7,1,1,1,1,7,0,7,0,2,0,0.33333334,0.33333334,1
NationalSecurityAgency/datawave-audit-service,service/src/main/java/datawave/microservice/audit/AuditService.java,3,1,0,7,1,3,0,3,1,0,0,0.0,0.0,1
NationalSecurityAgency/datawave-audit-service,service/src/main/java/datawave/microservice/audit/auditors/file/config/DumpAuditConfig.java,7,1,0,14,16,1,0,3,0,1,0,0.0,0.0,1
NationalSecurityAgency/datawave-audit-service,api/src/main/java/datawave/webservice/common/audit/Auditor.java,1,1,0,1,0,0,0,1,0,1,0,0.0,0.0,2
NationalSecurityAgency/datawave-audit-service,service/src/main/java/datawave/microservice/audit/common/AuditMessageConsumer.java,5,1,0,4,9,0,0,2,0,3,0,1.0,1.0,1
NationalSecurityAgency/datawave-audit-service,service/src/main/java/datawave/microservice/audit/replay/config/ReplayProperties.java,24,1,0,5,1,104,0,24,0,12,0,0.14285715,0.14285715,2
NationalSecurityAgency/datawave-audit-service,service/src/main/java/datawave/microservice/audit/replay/status/StatusCache.java,16,1,0,6,16,1,0,14,0,2,1,0.4945055,0.4945055,1
NationalSecurityAgency/datawave-audit-service,service/src/main/java/datawave/microservice/audit/health/OutagesEndpoint.java,2,1,0,5,1,0,0,1,0,1,0,0.0,0.0,1
NationalSecurityAgency/datawave-authorization-service,service/src/test/java/datawave/microservice/authorization/AuthorizeHttpsAllowedCallerTest.java,5,1,0,15,14,3,0,5,0,5,0,1.0,1.0,2
NationalSecurityAgency/datawave-authorization-service,api/src/main/java/datawave/security/authorization/ProxiedUserDetails.java,8,1,0,2,0,28,0,8,0,0,0,0.0,0.0,1
NationalSecurityAgency/datawave-authorization-service,service/src/main/java/datawave/microservice/authorization/AuthorizationService.java,1,1,0,4,1,0,0,1,1,0,0,0.0,0.0,1
NationalSecurityAgency/datawave-authorization-service,api/src/main/java/datawave/security/authorization/SubjectIssuerDNPair.java,18,1,0,5,6,0,0,9,3,3,1,0.7222222,0.7777778,1
NationalSecurityAgency/datawave-authorization-service,api/src/main/java/datawave/security/util/ProxiedEntityUtils.java,34,1,0,2,40,28,0,8,8,1,1,0.0,0.0,1
NationalSecurityAgency/datawave-authorization-service,api/src/main/java/datawave/security/authorization/DatawaveUserService.java,1,1,0,2,0,0,0,1,0,0,0,0.0,0.0,1
NationalSecurityAgency/datawave-authorization-service,service/src/main/java/datawave/microservice/authorization/config/CachingConfigurer.java,6,2,0,7,7,0,0,5,0,1,0,1.0,1.0,2
NationalSecurityAgency/datawave-authorization-service,api/src/test/java/datawave/security/util/ProxiedEntityUtilsTest.java,4,1,0,2,3,6,0,4,0,0,0,0.0,0.0,1
NationalSecurityAgency/datawave-authorization-service,service/src/main/java/datawave/microservice/authorization/oauth/AuthorizationRequest.java,7,1,0,2,0,3,0,7,0,4,1,0.42857143,1.0,1
NationalSecurityAgency/datawave-authorization-service,service/src/test/java/datawave/microservice/authorization/OAuthOperationsV2TestCommon.java,47,1,2,20,67,3,0,15,1,17,1,0.75,0.75,3
NationalSecurityAgency/datawave-authorization-service,api/src/main/java/datawave/security/authorization/JWTTokenHandler.java,13,2,0,9,35,0,0,8,0,10,2,0.6,1.0,3
NationalSecurityAgency/datawave-authorization-service,service/src/test/java/datawave/microservice/authorization/AuthorizeHttpsNotAllowedCallerTest.java,5,1,0,15,14,3,0,5,0,6,0,1.0,1.0,2
NationalSecurityAgency/datawave-authorization-service,api/src/main/java/datawave/security/authorization/AuthorizationException.java,5,3,0,0,0,10,0,5,0,0,0,0.0,0.0,1
NationalSecurityAgency/datawave-authorization-service,service/src/main/java/datawave/microservice/authorization/AuthorizationOperationsV2.java,6,2,0,13,11,10,0,5,0,0,0,0.0,0.0,1
NationalSecurityAgency/datawave-authorization-service,service/src/test/java/datawave/microservice/authorization/AuthorizationServiceV2Test.java,6,1,0,17,20,3,0,6,1,9,4,0.6666667,1.0,2
NationalSecurityAgency/datawave-authorization-service,service/src/test/java/datawave/microservice/authorization/ProxiedEntityUserDetailsServiceTest.java,6,1,0,12,16,3,0,6,0,5,4,1.0,1.0,2
NationalSecurityAgency/datawave-authorization-service,service/src/main/java/datawave/microservice/authorization/AuthorizationOperationsV1.java,23,1,1,24,56,28,0,13,0,9,0,0.45454547,0.8181818,1
NationalSecurityAgency/datawave-authorization-service,service/src/main/java/datawave/microservice/authorization/event/listener/AuthorizationEvictionEventListener.java,6,1,0,8,10,0,0,2,0,3,0,1.0,1.0,1
NationalSecurityAgency/datawave-authorization-service,service/src/main/java/datawave/microservice/authorization/mock/MockDatawaveUserLookup.java,8,1,0,9,17,4,0,4,0,1,0,0.0,0.0,1
NationalSecurityAgency/datawave-authorization-service,api/src/main/java/datawave/security/authorization/CloseableLoginContext.java,6,2,0,0,1,15,0,6,0,0,0,0.0,0.0,1
NationalSecurityAgency/datawave-authorization-service,service/src/test/java/datawave/microservice/authorization/config/CachingConfigurerTest.java,32,2,0,20,27,21,0,25,0,6,4,0.6,0.6,5
NationalSecurityAgency/datawave-authorization-service,api/src/main/java/datawave/security/authorization/CachedDatawaveUserService.java,7,1,0,3,0,21,0,7,0,0,0,0.0,0.0,1
NationalSecurityAgency/datawave-authorization-service,service/src/main/java/datawave/microservice/authorization/oauth/OAuthProperties.java,8,1,0,6,5,20,0,8,0,4,0,0.14285715,0.14285715,1
NationalSecurityAgency/datawave-authorization-service,service/src/main/java/datawave/microservice/authorization/AuthorizationControllerV1.java,11,1,0,18,10,0,0,11,0,1,0,1.0,1.0,1
NationalSecurityAgency/datawave-authorization-service,service/src/main/java/datawave/microservice/authorization/AuthorizationControllerV2.java,11,1,0,19,10,0,0,11,0,1,0,1.0,1.0,1
NationalSecurityAgency/datawave-authorization-service,api/src/main/java/datawave/security/authorization/DatawaveUserInfo.java,16,1,0,6,8,0,0,9,0,5,1,0.8333333,1.0,1
NationalSecurityAgency/datawave-authorization-service,service/src/main/java/datawave/microservice/authorization/config/AuthorizationAllowedCallersFilter.java,4,2,0,7,7,3,0,3,1,1,1,0.0,0.0,1
NationalSecurityAgency/datawave-authorization-service,service/src/test/java/datawave/microservice/authorization/AuthorizationServiceV1Test.java,17,1,0,23,32,28,0,17,1,18,4,0.93333334,1.0,3
NationalSecurityAgency/datawave-authorization-service,api/src/main/java/datawave/security/authorization/DatawaveUser.java,25,1,2,8,20,64,0,17,0,15,2,0.2647059,0.88235295,2
NationalSecurityAgency/datawave-authorization-service,service/src/main/java/datawave/microservice/authorization/OAuthControllerV2.java,5,1,0,13,4,0,0,5,0,1,0,1.0,1.0,1
NationalSecurityAgency/datawave-authorization-service,api/src/main/java/datawave/security/authorization/oauth/OAuthTokenResponse.java,11,1,0,5,1,29,0,11,0,5,0,0.23636363,0.6727273,1
NationalSecurityAgency/datawave-authorization-service,service/src/main/java/datawave/microservice/authorization/mock/MockDatawaveUser.java,4,1,0,0,0,2,0,4,0,2,0,0.33333334,0.33333334,1
NationalSecurityAgency/datawave-authorization-service,service/src/main/java/datawave/microservice/authorization/mock/MockDULProperties.java,6,1,0,4,0,9,0,6,0,3,0,0.2,0.2,1
NationalSecurityAgency/datawave-authorization-service,service/src/main/java/datawave/microservice/authorization/mock/MockDatawaveUserServiceConfiguration.java,3,1,0,10,1,3,0,3,0,0,0,0.0,0.0,1
NationalSecurityAgency/datawave-authorization-service,service/src/main/java/datawave/microservice/authorization/config/AuthorizationSecurityConfigurer.java,4,2,0,15,11,0,0,4,0,2,0,0.6666667,1.0,1
NationalSecurityAgency/datawave-authorization-service,service/src/test/java/datawave/microservice/authorization/OAuthOperationsV2HttpsTest.java,13,2,0,12,23,28,0,12,0,3,0,0.5,0.5,2
NationalSecurityAgency/datawave-authorization-service,service/src/test/java/datawave/microservice/authorization/OAuthOperationsV2HttpTest.java,13,2,0,12,23,28,0,12,0,3,0,0.5,0.5,2
NationalSecurityAgency/datawave-authorization-service,service/src/main/java/datawave/microservice/authorization/userdetails/ProxiedEntityUserDetailsService.java,9,1,0,17,25,0,0,2,0,3,0,1.0,1.0,1
NationalSecurityAgency/datawave-authorization-service,service/src/main/java/datawave/microservice/authorization/mock/MockDatawaveUserService.java,9,1,0,7,12,10,0,9,0,3,1,0.3611111,0.5833333,1
NationalSecurityAgency/datawave-authorization-service,service/src/main/java/datawave/microservice/authorization/oauth/AuthorizedClient.java,6,1,0,0,0,9,0,6,0,4,1,0.2,0.2,1
NationalSecurityAgency/datawave-authorization-service,api/src/main/java/datawave/security/authorization/predicate/AuthorizationsPredicate.java,8,1,0,4,4,1,0,7,0,1,0,0.47619048,0.47619048,1
NationalSecurityAgency/datawave-authorization-service,service/src/main/java/datawave/microservice/authorization/preauth/AuthorizationProxiedEntityX509Filter.java,3,2,0,5,3,1,0,2,0,0,0,0.0,0.0,1
NationalSecurityAgency/datawave-authorization-service,service/src/test/java/datawave/microservice/authorization/AuthorizationTestUtils.java,16,1,0,10,25,0,0,7,0,4,0,0.7619048,1.0,1
NationalSecurityAgency/datawave-authorization-service,api/src/main/java/datawave/security/authorization/oauth/OAuthUserInfo.java,3,2,0,6,9,1,0,3,0,1,0,0.33333334,0.33333334,1
NationalSecurityAgency/datawave-authorization-service,service/src/test/java/datawave/microservice/authorization/AuthorizeHttpTest.java,9,1,0,19,29,3,0,9,0,10,2,1.0,1.0,2
NationalSecurityAgency/datawave-authorization-service,service/src/main/java/datawave/microservice/authorization/OAuthOperationsV2.java,28,1,0,21,61,6,0,9,0,6,0,0.3,0.3,1
NationalSecurityAgency/datawave-authorization-service,api/src/main/java/datawave/security/authorization/DatawaveUserV1.java,1,2,0,2,8,0,0,1,0,2,0,0.0,0.0,1
NationalSecurityAgency/datawave-authorization-service,service/src/main/java/datawave/microservice/authorization/preauth/AuthorizationProxiedEntityPreauthPrincipal.java,2,2,0,3,0,0,0,2,0,1,0,1.0,1.0,1
NationalSecurityAgency/datawave-authorization-service,api/src/main/java/datawave/security/authorization/oauth/OAuthConstants.java,0,1,0,0,0,0,0,0,0,3,3,0.0,0.0,1
NationalSecurityAgency/datawave-authorization-service,service/src/test/java/datawave/microservice/authorization/AuthorizationTestUserService.java,12,1,0,7,14,34,0,9,0,3,0,0.027777778,0.027777778,1
NationalSecurityAgency/datawave-query-service,service/src/main/java/datawave/microservice/query/monitor/cache/MonitorStatusCache.java,14,1,0,6,9,0,0,12,0,3,2,0.969697,1.0,1
NationalSecurityAgency/datawave-query-service,service/src/main/java/datawave/microservice/query/web/filter/BaseMethodStatsFilter.java,53,4,2,13,39,15,0,36,0,22,2,0.8,1.0,7
NationalSecurityAgency/datawave-query-service,service/src/test/java/datawave/microservice/query/AbstractQueryServiceTest.java,75,2,13,46,117,793,0,57,0,24,10,0.13320999,0.32469934,5
NationalSecurityAgency/datawave-query-service,service/src/main/java/datawave/microservice/query/stream/listener/CountingResponseBodyEmitterListener.java,8,1,0,4,4,0,0,7,0,2,0,0.8095238,1.0,1
NationalSecurityAgency/datawave-query-service,service/src/main/java/datawave/microservice/query/cachedresults/LocalQueryService.java,6,1,0,13,8,0,0,6,0,2,1,1.0,1.0,1
NationalSecurityAgency/datawave-query-service,service/src/main/java/datawave/microservice/query/mapreduce/MapReduceQueryManagementService.java,117,1,0,46,149,210,0,37,0,12,2,0.35384616,0.52615386,1
NationalSecurityAgency/datawave-query-service,service/src/main/java/datawave/microservice/query/monitor/QueryMonitor.java,19,1,0,21,32,0,0,5,0,14,0,1.0,1.0,1
NationalSecurityAgency/datawave-query-service,service/src/main/java/datawave/microservice/query/translateid/TranslateIdService.java,17,1,0,12,39,0,0,6,0,6,3,0.8,1.0,1
NationalSecurityAgency/datawave-query-service,service/src/test/java/datawave/microservice/query/lookup/LookupServiceTest.java,48,2,0,24,75,147,0,18,0,1,0,0.019607844,0.019607844,1
NationalSecurityAgency/datawave-query-service,service/src/main/java/datawave/microservice/query/PoolHealthController.java,26,2,0,17,33,9,0,16,0,10,0,0.2,0.2,3
NationalSecurityAgency/datawave-query-service,service/src/main/java/datawave/microservice/query/monitor/cache/MonitorStatus.java,4,1,0,0,0,0,0,3,0,2,1,1.0,1.0,1
NationalSecurityAgency/datawave-query-service,service/src/main/java/datawave/microservice/query/web/annotation/EnrichQueryMetrics.java,0,1,0,0,0,0,0,0,0,0,0,0.0,0.0,1
NationalSecurityAgency/datawave-query-service,service/src/main/java/datawave/microservice/query/QueryService.java,1,1,0,4,1,0,0,1,1,0,0,0.0,0.0,1
NationalSecurityAgency/datawave-query-service,service/src/main/java/datawave/microservice/query/runner/NextCall.java,86,1,0,17,77,36,0,25,0,43,0,0.23809524,0.23809524,2
NationalSecurityAgency/datawave-query-service,service/src/main/java/datawave/microservice/query/mapreduce/config/MapReduceQueryControllerConfig.java,4,1,0,9,13,3,0,4,0,1,0,0.0,0.0,2
NationalSecurityAgency/datawave-query-service,service/src/main/java/datawave/microservice/query/WebController.java,2,1,0,5,5,1,0,2,0,1,0,0.0,0.0,1
NationalSecurityAgency/datawave-query-service,service/src/test/java/datawave/microservice/query/QueryServiceUpdateTest.java,9,2,0,17,35,36,0,9,0,0,0,0.0,0.0,1
NationalSecurityAgency/datawave-query-service,api/src/main/java/datawave/microservice/query/config/QueryExpirationProperties.java,47,1,0,3,3,971,0,47,0,19,0,0.050878815,0.084181316,1
NationalSecurityAgency/datawave-query-service,service/src/main/java/datawave/microservice/query/web/QuerySessionIdAdvice.java,16,1,0,15,22,4,0,7,1,3,0,1.0,1.0,3
NationalSecurityAgency/datawave-query-service,api/src/main/java/datawave/microservice/query/DefaultQueryParameters.java,139,1,0,6,45,853,0,51,5,28,7,0.15686275,0.78054297,1
NationalSecurityAgency/datawave-query-service,service/src/main/java/datawave/microservice/query/stream/runner/StreamingCall.java,25,1,0,12,33,21,0,14,0,14,0,0.0,0.0,2
NationalSecurityAgency/datawave-query-service,api/src/main/java/datawave/microservice/query/QueryImpl.java,241,2,0,19,146,1288,0,89,4,51,25,0.21818182,0.8342408,4
NationalSecurityAgency/datawave-query-service,service/src/main/java/datawave/microservice/query/monitor/MonitorTask.java,19,1,0,12,38,0,0,8,0,9,0,1.0,1.0,1
NationalSecurityAgency/datawave-query-service,service/src/test/java/datawave/microservice/query/QueryServicePlanTest.java,3,2,0,18,27,0,0,1,0,1,0,0.0,0.0,1
NationalSecurityAgency/datawave-query-service,service/src/main/java/datawave/microservice/query/web/filter/LoggingStatsFilter.java,17,3,0,6,27,0,0,2,0,1,0,1.0,1.0,1
NationalSecurityAgency/datawave-query-service,service/src/test/java/datawave/microservice/query/stream/StreamingServiceTest.java,16,2,0,21,56,21,0,7,0,0,0,0.0,0.0,1
NationalSecurityAgency/datawave-query-service,api/src/main/java/datawave/microservice/query/Query.java,58,1,1,7,12,1378,0,53,0,1,1,0.0,0.0,1
NationalSecurityAgency/datawave-query-service,service/src/main/java/datawave/microservice/query/web/filter/QueryMetricsEnrichmentFilterAdvice.java,29,3,0,24,50,2,0,9,0,8,0,1.0,1.0,3
NationalSecurityAgency/datawave-query-service,service/src/main/java/datawave/microservice/query/mapreduce/MapReduceQueryController.java,16,1,0,31,30,0,0,14,0,1,0,1.0,1.0,1
NationalSecurityAgency/datawave-query-service,service/src/test/java/datawave/microservice/query/QueryServiceNextTest.java,18,2,0,18,46,66,0,12,0,0,0,0.0,0.0,1
NationalSecurityAgency/datawave-query-service,service/src/main/java/datawave/microservice/query/stream/StreamingService.java,5,1,0,10,18,0,0,4,0,4,0,0.6666667,1.0,1
NationalSecurityAgency/datawave-query-service,service/src/main/java/datawave/microservice/query/monitor/config/MonitorConfig.java,2,1,0,16,5,0,0,1,0,1,0,0.0,0.0,1
NationalSecurityAgency/datawave-query-service,service/src/test/java/datawave/microservice/query/QueryServiceCloseTest.java,17,2,0,15,41,36,0,9,0,0,0,0.0,0.0,1
NationalSecurityAgency/datawave-query-service,service/src/main/java/datawave/microservice/query/web/filter/CountingResponseBodyEmitter.java,3,2,0,2,1,0,0,2,0,1,0,1.0,1.0,1
NationalSecurityAgency/datawave-query-service,api/src/main/java/datawave/microservice/query/QueryPersistence.java,0,1,0,0,0,0,0,0,0,0,0,0.0,0.0,1
NationalSecurityAgency/datawave-query-service,api/src/main/java/datawave/microservice/query/QueryParameters.java,42,1,0,3,0,861,0,42,0,19,0,0.0,0.0,1
NationalSecurityAgency/datawave-query-service,service/src/test/java/datawave/microservice/query/QueryServiceCancelTest.java,17,2,0,13,37,36,0,9,0,0,0,0.0,0.0,1
NationalSecurityAgency/datawave-query-service,service/src/main/java/datawave/microservice/query/stream/listener/StreamingResponseListener.java,3,1,0,1,0,3,0,3,0,0,0,0.0,0.0,1
NationalSecurityAgency/datawave-query-service,service/src/main/java/datawave/microservice/query/web/BaseQueryResponseAdvice.java,2,1,0,9,8,1,0,2,0,0,0,0.0,0.0,1
NationalSecurityAgency/datawave-query-service,service/src/test/java/datawave/microservice/query/QueryServiceCreateTest.java,9,2,0,18,40,36,0,9,0,0,0,0.0,0.0,1
NationalSecurityAgency/datawave-query-service,service/src/main/java/datawave/microservice/query/cachedresults/CachedResultsQueryController.java,13,1,0,24,12,0,0,13,0,1,0,1.0,1.0,1
NationalSecurityAgency/datawave-query-service,service/src/test/java/datawave/microservice/query/QueryServiceDuplicateTest.java,8,2,0,17,44,28,0,8,0,0,0,0.0,0.0,1
NationalSecurityAgency/datawave-query-service,service/src/test/java/datawave/microservice/query/QueryServiceDefineTest.java,9,2,0,18,36,36,0,9,0,0,0,0.0,0.0,1
NationalSecurityAgency/datawave-query-service,service/src/main/java/datawave/microservice/query/QueryManagementService.java,246,1,0,53,271,395,0,66,0,20,1,0.47836736,0.844898,1
NationalSecurityAgency/datawave-query-service,service/src/main/java/datawave/microservice/query/lookup/LookupService.java,84,1,0,26,100,97,0,22,0,20,15,0.5,0.84615386,1
NationalSecurityAgency/datawave-query-service,service/src/main/java/datawave/microservice/query/config/QueryServiceConfiguration.java,7,1,0,17,16,21,0,7,0,0,0,0.0,0.0,1
NationalSecurityAgency/datawave-query-service,service/src/main/java/datawave/microservice/query/monitor/config/MonitorProperties.java,32,1,0,5,1,422,0,32,0,13,0,0.07459678,0.12298387,1
NationalSecurityAgency/datawave-query-service,service/src/test/java/datawave/microservice/query/QueryServiceRemoveTest.java,16,2,0,14,38,55,0,11,0,0,0,0.0,0.0,1
NationalSecurityAgency/datawave-query-service,service/src/test/java/datawave/microservice/query/QueryServiceResetTest.java,6,2,0,14,39,15,0,6,0,0,0,0.0,0.0,1
NationalSecurityAgency/datawave-query-service,service/src/main/java/datawave/microservice/query/QueryController.java,44,1,0,46,54,0,0,36,0,10,0,0.6136364,1.0,1
NationalSecurityAgency/datawave-query-service,service/src/test/java/datawave/microservice/query/QueryServiceListTest.java,22,2,0,16,46,36,0,9,0,0,0,0.0,0.0,1
NationalSecurityAgency/emissary,src/main/java/emissary/command/ConfigCommand.java,13,3,0,16,20,11,0,6,0,7,3,0.13333334,0.13333334,1
NationalSecurityAgency/emissary,src/test/java/emissary/roll/RollManagerTest.java,9,2,0,9,25,6,0,8,0,3,0,0.0,0.0,3
NationalSecurityAgency/emissary,src/test/java/emissary/core/IBaseDataObjectXmlCodecs.java,66,1,0,22,101,22,0,30,7,51,35,1.0,1.0,14
NationalSecurityAgency/emissary,src/main/java/emissary/core/channels/InputStreamFactory.java,1,1,0,0,0,0,0,1,0,0,0,0.0,0.0,1
NationalSecurityAgency/emissary,src/main/java/emissary/core/sentinel/protocols/actions/Exit.java,1,2,0,2,3,0,0,1,0,0,0,0.0,0.0,1
NationalSecurityAgency/emissary,src/test/java/emissary/place/MultiFileUnixCommandPlaceTest.java,19,2,0,13,49,0,0,12,0,9,5,1.0,1.0,1
NationalSecurityAgency/emissary,src/main/java/emissary/command/DirectoryCommand.java,4,4,0,6,2,6,0,4,0,2,2,0.0,0.0,1
NationalSecurityAgency/emissary,src/main/java/emissary/core/channels/FillChannelFactory.java,11,2,0,4,9,2,0,8,1,4,0,0.0,0.0,3
NationalSecurityAgency/emissary,src/test/java/emissary/core/EmissaryExceptionTest.java,1,2,0,3,2,0,0,1,0,0,0,0.0,0.0,1
NationalSecurityAgency/emissary,src/main/java/emissary/output/roller/IJournaler.java,1,1,0,2,0,0,0,1,0,0,0,0.0,0.0,1
NationalSecurityAgency/emissary,src/test/java/emissary/grpc/sample/GrpcSamplePlaceTest.java,50,3,0,14,148,10,0,37,0,16,7,1.0,1.0,11
NationalSecurityAgency/emissary,src/main/java/emissary/command/TopologyCommand.java,5,3,0,10,11,10,0,5,0,3,3,0.0,0.0,1
NationalSecurityAgency/emissary,src/main/java/emissary/core/channels/InputStreamChannelFactory.java,18,2,0,5,14,3,0,9,2,8,1,1.0,1.0,3
NationalSecurityAgency/emissary,src/main/java/emissary/core/EmissaryException.java,3,3,4,0,1,3,0,3,0,1,1,0.0,0.0,1
NationalSecurityAgency/emissary,src/test/java/emissary/place/ServiceProviderPlaceTest.java,50,3,0,20,57,247,0,33,0,13,11,0.10333333,0.12,2
NationalSecurityAgency/emissary,src/main/java/emissary/core/HDMobileAgent.java,105,2,7,9,91,141,0,27,0,3,2,0.2991453,0.4871795,1
NationalSecurityAgency/emissary,src/test/java/emissary/core/FamilyTest.java,5,2,0,3,5,10,0,5,0,0,0,0.0,0.0,1
NationalSecurityAgency/emissary,src/main/java/emissary/util/io/FileManipulator.java,8,1,0,1,8,4,0,4,3,3,3,0.33333334,0.33333334,1
NationalSecurityAgency/emissary,src/test/java/emissary/EmissaryTest.java,29,4,0,10,31,45,0,27,1,4,2,0.1904762,0.2857143,5
NationalSecurityAgency/emissary,src/main/java/emissary/util/WatcherThread.java,15,2,0,3,20,5,0,7,1,3,0,0.23809524,0.47619048,1
NationalSecurityAgency/emissary,src/main/java/emissary/directory/EmissaryNode.java,32,1,2,17,34,164,0,20,0,20,11,0.06842105,0.34736842,2
NationalSecurityAgency/emissary,src/main/java/emissary/place/IMultiFileUnixCommandPlace.java,0,1,0,1,0,0,0,0,0,0,0,0.0,0.0,1
NationalSecurityAgency/emissary,src/test/java/emissary/place/OOMPlace.java,4,2,0,2,0,6,0,4,0,0,0,0.0,0.0,1
NationalSecurityAgency/emissary,src/test/java/emissary/test/core/junit5/LogbackTester.java,26,1,0,5,40,0,0,11,2,12,5,0.52380955,0.52380955,2
NationalSecurityAgency/emissary,src/main/java/emissary/config/Configurator.java,29,1,0,3,0,406,0,29,0,2,0,0.0,0.0,1
NationalSecurityAgency/emissary,src/test/java/emissary/server/mvc/internal/WorkBundleCompletedActionTest.java,8,3,0,9,18,0,0,8,0,6,5,0.8214286,1.0,1
NationalSecurityAgency/emissary,src/main/java/emissary/config/ConfigUtil.java,104,1,0,9,87,352,0,32,31,20,20,0.16256158,0.3768473,1
NationalSecurityAgency/emissary,src/main/java/emissary/util/shell/Executrix.java,183,3,0,12,118,3984,0,102,21,34,13,1.0,1.0,5
NationalSecurityAgency/emissary,src/main/java/emissary/config/ExtractResource.java,18,1,0,4,24,9,0,7,3,2,1,0.6,1.0,1
NationalSecurityAgency/emissary,src/test/java/emissary/output/DropOffUtilTest.java,24,2,0,14,61,0,0,18,2,3,1,0.45833334,0.45833334,1
NationalSecurityAgency/emissary,src/main/java/emissary/roll/RollScheduledExecutor.java,18,4,0,6,22,3,0,13,0,3,1,1.0,1.0,2
NationalSecurityAgency/emissary,src/test/java/emissary/core/MobileAgentTest.java,10,4,0,11,28,1,0,9,0,4,1,0.4,0.4,3
NationalSecurityAgency/emissary,src/main/java/emissary/pickup/WorkSpace.java,209,2,6,26,224,1237,0,81,1,48,6,0.4,0.6433566,5
NationalSecurityAgency/emissary,src/test/java/emissary/test/core/junit5/FunctionalTest.java,25,2,9,10,27,22,0,9,0,5,0,0.19444445,0.2777778,1
NationalSecurityAgency/emissary,src/test/java/emissary/test/core/junit5/extensions/TestAttempts.java,22,1,0,10,25,21,0,16,3,5,1,1.0,1.0,3
NationalSecurityAgency/emissary,src/test/java/emissary/kff/KffFileTest.java,25,2,0,12,53,66,0,16,8,13,7,1.0,1.0,3
NationalSecurityAgency/emissary,src/main/java/emissary/core/ResourceException.java,3,4,0,1,1,3,0,3,0,1,1,0.0,0.0,1
NationalSecurityAgency/emissary,src/test/java/emissary/util/ByteUtilTest.java,26,2,0,3,18,276,0,24,0,0,0,0.0,0.0,1
NationalSecurityAgency/emissary,src/main/java/emissary/config/ServiceConfigGuide.java,195,1,0,8,117,831,0,51,1,17,13,0.15837105,0.2647059,1
NationalSecurityAgency/emissary,src/test/java/emissary/pickup/WorkUnitTest.java,3,1,0,2,12,3,0,3,0,0,0,0.0,0.0,1
NationalSecurityAgency/emissary,src/test/java/emissary/test/core/junit5/IdentificationTest.java,15,2,1,12,28,49,0,11,1,2,2,0.054545455,0.054545455,1
NationalSecurityAgency/emissary,src/test/java/emissary/pickup/QueServerTest.java,15,4,0,9,18,6,0,12,0,11,0,1.0,1.0,3
NationalSecurityAgency/emissary,src/main/java/emissary/command/ServerCommand.java,25,4,0,13,30,99,0,15,0,9,3,0.028571429,0.028571429,1
NationalSecurityAgency/emissary,src/test/java/emissary/command/FeedCommandIT.java,9,2,0,13,54,0,0,9,0,11,5,0.8214286,1.0,2
NationalSecurityAgency/emissary,src/main/java/emissary/util/SizeUtil.java,28,1,0,4,17,9,0,6,5,3,3,0.2,0.2,1
NationalSecurityAgency/emissary,src/main/java/emissary/server/api/Configs.java,18,1,0,14,43,45,0,10,7,1,1,0.0,0.0,1
NationalSecurityAgency/emissary,src/main/java/emissary/util/CharsetUtil.java,54,1,0,8,13,54,0,12,11,3,3,0.13333334,0.13333334,1
NationalSecurityAgency/emissary,src/test/java/emissary/core/HDMobileAgentBugIT.java,12,5,0,15,24,9,0,12,3,9,4,1.0,1.0,4
NationalSecurityAgency/emissary,src/main/java/emissary/core/IBaseDataObjectHelper.java,35,1,0,11,98,55,0,12,10,1,1,0.0,0.0,2
NationalSecurityAgency/emissary,src/main/java/emissary/core/MobileAgentMBean.java,1,1,0,0,0,0,0,1,0,0,0,0.0,0.0,1
NationalSecurityAgency/emissary,src/test/java/emissary/server/mvc/EmissaryMvcTest.java,10,3,0,9,32,28,0,8,0,0,0,0.0,0.0,1
NationalSecurityAgency/emissary,src/test/java/emissary/util/io/LoggingPrintStreamTest.java,16,1,0,10,46,10,0,11,0,10,7,0.33333334,0.35714287,2
NationalSecurityAgency/emissary,src/main/java/emissary/place/RehashingPlace.java,0,1,0,1,0,0,0,0,0,0,0,0.0,0.0,1
NationalSecurityAgency/emissary,src/main/java/emissary/server/mvc/TransferDirectoryAction.java,4,1,0,13,12,0,0,1,0,2,2,0.0,0.0,1
NationalSecurityAgency/emissary,src/test/java/emissary/command/converter/FileExistsConverterTest.java,5,2,0,6,8,0,0,5,0,2,0,0.9,1.0,1
NationalSecurityAgency/emissary,src/test/java/emissary/core/channels/SeekableByteChannelHelperTest.java,13,3,0,11,42,27,0,13,0,3,3,0.13333334,0.13333334,3
NationalSecurityAgency/emissary,src/test/java/emissary/test/util/ConfiguredPlaceFactoryTest.java,24,7,0,13,20,54,0,22,0,15,13,0.6666667,1.0,5
NationalSecurityAgency/emissary,src/test/java/emissary/core/channels/SegmentChannelFactoryTest.java,3,2,0,7,8,0,0,1,0,0,0,0.0,0.0,1
NationalSecurityAgency/emissary,src/test/java/emissary/pickup/BreakableFilePickUpClient.java,16,3,0,3,19,6,0,6,0,3,0,0.2,0.3,2
NationalSecurityAgency/emissary,src/main/java/emissary/server/mvc/EnvironmentAction.java,8,1,0,6,15,0,0,3,0,1,0,1.0,1.0,2
NationalSecurityAgency/emissary,src/main/java/emissary/server/mvc/adapters/DirectoryAdapter.java,28,2,0,22,44,15,0,10,3,15,15,0.3809524,0.47619048,1
NationalSecurityAgency/emissary,src/test/java/emissary/directory/HeartbeatManagerTest.java,4,2,0,13,17,6,0,4,0,0,0,0.0,0.0,1
NationalSecurityAgency/emissary,src/main/java/emissary/kff/KffDataObjectHandler.java,87,1,0,10,62,344,0,32,23,25,21,0.16129032,0.54408604,1
NationalSecurityAgency/emissary,src/main/java/emissary/util/search/BackwardsTreeScanner.java,28,1,0,5,9,6,0,9,0,4,0,0.2,0.3,2
NationalSecurityAgency/emissary,src/main/java/emissary/core/sentinel/protocols/actions/Recover.java,3,2,0,5,11,0,0,1,0,0,0,0.0,0.0,1
NationalSecurityAgency/emissary,src/main/java/emissary/id/UnixFilePlace.java,30,4,0,7,37,13,0,6,0,9,0,0.06666667,0.06666667,1
NationalSecurityAgency/emissary,src/main/java/emissary/util/io/ReadOutput.java,8,1,0,1,3,0,0,4,0,4,0,0.6666667,1.0,1
NationalSecurityAgency/emissary,src/main/java/emissary/place/VersionPlace.java,16,3,2,5,18,52,0,13,0,7,2,0.09090909,0.09090909,1
NationalSecurityAgency/emissary,src/main/java/emissary/server/mvc/DumpDirectoryAction.java,21,1,0,18,30,0,0,4,0,12,1,0.0,0.0,4
NationalSecurityAgency/emissary,src/test/java/emissary/util/search/ByteTokenizerTest.java,1,1,0,3,6,0,0,1,0,0,0,0.0,0.0,1
NationalSecurityAgency/emissary,src/main/java/emissary/client/response/ConfigList.java,6,1,0,5,7,0,0,5,0,3,2,0.6,0.6,1
NationalSecurityAgency/emissary,src/main/java/emissary/core/constants/Configurations.java,1,1,0,0,2,0,0,1,0,14,14,0.0,0.0,1
NationalSecurityAgency/emissary,src/main/java/emissary/util/io/DiskSpaceMonitor.java,62,1,0,4,29,9,0,22,1,19,1,0.2857143,1.0,3
NationalSecurityAgency/emissary,src/test/java/emissary/directory/DirectoryEntryListTest.java,15,2,0,10,21,0,0,15,0,9,5,0.94285715,1.0,1
NationalSecurityAgency/emissary,src/test/java/emissary/util/shell/ReadOutputBufferTest.java,2,2,0,3,11,0,0,1,0,0,0,0.0,0.0,1
NationalSecurityAgency/emissary,src/main/java/emissary/spi/JavaCharSetInitializationProvider.java,3,1,0,6,6,0,0,1,0,1,1,0.0,0.0,1
NationalSecurityAgency/emissary,src/test/java/emissary/place/FTestSkippingCoordinationPlace.java,8,4,0,11,18,1,0,7,0,2,0,0.6,0.6,2
NationalSecurityAgency/emissary,src/test/java/emissary/util/EntropyTest.java,3,2,0,3,4,1,0,2,0,0,0,0.0,0.0,1
NationalSecurityAgency/emissary,src/main/java/emissary/output/filter/AbstractFilter.java,83,1,2,13,79,512,0,36,0,28,10,0.08067227,0.27563027,1
NationalSecurityAgency/emissary,src/test/java/emissary/kff/KffDataObjectHandlerTest.java,23,2,0,11,42,3,0,22,0,13,11,0.8245614,1.0,2
NationalSecurityAgency/emissary,src/test/java/emissary/core/DiffCheckConfiguration.java,28,1,0,3,12,0,0,26,2,2,0,1.0,1.0,3
NationalSecurityAgency/emissary,src/main/java/emissary/util/io/FileFind.java,35,1,0,3,17,8,0,14,1,9,3,1.0,1.0,3
NationalSecurityAgency/emissary,src/main/java/emissary/output/io/DateFilterFilenameGenerator.java,5,1,0,2,12,2,0,4,2,5,4,0.6666667,1.0,1
NationalSecurityAgency/emissary,src/main/java/emissary/util/search/FastBoyerMoore.java,88,1,0,7,32,10,0,23,3,15,4,0.6785714,0.75,3
NationalSecurityAgency/emissary,src/main/java/emissary/pickup/file/FilePickUpClient.java,65,8,4,15,76,138,0,23,0,9,0,0.1368421,0.28947368,3
NationalSecurityAgency/emissary,src/test/java/emissary/test/core/junit5/UnitTest.java,40,1,179,17,62,213,0,23,6,7,2,0.047368422,0.06842105,2
NationalSecurityAgency/emissary,src/main/java/emissary/core/channels/SegmentChannelFactory.java,13,2,0,3,7,1,0,8,1,6,0,0.33333334,0.33333334,3
NationalSecurityAgency/emissary,src/test/java/emissary/server/mvc/internal/DeregisterPlaceActionTest.java,10,4,0,13,18,1,0,10,0,6,5,0.78571427,1.0,2
NationalSecurityAgency/emissary,src/main/java/emissary/kff/KffChain.java,24,1,0,9,22,25,0,14,1,5,2,0.37179488,0.3974359,1
NationalSecurityAgency/emissary,src/main/java/emissary/grpc/GrpcRoutingPlace.java,26,3,2,22,38,168,0,20,0,7,3,0.008333334,0.008333334,1
NationalSecurityAgency/emissary,src/main/java/emissary/grpc/pool/PoolException.java,2,4,0,0,0,1,0,2,0,1,1,0.0,0.0,1
NationalSecurityAgency/emissary,src/test/java/emissary/util/CaseInsensitiveMapTest.java,5,2,0,4,10,10,0,5,0,0,0,0.0,0.0,1
NationalSecurityAgency/emissary,src/main/java/emissary/server/mvc/NamespaceAction.java,5,1,0,9,10,0,0,2,0,7,0,0.0,0.0,2
NationalSecurityAgency/emissary,src/test/java/emissary/core/IBaseDataObjectDiffHelper.java,50,1,0,5,82,13,0,11,10,9,9,0.46666667,0.46666667,1
NationalSecurityAgency/emissary,src/test/java/emissary/pickup/PickupQueueTest.java,12,2,0,6,15,6,0,7,0,3,0,0.6666667,1.0,2
NationalSecurityAgency/emissary,src/test/java/emissary/core/BaseDataObjectTest.java,116,2,0,17,167,0,0,113,1,1,0,0.81400126,0.81400126,1
NationalSecurityAgency/emissary,src/main/java/emissary/place/sample/ToUpperPlace.java,7,3,0,5,8,4,0,4,0,2,0,0.0,0.0,1
NationalSecurityAgency/emissary,src/main/java/emissary/util/magic/ByteArrayPrecisionException.java,1,6,0,0,0,0,0,1,0,1,1,0.0,0.0,1
NationalSecurityAgency/emissary,src/test/java/emissary/pickup/file/FilePickUpClientTest.java,15,3,0,12,26,10,0,13,0,6,2,1.0,1.0,2
NationalSecurityAgency/emissary,src/test/java/emissary/core/channels/InputStreamChannelFactoryTest.java,15,2,0,7,20,0,0,15,0,3,2,1.0,1.0,3
NationalSecurityAgency/emissary,src/main/java/emissary/core/channels/SeekableByteChannelFactory.java,1,1,0,0,0,0,0,1,0,0,0,0.0,0.0,1
NationalSecurityAgency/emissary,src/main/java/emissary/transform/decode/HtmlEscape.java,83,1,0,8,42,56,0,12,11,4,4,0.08888889,0.13333334,1
NationalSecurityAgency/emissary,src/test/java/emissary/util/magic/MagicNumberTest.java,23,2,0,3,6,253,0,23,0,0,0,0.0,0.0,1
NationalSecurityAgency/emissary,src/main/java/emissary/core/EmissaryRuntimeException.java,3,4,0,0,1,3,0,3,0,1,1,0.0,0.0,1
NationalSecurityAgency/emissary,src/test/java/emissary/util/io/ResourceReaderTest.java,5,2,0,4,15,3,0,3,0,0,0,0.0,0.0,1
NationalSecurityAgency/emissary,src/main/java/emissary/core/sentinel/protocols/ProtocolFactory.java,3,1,0,4,3,1,0,2,1,1,1,0.0,0.0,1
NationalSecurityAgency/emissary,src/test/java/emissary/test/util/RegularExpressionTestUtil.java,13,1,0,3,13,3,0,3,2,1,1,0.0,0.0,1
NationalSecurityAgency/emissary,src/test/java/emissary/pickup/FTestWorkSpaceMaxBundleSize.java,14,4,0,11,43,15,0,13,0,8,0,0.7,1.0,2
NationalSecurityAgency/emissary,src/main/java/emissary/output/roller/journal/JournalWriter.java,17,1,0,4,25,0,0,8,0,8,0,0.33333334,0.33333334,1
NationalSecurityAgency/emissary,src/main/java/emissary/parser/DataByteBufferSlicer.java,13,1,0,5,13,1,0,3,2,1,1,1.0,1.0,1
NationalSecurityAgency/emissary,src/test/java/emissary/core/IBaseDataObjectHelperTest.java,47,2,0,13,83,0,0,36,4,10,8,0.8238636,0.8238636,1
NationalSecurityAgency/emissary,src/main/java/emissary/place/IServiceProviderPlace.java,31,1,0,7,14,325,0,26,0,2,0,0.0,0.0,1
NationalSecurityAgency/emissary,src/main/java/emissary/util/os/OSReleaseUtil.java,22,1,0,1,28,71,0,14,13,1,1,0.18181819,0.18181819,1
NationalSecurityAgency/emissary,src/main/java/emissary/util/search/MultiKeywordScanner.java,30,1,0,8,10,33,0,11,1,7,1,0.22222222,0.2777778,1
NationalSecurityAgency/emissary,src/test/java/emissary/core/FTestMobileAgent.java,12,6,0,14,16,10,0,11,0,2,1,0.33333334,0.33333334,4
NationalSecurityAgency/emissary,src/test/java/emissary/directory/DirectoryPlaceTest.java,14,3,0,12,34,15,0,12,0,4,2,0.6,0.6666667,2
NationalSecurityAgency/emissary,src/main/java/emissary/core/sentinel/protocols/Protocol.java,11,1,0,8,19,13,0,7,0,5,1,0.1904762,0.2857143,1
NationalSecurityAgency/emissary,src/main/java/emissary/parser/ParserException.java,2,4,2,1,0,1,0,2,0,1,1,0.0,0.0,1
NationalSecurityAgency/emissary,src/test/java/emissary/util/roll/RollableFileOutputStreamTest.java,11,2,0,7,22,0,0,8,0,5,2,0.89285713,1.0,1
NationalSecurityAgency/emissary,src/main/java/emissary/command/MonitorCommand.java,18,3,0,11,34,49,0,11,0,6,2,0.0,0.0,1
NationalSecurityAgency/emissary,src/test/java/emissary/transform/JsonEscapePlaceTest.java,2,3,0,5,1,1,0,2,1,0,0,0.0,0.0,1
NationalSecurityAgency/emissary,src/main/java/emissary/util/WindowedSeekableByteChannel.java,47,1,0,3,23,20,0,16,1,7,1,0.36363637,0.6545454,1
NationalSecurityAgency/emissary,src/main/java/emissary/kff/Ssdeep.java,86,1,0,8,43,52,0,27,9,22,10,0.33333334,0.33333334,3
NationalSecurityAgency/emissary,src/main/java/emissary/server/api/Peers.java,5,1,0,11,15,0,0,2,0,1,0,1.0,1.0,1
NationalSecurityAgency/emissary,src/main/java/emissary/util/roll/RollableFileOutputStream.java,33,2,0,6,35,34,0,16,1,10,1,0.24444444,0.37777779,1
NationalSecurityAgency/emissary,src/test/java/emissary/transform/HtmlEscapePlaceTest.java,9,4,0,6,20,1,0,9,1,3,1,0.95238096,1.0,2
NationalSecurityAgency/emissary,src/test/java/emissary/core/DiffCheckConfigurationTest.java,4,2,0,4,29,6,0,4,0,0,0,0.0,0.0,1
NationalSecurityAgency/emissary,src/main/java/emissary/client/response/DirectoryResponseEntity.java,7,2,0,8,6,9,0,7,0,3,2,0.2857143,0.2857143,1
NationalSecurityAgency/emissary,src/main/java/emissary/core/sentinel/protocols/trackers/Tracker.java,0,1,0,0,0,0,0,0,0,0,0,0.0,0.0,1
NationalSecurityAgency/emissary,src/main/java/emissary/util/shell/ReadBinaryOutputBuffer.java,6,3,0,2,2,0,0,5,0,2,0,0.6,0.6,1
NationalSecurityAgency/emissary,src/main/java/emissary/output/roller/journal/JournaledChannelPool.java,23,1,0,5,26,0,0,11,0,11,3,0.42857143,1.0,1
NationalSecurityAgency/emissary,src/main/java/emissary/place/EmptyFormPlace.java,0,1,0,1,0,0,0,0,0,0,0,0.0,0.0,1
NationalSecurityAgency/emissary,src/main/java/emissary/command/converter/WorkspaceSortModeConverter.java,25,1,0,8,11,0,0,5,0,5,5,0.0,0.0,5
NationalSecurityAgency/emissary,src/main/java/emissary/pickup/PickupQueue.java,11,1,0,4,8,13,0,7,0,3,1,0.1904762,0.1904762,1
NationalSecurityAgency/emissary,src/main/java/emissary/core/MobileAgent.java,134,1,1,18,118,566,0,44,2,24,11,0.20084566,0.74418604,1
NationalSecurityAgency/emissary,src/test/java/emissary/server/api/ConfigsTest.java,1,1,0,1,3,0,0,1,0,0,0,0.0,0.0,1
NationalSecurityAgency/emissary,src/main/java/emissary/server/mvc/internal/HeartbeatAction.java,7,1,0,12,14,1,0,2,1,1,1,0.0,0.0,1
NationalSecurityAgency/emissary,src/main/java/emissary/pickup/file/FilePickUpPlace.java,16,4,0,6,22,23,0,10,0,5,1,0.24444444,0.33333334,1
NationalSecurityAgency/emissary,src/main/java/emissary/server/mvc/NavAction.java,19,1,0,9,26,37,0,17,2,9,2,1.0,1.0,3
NationalSecurityAgency/emissary,src/test/java/emissary/place/RehashingPlaceTest.java,5,3,0,9,14,4,0,5,0,2,1,0.16666667,0.16666667,2
NationalSecurityAgency/emissary,src/test/java/emissary/util/TestMinimalServiceProviderPlace.java,3,2,0,2,1,3,0,3,0,0,0,0.0,0.0,1
NationalSecurityAgency/emissary,src/main/java/emissary/output/filter/AbstractRollableFilter.java,25,2,2,14,51,67,0,14,0,17,6,0.13186814,0.3956044,1
NationalSecurityAgency/emissary,src/main/java/emissary/server/mvc/internal/RegisterPeerAction.java,7,1,0,16,23,1,0,2,0,1,0,0.0,0.0,1
NationalSecurityAgency/emissary,src/main/java/emissary/grpc/future/CompletableFutureAdaptors.java,5,1,0,3,6,1,0,4,1,0,0,0.0,0.0,2
NationalSecurityAgency/emissary,src/main/java/emissary/util/ShortNameComparator.java,11,1,0,1,10,0,0,1,0,1,1,0.0,0.0,1
NationalSecurityAgency/emissary,src/test/java/emissary/test/core/junit5/ExtractionTest.java,173,2,5,29,161,677,0,38,2,9,5,0.018492177,0.022759601,1
NationalSecurityAgency/emissary,src/test/java/emissary/util/search/ByteMatcherTest.java,44,2,0,7,28,0,0,44,0,4,2,0.86469346,0.95454544,1
NationalSecurityAgency/emissary,src/main/java/emissary/transform/decode/JavascriptEscape.java,16,1,0,4,10,3,0,3,2,0,0,0.0,0.0,1
NationalSecurityAgency/emissary,src/main/java/emissary/core/TransformHistory.java,47,1,0,4,65,18,0,28,1,4,1,0.59477127,0.59477127,2
NationalSecurityAgency/emissary,src/main/java/emissary/command/converter/FileExistsConverter.java,4,1,0,4,6,1,0,3,0,2,1,0.33333334,0.33333334,1
NationalSecurityAgency/emissary,src/test/java/emissary/server/api/PeersIT.java,7,4,0,11,29,1,0,7,0,8,8,0.6,1.0,2
NationalSecurityAgency/emissary,src/main/java/emissary/command/HttpCommand.java,19,2,6,10,27,83,0,14,0,9,3,0.043956045,0.10989011,1
NationalSecurityAgency/emissary,src/main/java/emissary/directory/IRemoteDirectory.java,9,1,0,7,5,6,0,5,0,1,0,0.0,0.0,2
NationalSecurityAgency/emissary,src/main/java/emissary/parser/DataIdentifier.java,17,1,2,6,16,24,0,8,1,4,2,0.071428575,0.071428575,1
NationalSecurityAgency/emissary,src/test/java/emissary/test/util/ThreadDump.java,8,1,0,2,9,1,0,2,0,2,1,0.0,0.0,1
NationalSecurityAgency/emissary,src/main/java/emissary/client/response/DirectoryList.java,10,1,0,5,9,2,0,8,0,4,2,0.4642857,0.75,1
NationalSecurityAgency/emissary,src/main/java/emissary/core/channels/SeekableByteChannelHelper.java,23,1,0,11,34,53,0,11,10,3,3,0.0,0.0,1
NationalSecurityAgency/emissary,src/main/java/emissary/directory/HeartbeatManager.java,51,2,0,15,43,49,0,25,2,17,8,0.53333336,0.6862745,3
NationalSecurityAgency/emissary,src/test/java/emissary/parser/DecomposedSessionTest.java,21,2,0,6,36,39,0,19,0,1,1,0.3859649,0.3859649,1
NationalSecurityAgency/emissary,src/main/java/emissary/core/channels/ConcatenateChannelFactory.java,14,2,0,3,15,1,0,8,1,6,1,1.0,1.0,3
NationalSecurityAgency/emissary,src/main/java/emissary/pool/MoveSpool.java,51,1,0,12,52,120,0,27,2,17,3,0.33333334,1.0,3
NationalSecurityAgency/emissary,src/main/java/emissary/util/xml/JDOMUtil.java,7,2,0,7,7,21,0,7,6,0,0,0.0,0.0,1
NationalSecurityAgency/emissary,src/test/java/emissary/util/search/KeywordScannerTest.java,15,2,0,5,20,0,0,15,0,3,2,0.8666667,0.8666667,1
NationalSecurityAgency/emissary,src/main/java/emissary/util/PayloadUtil.java,48,1,0,9,76,73,0,14,13,9,9,0.08791209,0.16483517,1
NationalSecurityAgency/emissary,src/test/java/emissary/command/ServerCommandIT.java,5,2,0,3,9,2,0,5,0,2,2,0.4,0.4,1
NationalSecurityAgency/emissary,src/test/java/emissary/core/FactoryTest.java,28,2,0,7,15,210,0,26,0,2,0,1.0,1.0,4
NationalSecurityAgency/emissary,src/main/java/emissary/output/filter/JsonOutputFilter.java,68,8,0,19,52,378,0,45,0,15,2,0.33333334,0.5,7
NationalSecurityAgency/emissary,src/main/java/emissary/spi/EmissaryObjectTracingProvider.java,3,1,0,3,3,3,0,3,0,0,0,0.0,0.0,1
NationalSecurityAgency/emissary,src/main/java/emissary/parser/DecomposedSession.java,45,1,0,5,25,259,0,27,0,13,7,0.13105413,0.13105413,1
NationalSecurityAgency/emissary,src/test/java/emissary/util/MagicNumberUtilTest.java,2,2,0,3,10,1,0,2,0,0,0,0.0,0.0,1
NationalSecurityAgency/emissary,src/main/java/emissary/grpc/exceptions/GrpcExceptionUtils.java,19,1,0,3,11,15,0,6,5,0,0,0.0,0.0,1
NationalSecurityAgency/emissary,src/main/java/emissary/server/api/ApiUtils.java,5,1,0,7,10,6,0,4,3,1,1,0.0,0.0,1
NationalSecurityAgency/emissary,src/test/java/emissary/util/io/DiskSpaceMonitorTest.java,31,1,0,5,40,1,0,26,0,1,0,1.0,1.0,9
NationalSecurityAgency/emissary,src/main/java/emissary/server/api/Agents.java,11,1,0,18,44,21,0,7,0,3,2,0.0,0.0,1
NationalSecurityAgency/emissary,src/test/java/emissary/core/channels/ChannelTestHelper.java,7,1,0,3,10,3,0,3,2,0,0,0.0,0.0,1
NationalSecurityAgency/emissary,src/main/java/emissary/client/EmissaryResponse.java,19,1,0,10,27,0,0,7,1,6,1,0.7,1.0,2
NationalSecurityAgency/emissary,src/main/java/emissary/command/VersionCommand.java,7,1,0,9,8,10,0,5,0,3,2,0.0,0.0,1
NationalSecurityAgency/emissary,src/main/java/emissary/server/mvc/internal/FailDirectoryAction.java,4,1,0,12,16,0,0,1,0,1,0,0.0,0.0,1
NationalSecurityAgency/emissary,src/test/java/emissary/server/util/BaseResourcePathUtilTest.java,3,2,0,5,11,3,0,3,0,0,0,0.0,0.0,1
NationalSecurityAgency/emissary,src/test/java/emissary/core/ExtendedDataObject.java,11,1,0,6,11,24,0,9,0,6,3,0.16666667,0.16666667,1
NationalSecurityAgency/emissary,src/test/java/emissary/util/PlaceComparisonHelper.java,14,1,0,8,24,4,0,4,3,1,1,0.0,0.0,1
NationalSecurityAgency/emissary,src/main/java/emissary/place/UnixCommandPlace.java,67,3,0,11,58,234,0,25,0,12,0,0.11,0.30333334,1
NationalSecurityAgency/emissary,src/main/java/emissary/util/shell/ReadOutputBuffer.java,29,3,0,4,15,16,0,13,0,6,1,0.29090908,0.4909091,1
NationalSecurityAgency/emissary,src/main/java/emissary/command/BaseCommand.java,37,1,3,15,44,182,0,20,2,10,2,0.0116959065,0.0116959065,1
NationalSecurityAgency/emissary,src/test/java/emissary/core/channels/ExceptionChannelFactory.java,4,1,0,3,0,3,0,4,0,0,0,0.0,0.0,2
NationalSecurityAgency/emissary,src/test/java/emissary/core/sentinel/protocols/rules/AnyMaxTimeTest.java,19,3,0,10,24,9,0,18,0,8,0,0.72727275,1.0,2
NationalSecurityAgency/emissary,src/main/java/emissary/roll/Roller.java,27,1,0,3,22,92,0,20,0,11,2,0.275,0.875,1
NationalSecurityAgency/emissary,src/test/java/emissary/output/roller/JournaledCoalescerTest.java,18,2,0,15,53,0,0,16,0,9,4,0.75,1.0,1
NationalSecurityAgency/emissary,src/main/java/emissary/core/sentinel/Sentinel.java,20,1,2,7,33,1,0,10,2,7,2,0.4888889,0.8,1
NationalSecurityAgency/emissary,src/main/java/emissary/core/BaseDataObject.java,241,1,6,15,126,7689,0,131,0,33,5,0.04748062,0.32097867,2
NationalSecurityAgency/emissary,src/test/java/emissary/place/FTestCoordinatePlace.java,6,3,0,10,18,0,0,5,0,2,0,0.6,0.6,1
NationalSecurityAgency/emissary,src/main/java/emissary/util/CustomRolloverLogbackAppender.java,5,2,0,5,8,0,0,2,0,4,1,1.0,1.0,1
NationalSecurityAgency/emissary,src/test/java/emissary/pickup/WorkSpaceTest.java,49,3,0,10,33,45,0,23,0,1,0,0.84615386,0.84615386,2
NationalSecurityAgency/emissary,src/test/java/emissary/test/util/ConfiguredPlaceFactory.java,21,1,0,6,24,47,0,11,3,3,0,0.3,0.3,1
NationalSecurityAgency/emissary,src/test/java/emissary/core/DataObjectFactoryTest.java,12,3,0,11,21,26,0,12,0,4,2,0.035714287,0.035714287,3
NationalSecurityAgency/emissary,src/main/java/emissary/place/sample/DevNullPlace.java,4,3,0,4,5,6,0,4,0,0,0,0.0,0.0,1
NationalSecurityAgency/emissary,src/test/java/emissary/util/web/HttpPostParametersTest.java,7,2,0,3,6,1,0,7,0,1,0,0.47619048,0.47619048,1
NationalSecurityAgency/emissary,src/test/java/emissary/config/FTestServiceConfigGuide.java,3,3,0,6,19,1,0,2,1,1,1,0.0,0.0,1
NationalSecurityAgency/emissary,src/test/java/emissary/core/channels/BufferedChannelFactoryTest.java,2,2,0,5,4,0,0,1,0,0,0,0.0,0.0,1
NationalSecurityAgency/emissary,src/main/java/emissary/parser/ParserNextChunkException.java,1,5,0,1,0,0,0,1,0,1,1,0.0,0.0,1
NationalSecurityAgency/emissary,src/main/java/emissary/command/PeersCommand.java,10,3,0,10,19,2,0,4,1,5,2,0.33333334,0.5,1
NationalSecurityAgency/emissary,src/main/java/emissary/grpc/retry/RetryHandler.java,6,1,0,8,22,0,0,5,0,11,7,1.0,1.0,1
NationalSecurityAgency/emissary,src/test/java/emissary/test/util/ComplexUnicodeSamples.java,7,1,0,1,10,10,0,5,4,0,0,0.0,0.0,1
NationalSecurityAgency/emissary,src/test/java/emissary/transform/JavascriptEscapePlaceTest.java,2,3,0,5,1,1,0,2,1,0,0,0.0,0.0,1
NationalSecurityAgency/emissary,src/main/java/emissary/spi/ClassLocationVerificationProvider.java,9,1,0,5,19,4,0,5,4,1,1,1.0,1.0,1
NationalSecurityAgency/emissary,src/main/java/emissary/log/MDCConstants.java,1,1,0,0,0,0,0,1,0,2,2,0.0,0.0,1
NationalSecurityAgency/emissary,src/test/java/emissary/output/DropOffPlaceTest.java,9,2,0,16,36,1,0,9,1,2,0,0.71428573,0.71428573,2
NationalSecurityAgency/emissary,src/main/java/emissary/spi/ObjectTracingService.java,8,1,0,6,9,3,0,3,2,2,2,0.0,0.0,1
NationalSecurityAgency/emissary,src/test/java/emissary/util/WindowedSeekableByteChannelTest.java,27,2,0,5,25,48,0,12,2,3,3,0.08888889,0.08888889,1
NationalSecurityAgency/emissary,src/test/java/emissary/core/BogusHDAgent.java,6,2,0,6,4,3,0,3,0,1,1,0.0,0.0,1
NationalSecurityAgency/emissary,src/test/java/emissary/admin/StartupIT.java,6,2,0,16,37,4,0,5,0,2,0,0.1,0.1,1
NationalSecurityAgency/emissary,src/main/java/emissary/server/mvc/internal/WorkSpaceClientSpaceTakeAction.java,7,1,0,13,16,1,0,2,1,8,7,0.0,0.0,1
NationalSecurityAgency/emissary,src/test/java/emissary/util/DependencyCheckTest.java,7,2,0,6,12,9,0,6,1,1,1,0.2,0.2,1
NationalSecurityAgency/emissary,src/main/java/emissary/util/search/HitList.java,2,4,0,1,0,1,0,2,0,1,1,0.0,0.0,1
NationalSecurityAgency/emissary,src/test/java/emissary/core/ResourceWatcherTest.java,30,2,0,9,16,229,0,23,0,7,1,0.0043290043,0.0043290043,2
NationalSecurityAgency/emissary,src/test/java/emissary/place/ComparisonPlace.java,9,2,0,5,17,4,0,5,1,10,7,0.3,0.3,1
NationalSecurityAgency/emissary,src/test/java/emissary/place/ServiceProviderRefreshablePlaceTest.java,9,3,0,8,20,3,0,9,0,2,1,1.0,1.0,2
NationalSecurityAgency/emissary,src/test/java/emissary/command/BaseCommandTest.java,3,3,0,4,6,1,0,3,0,0,0,0.0,0.0,2
NationalSecurityAgency/emissary,src/main/java/emissary/output/filter/IFilterCondition.java,3,1,0,2,0,3,0,3,0,0,0,0.0,0.0,1
NationalSecurityAgency/emissary,src/test/java/emissary/util/LineTokenizerTest.java,6,2,0,3,8,13,0,6,0,1,1,0.06666667,0.06666667,1
NationalSecurityAgency/emissary,src/main/java/emissary/util/CaseInsensitiveMap.java,18,3,0,3,17,24,0,9,0,2,1,0.16666667,0.16666667,1
NationalSecurityAgency/emissary,src/main/java/emissary/core/AgentPoolHealthCheck.java,5,2,0,4,11,0,0,1,0,0,0,0.0,0.0,1
NationalSecurityAgency/emissary,src/test/java/emissary/core/IBaseDataObjectXmlHelperTest.java,42,2,0,19,70,120,0,25,7,0,0,0.0,0.0,3
NationalSecurityAgency/emissary,src/test/java/emissary/core/StageTest.java,9,2,0,3,15,28,0,8,0,0,0,0.0,0.0,1
NationalSecurityAgency/emissary,src/test/java/emissary/pickup/FTestMultipleWorkSpaces.java,12,3,0,12,56,0,0,5,1,13,0,1.0,1.0,1
NationalSecurityAgency/emissary,src/main/java/emissary/core/sentinel/protocols/rules/AgentRule.java,16,2,2,5,26,1,0,7,0,5,1,0.47619048,0.47619048,1
NationalSecurityAgency/emissary,src/main/java/emissary/admin/PlaceStarter.java,29,1,0,15,37,35,0,11,10,3,3,0.18181819,0.18181819,1
NationalSecurityAgency/emissary,src/test/java/emissary/util/TimeUtilTest.java,12,2,0,3,33,58,0,12,0,5,5,0.060606062,0.060606062,1
NationalSecurityAgency/emissary,src/main/java/emissary/parser/FillingNIOParser.java,5,3,0,7,9,1,0,2,0,2,1,0.0,0.0,1
NationalSecurityAgency/emissary,src/main/java/emissary/core/MetricsManager.java,22,1,0,23,42,0,0,14,1,10,6,0.5934066,1.0,1
NationalSecurityAgency/emissary,src/main/java/emissary/place/MultiFileUnixCommandPlace.java,101,5,0,14,106,391,0,32,0,28,3,0.07956989,0.22580644,2
NationalSecurityAgency/emissary,src/test/java/emissary/parser/DataIdentifierTest.java,9,3,0,10,16,4,0,8,1,1,1,0.3,0.3,2
NationalSecurityAgency/emissary,src/test/java/emissary/test/core/junit5/extensions/EmissaryIsolatedClassLoaderExtension.java,9,4,0,7,34,3,0,5,2,0,0,0.0,0.0,2
NationalSecurityAgency/emissary,src/main/java/emissary/spi/ObjectTracing.java,3,1,0,2,0,3,0,3,0,0,0,0.0,0.0,2
NationalSecurityAgency/emissary,src/main/java/emissary/core/Namespace.java,22,1,0,4,26,9,0,10,9,2,2,0.5,0.5833333,1
NationalSecurityAgency/emissary,src/test/java/emissary/config/ConfigUtilTest.java,48,3,0,21,68,613,0,41,1,6,2,0.076576576,0.117117114,4
NationalSecurityAgency/emissary,src/main/java/emissary/pickup/file/FileDataServer.java,28,3,0,6,24,2,0,6,0,9,1,0.4,0.6,2
NationalSecurityAgency/emissary,src/test/java/emissary/util/io/UnitTestFileUtils.java,8,1,0,1,10,10,0,7,4,0,0,0.0,0.0,2
NationalSecurityAgency/emissary,src/test/java/emissary/core/TransformHistoryTest.java,9,2,0,3,28,36,0,9,0,0,0,0.0,0.0,1
NationalSecurityAgency/emissary,src/test/java/emissary/core/SafeUsageCheckerTest.java,2,2,0,6,13,1,0,2,0,0,0,0.0,0.0,1
NationalSecurityAgency/emissary,src/main/java/emissary/roll/RollUtil.java,8,1,0,6,8,15,0,6,5,0,0,0.0,0.0,1
NationalSecurityAgency/emissary,src/main/java/emissary/parser/SessionParser.java,4,1,1,1,0,4,0,4,0,4,3,0.16666667,0.16666667,1
NationalSecurityAgency/emissary,src/main/java/emissary/command/converter/PathExistsConverter.java,6,1,2,4,7,2,0,5,0,2,1,0.3,0.3,1
NationalSecurityAgency/emissary,src/main/java/emissary/grpc/pool/PoolRetrievalOrdering.java,0,1,0,0,0,0,0,0,0,0,0,0.0,0.0,1
NationalSecurityAgency/emissary,src/main/java/emissary/core/sentinel/protocols/actions/LogStackTrace.java,3,2,0,6,21,0,0,1,0,1,1,0.0,0.0,1
NationalSecurityAgency/emissary,src/main/java/emissary/server/mvc/adapters/HeartbeatAdapter.java,5,2,0,9,6,0,0,1,0,3,3,0.0,0.0,1
NationalSecurityAgency/emissary,src/test/java/emissary/core/HDMobileAgentTest.java,5,3,0,7,9,1,0,5,0,1,0,0.33333334,0.33333334,2
NationalSecurityAgency/emissary,src/main/java/emissary/place/ServiceProviderRefreshablePlace.java,41,3,3,8,57,101,0,24,0,9,0,1.0,1.0,3
NationalSecurityAgency/emissary,src/main/java/emissary/util/search/ByteMatcher.java,89,1,0,4,33,561,0,43,0,3,1,0.13289036,0.13289036,1
NationalSecurityAgency/emissary,src/main/java/emissary/directory/DirectoryAdapter.java,11,1,2,8,5,22,0,9,2,2,1,0.19444445,0.19444445,1
NationalSecurityAgency/emissary,src/main/java/emissary/directory/DirectoryEntryMap.java,62,3,0,6,39,276,0,24,0,4,4,0.0,0.0,1
NationalSecurityAgency/emissary,src/main/java/emissary/core/ResourceWatcher.java,24,1,0,14,43,31,0,14,1,9,2,0.34615386,0.84615386,1
NationalSecurityAgency/emissary,src/main/java/emissary/parser/DataByteArraySlicer.java,11,1,0,5,12,3,0,3,2,1,1,0.0,0.0,1
NationalSecurityAgency/emissary,src/main/java/emissary/pickup/WorkBundle.java,82,1,0,6,73,897,0,50,6,14,2,0.11394558,0.5977891,1
NationalSecurityAgency/emissary,src/main/java/emissary/transform/JsonEscapePlace.java,7,3,0,7,11,10,0,5,0,1,0,0.0,0.0,1
NationalSecurityAgency/emissary,src/test/java/emissary/core/channels/FileChannelFactoryTest.java,9,2,0,6,22,0,0,9,1,3,3,0.5833333,0.5833333,1
NationalSecurityAgency/emissary,src/main/java/emissary/output/roller/journal/KeyedOutput.java,15,2,0,6,13,2,0,13,0,3,1,0.4871795,0.5769231,1
NationalSecurityAgency/emissary,src/test/java/emissary/core/channels/LoggingInputStreamFactoryTest.java,8,2,0,13,28,0,0,7,0,3,0,1.0,1.0,2
NationalSecurityAgency/emissary,src/main/java/emissary/util/search/ByteTokenizer.java,41,1,0,3,11,70,0,17,0,10,1,0.1978022,0.3956044,1
NationalSecurityAgency/emissary,src/main/java/emissary/core/channels/ImmutableChannelFactory.java,13,1,0,2,9,1,0,13,1,2,0,0.53571427,0.53571427,3
NationalSecurityAgency/emissary,src/main/java/emissary/spi/SPILoader.java,3,1,0,3,7,3,0,3,2,1,1,0.0,0.0,1
NationalSecurityAgency/emissary,src/main/java/emissary/directory/DirectoryObserverManager.java,37,1,0,8,16,2,0,17,0,3,1,0.49264705,0.88235295,2
NationalSecurityAgency/emissary,src/main/java/emissary/core/MetricsFormatter.java,7,1,0,5,11,0,0,7,1,4,1,0.6666667,1.0,2
NationalSecurityAgency/emissary,src/test/java/emissary/server/mvc/internal/FailDirectoryActionTest.java,8,4,0,13,22,0,0,8,0,6,5,0.85714287,1.0,2
NationalSecurityAgency/emissary,src/main/java/emissary/util/magic/MagicNumber.java,88,1,0,6,34,36,0,12,2,48,36,0.1,0.1,1
NationalSecurityAgency/emissary,src/main/java/emissary/place/AgentsNotSupportedPlace.java,0,1,0,0,0,0,0,0,0,0,0,0.0,0.0,1
NationalSecurityAgency/emissary,src/test/java/emissary/place/KffHashPlaceTest.java,2,2,0,5,6,1,0,2,0,1,0,0.0,0.0,1
NationalSecurityAgency/emissary,src/test/java/emissary/util/PkiUtilTest.java,7,2,0,4,23,21,0,7,2,1,1,0.0,0.0,1
NationalSecurityAgency/emissary,src/test/java/emissary/util/ClassComparatorTest.java,5,2,0,3,6,10,0,5,0,0,0,0.0,0.0,1
NationalSecurityAgency/emissary,src/main/java/emissary/server/api/Pause.java,9,1,0,9,11,6,0,5,0,3,3,0.0,0.0,1
NationalSecurityAgency/emissary,src/main/java/emissary/command/HelpCommand.java,14,1,0,7,21,16,0,8,2,3,2,0.21428572,0.35714287,1
NationalSecurityAgency/emissary,src/test/java/emissary/util/web/UrlTest.java,6,2,0,5,7,15,0,6,0,0,0,0.0,0.0,1
NationalSecurityAgency/emissary,src/main/java/emissary/util/ClassLookupCache.java,12,1,0,3,10,4,0,8,5,3,1,1.0,1.0,2
NationalSecurityAgency/emissary,src/test/java/emissary/directory/KeyManipulatorTest.java,11,2,0,2,23,55,0,11,0,0,0,0.0,0.0,1
NationalSecurityAgency/emissary,src/main/java/emissary/client/response/PeerList.java,8,1,0,4,5,9,0,7,0,4,2,0.2857143,0.47619048,1
NationalSecurityAgency/emissary,src/test/java/emissary/command/HttpCommandIT.java,1,1,0,1,0,0,0,1,0,0,0,0.0,0.0,1
NationalSecurityAgency/emissary,src/test/java/emissary/spi/ClassLocationVerificationProviderTest.java,2,2,0,4,5,1,0,2,0,0,0,0.0,0.0,1
NationalSecurityAgency/emissary,src/main/java/emissary/util/Entropy.java,8,1,0,3,3,3,0,3,2,0,0,0.0,0.0,1
NationalSecurityAgency/emissary,src/main/java/emissary/util/TypeEngine.java,20,1,0,4,21,17,0,7,0,3,1,0.0952381,0.14285715,1
NationalSecurityAgency/emissary,src/test/java/emissary/core/channels/LoggingChannelFactoryTest.java,9,2,0,12,32,0,0,7,2,4,0,1.0,1.0,2
NationalSecurityAgency/emissary,src/test/java/emissary/core/constants/IbdoXmlElementNames.java,1,1,0,0,0,0,0,1,0,34,34,0.0,0.0,1
NationalSecurityAgency/emissary,src/main/java/emissary/directory/KeyManipulator.java,66,1,0,4,25,265,0,27,26,9,9,0.123333335,0.17666666,1
NationalSecurityAgency/emissary,src/main/java/emissary/output/roller/JournaledCoalescer.java,49,1,0,10,65,165,0,23,1,11,5,0.09558824,0.20588236,1
NationalSecurityAgency/emissary,src/main/java/emissary/transform/HtmlEscapePlace.java,30,3,0,11,50,53,0,11,1,1,0,0.018181818,0.018181818,1
NationalSecurityAgency/emissary,src/test/java/emissary/output/filter/DataFilterTest.java,2,2,0,8,16,1,0,2,0,0,0,0.0,0.0,1
NationalSecurityAgency/emissary,src/test/java/emissary/core/channels/ConcatenateChannelFactoryTest.java,5,2,0,7,11,10,0,5,0,0,0,0.0,0.0,1
NationalSecurityAgency/emissary,src/main/java/emissary/core/FilePickUpPlaceHealthCheck.java,18,2,0,4,12,0,0,2,0,2,0,1.0,1.0,1
NationalSecurityAgency/emissary,src/main/java/emissary/id/Engine.java,3,1,0,3,0,3,0,3,0,0,0,0.0,0.0,1
NationalSecurityAgency/emissary,src/main/java/emissary/core/Form.java,1,1,0,0,0,0,0,1,0,13,13,0.0,0.0,1
NationalSecurityAgency/emissary,src/test/java/emissary/output/filter/JsonOutputFilterTest.java,16,2,0,10,27,0,0,15,0,4,0,1.0,1.0,1
NationalSecurityAgency/emissary,src/main/java/emissary/core/channels/FileChannelFactory.java,11,2,0,4,10,1,0,9,1,4,1,1.0,1.0,3
NationalSecurityAgency/emissary,src/main/java/emissary/jni/JNI.java,61,1,0,13,45,36,0,13,1,8,2,0.22222222,0.5833333,1
NationalSecurityAgency/emissary,src/main/java/emissary/place/ServiceProviderPlace.java,78,2,33,21,66,502,0,36,0,7,1,0.07777778,0.07936508,1
NationalSecurityAgency/emissary,src/main/java/emissary/util/search/IMultiKeywordScanner.java,8,1,0,2,0,28,0,8,0,0,0,0.0,0.0,1
NationalSecurityAgency/emissary,src/main/java/emissary/core/channels/LoggingInputStreamFactory.java,4,1,0,3,3,1,0,4,1,5,0,0.0,0.0,2
NationalSecurityAgency/emissary,src/main/java/emissary/output/io/DateStampFilenameGenerator.java,6,1,0,1,9,0,0,5,0,5,0,0.6,0.6,1
NationalSecurityAgency/emissary,src/main/java/emissary/place/KffHashPlace.java,11,3,0,5,11,34,0,9,0,5,2,0.027777778,0.027777778,1
NationalSecurityAgency/emissary,src/main/java/emissary/core/sentinel/protocols/actions/Stop.java,1,2,0,2,3,0,0,1,0,0,0,0.0,0.0,1
NationalSecurityAgency/emissary,src/test/java/emissary/kff/KffMemcachedTest.java,29,3,0,18,36,36,0,22,3,7,3,0.5714286,0.75,2
NationalSecurityAgency/emissary,src/main/java/emissary/kff/KffFilter.java,3,1,0,2,0,3,0,3,0,0,0,0.0,0.0,2
NationalSecurityAgency/emissary,src/main/java/emissary/server/InitializeContext.java,4,1,0,5,5,0,0,3,0,2,1,0.6666667,1.0,1
NationalSecurityAgency/emissary,src/test/java/emissary/command/converter/WorkspaceSortModeConverterTest.java,7,2,0,7,10,0,0,7,1,2,0,1.0,1.0,1
NationalSecurityAgency/emissary,src/test/java/emissary/pickup/file/FTestSpacePlaceInteraction.java,18,4,0,13,58,1,0,11,0,8,0,0.7,1.0,2
NationalSecurityAgency/emissary,src/test/java/emissary/output/filter/XmlOutputFilterTest.java,4,2,0,10,20,0,0,4,0,4,0,1.0,1.0,1
NationalSecurityAgency/emissary,src/main/java/emissary/config/ConfigSyntaxException.java,3,4,0,1,1,3,0,3,0,1,1,0.0,0.0,1
NationalSecurityAgency/emissary,src/main/java/emissary/core/channels/InMemoryChannelFactory.java,4,1,0,4,2,1,0,4,1,1,0,0.0,0.0,2
NationalSecurityAgency/emissary,src/main/java/emissary/place/sample/DelayPlace.java,7,3,0,4,9,4,0,4,0,1,0,0.16666667,0.16666667,1
NationalSecurityAgency/emissary,src/test/java/emissary/test/core/junit5/LogbackTesterTest.java,6,2,0,6,11,0,0,6,0,1,0,1.0,1.0,1
NationalSecurityAgency/emissary,src/test/java/emissary/kff/ChecksumCalculatorTest.java,15,2,0,6,26,0,0,7,0,4,4,0.71428573,0.71428573,1
NationalSecurityAgency/emissary,src/test/java/emissary/util/xml/SaferJDOMUtilTest.java,2,2,0,5,4,1,0,2,0,0,0,0.0,0.0,1
NationalSecurityAgency/emissary,src/main/java/emissary/core/sentinel/protocols/rules/AnyMaxTime.java,5,3,0,3,6,3,0,3,0,1,1,0.0,0.0,1
NationalSecurityAgency/emissary,src/test/java/emissary/command/converter/PathExistsReadableConverterTest.java,4,2,0,5,10,0,0,4,0,2,0,1.0,1.0,1
NationalSecurityAgency/emissary,src/main/java/emissary/server/mvc/adapters/WorkSpaceAdapter.java,5,2,0,10,11,0,0,3,0,5,5,1.0,1.0,1
NationalSecurityAgency/emissary,src/main/java/emissary/core/InterruptibleCharSequence.java,6,1,0,2,6,0,0,5,0,1,0,1.0,1.0,1
NationalSecurityAgency/emissary,src/main/java/emissary/place/sample/RefreshablePlace.java,6,4,0,5,5,8,0,5,0,3,2,0.1,0.1,1
NationalSecurityAgency/emissary,src/main/java/emissary/directory/DirectoryPlace.java,197,3,2,22,138,669,0,47,1,10,0,0.16216215,0.39260313,1
NationalSecurityAgency/emissary,src/test/java/emissary/core/ExtractedRecordTest.java,7,2,0,4,11,21,0,7,0,0,0,0.0,0.0,1
NationalSecurityAgency/emissary,src/main/java/emissary/parser/ParserFactory.java,19,1,0,9,27,31,0,10,0,6,2,0.15555556,0.22222222,1
NationalSecurityAgency/emissary,src/main/java/emissary/parser/PositionRecord.java,8,1,0,2,0,0,0,6,0,2,0,0.93333334,1.0,1
NationalSecurityAgency/emissary,src/main/java/emissary/util/FlexibleDateTimeParser.java,35,1,0,6,47,62,0,13,12,15,15,0.04761905,0.04761905,1
NationalSecurityAgency/emissary,src/main/java/emissary/server/api/HealthCheckAction.java,2,1,0,6,10,0,0,1,0,2,1,0.0,0.0,1
NationalSecurityAgency/emissary,src/test/java/emissary/transform/decode/HtmlEscapeTest.java,40,2,0,4,12,624,0,36,0,1,1,0.004761905,0.004761905,1
NationalSecurityAgency/emissary,src/main/java/emissary/util/io/DiskSpaceListener.java,2,1,0,0,0,1,0,2,0,0,0,0.0,0.0,1
NationalSecurityAgency/emissary,src/main/java/emissary/pool/PayloadLauncher.java,8,1,0,9,15,1,0,2,1,1,1,0.0,0.0,1
NationalSecurityAgency/emissary,src/test/java/emissary/output/roller/journal/JournaledChannelPoolTest.java,8,2,0,12,24,0,0,5,1,3,0,1.0,1.0,1
NationalSecurityAgency/emissary,src/main/java/emissary/parser/InputSession.java,60,1,0,5,40,539,0,38,0,7,1,0.11664296,0.46372688,1
NationalSecurityAgency/emissary,src/main/java/emissary/util/DateTimeFormatParser.java,28,1,0,5,42,10,0,9,8,10,10,0.33333334,0.33333334,1
NationalSecurityAgency/emissary,src/test/java/emissary/server/InitializeContextTest.java,2,2,0,6,5,0,0,2,0,3,0,1.0,1.0,1
NationalSecurityAgency/emissary,src/main/java/emissary/directory/DirectoryEntryList.java,39,2,0,6,31,74,0,13,2,6,6,0.015151516,0.015151516,1
NationalSecurityAgency/emissary,src/test/java/emissary/core/sentinel/SentinelTest.java,9,3,0,7,18,10,0,6,0,1,0,0.0,0.0,2
NationalSecurityAgency/emissary,src/test/java/emissary/id/IdPlaceTest.java,11,3,0,8,17,3,0,10,0,1,0,1.0,1.0,2
NationalSecurityAgency/emissary,src/main/java/emissary/client/response/ConfigsResponseEntity.java,6,2,0,8,8,9,0,6,0,3,2,0.2,0.2,1
NationalSecurityAgency/emissary,src/main/java/emissary/grpc/sample/GrpcSamplePlace.java,6,4,0,8,22,15,0,6,0,0,0,0.0,0.0,1
NationalSecurityAgency/emissary,src/main/java/emissary/core/TimedResource.java,11,1,0,7,14,0,0,5,0,10,2,1.0,1.0,1
NationalSecurityAgency/emissary,src/main/java/emissary/core/sentinel/protocols/actions/Action.java,4,1,7,3,14,6,0,4,0,1,1,0.0,0.0,1
NationalSecurityAgency/emissary,src/main/java/emissary/parser/SessionProducer.java,23,1,0,7,34,0,0,6,0,6,2,1.0,1.0,1
NationalSecurityAgency/emissary,src/test/java/emissary/place/VersionPlaceTest.java,9,3,0,10,20,3,0,9,0,4,0,0.93333334,1.0,2
NationalSecurityAgency/emissary,src/main/java/emissary/command/AgentsCommand.java,3,4,0,6,2,3,0,3,0,1,1,0.0,0.0,1
NationalSecurityAgency/emissary,src/test/java/emissary/core/NamespaceTest.java,12,2,0,4,11,21,0,7,0,0,0,0.0,0.0,1
NationalSecurityAgency/emissary,src/test/java/emissary/core/sentinel/protocols/rules/AllMaxTimeTest.java,18,3,0,10,24,9,0,17,0,8,0,0.7090909,1.0,2
NationalSecurityAgency/emissary,src/main/java/emissary/util/UnixFile.java,27,1,0,6,15,22,0,9,2,6,4,0.19444445,0.19444445,1
NationalSecurityAgency/emissary,src/main/java/emissary/transform/decode/JsonEscape.java,30,1,0,4,15,6,0,4,3,1,1,0.0,0.0,1
NationalSecurityAgency/emissary,src/test/java/emissary/core/IBaseDataObjectXmlHelper.java,14,1,0,11,61,21,0,7,6,1,1,0.0,0.0,1
NationalSecurityAgency/emissary,src/test/java/emissary/core/IBaseDataObjectDiffHelperTest.java,38,2,0,15,61,3,0,37,2,7,2,0.9285714,0.9285714,3
NationalSecurityAgency/emissary,src/test/java/emissary/output/roller/journal/JournalTest.java,7,2,0,9,16,0,0,5,0,1,0,1.0,1.0,1
NationalSecurityAgency/emissary,src/main/java/emissary/client/response/Config.java,10,1,0,4,8,18,0,9,0,4,1,0.25,0.5833333,1
NationalSecurityAgency/emissary,src/main/java/emissary/output/filter/DataFilter.java,30,2,0,9,32,28,0,8,1,0,0,0.0,0.0,1
NationalSecurityAgency/emissary,src/main/java/emissary/command/FeedCommand.java,26,4,0,15,23,206,0,21,0,20,3,0.00952381,0.014285714,1
NationalSecurityAgency/emissary,src/main/java/emissary/util/Pair.java,6,1,0,0,1,0,0,6,0,3,1,0.73333335,1.0,1
NationalSecurityAgency/emissary,src/test/java/emissary/core/FilePickUpPlaceHealthCheckTest.java,3,2,0,5,4,3,0,3,0,0,0,0.0,0.0,1
NationalSecurityAgency/emissary,src/main/java/emissary/util/io/LoggingPrintStream.java,18,4,0,3,26,0,0,5,1,12,5,1.0,1.0,1
NationalSecurityAgency/emissary,src/test/java/emissary/parser/SessionProducerTest.java,3,2,0,6,22,3,0,3,0,0,0,0.0,0.0,1
NationalSecurityAgency/emissary,src/main/java/emissary/core/sentinel/protocols/actions/Notify.java,1,2,0,2,2,0,0,1,0,0,0,0.0,0.0,1
NationalSecurityAgency/emissary,src/main/java/emissary/server/mvc/adapters/RequestUtil.java,40,1,0,4,24,122,0,17,16,3,3,0.058333334,0.058333334,1
NationalSecurityAgency/emissary,src/main/java/emissary/util/MagicNumberUtil.java,38,1,0,5,29,42,0,13,3,5,1,0.17948718,0.26923078,1
NationalSecurityAgency/emissary,src/test/java/emissary/server/mvc/internal/WorkSpaceClientSpaceTakeActionTest.java,7,3,0,10,27,0,0,7,0,6,5,0.8095238,1.0,1
NationalSecurityAgency/emissary,src/main/java/emissary/kff/ChecksumResults.java,19,1,0,3,8,0,0,8,0,4,1,0.71428573,1.0,1
NationalSecurityAgency/emissary,src/main/java/emissary/place/MultiFileServerPlace.java,14,4,3,9,5,91,0,14,0,2,0,0.0,0.0,1
NationalSecurityAgency/emissary,src/test/java/emissary/output/filter/AbstractFilterTest.java,25,2,0,9,37,28,0,11,0,1,0,1.0,1.0,3
NationalSecurityAgency/emissary,src/main/java/emissary/grpc/future/CompletableFutureFinalizers.java,10,1,0,8,21,21,0,7,6,0,0,0.0,0.0,1
NationalSecurityAgency/emissary,src/test/java/emissary/server/mvc/NavActionTest.java,1,1,0,2,11,0,0,1,0,0,0,0.0,0.0,1
NationalSecurityAgency/emissary,src/main/java/emissary/core/IBaseDataObject.java,141,1,0,7,21,7999,0,127,0,1,0,0.00012498438,0.00012498438,2
NationalSecurityAgency/emissary,src/main/java/emissary/roll/RollManager.java,29,1,0,10,37,12,0,10,3,7,3,0.30555555,0.5833333,2
NationalSecurityAgency/emissary,src/test/java/emissary/parser/SimpleNioParserTest.java,8,2,0,10,20,0,0,5,0,4,1,1.0,1.0,1
NationalSecurityAgency/emissary,src/test/java/emissary/test/core/junit5/RegressionTest.java,1,3,0,1,0,0,0,1,0,0,0,0.0,0.0,1
NationalSecurityAgency/emissary,src/main/java/emissary/directory/WildcardEntry.java,22,1,0,5,18,7,0,7,1,12,9,0.3,0.3,1
NationalSecurityAgency/emissary,src/main/java/emissary/parser/ParserEOFException.java,1,5,0,1,0,0,0,1,0,1,1,0.0,0.0,1
NationalSecurityAgency/emissary,src/test/java/emissary/util/shell/ExecutrixTest.java,62,2,0,12,98,79,0,27,1,1,0,0.41846153,0.41846153,1
NationalSecurityAgency/emissary,src/main/java/emissary/server/api/Env.java,8,1,0,13,32,6,0,4,0,2,1,0.0,0.0,1
NationalSecurityAgency/emissary,src/test/java/emissary/id/UnixFilePlaceTest.java,3,3,0,11,18,3,0,3,1,0,0,0.0,0.0,1
NationalSecurityAgency/emissary,src/main/java/emissary/kff/KffQuincyFile.java,3,2,0,6,9,1,0,2,1,0,0,0.0,0.0,1
NationalSecurityAgency/emissary,src/main/java/emissary/util/web/Url.java,32,1,0,6,44,37,0,10,9,6,6,0.0,0.0,1
NationalSecurityAgency/emissary,src/test/java/emissary/pickup/WorkBundleTest.java,29,2,0,8,66,55,0,11,1,0,0,0.0,0.0,1
NationalSecurityAgency/emissary,src/test/java/emissary/place/MyStreamConfigedTestPlace.java,5,2,0,2,0,0,0,5,0,2,0,0.6,0.6,1
NationalSecurityAgency/emissary,src/main/java/emissary/client/response/AgentList.java,9,1,0,5,7,2,0,8,0,4,2,0.4642857,0.75,1
NationalSecurityAgency/emissary,src/main/java/emissary/server/mvc/internal/WorkSpaceClientOpenWorkSpaceAction.java,4,1,0,11,15,0,0,2,0,1,0,0.0,0.0,1
NationalSecurityAgency/emissary,src/main/java/emissary/util/io/FastStringBuffer.java,60,2,0,4,31,363,0,30,0,10,5,0.08275862,0.2091954,1
NationalSecurityAgency/emissary,src/main/java/emissary/util/JavaCharSet.java,14,1,0,1,8,2,0,4,3,2,2,0.6666667,1.0,1
NationalSecurityAgency/emissary,src/main/java/emissary/grpc/pool/LoadBalancingPolicy.java,1,1,0,0,2,0,0,1,0,0,0,0.0,0.0,1
NationalSecurityAgency/emissary,src/test/java/emissary/util/PayloadUtilTest.java,28,2,0,6,40,182,0,20,3,3,3,0.0116959065,0.01754386,1
NationalSecurityAgency/emissary,src/main/java/emissary/parser/NIOSessionParser.java,15,2,2,7,12,0,0,4,0,10,3,0.6666667,1.0,1
NationalSecurityAgency/emissary,src/main/java/emissary/pickup/IPickUpSpace.java,10,1,0,1,0,45,0,10,0,0,0,0.0,0.0,1
NationalSecurityAgency/emissary,src/main/java/emissary/parser/SimpleNioParser.java,32,3,0,11,48,28,0,8,0,2,1,0.0,0.0,1
NationalSecurityAgency/emissary,src/test/java/emissary/grpc/pool/ConnectionFactoryTest.java,16,2,0,10,37,28,0,16,2,2,0,0.5714286,1.0,2
NationalSecurityAgency/emissary,src/test/java/emissary/util/shell/ProcessReaderTest.java,8,4,0,11,26,1,0,6,0,10,7,1.0,1.0,2
NationalSecurityAgency/emissary,src/test/java/emissary/util/ShortNameComparatorTest.java,4,2,0,7,14,4,0,4,1,11,11,0.33333334,0.33333334,1
NationalSecurityAgency/emissary,src/main/java/emissary/jni/IJniRepositoryPlace.java,3,1,0,2,0,3,0,3,0,0,0,0.0,0.0,1
NationalSecurityAgency/emissary,src/main/java/emissary/output/roller/journal/Journal.java,14,1,0,3,6,15,0,10,0,11,7,0.33333334,1.0,1
NationalSecurityAgency/emissary,src/test/java/emissary/util/HtmlEntityMapTest.java,1,2,0,3,5,0,0,1,0,0,0,0.0,0.0,1
NationalSecurityAgency/emissary,src/main/java/emissary/core/Pausable.java,10,2,2,3,10,20,0,8,0,4,2,0.14285715,0.14285715,1
NationalSecurityAgency/emissary,src/test/java/emissary/server/mvc/EndpointTestBase.java,2,2,9,8,6,1,0,2,1,0,0,0.0,0.0,1
NationalSecurityAgency/emissary,src/main/java/emissary/util/io/LoggingInputStream.java,12,2,0,3,12,0,0,11,0,4,0,1.0,1.0,1
NationalSecurityAgency/emissary,src/test/java/emissary/command/PeersCommandIT.java,11,2,0,7,24,25,0,11,0,4,0,0.22222222,0.22222222,1
NationalSecurityAgency/emissary,src/main/java/emissary/pickup/IPickUpPlace.java,6,1,0,1,0,15,0,6,0,0,0,0.0,0.0,1
NationalSecurityAgency/emissary,src/main/java/emissary/core/InterruptedByTimeoutException.java,3,4,0,0,1,3,0,3,0,1,1,0.0,0.0,1
NationalSecurityAgency/emissary,src/test/java/emissary/util/search/FastBoyerMooreTest.java,3,2,0,5,6,0,0,1,0,1,0,0.0,0.0,1
NationalSecurityAgency/emissary,src/test/java/emissary/place/MyFileConfigedTestPlace.java,5,2,0,2,0,0,0,5,0,2,0,0.6,0.6,1
NationalSecurityAgency/emissary,src/main/java/emissary/server/mvc/ThreadDumpAction.java,10,1,0,8,24,0,0,2,0,1,0,0.0,0.0,2
NationalSecurityAgency/emissary,src/main/java/emissary/pickup/PickUpPlace.java,106,3,5,24,98,720,0,43,2,13,0,0.06097561,0.3097561,2
NationalSecurityAgency/emissary,src/test/java/emissary/parser/DataByteArraySlicerTest.java,4,2,0,4,5,6,0,4,0,0,0,0.0,0.0,1
NationalSecurityAgency/emissary,src/main/java/emissary/metrics/AgentsEmitter.java,4,1,0,4,10,3,0,3,0,1,1,0.0,0.0,1
NationalSecurityAgency/emissary,src/test/java/emissary/parser/ParserFactoryTest.java,1,2,0,6,5,0,0,1,0,0,0,0.0,0.0,1
NationalSecurityAgency/emissary,src/main/java/emissary/output/DropOffUtil.java,231,1,0,11,125,746,0,43,6,25,12,1.0,1.0,2
NationalSecurityAgency/emissary,src/main/java/emissary/pickup/PickUpSpace.java,31,4,3,6,23,80,0,17,0,6,1,0.20588236,0.33088234,1
NationalSecurityAgency/emissary,src/test/java/emissary/parser/DataByteBufferSlicerTest.java,4,2,0,4,6,6,0,4,0,0,0,0.0,0.0,1
NationalSecurityAgency/emissary,src/test/java/emissary/server/mvc/adapters/RequestUtilTest.java,5,2,0,3,18,10,0,5,0,0,0,0.0,0.0,1
NationalSecurityAgency/emissary,src/main/java/emissary/server/mvc/internal/RollOutputsAction.java,6,1,0,11,14,0,0,1,0,0,0,0.0,0.0,1
NationalSecurityAgency/emissary,src/test/java/emissary/util/ConstructorLookupCacheTest.java,13,2,0,4,8,10,0,12,3,9,9,1.0,1.0,2
NationalSecurityAgency/emissary,src/main/java/emissary/directory/DirectoryProviderPlace.java,99,1,1,15,77,0,0,27,0,11,1,0.64,0.7784615,1
NationalSecurityAgency/emissary,src/main/java/emissary/directory/PeerObserver.java,1,1,0,2,0,0,0,1,0,0,0,0.0,0.0,1
NationalSecurityAgency/emissary,src/test/java/emissary/core/channels/ImmutableChannelFactoryTest.java,4,2,0,4,15,1,0,4,0,1,1,0.33333334,0.33333334,2
NationalSecurityAgency/emissary,src/test/java/emissary/grpc/exceptions/GrpcExceptionUtilsTest.java,10,2,0,10,13,45,0,10,2,0,0,0.0,0.0,1
NationalSecurityAgency/emissary,src/main/java/emissary/util/TimeUtil.java,28,1,0,3,33,78,0,17,16,13,13,0.24166666,0.24166666,1
NationalSecurityAgency/emissary,src/test/java/emissary/util/CharacterCounterSetTest.java,2,2,0,5,8,1,0,2,1,0,0,0.0,0.0,1
NationalSecurityAgency/emissary,src/test/java/emissary/test/util/ComplexUnicodeSamplesTest.java,5,1,0,5,14,10,0,5,0,0,0,0.0,0.0,1
NationalSecurityAgency/emissary,src/main/java/emissary/core/constants/Parameters.java,1,1,0,0,0,0,0,1,0,11,11,0.0,0.0,1
NationalSecurityAgency/emissary,src/main/java/emissary/id/SizeIdPlace.java,10,4,0,4,6,15,0,6,0,4,2,0.0,0.0,1
NationalSecurityAgency/emissary,src/test/java/emissary/pickup/PickUpPlaceTest.java,17,3,0,13,20,45,0,15,1,4,0,0.0,0.0,2
NationalSecurityAgency/emissary,src/main/java/emissary/util/io/FileNameGenerator.java,1,1,0,0,0,0,0,1,0,0,0,0.0,0.0,1
NationalSecurityAgency/emissary,src/main/java/emissary/core/sentinel/protocols/rules/Rule.java,2,1,0,2,3,1,0,2,0,1,1,0.0,0.0,1
NationalSecurityAgency/emissary,src/main/java/emissary/roll/Rollable.java,2,1,0,0,0,1,0,2,0,0,0,0.0,0.0,1
NationalSecurityAgency/emissary,src/test/java/emissary/parser/InputSessionTest.java,6,2,0,6,17,13,0,6,1,4,4,0.8,1.0,1
NationalSecurityAgency/emissary,src/test/java/emissary/directory/WildcardEntryTest.java,15,2,0,3,8,28,0,8,0,0,0,0.0,0.0,1
NationalSecurityAgency/emissary,src/main/java/emissary/core/ExtractedRecord.java,12,1,2,6,2,66,0,12,0,1,1,0.0,0.0,1
NationalSecurityAgency/emissary,src/main/java/emissary/core/IPausable.java,3,1,0,0,0,3,0,3,0,0,0,0.0,0.0,1
NationalSecurityAgency/emissary,src/test/java/emissary/server/mvc/internal/RegisterPeerActionTest.java,7,3,0,10,20,0,0,7,0,7,5,0.85714287,1.0,1
NationalSecurityAgency/emissary,src/main/java/emissary/id/WorkUnit.java,18,1,0,2,8,97,0,18,0,7,1,0.18300654,0.2875817,1
NationalSecurityAgency/emissary,src/main/java/emissary/util/search/KeywordScanner.java,45,1,0,4,16,64,0,21,1,8,0,0.39166668,0.65833336,1
NationalSecurityAgency/emissary,src/test/java/emissary/util/DateTimeFormatParserTest.java,26,2,0,5,8,0,0,25,3,6,6,0.62450594,0.8300395,1
NationalSecurityAgency/emissary,src/main/java/emissary/place/ServiceProviderPlaceMBean.java,5,1,0,0,0,10,0,5,0,0,0,0.0,0.0,1
NationalSecurityAgency/emissary,src/test/java/emissary/pickup/FTestFailedPickupClient.java,16,4,0,13,62,3,0,8,1,10,0,1.0,1.0,2
NationalSecurityAgency/emissary,src/main/java/emissary/directory/DirectoryEntry.java,56,1,0,8,34,631,0,46,2,23,9,0.19516908,0.79227054,1
NationalSecurityAgency/emissary,src/main/java/emissary/directory/DirectoryEntryComparator.java,1,1,0,1,1,0,0,1,0,1,1,0.0,0.0,1
NationalSecurityAgency/emissary,src/main/java/emissary/util/io/ResourceReader.java,41,1,0,3,51,178,0,20,0,7,7,0.031578947,0.036842104,1
NationalSecurityAgency/emissary,src/main/java/emissary/util/LineTokenizer.java,30,1,0,3,3,17,0,14,0,6,0,0.4065934,0.85714287,1
NationalSecurityAgency/emissary,src/test/java/emissary/util/DisposeHelperTest.java,11,2,0,13,26,0,0,11,0,9,5,0.8909091,1.0,1
NationalSecurityAgency/emissary,src/main/java/emissary/command/converter/PriorityDirectoryConverter.java,3,1,0,2,7,0,0,2,0,2,2,0.0,0.0,1
NationalSecurityAgency/emissary,src/main/java/emissary/util/DisposeHelper.java,15,1,0,3,16,0,0,7,6,4,4,0.6666667,0.6666667,1
NationalSecurityAgency/emissary,src/main/java/emissary/command/PoolCommand.java,4,4,0,7,3,6,0,4,0,1,1,0.0,0.0,1
NationalSecurityAgency/emissary,src/main/java/emissary/server/mvc/ShutdownAction.java,1,1,0,7,2,0,0,1,0,0,0,0.0,0.0,1
NationalSecurityAgency/emissary,src/test/java/emissary/core/channels/AbstractSeekableByteChannelTest.java,11,3,0,4,21,21,0,11,0,1,0,0.16666667,0.16666667,2
NationalSecurityAgency/emissary,src/test/java/emissary/client/response/AgentsListTest.java,3,1,0,9,14,0,0,3,0,3,0,0.33333334,0.33333334,1
NationalSecurityAgency/emissary,src/test/java/emissary/core/sentinel/protocols/ProtocolTest.java,20,3,0,19,74,0,0,18,0,11,0,0.8333333,1.0,2
NationalSecurityAgency/emissary,src/main/java/emissary/client/EmissaryClient.java,29,1,3,24,56,88,0,17,1,27,24,0.15686275,0.43137255,1
NationalSecurityAgency/emissary,src/test/java/emissary/client/EmissaryClientTest.java,8,2,0,8,24,0,0,4,0,1,1,1.0,1.0,1
NationalSecurityAgency/emissary,src/main/java/emissary/config/ConfigEntry.java,10,1,0,3,3,0,0,8,0,3,1,0.60714287,0.75,1
NationalSecurityAgency/emissary,src/main/java/emissary/Emissary.java,27,1,2,24,56,66,0,13,3,5,2,0.09090909,0.15151516,1
NationalSecurityAgency/emissary,src/main/java/emissary/client/response/Agent.java,10,1,0,3,5,33,0,10,0,3,1,0.13333334,0.22222222,1
NationalSecurityAgency/emissary,src/main/java/emissary/analyze/Analyzer.java,12,3,0,6,13,24,0,8,0,4,0,0.071428575,0.10714286,1
NationalSecurityAgency/emissary,src/main/java/emissary/util/ConstructorLookupCache.java,30,1,0,4,21,15,0,9,6,6,3,1.0,1.0,2
NationalSecurityAgency/emissary,src/main/java/emissary/client/response/MapResponseEntity.java,6,2,0,7,16,0,0,5,0,3,2,1.0,1.0,1
NationalSecurityAgency/emissary,src/main/java/emissary/core/sentinel/protocols/trackers/AgentTracker.java,28,1,0,4,21,155,0,23,2,7,0,0.19367589,0.8300395,1
NationalSecurityAgency/emissary,src/test/java/emissary/client/response/AgentsFormatterTest.java,2,1,0,3,6,1,0,2,0,0,0,0.0,0.0,1
NationalSecurityAgency/emissary,src/main/java/emissary/server/api/Version.java,6,1,0,16,26,3,0,3,0,3,2,0.0,0.0,1
NationalSecurityAgency/emissary,src/test/java/emissary/place/MultiFileServerPlaceTest.java,16,3,0,10,38,6,0,14,0,3,0,1.0,1.0,2
NationalSecurityAgency/emissary,src/main/java/emissary/core/SafeUsageChecker.java,13,1,0,6,16,0,0,6,0,6,4,0.71428573,0.71428573,1
NationalSecurityAgency/emissary,src/main/java/emissary/command/EmissaryCommand.java,6,1,0,3,1,15,0,6,0,1,0,0.0,0.0,1
NationalSecurityAgency/emissary,src/main/java/emissary/core/channels/LoggingChannelFactory.java,15,1,0,3,16,1,0,14,2,9,0,1.0,1.0,3
NationalSecurityAgency/emissary,src/test/java/emissary/output/io/DateFilterFilenameGeneratorTest.java,3,2,0,4,14,3,0,3,0,3,3,0.0,0.0,1
NationalSecurityAgency/emissary,src/main/java/emissary/pickup/IPickUp.java,1,1,0,1,0,0,0,1,0,0,0,0.0,0.0,1
NationalSecurityAgency/emissary,src/main/java/emissary/client/response/AgentsResponseEntity.java,12,2,0,8,20,10,0,8,0,3,1,0.32142857,0.53571427,1
NationalSecurityAgency/emissary,src/main/java/emissary/util/GitRepositoryState.java,29,1,0,3,13,250,0,25,4,22,2,0.0036231885,0.0036231885,1
NationalSecurityAgency/emissary,src/main/java/emissary/directory/PlaceObserver.java,4,1,0,1,0,6,0,4,0,0,0,0.0,0.0,1
NationalSecurityAgency/emissary,src/main/java/emissary/pickup/QueServer.java,20,3,4,6,26,0,0,9,0,6,2,0.6111111,0.7777778,1
NationalSecurityAgency/emissary,src/main/java/emissary/server/EmissaryServer.java,96,1,0,62,162,925,0,50,29,7,3,0.08522727,0.19886364,1
NationalSecurityAgency/emissary,src/main/java/emissary/util/web/HtmlEscaper.java,9,1,0,2,5,3,0,3,2,3,3,0.0,0.0,1
NationalSecurityAgency/emissary,src/main/java/emissary/util/shell/ProcessReader.java,6,2,5,1,3,8,0,5,0,1,0,0.1,0.1,1
NationalSecurityAgency/emissary,src/test/java/emissary/place/CoordinationPlaceTest.java,10,2,0,10,40,0,0,9,0,2,0,0.7777778,0.7777778,1
NationalSecurityAgency/emissary,src/main/java/emissary/kff/ChecksumCalculator.java,33,1,0,6,22,13,0,10,0,3,0,0.35555556,0.62222224,1
NationalSecurityAgency/emissary,src/test/java/emissary/command/converter/ProjectBaseConverterTest.java,5,2,0,6,8,0,0,5,0,2,0,0.8,1.0,1
NationalSecurityAgency/emissary,src/main/java/emissary/util/StringUtil.java,6,1,0,1,7,1,0,2,1,0,0,0.0,0.0,1
NationalSecurityAgency/emissary,src/test/java/emissary/server/api/EmissaryApiTest.java,14,3,0,25,75,91,0,14,0,0,0,0.0,0.0,1
NationalSecurityAgency/emissary,src/main/java/emissary/server/api/Directories.java,4,1,0,14,17,1,0,2,0,2,1,0.0,0.0,1
NationalSecurityAgency/emissary,src/main/java/emissary/server/api/Pool.java,10,1,0,15,27,3,0,3,0,3,2,0.0,0.0,1
NationalSecurityAgency/emissary,src/test/java/emissary/test/core/junit5/TestExtractionTest.java,13,2,0,8,35,16,0,8,1,4,4,0.2857143,0.2857143,1
NationalSecurityAgency/emissary,src/main/java/emissary/place/CoordinationPlace.java,48,3,2,13,55,221,0,22,1,6,1,0.015789473,0.031578947,1
NationalSecurityAgency/emissary,src/main/java/emissary/server/api/MetricsAction.java,2,1,0,6,9,0,0,1,0,1,0,0.0,0.0,1
NationalSecurityAgency/emissary,src/main/java/emissary/place/IMultiFileServerPlace.java,0,1,0,1,0,0,0,0,0,0,0,0.0,0.0,1
NationalSecurityAgency/emissary,src/main/java/emissary/grpc/invoker/GrpcInvoker.java,10,1,0,13,18,4,0,5,2,1,0,1.0,1.0,1
NationalSecurityAgency/emissary,src/main/java/emissary/command/converter/PathExistsReadableConverter.java,4,2,0,4,6,1,0,3,0,1,1,0.0,0.0,1
NationalSecurityAgency/emissary,src/main/java/emissary/util/magic/MagicMath.java,68,1,0,5,32,113,0,18,17,6,6,0.13970588,0.20588236,1
NationalSecurityAgency/emissary,src/main/java/emissary/pickup/PriorityDirectory.java,10,1,0,1,1,6,0,8,0,2,0,0.39285713,0.53571427,1
NationalSecurityAgency/emissary,src/main/java/emissary/client/response/PlacesResponseEntity.java,12,2,0,9,11,20,0,8,0,4,2,0.14285715,0.14285715,1
NationalSecurityAgency/emissary,src/main/java/emissary/util/shell/TempFileNames.java,9,1,0,0,3,6,0,9,0,7,0,0.41666666,1.0,1
NationalSecurityAgency/emissary,src/main/java/emissary/server/util/BaseResourcePathUtil.java,6,1,0,4,8,4,0,4,3,5,5,0.0,0.0,1
NationalSecurityAgency/emissary,src/test/java/emissary/core/channels/CheckCloseChannelFactory.java,4,1,0,3,4,3,0,4,0,3,0,0.0,0.0,2
NationalSecurityAgency/emissary,src/test/java/emissary/util/web/HtmlEscaperTest.java,2,2,0,4,5,1,0,2,0,0,0,0.0,0.0,1
NationalSecurityAgency/emissary,src/main/java/emissary/pickup/Priority.java,1,1,0,0,0,0,0,1,0,1,1,0.0,0.0,1
NationalSecurityAgency/emissary,src/main/java/emissary/server/api/Places.java,9,1,0,15,26,3,0,3,0,2,1,0.0,0.0,1
NationalSecurityAgency/emissary,src/test/java/emissary/core/InterruptibleCharSequenceTest.java,10,2,0,6,14,4,0,5,1,2,2,0.3,0.3,1
NationalSecurityAgency/emissary,src/main/java/emissary/core/Family.java,7,1,0,1,0,0,0,7,2,4,2,0.6666667,1.0,1
NationalSecurityAgency/emissary,src/main/java/emissary/server/mvc/internal/DeregisterPlaceAction.java,4,1,0,12,17,0,0,1,0,1,0,0.0,0.0,1
NationalSecurityAgency/emissary,src/main/java/emissary/place/sample/CachePlace.java,12,3,0,5,9,12,0,9,0,2,0,0.25,0.35714287,1
NationalSecurityAgency/emissary,src/main/java/emissary/core/NamespaceException.java,1,4,0,1,0,0,0,1,0,1,1,0.0,0.0,1
NationalSecurityAgency/emissary,src/test/java/emissary/directory/RoutingAlgorithmTest.java,40,4,0,13,44,6,0,38,3,7,1,1.0,1.0,3
NationalSecurityAgency/emissary,src/test/java/emissary/place/ServiceProviderPlaceGetTLDTest.java,7,3,0,10,23,1,0,4,0,1,1,0.0,0.0,2
NationalSecurityAgency/emissary,src/test/java/emissary/util/FlexibleDateTimeParserTest.java,50,2,0,5,17,0,0,47,5,6,6,0.62458473,0.820598,1
NationalSecurityAgency/emissary,src/main/java/emissary/core/IMobileAgent.java,22,1,0,4,0,231,0,22,0,0,0,0.0,0.0,1
NationalSecurityAgency/emissary,src/test/java/emissary/command/converter/PriorityDirectoryConverterTest.java,6,2,0,6,5,0,0,6,0,2,0,1.0,1.0,1
NationalSecurityAgency/emissary,src/test/java/emissary/util/CharsetUtilTest.java,6,2,0,3,10,4,0,4,0,1,1,0.16666667,0.16666667,1
NationalSecurityAgency/emissary,src/main/java/emissary/kff/SpamSumSignature.java,26,1,0,3,15,16,0,12,3,3,0,0.37878788,0.42424244,1
NationalSecurityAgency/emissary,src/test/java/emissary/core/channels/InMemoryChannelFactoryTest.java,4,2,0,5,13,6,0,4,0,0,0,0.0,0.0,1
NationalSecurityAgency/emissary,src/main/java/emissary/server/mvc/PauseAction.java,3,1,0,8,3,3,0,3,1,1,1,0.0,0.0,1
NationalSecurityAgency/emissary,src/main/java/emissary/client/response/PeersResponseEntity.java,14,2,0,8,14,20,0,8,0,4,2,0.14285715,0.14285715,1
NationalSecurityAgency/emissary,src/main/java/emissary/output/filter/XmlOutputFilter.java,6,3,0,10,8,3,0,3,1,0,0,0.0,0.0,1
NationalSecurityAgency/emissary,src/test/java/emissary/core/BogusDirectoryEntry.java,2,2,0,1,0,1,0,2,0,1,1,0.0,0.0,1
NationalSecurityAgency/emissary,src/main/java/emissary/util/DateTimeFormatParserLegacy.java,13,1,0,4,12,1,0,3,2,2,2,0.33333334,0.33333334,1
NationalSecurityAgency/emissary,src/test/java/emissary/test/core/junit5/RegressionTestAnswerGenerator.java,10,2,0,14,23,6,0,4,0,1,1,0.0,0.0,1
NationalSecurityAgency/emissary,src/test/java/emissary/core/TimedResourceTest.java,10,3,0,9,13,1,0,6,0,4,1,1.0,1.0,2
NationalSecurityAgency/emissary,src/main/java/emissary/jni/JniRepositoryPlace.java,33,3,0,6,24,28,0,9,1,2,0,0.0,0.0,1
NationalSecurityAgency/emissary,src/main/java/emissary/core/channels/BufferedChannelFactory.java,12,2,0,3,15,1,0,8,1,7,0,1.0,1.0,3
NationalSecurityAgency/emissary,src/main/java/emissary/util/CharacterCounterSet.java,17,4,0,3,14,55,0,11,0,2,2,0.0,0.0,1
NationalSecurityAgency/emissary,src/main/java/emissary/admin/Startup.java,88,1,0,19,92,97,0,22,11,21,13,0.33918127,0.7017544,1
NationalSecurityAgency/emissary,src/test/java/emissary/util/search/MultiKeywordScannerTest.java,7,1,0,3,15,0,0,7,0,2,1,1.0,1.0,1
NationalSecurityAgency/emissary,src/test/java/emissary/roll/RollableTest.java,8,2,0,3,3,17,0,7,0,3,0,0.0952381,0.0952381,1
NationalSecurityAgency/emissary,src/main/java/emissary/util/web/HttpPostParameters.java,12,1,0,3,8,7,0,7,0,3,1,0.33333334,0.47619048,1
NationalSecurityAgency/emissary,src/test/java/emissary/client/HTTPConnectionFactoryTest.java,9,2,0,8,17,0,0,8,2,2,1,0.8666667,1.0,1
NationalSecurityAgency/emissary,src/main/java/emissary/kff/EditDistance.java,37,1,0,4,10,18,0,12,11,18,18,0.0,0.0,1
NationalSecurityAgency/emissary,src/main/java/emissary/grpc/pool/ConnectionFactory.java,32,2,0,14,45,213,0,26,3,25,14,0.17230769,0.5876923,1
NationalSecurityAgency/emissary,src/main/java/emissary/client/response/BaseEntity.java,4,1,0,1,0,6,0,4,0,0,0,0.0,0.0,1
NationalSecurityAgency/emissary,src/test/java/emissary/grpc/sample/GrpcSampleServer.java,18,1,0,8,37,49,0,12,8,1,0,0.035714287,0.035714287,2
NationalSecurityAgency/emissary,src/main/java/emissary/core/sentinel/protocols/actions/Kill.java,1,2,0,2,3,0,0,1,0,0,0,0.0,0.0,1
NationalSecurityAgency/emissary,src/test/java/emissary/kff/KffQuincyFileTest.java,3,2,0,5,6,0,0,3,0,2,2,0.6666667,1.0,1
NationalSecurityAgency/emissary,src/test/java/emissary/parser/PositionRecordTest.java,3,2,0,4,3,3,0,3,0,0,0,0.0,0.0,1
NationalSecurityAgency/emissary,src/main/java/emissary/client/HTTPConnectionFactory.java,13,1,0,15,32,7,0,6,1,24,20,0.4,0.6,1
NationalSecurityAgency/emissary,src/test/java/emissary/util/PlaceComparisonHelperTest.java,7,2,0,13,16,0,0,7,1,7,3,0.8,1.0,1
NationalSecurityAgency/emissary,src/main/java/emissary/util/Hexl.java,18,1,0,2,13,10,0,5,4,3,3,0.0,0.0,1
NationalSecurityAgency/emissary,src/main/java/emissary/output/roller/ICoalescer.java,2,1,0,0,0,1,0,2,0,0,0,0.0,0.0,1
NationalSecurityAgency/emissary,src/test/java/emissary/directory/DirectoryEntryMapTest.java,16,2,0,9,29,0,0,12,0,9,5,1.0,1.0,1
NationalSecurityAgency/emissary,src/main/java/emissary/pool/AgentPool.java,34,2,0,7,42,122,0,21,4,7,4,0.20952381,0.5714286,1
NationalSecurityAgency/emissary,src/main/java/emissary/core/DataObjectFactory.java,17,1,0,11,10,29,0,15,14,5,5,0.32380953,0.32380953,1
NationalSecurityAgency/emissary,src/main/java/emissary/place/sample/ToLowerPlace.java,7,3,0,5,8,4,0,4,0,2,0,0.0,0.0,1
NationalSecurityAgency/emissary,src/test/java/emissary/test/core/junit5/AnswerGenerator.java,22,1,1,14,39,64,0,12,6,3,3,0.015151516,0.015151516,1
NationalSecurityAgency/emissary,src/main/java/emissary/place/sample/TemplatePlace.java,6,3,0,4,5,10,0,5,0,0,0,0.0,0.0,1
NationalSecurityAgency/emissary,src/main/java/emissary/util/web/UrlRequestProperty.java,10,1,0,0,0,0,0,10,0,2,0,0.6,0.8,1
NationalSecurityAgency/emissary,src/test/java/emissary/core/FTestMovingAgent.java,17,3,0,19,41,0,0,5,0,5,0,0.33333334,0.33333334,1
NationalSecurityAgency/emissary,src/main/java/emissary/client/response/AgentsFormatter.java,8,1,0,4,6,8,0,8,1,4,0,0.0,0.0,2
NationalSecurityAgency/emissary,src/main/java/emissary/transform/JavascriptEscapePlace.java,8,3,0,7,12,8,0,5,0,1,0,0.1,0.1,1
NationalSecurityAgency/emissary,src/main/java/emissary/command/converter/ModeConverter.java,3,1,0,2,2,0,0,1,0,0,0,0.0,0.0,1
NationalSecurityAgency/emissary,src/main/java/emissary/server/api/Shutdown.java,6,1,0,9,13,1,0,3,0,2,2,0.33333334,0.33333334,1
NationalSecurityAgency/emissary,src/main/java/emissary/output/roller/journal/JournaledChannel.java,33,2,0,6,27,13,0,15,0,9,2,0.3956044,0.3956044,1
NationalSecurityAgency/emissary,src/test/java/emissary/core/IExtendedDataObject.java,1,1,0,1,0,0,0,1,0,0,0,0.0,0.0,1
NationalSecurityAgency/emissary,src/main/java/emissary/util/Version.java,13,1,0,3,14,11,0,7,2,3,1,0.2,0.3,1
NationalSecurityAgency/emissary,src/main/java/emissary/output/filter/IDropOffFilter.java,16,1,0,2,0,120,0,16,0,5,0,0.0,0.0,1
NationalSecurityAgency/emissary,src/test/java/emissary/util/xml/JDOMUtilTest.java,3,2,0,5,5,0,0,2,0,1,1,1.0,1.0,1
NationalSecurityAgency/emissary,src/main/java/emissary/util/search/Hit.java,10,1,0,2,0,0,0,8,0,3,2,0.75,0.75,1
NationalSecurityAgency/emissary,src/main/java/emissary/util/DependencyCheck.java,17,1,0,5,13,22,0,8,4,8,7,0.10714286,0.10714286,1
NationalSecurityAgency/emissary,src/main/java/emissary/pool/MobileAgentFactory.java,18,1,0,12,22,0,0,12,0,9,4,0.57575756,1.0,1
NationalSecurityAgency/emissary,src/main/java/emissary/util/magic/ParseException.java,1,3,0,0,0,0,0,1,0,1,1,0.0,0.0,1
NationalSecurityAgency/emissary,src/main/java/emissary/grpc/IGrpcRoutingPlace.java,0,1,0,1,0,0,0,0,0,0,0,0.0,0.0,1
NationalSecurityAgency/emissary,src/test/java/emissary/config/ServiceConfigGuideTest.java,44,2,0,12,89,465,0,31,1,2,1,0.0,0.0,2
NationalSecurityAgency/emissary,src/test/java/emissary/kff/ChecksumResultsTest.java,2,2,0,5,10,0,0,1,0,1,1,0.0,0.0,1
NationalSecurityAgency/emissary,src/test/java/emissary/command/converter/PathExistsConverterTest.java,5,2,0,6,7,0,0,5,0,2,0,0.9,1.0,1
NationalSecurityAgency/emissary,src/test/java/emissary/output/roller/journal/JournaledChannelTest.java,15,2,0,8,31,0,0,10,0,2,0,1.0,1.0,1
NationalSecurityAgency/emissary,src/main/java/emissary/util/magic/MagicNumberFactory.java,143,1,0,8,58,202,0,21,20,9,9,0.06666667,0.06666667,1
NationalSecurityAgency/emissary,src/main/java/emissary/output/io/SimpleFileNameGenerator.java,2,1,0,2,1,0,0,2,0,1,0,1.0,1.0,1
NationalSecurityAgency/emissary,src/main/java/emissary/kff/KffMemcached.java,25,1,0,13,30,0,0,7,0,11,0,0.52380955,1.0,1
NationalSecurityAgency/emissary,src/main/java/emissary/id/IdPlace.java,27,3,4,6,17,52,0,12,0,3,0,0.10606061,0.15151516,1
NationalSecurityAgency/emissary,src/test/java/emissary/core/MetricsManagerTest.java,1,2,0,6,3,0,0,1,0,0,0,0.0,0.0,1
NationalSecurityAgency/emissary,src/main/java/emissary/core/sentinel/protocols/rules/AllMaxTime.java,5,3,0,3,6,3,0,3,0,1,1,0.0,0.0,1
NationalSecurityAgency/emissary,src/test/java/emissary/place/UnixCommandPlaceTest.java,13,2,0,13,48,0,0,10,0,7,4,1.0,1.0,1
NationalSecurityAgency/emissary,src/main/java/emissary/util/ClassComparator.java,10,1,0,2,9,6,0,4,3,1,1,0.0,0.0,1
NationalSecurityAgency/emissary,src/test/java/emissary/util/TypeEngineTest.java,4,2,0,6,7,6,0,4,0,0,0,0.0,0.0,1
NationalSecurityAgency/emissary,src/test/java/emissary/test/core/junit5/InitialFinalFormFormat.java,11,1,0,2,9,6,0,8,0,7,1,0.2857143,1.0,1
NationalSecurityAgency/emissary,src/test/java/emissary/util/search/BackwardsTreeScannerTest.java,2,1,0,3,7,0,0,2,0,2,1,1.0,1.0,1
NationalSecurityAgency/emissary,src/main/java/emissary/core/sentinel/protocols/actions/LogThreadDump.java,3,2,0,6,17,0,0,1,0,1,1,0.0,0.0,1
NationalSecurityAgency/emissary,src/main/java/emissary/server/api/Refresh.java,4,1,0,9,8,0,0,2,0,3,3,1.0,1.0,1
NationalSecurityAgency/emissary,src/test/java/emissary/kff/SsdeepTest.java,14,2,0,7,18,3,0,10,1,19,18,0.42857143,0.53571427,1
NationalSecurityAgency/emissary,src/test/java/emissary/core/constants/IbdoMethodNames.java,1,1,0,4,4,0,0,1,0,21,21,0.0,0.0,1
NationalSecurityAgency/emissary,src/test/java/emissary/util/shell/ReadBinaryOutputBufferTest.java,2,1,0,2,10,0,0,1,0,0,0,0.0,0.0,1
NationalSecurityAgency/emissary,src/main/java/emissary/pool/AgentThreadGroup.java,3,2,0,2,3,1,0,2,0,1,1,0.0,0.0,1
NationalSecurityAgency/emissary,src/test/java/emissary/util/web/UrlDataTest.java,11,2,0,5,29,55,0,11,0,0,0,0.0,0.0,1
NationalSecurityAgency/emissary,src/main/java/emissary/grpc/GrpcConnectionPlace.java,14,4,0,11,9,61,0,14,0,3,3,0.16483517,0.16483517,1
NationalSecurityAgency/emissary,src/main/java/emissary/kff/KffChainLoader.java,13,1,0,12,30,4,0,4,3,3,3,0.0,0.0,1
NationalSecurityAgency/emissary,src/main/java/emissary/directory/IDirectoryPlace.java,13,1,0,4,0,78,0,13,0,2,0,0.0,0.0,1
NationalSecurityAgency/emissary,src/main/java/emissary/core/IExtractedRecord.java,0,1,0,1,0,0,0,0,0,0,0,0.0,0.0,1
NationalSecurityAgency/emissary,src/main/java/emissary/util/xml/AbstractJDOMUtil.java,33,1,2,15,29,108,0,16,16,2,2,0.05,0.05,1
NationalSecurityAgency/emissary,src/test/java/emissary/util/os/OSReleaseUtilTest.java,6,1,0,4,13,0,0,6,1,5,5,1.0,1.0,1
NationalSecurityAgency/emissary,src/main/java/emissary/command/Banner.java,5,1,0,0,8,0,0,2,0,2,1,1.0,1.0,1
NationalSecurityAgency/emissary,src/main/java/emissary/util/io/BufferedWriterOutputStream.java,12,2,0,4,3,0,0,6,0,3,0,0.6666667,0.6666667,1
NationalSecurityAgency/emissary,src/main/java/emissary/util/io/SocketUtils.java,5,1,0,1,6,10,0,5,4,1,1,0.0,0.0,1
NationalSecurityAgency/emissary,src/main/java/emissary/spi/InitializationProvider.java,2,1,0,0,0,1,0,2,0,0,0,0.0,0.0,1
NationalSecurityAgency/emissary,src/main/java/emissary/core/Factory.java,18,1,0,6,17,3,0,6,5,2,2,0.6,0.6,1
NationalSecurityAgency/emissary,src/test/java/emissary/util/CounterSetTest.java,5,2,0,3,8,10,0,5,0,0,0,0.0,0.0,1
NationalSecurityAgency/emissary,src/main/java/emissary/directory/DirectoryObserver.java,0,1,0,0,0,0,0,0,0,0,0,0.0,0.0,1
NationalSecurityAgency/emissary,src/main/java/emissary/pickup/WorkUnit.java,12,1,0,3,4,0,0,12,1,4,0,0.37878788,0.8333333,1
NationalSecurityAgency/emissary,src/main/java/emissary/util/xml/SaferJDOMUtil.java,8,2,0,8,9,28,0,8,7,0,0,0.0,0.0,1
NationalSecurityAgency/emissary,src/test/java/emissary/core/ResourceExceptionTest.java,1,2,0,3,2,0,0,1,0,0,0,0.0,0.0,1
NationalSecurityAgency/emissary,src/test/java/emissary/place/ComparisonPlaceTest.java,9,2,0,10,7,28,0,8,1,17,17,0.0,0.0,1
NationalSecurityAgency/emissary,src/main/java/emissary/util/CounterSet.java,16,3,1,1,6,54,0,12,0,2,1,0.09090909,0.09090909,1
NationalSecurityAgency/emissary,src/test/java/emissary/core/channels/FillChannelFactoryTest.java,4,2,0,4,10,3,0,3,0,0,0,0.0,0.0,1
NationalSecurityAgency/emissary,src/main/java/emissary/util/JMXUtil.java,7,1,0,3,13,3,0,3,2,1,1,0.0,0.0,1
NationalSecurityAgency/emissary,src/main/java/emissary/command/ServiceCommand.java,31,3,2,9,29,147,0,18,0,14,7,0.019607844,0.026143791,1
NationalSecurityAgency/emissary,src/test/java/emissary/util/ClassLookupCacheTest.java,4,2,0,3,6,1,0,3,1,2,2,1.0,1.0,1
NationalSecurityAgency/emissary,src/test/java/emissary/util/io/ListOpenFilesTest.java,4,2,0,8,14,0,0,3,0,3,0,1.0,1.0,1
NationalSecurityAgency/emissary,src/main/java/emissary/output/roller/journal/JournalReader.java,31,1,0,6,42,16,0,13,2,9,1,0.1,0.1,1
NationalSecurityAgency/emissary,src/main/java/emissary/util/io/ListOpenFiles.java,4,1,0,2,5,1,0,2,0,1,0,0.0,0.0,1
NationalSecurityAgency/emissary,src/main/java/emissary/util/HtmlEntityMap.java,12,1,0,4,19,4,0,5,1,2,1,0.3,0.3,1
NationalSecurityAgency/emissary,src/main/java/emissary/server/mvc/internal/WorkBundleCompletedAction.java,9,1,0,11,16,1,0,2,1,1,0,0.0,0.0,1
NationalSecurityAgency/emissary,src/test/java/emissary/id/SizeIdPlaceTest.java,6,2,0,6,11,0,0,6,0,1,0,1.0,1.0,1
NationalSecurityAgency/emissary,src/main/java/emissary/output/roller/journal/JournalEntry.java,16,1,0,3,14,0,0,9,2,3,1,0.5277778,0.7777778,1
NationalSecurityAgency/emissary,src/test/java/emissary/pool/AgentPoolTest.java,3,2,0,5,6,1,0,2,1,0,0,0.0,0.0,1
NationalSecurityAgency/emissary,src/test/java/emissary/roll/RollerTest.java,2,2,0,4,8,1,0,2,0,0,0,0.0,0.0,1
NationalSecurityAgency/emissary,src/main/java/emissary/core/channels/AbstractSeekableByteChannel.java,21,1,14,1,19,57,0,15,1,3,1,0.1978022,0.23076923,1
NationalSecurityAgency/emissary,src/main/java/emissary/id/Identification.java,22,1,0,2,18,0,0,17,0,3,1,0.5294118,0.5294118,1
NationalSecurityAgency/emissary,src/test/java/emissary/util/DataUtilTest.java,8,2,0,5,21,21,0,7,0,0,0,0.0,0.0,1
NationalSecurityAgency/emissary,src/main/java/emissary/util/PkiUtil.java,13,1,0,5,31,8,0,5,4,6,6,0.0,0.0,1
NationalSecurityAgency/emissary,src/main/java/emissary/core/sentinel/protocols/AgentProtocol.java,17,2,0,14,60,26,0,8,0,1,0,0.035714287,0.035714287,1
NationalSecurityAgency/emissary,src/test/java/emissary/directory/DirectoryEntryTest.java,17,2,0,8,35,0,0,14,0,5,3,0.7802198,1.0,1
NationalSecurityAgency/emissary,src/test/java/emissary/place/ComparisonPlaceTestProcessHDPlace.java,3,2,0,4,7,0,0,2,0,1,0,1.0,1.0,1
NationalSecurityAgency/emissary,src/main/java/emissary/directory/DirectoryXmlContainer.java,19,1,0,11,26,20,0,9,8,4,4,0.2857143,0.35714287,1
NationalSecurityAgency/emissary,src/main/java/emissary/command/converter/ProjectBaseConverter.java,9,2,0,5,8,1,0,3,0,1,1,0.0,0.0,1
NationalSecurityAgency/emissary,src/main/java/emissary/util/DataUtil.java,27,1,0,5,19,78,0,13,12,1,1,0.0,0.0,1
NationalSecurityAgency/emissary,src/test/java/emissary/transform/decode/JsonEscapeTest.java,6,2,0,3,3,15,0,6,0,0,0,0.0,0.0,1
NationalSecurityAgency/emissary,src/main/java/emissary/core/Stage.java,14,1,0,2,7,22,0,8,6,1,0,0.10714286,0.10714286,1
NationalSecurityAgency/emissary,src/main/java/emissary/util/shell/ReadOutputLogger.java,10,3,0,1,5,0,0,3,0,4,0,1.0,1.0,1
NationalSecurityAgency/emissary,src/main/java/emissary/command/EnvCommand.java,11,3,0,15,16,26,0,8,0,3,2,0.035714287,0.035714287,1
NationalSecurityAgency/emissary,src/test/java/emissary/place/ComparisonPlaceTestProcessPlace.java,3,2,0,3,6,0,0,2,0,1,0,1.0,1.0,1
NationalSecurityAgency/emissary,src/main/java/emissary/util/ByteUtil.java,87,1,0,3,19,210,0,21,20,14,14,0.0,0.0,1
NationalSecurityAgency/emissary,src/main/java/emissary/output/DropOffPlace.java,73,3,0,17,87,112,0,20,0,7,0,0.20526315,0.47894737,1
NationalSecurityAgency/emissary,src/test/java/emissary/util/magic/MagicMathTest.java,1,1,0,1,4,0,0,1,0,0,0,0.0,0.0,1
NationalSecurityAgency/emissary,src/main/java/emissary/client/response/BaseResponseEntity.java,7,1,6,6,4,4,0,5,0,2,1,0.3,0.3,1
NationalSecurityAgency/emissary,src/test/java/emissary/server/EmissaryServerIT.java,3,2,0,11,30,3,0,3,0,0,0,0.0,0.0,1
NationalSecurityAgency/emissary,src/test/java/emissary/test/core/junit5/TestingResourcesTest.java,3,3,0,6,2,3,0,3,1,2,2,0.0,0.0,1
NationalSecurityAgency/emissary,src/main/java/emissary/client/response/PlaceList.java,9,1,0,4,6,2,0,8,0,4,2,0.4642857,0.75,1
NationalSecurityAgency/emissary,src/test/java/emissary/kff/KffChainTest.java,7,2,0,6,23,0,0,3,0,1,1,1.0,1.0,1
NationalSecurityAgency/emissary,src/main/java/emissary/client/response/Directory.java,19,1,0,4,10,129,0,19,0,7,1,0.052287582,0.052287582,1
NationalSecurityAgency/emissary,src/test/java/emissary/server/mvc/internal/HeartbeatActionTest.java,5,3,0,10,21,0,0,5,0,6,3,0.8,1.0,1
NationalSecurityAgency/emissary,src/test/java/emissary/core/MetricsFormatterTest.java,1,2,0,4,7,0,0,1,0,0,0,0.0,0.0,1
NationalSecurityAgency/emissary,src/main/java/emissary/kff/KffFile.java,24,1,1,7,14,17,0,10,1,10,2,0.42857143,1.0,1
NationalSecurityAgency/emissary,src/main/java/emissary/kff/KffResult.java,34,1,0,6,17,309,0,27,0,8,1,0.05982906,0.06837607,1
NationalSecurityAgency/emissary,src/main/java/emissary/util/web/UrlData.java,39,1,0,4,9,272,0,28,0,9,0,0.10541311,0.35327634,1
NationalSecurityAgency/fractalrabbit,src/test/java/utilityTests/IrregularBinTest.java,7,1,0,2,19,0,0,2,1,1,0,0.0,0.0,1
NationalSecurityAgency/fractalrabbit,src/test/java/utilityTests/HeavyTailedPartialSumsTest.java,2,1,0,6,8,0,0,2,1,1,0,0.0,0.0,1
NationalSecurityAgency/fractalrabbit,src/main/java/utilities/ScatterPlotInputData.java,4,1,0,6,14,0,0,4,1,2,0,0.16666667,0.16666667,1
NationalSecurityAgency/fractalrabbit,src/main/java/utilities/PoissonVariate.java,3,1,0,0,2,0,0,2,0,2,0,1.0,1.0,1
NationalSecurityAgency/fractalrabbit,src/test/java/utilityTests/PoissonVariateTest.java,2,1,0,3,5,0,0,2,1,1,0,0.0,0.0,1
NationalSecurityAgency/fractalrabbit,src/main/java/utilities/SpacePointGenerator.java,13,1,0,2,8,11,0,7,2,5,0,0.23809524,0.33333334,1
NationalSecurityAgency/fractalrabbit,src/main/java/fractalRabbitGenerator/MainClassFR.java,17,1,0,8,51,0,0,3,1,8,0,0.33333334,0.33333334,1
NationalSecurityAgency/fractalrabbit,src/test/java/utilityTests/ReweightedMultinomialTest.java,5,1,0,3,8,0,0,2,1,1,0,0.0,0.0,1
NationalSecurityAgency/fractalrabbit,src/main/java/utilities/HeavyTailPointProcess.java,4,1,0,1,6,1,0,3,0,1,0,0.33333334,0.33333334,1
NationalSecurityAgency/fractalrabbit,src/main/java/utilities/Metrizable.java,2,1,0,1,0,1,0,2,0,0,0,0.0,0.0,1
NationalSecurityAgency/fractalrabbit,src/test/java/simulatorTests/AgoraphobicPointsTest.java,2,1,0,6,8,0,0,2,1,1,0,0.0,0.0,1
NationalSecurityAgency/fractalrabbit,src/test/java/simulatorTests/AgoraphobicPointsWriter.java,4,1,0,3,13,0,0,2,1,1,0,0.0,0.0,1
NationalSecurityAgency/fractalrabbit,src/main/java/utilities/EuclideanPoint.java,6,1,0,3,4,1,0,3,0,2,0,0.33333334,0.33333334,1
NationalSecurityAgency/fractalrabbit,src/main/java/utilities/ReweightedMultinomialTrial.java,6,1,0,1,8,0,0,2,0,2,0,1.0,1.0,1
NationalSecurityAgency/fractalrabbit,src/test/java/utilityTests/SpacePointTest.java,4,1,0,3,9,0,0,2,1,1,0,0.0,0.0,1
NationalSecurityAgency/fractalrabbit,src/test/java/utilityTests/EuclideanPointTest.java,2,1,0,2,8,1,0,2,1,0,0,0.0,0.0,1
NationalSecurityAgency/fractalrabbit,src/main/java/simulators/Retropreferential.java,14,1,0,6,17,0,0,6,0,10,0,0.6,1.0,1
NationalSecurityAgency/fractalrabbit,src/test/java/utilityTests/ParameterCSVReader.java,4,1,0,1,10,1,0,2,1,0,0,0.0,0.0,1
NationalSecurityAgency/fractalrabbit,src/test/java/utilityTests/HeavyTailPointProcessTest.java,4,1,0,6,8,0,0,2,1,1,0,0.0,0.0,1
NationalSecurityAgency/fractalrabbit,src/main/java/utilities/HeavyTailedPartialSums.java,2,1,0,1,11,0,0,2,0,1,0,1.0,1.0,1
NationalSecurityAgency/fractalrabbit,src/main/java/utilities/IrregularBinAssignment.java,5,1,0,1,4,0,0,3,0,1,0,1.0,1.0,1
NationalSecurityAgency/fractalrabbit,src/main/java/simulators/AgoraphobicPoints.java,12,1,0,3,17,0,0,5,0,8,0,0.7,1.0,1
NationalSecurityAgency/fractalrabbit,src/main/java/utilities/CensoredMultinomialTrial.java,6,1,0,2,4,0,0,2,0,3,0,1.0,1.0,1
NationalSecurityAgency/fractalrabbit,src/test/java/utilityTests/BetaInverseCDFTest.java,3,1,0,2,10,0,0,2,1,1,0,0.0,0.0,1
NationalSecurityAgency/fractalrabbit,src/main/java/simulators/SporadicReporter.java,9,1,0,4,20,0,0,6,0,12,2,0.6666667,1.0,1
NationalSecurityAgency/fractalrabbit,src/test/java/utilityTests/CensoredMultinomialTest.java,6,1,0,4,7,0,0,2,1,1,0,0.0,0.0,1
NationalSecurityAgency/lemongrenade,core/src/main/java/lemongrenade/core/util/StringSchemeLGCommand.java,2,1,0,4,3,1,0,2,0,0,0,0.0,0.0,1
NationalSecurityAgency/lemongrenade,api/src/main/java/lemongrenade/api/services/Pages.java,3,1,0,4,3,0,0,1,0,0,0,0.0,0.0,1
NationalSecurityAgency/lemongrenade,examples/src/main/java/lemongrenade/examples/adapters/LongRunningTestAdapter.java,10,3,0,7,15,13,0,6,1,4,3,0.0,0.0,1
NationalSecurityAgency/lemongrenade,core/src/main/java/lemongrenade/core/coordinator/CoordinatorBolt.java,97,2,1,25,136,0,0,20,2,14,7,0.51282054,0.5769231,2
NationalSecurityAgency/lemongrenade,core/src/main/java/lemongrenade/core/database/mongo/LGAdapterDAO.java,2,1,0,2,0,1,0,2,0,0,0,0.0,0.0,1
NationalSecurityAgency/lemongrenade,core/src/main/java/lemongrenade/core/coordinator/AdapterManager.java,76,1,0,10,74,48,0,28,20,5,5,0.4017094,0.4871795,1
NationalSecurityAgency/lemongrenade,core/src/main/java/lemongrenade/core/util/RequestResult.java,1,1,0,1,0,0,0,1,0,3,0,0.0,0.0,1
NationalSecurityAgency/lemongrenade,core/src/main/java/lemongrenade/core/storm/LGRabbitMQSpout.java,7,3,0,9,17,0,0,5,0,4,0,0.7,1.0,1
NationalSecurityAgency/lemongrenade,core/src/test/java/lemongrenade/core/coordinator/CoordinatorHeartbeatBoltTest.java,3,1,0,4,6,0,0,1,0,1,1,0.0,0.0,1
NationalSecurityAgency/lemongrenade,core/src/main/java/lemongrenade/core/handlers/LGPayload/NameSpacer.java,12,1,0,5,20,0,0,6,0,3,1,0.73333335,1.0,1
NationalSecurityAgency/lemongrenade,core/src/main/java/lemongrenade/core/coordinator/JobFailureException.java,1,3,0,0,0,0,0,1,0,0,0,0.0,0.0,1
NationalSecurityAgency/lemongrenade,core/src/test/java/TestSuite.java,0,1,0,10,0,0,0,0,0,0,0,0.0,0.0,1
NationalSecurityAgency/lemongrenade,core/src/main/java/lemongrenade/core/templates/LGAdapter.java,43,1,2,9,35,136,0,22,2,6,4,0.1,0.17142858,2
NationalSecurityAgency/lemongrenade,examples/src/main/java/lemongrenade/examples/adapters/PostActionAdapter.java,9,3,0,7,21,13,0,6,1,1,1,0.0,0.0,1
NationalSecurityAgency/lemongrenade,core/src/main/java/lemongrenade/core/util/ReadFile.java,10,1,0,1,10,6,0,4,4,0,0,0.0,0.0,1
NationalSecurityAgency/lemongrenade,api/src/test/java/RestTest.java,13,1,0,9,13,1,0,3,0,3,2,0.33333334,0.33333334,1
NationalSecurityAgency/lemongrenade,core/src/main/java/lemongrenade/core/storm/CommandSinkScheme.java,3,2,0,4,3,3,0,3,0,0,0,0.0,0.0,1
NationalSecurityAgency/lemongrenade,api/src/main/java/lemongrenade/api/services/Ping.java,1,1,0,3,0,0,0,1,0,0,0,0.0,0.0,1
NationalSecurityAgency/lemongrenade,core/src/main/java/lemongrenade/core/models/LGTask.java,33,1,0,6,22,241,0,27,1,17,5,0.15669516,0.85470086,1
NationalSecurityAgency/lemongrenade,core/src/main/java/lemongrenade/core/templates/LGJavaAdapter.java,48,2,9,21,104,26,0,22,0,8,1,0.5,0.5,5
NationalSecurityAgency/lemongrenade,core/src/main/java/lemongrenade/core/database/lemongraph/LemonGraphResponse.java,26,1,0,4,19,94,0,20,0,7,0,0.25263157,0.80526316,1
NationalSecurityAgency/lemongrenade,core/src/main/java/lemongrenade/core/models/LGdbValue.java,19,1,0,5,12,0,0,14,0,2,0,0.61538464,0.72527474,1
NationalSecurityAgency/lemongrenade,examples/src/main/java/lemongrenade/examples/test/EndlessHelloTest.java,1,2,0,3,5,0,0,1,1,0,0,0.0,0.0,1
NationalSecurityAgency/lemongrenade,core/src/main/java/lemongrenade/core/models/LGJobHistory.java,24,1,0,1,4,138,0,24,0,12,2,0.25,0.9166667,1
NationalSecurityAgency/lemongrenade,core/src/main/java/lemongrenade/core/storm/CoordinatorSinkScheme.java,2,3,0,2,0,1,0,2,0,0,0,0.0,0.0,1
NationalSecurityAgency/lemongrenade,core/src/main/java/lemongrenade/core/database/mongo/LGAdapterURLsDAOImpl.java,15,2,0,11,30,66,0,12,1,0,0,0.0,0.0,1
NationalSecurityAgency/lemongrenade,core/src/main/java/lemongrenade/core/models/LGCommand.java,23,1,0,5,12,30,0,13,1,16,10,0.30769232,0.5769231,1
NationalSecurityAgency/lemongrenade,core/src/test/java/lemongrenade/core/LGAdapter/LGAdapterTest.java,7,1,0,4,4,6,0,5,0,1,1,0.0,0.0,2
NationalSecurityAgency/lemongrenade,examples/src/main/java/lemongrenade/examples/adapters/HelloWorldAdapter.java,12,3,0,9,19,19,0,7,2,1,1,0.0,0.0,1
NationalSecurityAgency/lemongrenade,api/src/test/java/UtilsTest.java,8,1,0,8,7,0,0,1,0,2,2,0.0,0.0,1
NationalSecurityAgency/lemongrenade,core/src/main/java/lemongrenade/core/util/LGProperties.java,20,1,0,3,22,6,0,8,8,5,5,0.30555555,0.30555555,1
NationalSecurityAgency/lemongrenade,examples/src/main/java/lemongrenade/examples/adapters/MyBangAdapter.java,9,3,0,7,19,13,0,6,1,1,1,0.0,0.0,1
NationalSecurityAgency/lemongrenade,core/src/main/java/lemongrenade/core/handlers/Response/ResponseHandler.java,1,1,0,2,0,0,0,1,0,0,0,0.0,0.0,1
NationalSecurityAgency/lemongrenade,api/src/main/java/lemongrenade/api/services/Exceptions/HttpException.java,2,2,0,1,0,0,0,2,0,1,0,1.0,1.0,1
NationalSecurityAgency/lemongrenade,api/src/main/java/lemongrenade/api/LGServer.java,2,1,0,6,15,0,0,1,1,0,0,0.0,0.0,1
NationalSecurityAgency/lemongrenade,api/src/main/java/lemongrenade/api/services/Rest.java,93,1,0,29,84,44,0,20,1,3,1,0.38421053,0.47894737,1
NationalSecurityAgency/lemongrenade,core/src/test/java/lemongrenade/core/SubmitJobTest.java,1,2,0,6,14,0,0,1,0,1,0,0.0,0.0,1
NationalSecurityAgency/lemongrenade,core/src/main/java/lemongrenade/core/util/TimeUtils.java,5,1,0,0,10,3,0,3,3,0,0,0.0,0.0,1
NationalSecurityAgency/lemongrenade,core/src/main/java/lemongrenade/core/database/mongo/LGAdapterDAOImpl.java,3,2,0,5,6,3,0,3,0,0,0,0.0,0.0,1
NationalSecurityAgency/lemongrenade,core/src/main/java/lemongrenade/core/models/LGAdapterURLs.java,6,1,0,2,0,3,0,6,0,2,0,0.4,0.6666667,1
NationalSecurityAgency/lemongrenade,examples/src/main/java/lemongrenade/examples/adapters/FailAdapter.java,9,3,0,7,13,15,0,6,1,1,1,0.0,0.0,1
NationalSecurityAgency/lemongrenade,core/src/main/java/lemongrenade/core/coordinator/JobManager.java,96,1,0,17,92,680,0,52,26,6,6,0.23439768,0.62481856,1
NationalSecurityAgency/lemongrenade,core/src/main/java/lemongrenade/core/database/lemongraph/InvalidGraphException.java,1,3,0,0,0,0,0,1,0,0,0,0.0,0.0,1
NationalSecurityAgency/lemongrenade,core/src/main/java/lemongrenade/core/storm/LGShellBolt.java,3,2,0,3,1,0,0,3,0,1,0,1.0,1.0,2
NationalSecurityAgency/lemongrenade,api/src/main/java/lemongrenade/api/services/RestV2.java,15,1,0,16,35,9,0,7,1,4,1,0.2857143,0.2857143,1
NationalSecurityAgency/lemongrenade,core/src/main/java/lemongrenade/core/database/mongo/LGdbValueDAO.java,8,1,0,4,0,28,0,8,0,0,0,0.0,0.0,1
NationalSecurityAgency/lemongrenade,core/src/main/java/lemongrenade/core/util/ExceptionWriter.java,6,2,0,3,13,6,0,4,1,0,0,0.0,0.0,1
NationalSecurityAgency/lemongrenade,core/src/test/java/lemongrenade/core/models/LGJobTest.java,12,1,0,8,15,0,0,4,0,2,1,0.5,0.5,1
NationalSecurityAgency/lemongrenade,core/src/main/java/lemongrenade/core/models/LGJob.java,194,1,0,15,89,2414,0,77,6,38,19,0.08373206,0.80211896,1
NationalSecurityAgency/lemongrenade,core/src/main/java/lemongrenade/core/handlers/Handler.java,1,1,0,1,0,0,0,1,0,0,0,0.0,0.0,1
NationalSecurityAgency/lemongrenade,core/src/test/java/IntegrationTest.java,1,1,0,0,0,0,0,1,1,0,0,0.0,0.0,1
NationalSecurityAgency/lemongrenade,examples/src/main/java/lemongrenade/examples/test/Feed1.java,1,2,0,2,4,0,0,1,1,0,0,0.0,0.0,1
NationalSecurityAgency/lemongrenade,core/src/main/java/lemongrenade/core/database/mongo/LGJobDAO.java,20,1,0,4,0,190,0,20,0,0,0,0.0,0.0,1
NationalSecurityAgency/lemongrenade,examples/src/main/java/lemongrenade/examples/test/FeedJob.java,1,2,0,4,9,0,0,1,1,0,0,0.0,0.0,1
NationalSecurityAgency/lemongrenade,core/src/main/java/lemongrenade/core/models/InvalidJobConfigException.java,1,3,0,0,0,0,0,1,0,0,0,0.0,0.0,1
NationalSecurityAgency/lemongrenade,core/src/test/java/lemongrenade/core/coordinator/CoordinatorBoltTest.java,1,2,0,2,1,0,0,1,0,0,0,0.0,0.0,1
NationalSecurityAgency/lemongrenade,core/src/main/java/lemongrenade/core/database/lemongraph/LemonGraphObject.java,13,1,0,2,1,0,0,13,0,5,0,0.5,1.0,1
NationalSecurityAgency/lemongrenade,core/src/main/java/lemongrenade/core/handlers/LGPayload/EdgeRemover.java,2,1,0,6,9,0,0,1,0,1,1,0.0,0.0,1
NationalSecurityAgency/lemongrenade,core/src/main/java/lemongrenade/core/storm/RabbitMQConsumer.java,44,1,0,15,59,0,0,13,0,16,2,0.75,0.7777778,1
NationalSecurityAgency/lemongrenade,core/src/test/java/lemongrenade/core/database/mongo/MongoDBStoreTest.java,3,1,0,2,3,0,0,1,0,0,0,0.0,0.0,1
NationalSecurityAgency/lemongrenade,core/src/main/java/lemongrenade/core/database/mongo/MongoDBStore.java,83,1,0,17,63,851,0,50,49,7,7,0.1590136,0.3452381,1
NationalSecurityAgency/lemongrenade,examples/src/main/java/lemongrenade/examples/test/StormTest.java,1,1,0,1,1,0,0,1,1,0,0,0.0,0.0,1
NationalSecurityAgency/lemongrenade,core/src/main/java/lemongrenade/core/database/mongo/LGdbValueDAOImpl.java,27,2,0,13,41,78,0,13,1,0,0,0.0,0.0,1
NationalSecurityAgency/lemongrenade,core/src/main/java/lemongrenade/core/util/GetDeadLetterMessages.java,17,1,1,12,28,22,0,8,1,11,0,0.10714286,0.10714286,1
NationalSecurityAgency/lemongrenade,core/src/test/java/lemongrenade/core/util/JSONUtilsTest.java,2,2,0,5,9,1,0,2,0,0,0,0.0,0.0,1
NationalSecurityAgency/lemongrenade,core/src/test/java/lemongrenade/core/database/mongo/LGJobDAOImplTest.java,20,1,0,11,35,0,0,12,0,5,3,1.0,1.0,1
NationalSecurityAgency/lemongrenade,api/src/main/java/lemongrenade/api/services/Graph.java,3,1,0,11,4,0,0,3,0,4,1,1.0,1.0,1
NationalSecurityAgency/lemongrenade,core/src/main/java/lemongrenade/core/util/StringScheme.java,2,1,0,4,3,1,0,2,0,0,0,0.0,0.0,1
NationalSecurityAgency/lemongrenade,core/src/test/java/lemongrenade/core/coordinator/CoordinatorCommandBoltTest.java,5,2,0,11,27,0,0,2,0,1,0,1.0,1.0,1
NationalSecurityAgency/lemongrenade,examples/src/main/java/lemongrenade/examples/adapters/PlusBangAdapter.java,9,3,0,7,18,15,0,6,1,1,1,0.0,0.0,1
NationalSecurityAgency/lemongrenade,core/src/main/java/lemongrenade/core/handlers/HandlerLoader.java,12,1,0,7,23,0,0,6,0,1,0,0.6666667,0.6666667,1
NationalSecurityAgency/lemongrenade,core/src/main/java/lemongrenade/core/coordinator/CoordinatorCommandBolt.java,79,3,0,23,84,57,0,14,0,3,0,0.036363635,0.054545455,1
NationalSecurityAgency/lemongrenade,examples/src/main/java/lemongrenade/examples/test/LocalEngineTester.java,31,1,0,8,44,28,0,9,8,1,1,0.0,0.0,2
NationalSecurityAgency/lemongrenade,examples/src/main/java/lemongrenade/examples/test/StressTest.java,1,2,0,3,5,0,0,1,1,0,0,0.0,0.0,1
NationalSecurityAgency/lemongrenade,core/src/main/java/lemongrenade/core/database/mongo/LGTaskDAO.java,5,1,0,2,0,10,0,5,0,0,0,0.0,0.0,1
NationalSecurityAgency/lemongrenade,core/src/test/java/handlers/adapters/AdapterHandlerTest.java,12,1,0,10,31,3,0,3,0,1,1,0.0,0.0,1
NationalSecurityAgency/lemongrenade,core/src/main/java/lemongrenade/core/coordinator/CoordinatorHeartbeatBolt.java,34,2,0,16,48,0,0,12,0,8,1,0.51111114,0.62222224,1
NationalSecurityAgency/lemongrenade,core/src/main/java/lemongrenade/core/storm/RabbitMQSpout.java,33,2,1,13,34,0,0,19,0,10,0,0.47058824,1.0,2
NationalSecurityAgency/lemongrenade,core/src/main/java/lemongrenade/core/util/Requests.java,59,2,0,22,56,279,0,32,30,3,3,0.17931035,0.17931035,3
NationalSecurityAgency/lemongrenade,core/src/main/java/lemongrenade/core/database/mongo/LGTaskDAOImpl.java,8,2,0,8,12,28,0,8,1,0,0,0.0,0.0,1
NationalSecurityAgency/lemongrenade,core/src/main/java/lemongrenade/core/coordinator/CoordinatorTopology.java,15,2,0,25,40,39,0,10,3,5,3,0.071428575,0.10714286,1
NationalSecurityAgency/lemongrenade,api/src/main/java/lemongrenade/api/services/Utils.java,252,1,0,27,163,2048,0,75,67,31,23,1.0,1.0,4
NationalSecurityAgency/lemongrenade,core/src/main/java/lemongrenade/core/SubmitToRabbitMQ.java,55,1,0,17,61,124,0,21,6,4,4,0.2263158,0.28947368,1
NationalSecurityAgency/lemongrenade,core/src/test/java/lemongrenade/core/database/lemongraph/LemonGraphOfflineTest.java,3,1,0,7,10,1,0,3,0,2,0,0.33333334,0.33333334,1
NationalSecurityAgency/lemongrenade,core/src/main/java/lemongrenade/core/CheckSystem.java,15,1,0,13,30,28,0,8,2,0,0,0.0,0.0,1
NationalSecurityAgency/lemongrenade,core/src/main/java/lemongrenade/core/util/LGConstants.java,0,1,0,0,0,0,0,0,0,19,19,0.0,0.0,1
NationalSecurityAgency/lemongrenade,core/src/main/java/lemongrenade/core/models/InvalidJobStateChangeException.java,1,3,0,0,0,0,0,1,0,0,0,0.0,0.0,1
NationalSecurityAgency/lemongrenade,examples/src/main/java/lemongrenade/examples/adapters/AsyncAdapter.java,10,3,0,6,16,15,0,7,1,1,1,0.0,0.0,2
NationalSecurityAgency/lemongrenade,core/src/test/java/lemongrenade/core/coordinator/AdapterManagerTest.java,2,2,0,7,19,1,0,2,0,1,0,0.0,0.0,1
NationalSecurityAgency/lemongrenade,core/src/test/java/lemongrenade/core/coordinator/JobManagerTest.java,22,2,0,10,39,26,0,8,0,1,0,0.035714287,0.035714287,1
NationalSecurityAgency/lemongrenade,examples/src/main/java/lemongrenade/examples/test/FeedMultiPartJob.java,1,2,0,4,9,0,0,1,1,0,0,0.0,0.0,1
NationalSecurityAgency/lemongrenade,core/src/main/java/lemongrenade/core/models/LGPayload.java,65,1,0,5,50,915,0,51,5,7,1,0.10953058,0.3598862,1
NationalSecurityAgency/lemongrenade,core/src/main/java/lemongrenade/core/database/lemongraph/LemonGraph.java,90,1,0,21,76,2,0,24,23,6,6,0.40316206,0.4743083,1
NationalSecurityAgency/lemongrenade,core/src/main/java/lemongrenade/core/database/mongo/MorphiaService.java,12,1,0,6,9,3,0,7,1,4,4,0.32142857,0.53571427,1
NationalSecurityAgency/lemongrenade,core/src/main/java/lemongrenade/core/storm/AdapterSinkScheme.java,3,2,1,4,3,3,0,3,0,0,0,0.0,0.0,1
NationalSecurityAgency/lemongrenade,api/src/main/java/lemongrenade/api/services/Adapter.java,28,1,0,23,28,59,0,14,1,7,3,0.20512821,0.20512821,1
NationalSecurityAgency/lemongrenade,examples/src/main/java/lemongrenade/examples/test/SingleNodeClusterTest.java,15,1,7,8,22,34,0,9,9,1,1,0.027777778,0.027777778,1
NationalSecurityAgency/lemongrenade,core/src/test/java/lemongrenade/core/database/lemongraph/LemonGraphTest.java,21,1,0,10,27,0,0,8,0,3,0,0.53571427,0.53571427,1
NationalSecurityAgency/lemongrenade,core/src/test/java/lemongrenade/core/models/LGPayloadTest.java,15,1,0,7,34,0,0,4,2,1,1,0.5,0.5,1
NationalSecurityAgency/lemongrenade,core/src/main/java/lemongrenade/core/models/LGAdapterModel.java,34,1,0,6,23,338,0,29,1,18,4,0.08374384,0.67980295,1
NationalSecurityAgency/lemongrenade,core/src/main/java/lemongrenade/core/models/LGJobError.java,9,1,0,2,3,10,0,9,0,7,1,0.3611111,0.7777778,1
NationalSecurityAgency/lemongrenade,examples/src/main/java/lemongrenade/examples/adapters/HelloWorldExceptionAdapter.java,9,3,0,10,10,21,0,7,2,1,1,0.0,0.0,1
NationalSecurityAgency/lemongrenade,examples/src/main/java/lemongrenade/examples/test/EndlessFeed.java,1,2,0,2,4,0,0,1,1,0,0,0.0,0.0,1
NationalSecurityAgency/lemongrenade,core/src/main/java/lemongrenade/core/util/JSONUtils.java,32,1,0,3,32,45,0,10,10,0,0,0.0,0.0,1
NationalSecurityAgency/lemongrenade,core/src/main/java/lemongrenade/core/database/mongo/LGJobDAOImpl.java,36,2,0,14,47,270,0,24,1,1,0,0.010869565,0.010869565,1
NationalSecurityAgency/lemongrenade,core/src/main/java/lemongrenade/core/database/lemongraph/StressThread.java,10,2,0,6,22,1,0,3,0,1,0,0.33333334,0.33333334,1
NationalSecurityAgency/lemongrenade,examples/src/main/java/lemongrenade/examples/adapters/CurlAdapter.java,9,3,0,8,16,15,0,6,1,1,1,0.0,0.0,1
NationalSecurityAgency/lemongrenade,examples/src/main/java/lemongrenade/examples/test/FeedFailJob.java,1,2,0,4,9,0,0,1,1,0,0,0.0,0.0,1
NationalSecurityAgency/lemongrenade,api/src/main/java/lemongrenade/api/services/Job.java,250,1,0,34,136,1092,0,57,3,4,1,0.18287373,0.21770681,1
NationalSecurityAgency/lemongrenade,core/src/main/java/lemongrenade/core/database/mongo/LGAdapterURLsDAO.java,6,1,0,4,0,15,0,6,0,0,0,0.0,0.0,1
NationalSecurityAgency/rank-based-linkage,src/test/java/algorithmTests/TestLinkageGraphBuilder.java,4,1,0,8,48,0,0,2,1,6,0,0.0,0.0,1
NationalSecurityAgency/rank-based-linkage,src/test/java/algorithmTests/TenPointLnkageTest.java,2,1,0,2,0,1,0,2,1,1,0,0.0,0.0,1
NationalSecurityAgency/rank-based-linkage,src/main/java/logging/HTMLFormatter.java,4,2,0,0,3,6,0,4,0,0,0,0.0,0.0,1
NationalSecurityAgency/rank-based-linkage,src/main/java/orientationStructures/SparseGraphDataPreparer.java,9,1,2,7,30,20,0,9,0,5,0,0.22222222,0.5833333,1
NationalSecurityAgency/rank-based-linkage,src/main/java/orientationStructures/UndirectedToNNDigraph.java,16,2,0,8,32,0,0,7,0,4,0,0.5714286,1.0,1
NationalSecurityAgency/rank-based-linkage,src/test/java/orientationStructuresTest/TestDirectedToNNDigraph.java,2,1,0,6,23,0,0,2,1,2,0,0.0,0.0,1
NationalSecurityAgency/rank-based-linkage,src/test/java/algorithmTests/TwoCoreTest.java,12,1,0,4,18,2,0,5,1,3,0,0.4,0.6,1
NationalSecurityAgency/rank-based-linkage,src/test/java/concordanceExperiments/RejectionSampler3Concordant.java,7,1,0,5,13,0,0,3,1,4,1,0.33333334,0.33333334,1
NationalSecurityAgency/rank-based-linkage,src/main/java/orientationStructures/NearestNeighborsDigraphSupplier.java,7,1,0,2,0,21,0,7,0,0,0,0.0,0.0,1
NationalSecurityAgency/rank-based-linkage,src/main/java/readWrite/OrderedNeighborsToEdgesCSVWriter.java,6,1,0,4,7,1,0,3,0,1,0,0.33333334,0.33333334,1
NationalSecurityAgency/rank-based-linkage,src/test/java/concordanceExperiments/Test3ConcordantRandomWalk.java,10,1,0,5,30,0,0,4,1,4,0,0.5,0.5,1
NationalSecurityAgency/rank-based-linkage,src/main/java/main/ClusteringByInsway.java,14,1,0,10,45,0,0,6,1,11,1,0.0,0.0,1
NationalSecurityAgency/rank-based-linkage,src/main/java/orientationStructures/DirectedToNNDigraph.java,15,2,0,7,29,0,0,7,0,3,0,0.5714286,1.0,1
NationalSecurityAgency/rank-based-linkage,src/test/java/concordanceExperiments/Exhaust3ConcordantOnFourPoints.java,6,1,0,4,8,0,0,4,1,2,0,0.5,0.5,1
NationalSecurityAgency/rank-based-linkage,src/main/java/logging/GlobalLog.java,5,1,0,2,12,1,0,3,2,4,1,0.0,0.0,1
NationalSecurityAgency/rank-based-linkage,src/main/java/orientationStructures/ConcordanceExplorer.java,51,1,0,4,36,0,0,18,0,6,0,0.4852941,0.88235295,1
NationalSecurityAgency/rank-based-linkage,src/main/java/readWrite/LinkageGraphCSVWriter.java,11,1,0,6,19,4,0,5,0,1,0,0.5,0.5,1
NationalSecurityAgency/rank-based-linkage,src/main/java/algorithms/TwoCoreIntBased.java,14,1,0,3,42,4,0,8,0,10,0,0.42857143,1.0,1
NationalSecurityAgency/rank-based-linkage,src/test/java/orientationStructuresTest/TestUndirectedToNNDigraph.java,2,1,0,6,23,0,0,2,1,2,0,0.0,0.0,1
NationalSecurityAgency/rank-based-linkage,src/test/java/readWriteTests/TestStringPairCSVReader.java,2,1,0,4,10,0,0,2,1,1,0,0.0,0.0,1
NationalSecurityAgency/rank-based-linkage,src/main/java/algorithms/LinkageGraphBuilder.java,39,1,0,10,66,186,0,25,0,13,0,0.19480519,1.0,1
NationalSecurityAgency/rank-based-linkage,src/main/java/readWrite/StringPairCSVReader.java,5,1,0,4,8,0,0,3,0,1,0,1.0,1.0,1
NationalSecurityAgency/rank-based-linkage,src/test/java/algorithmTests/UnionFindTest.java,2,1,0,3,24,0,0,2,1,2,0,0.0,0.0,1
NationalSecurityAgency/timely,common/src/main/java/timely/auth/JWTTokenHandler.java,12,1,0,16,53,0,0,2,2,4,4,1.0,1.0,1
NationalSecurityAgency/timely,common/src/main/java/timely/model/Metric.java,36,1,0,9,21,0,0,25,1,6,2,1.0,1.0,2
NationalSecurityAgency/timely,server/src/test/java/timely/server/store/compaction/TieredCompactionStrategyTest.java,13,1,0,11,41,36,0,12,1,1,0,0.33333334,0.33333334,2
NationalSecurityAgency/timely,common/src/main/java/timely/api/request/VersionRequest.java,9,1,0,10,2,17,0,7,0,2,1,0.071428575,0.071428575,1
NationalSecurityAgency/timely,server/src/main/java/timely/api/response/timeseries/SuggestResponse.java,8,3,0,6,9,0,0,5,0,1,0,1.0,1.0,3
NationalSecurityAgency/timely,server/src/main/java/timely/server/netty/websocket/timeseries/WSAggregatorsRequestHandler.java,1,2,0,5,3,0,0,1,0,0,0,0.0,0.0,1
NationalSecurityAgency/timely,common/src/main/java/timely/api/request/AuthenticatedWebSocketRequest.java,2,2,1,3,0,0,0,2,0,1,0,1.0,1.0,1
NationalSecurityAgency/timely,server/src/test/java/timely/server/integration/MetricsResponseTestIT.java,3,2,0,15,8,1,0,3,0,2,0,0.33333334,0.33333334,1
NationalSecurityAgency/timely,common/src/main/java/timely/netty/http/HttpRequestDecoder.java,20,2,0,26,53,1,0,3,1,6,3,0.33333334,0.33333334,1
NationalSecurityAgency/timely,analytics/src/main/java/timely/analytics/flink/SubscriptionSource.java,26,2,0,13,60,3,0,11,0,13,3,0.6666667,1.0,4
NationalSecurityAgency/timely,server/src/test/java/timely/server/test/TestServer.java,16,2,0,25,18,21,0,10,0,4,1,0.0,0.0,4
NationalSecurityAgency/timely,server/src/test/java/timely/server/sample/aggregators/AggregationTest.java,7,1,0,5,5,0,0,1,0,0,0,0.0,0.0,1
NationalSecurityAgency/timely,server/src/test/java/timely/server/test/TestMetrics.java,4,1,0,4,15,1,0,3,1,3,0,1.0,1.0,1
NationalSecurityAgency/timely,server/src/test/java/timely/server/configuration/TestTimelyConfiguration.java,6,1,0,33,3,15,0,6,0,0,0,0.0,0.0,1
NationalSecurityAgency/timely,common/src/main/java/timely/netty/http/NonSslRedirectHandler.java,5,2,0,10,10,6,0,5,0,3,1,0.0,0.0,2
NationalSecurityAgency/timely,common/src/main/java/timely/api/request/websocket/SubscriptionRequest.java,4,3,4,1,0,0,0,3,0,1,0,1.0,1.0,1
NationalSecurityAgency/timely,server/src/main/java/timely/application/testingest/TestIngest.java,1,1,0,5,3,0,0,1,1,0,0,0.0,0.0,1
NationalSecurityAgency/timely,analytics/src/main/java/timely/analytics/flink/MetricHistogram.java,21,1,0,4,25,25,0,15,0,16,11,0.35238096,0.8666667,1
NationalSecurityAgency/timely,common/src/main/java/timely/common/configuration/RestClientConfiguration.java,0,1,0,3,0,0,0,0,0,0,0,0.0,0.0,1
NationalSecurityAgency/timely,common/src/main/java/timely/auth/AuthorizationsMinimizer.java,6,1,0,1,18,0,0,1,1,0,0,0.0,0.0,1
NationalSecurityAgency/timely,server/src/main/java/timely/server/sample/iterators/DownsampleIterator.java,26,2,0,18,44,18,0,9,4,15,8,0.25,0.5833333,1
NationalSecurityAgency/timely,server/src/main/java/timely/server/sample/aggregators/Count.java,2,1,0,1,0,1,0,2,0,0,0,0.0,0.0,1
NationalSecurityAgency/timely,common/src/main/generated-java/timely/api/flatbuffer/Tag.java,21,3,0,4,23,120,0,19,8,0,0,0.0,0.0,2
NationalSecurityAgency/timely,collectd/src/test/java/timely/collectd/plugin/WriteTimelyPluginTest.java,24,1,0,14,50,12,0,13,0,8,0,1.0,1.0,2
NationalSecurityAgency/timely,common/src/main/java/timely/api/request/timeseries/AggregatorsRequest.java,5,2,0,9,0,8,0,5,0,1,0,0.1,0.1,1
NationalSecurityAgency/timely,balancer/src/main/java/timely/balancer/connection/ws/WsClientFactory.java,6,1,0,8,7,13,0,6,0,4,0,0.06666667,0.06666667,1
NationalSecurityAgency/timely,common/src/main/java/timely/model/ObjectSizeOf.java,46,1,0,4,35,10,0,10,5,6,5,1.0,1.0,3
NationalSecurityAgency/timely,server/src/test/java/timely/server/integration/WebSocketClientIT.java,17,4,0,27,52,8,0,8,0,9,1,0.1,0.1,2
NationalSecurityAgency/timely,collectd/src/main/java/timely/collectd/plugin/WriteNSQPlugin.java,34,2,0,17,50,22,0,8,0,7,1,0.04761905,0.04761905,1
NationalSecurityAgency/timely,common/src/main/java/timely/common/configuration/AccumuloProperties.java,8,1,0,6,0,22,0,8,0,5,0,0.10714286,0.10714286,1
NationalSecurityAgency/timely,common/src/main/generated-java/timely/api/flatbuffer/Metrics.java,26,3,0,7,31,171,0,22,12,0,0,0.0,0.0,2
NationalSecurityAgency/timely,common/src/main/java/timely/netty/tcp/TcpDecoder.java,9,2,0,7,16,0,0,1,0,1,1,0.0,0.0,1
NationalSecurityAgency/timely,server/src/test/java/timely/server/integration/MetricCompactionIT.java,18,2,0,26,63,4,0,9,0,7,3,1.0,1.0,2
NationalSecurityAgency/timely,balancer/src/main/java/timely/balancer/netty/ws/WsRelayHandler.java,27,2,0,29,53,0,0,4,1,7,2,0.33333334,0.5,2
NationalSecurityAgency/timely,server/src/test/java/timely/server/sample/iterators/RateIteratorTest.java,25,2,0,17,39,0,0,7,0,2,1,0.47619048,0.47619048,1
NationalSecurityAgency/timely,server/src/main/java/timely/server/store/compaction/TieredCompactionStrategy.java,26,2,0,6,36,0,0,10,0,10,4,1.0,1.0,2
NationalSecurityAgency/timely,client/src/main/java/timely/api/VersionRequest.java,1,1,0,0,0,0,0,1,0,1,0,0.0,0.0,1
NationalSecurityAgency/timely,server/src/test/java/timely/server/integration/AuthenticationServiceIT.java,6,2,0,19,18,3,0,6,0,5,0,0.26666668,0.26666668,1
NationalSecurityAgency/timely,common/src/main/java/timely/netty/websocket/subscription/WSTimelyExceptionHandler.java,2,2,0,4,2,1,0,2,0,0,0,0.0,0.0,1
NationalSecurityAgency/timely,common/src/main/java/timely/common/configuration/SslHelper.java,77,7,0,8,85,36,0,39,9,17,6,1.0,1.0,11
NationalSecurityAgency/timely,server/src/main/java/timely/server/store/compaction/MetricCompactionStrategy.java,33,2,0,8,50,0,0,9,3,18,9,0.5,1.0,2
NationalSecurityAgency/timely,common/src/main/java/timely/api/request/timeseries/MetricsRequest.java,4,2,0,9,0,4,0,4,0,1,0,0.16666667,0.16666667,1
NationalSecurityAgency/timely,balancer/src/main/java/timely/balancer/Balancer.java,40,1,1,45,96,0,0,14,1,37,8,0.6785714,1.0,5
NationalSecurityAgency/timely,balancer/src/main/java/timely/balancer/MetricResolver.java,218,1,1,32,226,1,0,29,0,24,1,0.5272727,1.0,4
NationalSecurityAgency/timely,server/src/main/java/timely/server/util/MetaKeySet.java,9,4,0,5,14,1,0,3,0,3,3,0.0,0.0,2
NationalSecurityAgency/timely,common/src/main/java/timely/common/configuration/WebsocketProperties.java,18,1,1,7,3,133,0,18,0,9,0,0.073529415,0.073529415,1
NationalSecurityAgency/timely,common/src/main/java/timely/api/request/timeseries/QueryRequest.java,113,2,0,20,69,106,0,69,0,26,0,0.5272727,1.0,4
NationalSecurityAgency/timely,balancer/src/test/java/timely/balancer/test/TestTimelyAuthenticationManager.java,1,2,0,6,1,0,0,1,0,0,0,0.0,0.0,1
NationalSecurityAgency/timely,server/src/test/java/timely/server/integration/MemoryDataStoreIT.java,16,2,0,26,37,22,0,8,0,5,0,0.0,0.0,1
NationalSecurityAgency/timely,balancer/src/main/java/timely/balancer/connection/http/HttpClientFactory.java,6,1,0,7,3,13,0,6,0,2,0,0.06666667,0.06666667,1
NationalSecurityAgency/timely,server/src/main/java/timely/application/testingest/MetricPut.java,3,1,0,1,12,1,0,3,0,3,0,0.33333334,0.33333334,1
NationalSecurityAgency/timely,collectd/src/main/java/timely/collectd/plugin/CollectDPluginParent.java,96,1,4,7,77,41,0,11,0,21,17,0.19444445,0.41666666,1
NationalSecurityAgency/timely,server/src/test/java/timely/server/integration/OneWaySSLBase.java,6,3,7,10,19,8,0,5,0,2,0,0.1,0.1,1
NationalSecurityAgency/timely,balancer/src/test/java/timely/balancer/configuration/TestBalancerConfiguration.java,3,1,0,23,3,3,0,3,0,0,0,0.0,0.0,1
NationalSecurityAgency/timely,common/src/main/java/timely/api/request/HttpPostRequest.java,1,1,0,2,0,0,0,1,0,0,0,0.0,0.0,1
NationalSecurityAgency/timely,analytics/src/test/java/timely/analytics/flink/MetricHistogramTest.java,13,1,0,7,20,0,0,10,0,2,0,1.0,1.0,1
NationalSecurityAgency/timely,common/src/main/java/timely/auth/util/AuthorizationsUtil.java,9,1,0,4,21,15,0,6,6,0,0,0.0,0.0,1
NationalSecurityAgency/timely,server/src/test/java/timely/server/integration/AuthCacheIT.java,5,2,0,17,27,0,0,4,0,4,0,0.5,0.5,1
NationalSecurityAgency/timely,server/src/main/java/timely/application/testquery/TestQuery.java,1,1,0,5,3,0,0,1,1,0,0,0.0,0.0,1
NationalSecurityAgency/timely,server/src/main/java/timely/server/netty/http/timeseries/HttpAggregatorsRequestHandler.java,1,2,0,8,8,0,0,1,0,0,0,0.0,0.0,1
NationalSecurityAgency/timely,common/src/main/java/timely/api/request/auth/X509LoginRequest.java,3,1,0,5,0,1,0,3,0,1,0,0.33333334,0.33333334,1
NationalSecurityAgency/timely,common/src/main/java/timely/auth/util/DnUtils.java,42,1,0,4,47,78,0,15,14,7,7,0.0,0.0,2
NationalSecurityAgency/timely,server/src/main/java/timely/server/store/cache/DataStoreCache.java,150,1,1,42,219,73,0,35,0,18,1,0.35177866,0.9130435,1
NationalSecurityAgency/timely,server/src/test/java/timely/server/integration/FileUserDetailsServiceIT.java,4,2,0,15,14,4,0,4,0,3,0,0.16666667,0.16666667,1
NationalSecurityAgency/timely,client/src/main/java/timely/api/CreateSubscription.java,6,2,0,2,2,1,0,3,0,1,0,0.33333334,0.33333334,1
NationalSecurityAgency/timely,server/src/main/java/timely/server/netty/websocket/timeseries/WSSuggestRequestHandler.java,3,2,0,9,7,0,0,2,0,2,1,1.0,1.0,1
NationalSecurityAgency/timely,common/src/test/java/timely/util/ExclusionTest.java,3,1,0,2,16,3,0,3,0,0,0,0.0,0.0,1
NationalSecurityAgency/timely,common/src/main/java/timely/subscription/Subscription.java,4,1,0,1,0,6,0,4,0,0,0,0.0,0.0,1
NationalSecurityAgency/timely,server/src/main/java/timely/server/sample/Downsample.java,11,2,0,7,18,0,0,4,1,3,1,0.5,0.5,1
NationalSecurityAgency/timely,server/src/main/java/timely/server/TimelyServer.java,1,1,0,4,3,0,0,1,1,0,0,0.0,0.0,1
NationalSecurityAgency/timely,server/src/test/java/timely/server/test/TestWrappedGorillaCompressor.java,3,1,0,7,16,0,0,1,0,1,1,0.0,0.0,1
NationalSecurityAgency/timely,server/src/main/java/timely/server/store/compaction/util/TabletStatistic.java,8,1,0,4,6,8,0,8,0,5,0,0.35714287,1.0,1
NationalSecurityAgency/timely,server/src/main/java/timely/server/store/compaction/util/TabletMetadataView.java,22,1,0,12,49,20,0,8,0,3,1,0.14285715,0.14285715,1
NationalSecurityAgency/timely,server/src/main/java/timely/application/metrics/Metrics.java,1,1,0,5,3,0,0,1,1,0,0,0.0,0.0,1
NationalSecurityAgency/timely,server/src/main/java/timely/server/sample/Aggregator.java,10,1,0,6,0,3,0,3,1,1,0,0.0,0.0,1
NationalSecurityAgency/timely,common/src/main/java/timely/api/request/HttpGetRequest.java,3,1,0,4,0,3,0,3,0,0,0,0.0,0.0,1
NationalSecurityAgency/timely,client/src/main/java/timely/api/response/MetricResponse.java,19,1,0,8,15,16,0,16,1,6,0,0.43333334,1.0,1
NationalSecurityAgency/timely,common/src/test/java/timely/netty/udp/UdpDecoderTest.java,3,1,0,7,15,1,0,3,0,1,1,0.33333334,0.33333334,1
NationalSecurityAgency/timely,server/src/main/java/timely/server/auth/ConfigurableVisibilityFilter.java,10,2,0,11,12,13,0,7,0,3,2,0.1904762,0.2857143,1
NationalSecurityAgency/timely,server/src/main/java/timely/server/netty/websocket/timeseries/WSSearchLookupRequestHandler.java,3,2,0,9,7,0,0,2,0,2,1,1.0,1.0,1
NationalSecurityAgency/timely,server/src/test/java/timely/server/store/compaction/TabletSummaryTest.java,4,1,0,8,30,0,0,4,0,1,1,1.0,1.0,1
NationalSecurityAgency/timely,server/src/test/java/timely/server/integration/QueryBase.java,18,6,2,9,29,78,0,14,0,2,2,0.0,0.0,3
NationalSecurityAgency/timely,server/src/main/java/timely/application/testingest/TestIngestRunner.java,26,2,0,12,41,1,0,11,0,12,1,0.5,1.0,2
NationalSecurityAgency/timely,client/src/main/java/timely/client/websocket/TimelyEndpointConfig.java,10,1,0,6,9,21,0,8,0,3,1,0.0,0.0,2
NationalSecurityAgency/timely,server/src/test/java/timely/server/sample/iterators/IteratorTestBase.java,18,2,2,11,1,99,0,18,0,5,2,0.6666667,1.0,3
NationalSecurityAgency/timely,common/src/main/java/timely/api/request/websocket/RemoveSubscription.java,2,4,0,2,0,0,0,2,0,1,0,1.0,1.0,1
NationalSecurityAgency/timely,common/src/main/java/timely/util/JsonUtil.java,2,1,0,9,11,0,0,1,1,2,2,0.0,0.0,1
NationalSecurityAgency/timely,server/src/test/java/timely/server/sample/aggregators/AggregationIteratorTest.java,17,1,0,18,41,17,0,7,0,2,0,0.0,0.0,1
NationalSecurityAgency/timely,server/src/test/java/timely/server/store/compaction/MetricCompactionStrategyTest.java,16,1,0,7,29,103,0,15,3,1,1,0.0,0.0,1
NationalSecurityAgency/timely,server/src/main/java/timely/server/netty/http/timeseries/HttpSuggestRequestHandler.java,3,2,0,11,13,0,0,2,0,2,1,1.0,1.0,1
NationalSecurityAgency/timely,server/src/test/java/timely/server/store/compaction/TabletMetadataFormatterTest.java,1,1,0,8,9,0,0,1,0,0,0,0.0,0.0,1
NationalSecurityAgency/timely,server/src/main/java/timely/server/store/MetricAgeOffIterator.java,31,2,0,17,56,19,0,11,0,13,3,0.26666668,0.4,1
NationalSecurityAgency/timely,server/src/test/java/timely/server/integration/HttpApiIT.java,60,4,0,36,100,0,0,25,0,4,1,0.90909094,0.90909094,1
NationalSecurityAgency/timely,balancer/src/main/java/timely/balancer/netty/ws/WsClientHandler.java,12,3,0,15,28,0,0,5,0,4,1,0.7,1.0,1
NationalSecurityAgency/timely,balancer/src/main/java/timely/balancer/configuration/GenericKeyedObjectPoolConfiguration.java,16,2,0,2,11,67,0,14,0,4,0,0.13186814,0.3956044,1
NationalSecurityAgency/timely,balancer/src/main/java/timely/balancer/connection/TimelyBalancedHost.java,31,1,0,7,12,43,0,22,1,11,1,0.4,1.0,1
NationalSecurityAgency/timely,common/src/main/java/timely/netty/http/TimelyExceptionHandler.java,8,2,0,7,6,1,0,3,0,2,1,0.33333334,0.33333334,1
NationalSecurityAgency/timely,common/src/main/java/timely/auth/TimelyAuthenticationToken.java,22,2,0,10,21,0,0,8,0,7,4,0.6666667,1.0,1
NationalSecurityAgency/timely,server/src/test/java/timely/server/integration/HTTPStrictTransportSecurityIT.java,4,4,0,14,14,0,0,4,0,4,0,0.5,0.5,1
NationalSecurityAgency/timely,server/src/test/java/timely/server/store/compaction/TabletMetadataViewTest.java,3,1,0,10,27,3,0,3,0,0,0,0.0,0.0,1
NationalSecurityAgency/timely,common/src/main/java/timely/api/request/TcpRequest.java,1,1,0,1,0,0,0,1,0,0,0,0.0,0.0,1
NationalSecurityAgency/timely,server/src/test/java/timely/server/integration/HttpRequestDecoderIT.java,41,2,0,38,93,0,0,41,0,10,1,1.0,1.0,1
NationalSecurityAgency/timely,common/src/main/java/timely/common/configuration/ScanProperties.java,4,1,0,2,0,2,0,4,0,2,0,0.33333334,0.33333334,1
NationalSecurityAgency/timely,client/src/test/java/timely/model/parse/TagListParserTest.java,5,1,0,3,10,6,0,4,0,0,0,0.0,0.0,1
NationalSecurityAgency/timely,server/src/main/java/timely/server/netty/http/HttpVersionRequestHandler.java,1,2,0,6,7,0,0,1,0,0,0,0.0,0.0,1
NationalSecurityAgency/timely,common/src/main/java/timely/model/parse/MetricParser.java,1,1,0,4,16,0,0,1,0,1,1,0.0,0.0,1
NationalSecurityAgency/timely,server/src/main/java/timely/server/sample/iterators/DownsampleMemoryEstimator.java,19,1,0,2,9,4,0,9,0,9,0,0.4642857,1.0,1
NationalSecurityAgency/timely,server/src/test/java/timely/server/test/CaptureChannelHandlerContext.java,43,2,2,15,3,432,0,43,0,2,0,0.23658536,0.25609756,2
NationalSecurityAgency/timely,collectd/src/test/java/timely/collectd/plugin/PluginParentTest.java,24,2,0,13,29,4,0,23,0,4,2,1.0,1.0,2
NationalSecurityAgency/timely,common/src/main/java/timely/api/request/websocket/CloseSubscription.java,0,4,0,2,0,0,0,0,0,0,0,0.0,0.0,1
NationalSecurityAgency/timely,common/src/main/java/timely/netty/http/auth/X509LoginRequestHandler.java,4,3,0,13,15,1,0,2,0,1,1,0.0,0.0,1
NationalSecurityAgency/timely,server/src/main/java/timely/server/configuration/TimelyConfiguration.java,5,1,0,27,4,10,0,5,0,0,0,0.0,0.0,1
NationalSecurityAgency/timely,server/src/main/java/timely/server/sample/aggregators/Dev.java,3,1,0,1,1,1,0,2,0,0,0,0.0,0.0,1
NationalSecurityAgency/timely,common/src/main/java/timely/common/configuration/SslClientProperties.java,24,1,0,3,0,252,0,24,0,12,0,0.04347826,0.04347826,1
NationalSecurityAgency/timely,server/src/main/java/timely/server/store/compaction/util/TabletStatisticType.java,0,1,0,0,0,0,0,0,0,0,0,0.0,0.0,1
NationalSecurityAgency/timely,common/src/main/java/timely/accumulo/MetricAdapter.java,31,1,0,19,73,147,0,19,19,7,7,0.1,0.13333334,1
NationalSecurityAgency/timely,server/src/test/java/timely/server/test/TestConfiguration.java,2,1,0,1,2,1,0,2,2,1,1,0.0,0.0,1
NationalSecurityAgency/timely,balancer/src/main/java/timely/balancer/HealthChecker.java,9,1,1,7,15,0,0,4,0,6,1,0.5,1.0,1
NationalSecurityAgency/timely,server/src/main/java/timely/server/store/compaction/TieredCompactorSupplier.java,2,1,0,1,0,1,0,2,0,0,0,0.0,0.0,1
NationalSecurityAgency/timely,server/src/main/java/timely/server/configuration/LoadTestProperties.java,20,1,0,1,0,170,0,20,0,10,0,0.05263158,0.05263158,1
NationalSecurityAgency/timely,common/src/main/java/timely/common/configuration/AccumuloConfiguration.java,1,1,0,9,16,0,0,1,0,0,0,0.0,0.0,1
NationalSecurityAgency/timely,common/src/main/java/timely/common/configuration/ServerProperties.java,11,1,1,7,3,39,0,11,0,5,0,0.17777778,0.17777778,1
NationalSecurityAgency/timely,common/src/main/java/timely/common/configuration/AuthorizedUser.java,14,1,0,0,5,48,0,12,0,5,0,0.13636364,0.13636364,1
NationalSecurityAgency/timely,common/src/main/java/timely/model/parse/TagParser.java,3,1,0,5,9,1,0,2,0,2,2,0.0,0.0,1
NationalSecurityAgency/timely,server/src/test/java/timely/api/response/timeseries/SearchLookupResponseTest.java,2,1,0,6,18,1,0,2,0,0,0,0.0,0.0,1
NationalSecurityAgency/timely,common/src/main/java/timely/validator/NotEmptyIfFieldSetValidator.java,6,1,0,3,11,0,0,2,0,3,0,1.0,1.0,1
NationalSecurityAgency/timely,common/src/main/java/timely/common/configuration/SecurityProperties.java,20,1,0,7,0,172,0,20,0,11,0,0.047368422,0.047368422,1
NationalSecurityAgency/timely,test/src/main/java/timely/test/configuration/InMemoryAccumuloProperties.java,6,1,0,3,4,2,0,5,0,2,0,0.4,0.4,1
NationalSecurityAgency/timely,common/src/main/java/timely/api/request/CacheRequest.java,4,2,0,9,0,4,0,4,0,1,0,0.16666667,0.16666667,1
NationalSecurityAgency/timely,common/src/main/java/timely/model/Value.java,19,1,0,3,10,22,0,12,0,3,1,0.33333334,0.42424244,1
NationalSecurityAgency/timely,test/src/main/java/timely/test/configuration/TestZookeeperConfiguration.java,6,1,0,9,18,0,0,2,0,4,2,0.0,0.0,1
NationalSecurityAgency/timely,server/src/main/java/timely/server/store/compaction/TabletRowAdapter.java,17,1,0,8,28,4,0,4,4,5,5,0.33333334,0.33333334,1
NationalSecurityAgency/timely,collectd/src/main/java/timely/collectd/plugin/PluginLogger.java,1,1,0,1,0,0,0,1,0,0,0,0.0,0.0,1
NationalSecurityAgency/timely,server/src/main/java/timely/server/netty/websocket/subscription/WSAddSubscriptionRequestHandler.java,7,2,0,9,16,0,0,1,0,1,1,0.0,0.0,1
NationalSecurityAgency/timely,client/src/main/java/timely/api/RemoveSubscription.java,8,2,0,2,2,0,0,5,0,2,0,0.7,1.0,1
NationalSecurityAgency/timely,common/src/main/java/timely/netty/tcp/MetricsBufferDecoder.java,11,2,0,12,31,1,0,2,0,1,1,0.0,0.0,1
NationalSecurityAgency/timely,server/src/main/java/timely/server/netty/websocket/subscription/WSCloseSubscriptionRequestHandler.java,2,2,0,7,5,0,0,1,0,0,0,0.0,0.0,1
NationalSecurityAgency/timely,collectd/src/main/java/timely/collectd/plugin/PooledSocketFactory.java,31,1,0,4,19,13,0,7,0,5,1,0.13333334,0.2,1
NationalSecurityAgency/timely,balancer/src/main/java/timely/balancer/netty/udp/UdpRelayHandler.java,14,2,0,13,24,0,0,3,0,5,3,1.0,1.0,1
NationalSecurityAgency/timely,balancer/src/main/java/timely/balancer/netty/ws/WsClientHolder.java,7,1,0,5,4,0,0,4,0,3,1,0.8333333,1.0,1
NationalSecurityAgency/timely,server/src/main/java/timely/api/response/timeseries/AggregatorsResponse.java,7,3,0,13,13,0,0,5,0,2,1,0.5,0.5,3
NationalSecurityAgency/timely,server/src/main/java/timely/application/testquery/TimelyHttpsUtil.java,3,1,0,10,12,0,0,2,0,2,0,1.0,1.0,1
NationalSecurityAgency/timely,balancer/src/main/java/timely/balancer/TimelyBalancer.java,1,1,0,4,2,0,0,1,1,0,0,0.0,0.0,1
NationalSecurityAgency/timely,server/src/main/java/timely/server/store/compaction/util/MetadataAccumulator.java,27,1,0,3,16,44,0,18,0,10,0,0.21794872,0.71794873,2
NationalSecurityAgency/timely,common/src/test/java/timely/netty/tcp/TcpDecoderTest.java,4,1,0,8,17,4,0,4,0,1,1,0.16666667,0.16666667,1
NationalSecurityAgency/timely,client/src/main/java/timely/client/websocket/WebSocketClient.java,13,1,1,14,26,0,0,5,0,12,1,0.6,1.0,1
NationalSecurityAgency/timely,server/src/test/java/timely/server/test/TestDataStoreCache.java,3,2,0,8,1,3,0,3,0,1,1,0.0,0.0,1
NationalSecurityAgency/timely,balancer/src/main/java/timely/balancer/netty/http/HttpRelayHandler.java,35,4,0,33,76,6,0,8,1,5,1,0.33333334,0.33333334,2
NationalSecurityAgency/timely,server/src/main/java/timely/server/store/compaction/util/TabletSummary.java,23,1,0,7,52,5,0,14,2,5,0,0.71428573,0.71428573,2
NationalSecurityAgency/timely,server/src/test/java/timely/server/store/TagFilterTest.java,13,1,0,14,35,26,0,8,0,4,2,0.035714287,0.035714287,1
NationalSecurityAgency/timely,server/src/main/java/timely/server/store/cache/OrderedTags.java,22,1,0,2,27,1,0,7,0,2,1,0.6666667,0.6666667,1
NationalSecurityAgency/timely,server/src/test/java/timely/server/store/compaction/TabletRowAdapterTest.java,5,1,0,10,15,0,0,5,0,3,3,0.6,0.6,1
NationalSecurityAgency/timely,server/src/test/java/timely/server/test/TestGorillaStore.java,11,1,0,4,13,3,0,3,0,0,0,0.0,0.0,1
NationalSecurityAgency/timely,common/src/main/java/timely/api/response/StrictTransportResponse.java,0,1,0,0,0,0,0,0,0,0,0,0.0,0.0,1
NationalSecurityAgency/timely,common/src/main/java/timely/common/configuration/HttpProperties.java,13,1,1,10,3,64,0,13,0,7,0,0.10606061,0.10606061,1
NationalSecurityAgency/timely,common/src/main/java/timely/model/parse/TagListParser.java,10,1,0,5,27,19,0,7,0,1,1,0.33333334,0.33333334,1
NationalSecurityAgency/timely,server/src/main/java/timely/server/store/DataStore.java,185,2,1,62,308,32,0,37,0,35,5,1.0,1.0,4
NationalSecurityAgency/timely,collectd/src/main/java/timely/collectd/plugin/PooledCloseableHttpClientFactory.java,21,1,0,6,16,27,0,10,0,4,0,0.2,0.33333334,1
NationalSecurityAgency/timely,common/src/main/java/timely/auth/TimelyAuthenticationManager.java,1,2,0,2,0,0,0,1,0,0,0,0.0,0.0,1
NationalSecurityAgency/timely,client/src/main/java/timely/client/websocket/ClientHandler.java,4,2,1,6,5,0,0,4,0,1,1,0.5,0.5,1
NationalSecurityAgency/timely,common/src/main/java/timely/netty/udp/UdpPacketToByteBuf.java,1,2,0,4,3,0,0,1,0,0,0,0.0,0.0,1
NationalSecurityAgency/timely,server/src/main/java/timely/server/subscription/SubscriptionImpl.java,10,1,0,11,27,1,0,6,0,14,2,0.6,0.6,1
NationalSecurityAgency/timely,common/src/main/java/timely/auth/TimelyPrincipal.java,42,1,0,11,45,248,0,29,4,5,1,0.19458129,0.25862068,1
NationalSecurityAgency/timely,server/src/main/java/timely/server/netty/websocket/timeseries/WSMetricsRequestHandler.java,2,2,0,6,2,0,0,2,0,2,0,1.0,1.0,1
NationalSecurityAgency/timely,test/src/main/java/timely/test/configuration/MiniAccumuloConfiguration.java,11,1,0,17,31,1,0,2,0,1,1,0.0,0.0,1
NationalSecurityAgency/timely,server/src/main/java/timely/server/store/cache/WrappedGorillaDecompressorIterator.java,7,1,0,2,3,0,0,5,0,4,0,0.7,1.0,1
NationalSecurityAgency/timely,server/src/test/java/timely/server/integration/ITBase.java,27,1,12,19,49,9,0,10,1,8,0,0.4,0.62222224,1
NationalSecurityAgency/timely,server/src/test/java/timely/server/integration/DataStoreIT.java,9,4,0,24,33,0,0,9,0,7,3,0.6388889,0.7777778,1
NationalSecurityAgency/timely,common/src/main/java/timely/netty/udp/UdpDecoder.java,9,2,0,7,16,0,0,1,0,1,1,0.0,0.0,1
NationalSecurityAgency/timely,server/src/main/java/timely/server/subscription/MetricScanner.java,39,2,0,24,55,0,0,6,0,25,2,1.0,1.0,1
NationalSecurityAgency/timely,server/src/main/java/timely/server/netty/http/timeseries/HttpSearchLookupRequestHandler.java,3,2,0,11,13,0,0,2,0,2,1,1.0,1.0,1
NationalSecurityAgency/timely,server/src/main/java/timely/server/store/MetaAgeOffIterator.java,13,2,0,13,26,9,0,7,0,8,3,0.26666668,0.4,1
NationalSecurityAgency/timely,balancer/src/main/java/timely/balancer/healthcheck/ServerHealthCheck.java,1,1,0,1,0,0,0,1,0,0,0,0.0,0.0,1
NationalSecurityAgency/timely,client/src/main/java/timely/api/AddSubscription.java,16,2,0,2,5,24,0,13,0,6,0,0.34615386,1.0,1
NationalSecurityAgency/timely,common/src/main/java/timely/api/request/AuthenticatedRequest.java,12,1,7,8,12,6,0,9,0,3,0,0.41666666,1.0,1
NationalSecurityAgency/timely,server/src/main/java/timely/server/netty/http/StrictTransportHandler.java,2,2,0,5,3,0,0,2,0,2,1,1.0,1.0,1
NationalSecurityAgency/timely,server/src/test/java/timely/server/store/ageoff/MetaAgeOffIteratorTest.java,13,1,0,11,16,0,0,7,0,3,3,0.71428573,0.71428573,1
NationalSecurityAgency/timely,server/src/test/java/timely/server/integration/WebSocketRequestDecoderIT.java,17,2,0,38,46,0,0,17,0,11,1,1.0,1.0,2
NationalSecurityAgency/timely,common/src/main/java/timely/auth/SubjectIssuerDNPair.java,18,1,0,5,6,0,0,9,3,3,1,0.7222222,0.7777778,1
NationalSecurityAgency/timely,server/src/main/java/timely/server/sample/DownsampleFactory.java,3,1,0,2,3,0,0,2,0,4,0,1.0,1.0,1
NationalSecurityAgency/timely,balancer/src/main/java/timely/balancer/connection/ws/WsClientPool.java,1,2,0,6,2,0,0,1,0,0,0,0.0,0.0,1
NationalSecurityAgency/timely,server/src/main/java/timely/server/store/cache/WrappedGorillaDecompressor.java,4,1,0,2,1,0,0,2,0,3,0,1.0,1.0,1
NationalSecurityAgency/timely,common/src/main/generated-java/timely/api/flatbuffer/Metric.java,34,3,0,7,38,276,0,27,12,0,0,0.0,0.0,2
NationalSecurityAgency/timely,server/src/main/java/timely/server/sample/iterators/RateIterator.java,16,3,0,8,20,0,0,3,1,8,4,1.0,1.0,1
NationalSecurityAgency/timely,server/src/main/java/timely/server/store/cache/GorillaStore.java,52,1,0,13,46,0,0,16,0,10,1,0.4857143,0.8666667,1
NationalSecurityAgency/timely,client/src/test/java/timely/model/parse/MetricParserTest.java,3,1,0,5,9,1,0,2,0,0,0,0.0,0.0,1
NationalSecurityAgency/timely,server/src/main/java/timely/api/response/timeseries/SearchLookupResponse.java,32,1,0,5,8,56,0,26,0,11,0,0.5555556,1.0,2
NationalSecurityAgency/timely,balancer/src/main/java/timely/balancer/configuration/BalancerProperties.java,16,1,0,3,0,104,0,16,0,8,0,0.06666667,0.06666667,1
NationalSecurityAgency/timely,common/src/main/java/timely/model/Meta.java,29,1,0,6,16,6,0,16,4,6,3,0.45,0.55,1
NationalSecurityAgency/timely,balancer/src/test/java/timely/balancer/integration/MetricResolverIT.java,11,1,0,22,39,1,0,6,0,7,1,1.0,1.0,2
NationalSecurityAgency/timely,common/src/main/java/timely/Constants.java,0,1,0,0,0,0,0,0,0,3,3,0.0,0.0,1
NationalSecurityAgency/timely,server/src/test/java/timely/server/integration/UdpClientIT.java,17,2,0,28,52,2,0,8,0,3,1,0.4642857,0.53571427,1
NationalSecurityAgency/timely,server/src/main/java/timely/server/store/MetricAgeOffFilter.java,20,2,0,11,26,0,0,5,0,10,3,0.6,1.0,1
NationalSecurityAgency/timely,common/src/main/java/timely/common/configuration/SslServerConfig.java,3,1,0,11,13,1,0,2,0,1,1,0.0,0.0,1
NationalSecurityAgency/timely,server/src/test/java/timely/server/sample/iterators/DownsampleTest.java,20,1,0,5,12,6,0,4,0,0,0,0.0,0.0,1
NationalSecurityAgency/timely,analytics/src/main/java/timely/analytics/flink/MetricKeySelector.java,1,1,0,2,3,0,0,1,0,1,1,0.0,0.0,1
NationalSecurityAgency/timely,server/src/main/java/timely/server/store/InternalMetrics.java,11,1,0,6,11,20,0,9,0,23,12,0.22222222,1.0,1
NationalSecurityAgency/timely,common/src/main/java/timely/model/Tag.java,18,1,0,9,16,39,0,15,0,4,2,0.31428573,0.35238096,1
NationalSecurityAgency/timely,common/src/main/java/timely/api/annotation/AnnotationResolver.java,36,1,0,13,24,0,0,8,7,10,10,0.42857143,0.75,1
NationalSecurityAgency/timely,common/src/main/java/timely/common/configuration/SslProperties.java,20,1,0,0,0,190,0,20,0,0,0,0.0,0.0,1
NationalSecurityAgency/timely,server/src/test/java/timely/server/integration/DataStoreTagIteratorIT.java,8,4,0,20,24,1,0,3,0,7,3,0.33333334,0.33333334,1
NationalSecurityAgency/timely,server/src/main/java/timely/server/sample/Aggregation.java,25,1,1,7,41,2,0,17,1,8,2,1.0,1.0,3
NationalSecurityAgency/timely,balancer/src/test/java/timely/balancer/configuration/TestZookeeperConfiguration.java,6,1,0,9,18,0,0,2,0,4,2,0.0,0.0,1
NationalSecurityAgency/timely,common/src/main/java/timely/common/configuration/SslJwtConfig.java,0,1,0,3,0,0,0,0,0,0,0,0.0,0.0,1
NationalSecurityAgency/timely,client/src/main/java/timely/client/websocket/subscription/WebSocketSubscriptionClient.java,9,2,0,12,23,0,0,7,0,2,1,0.71428573,0.71428573,1
NationalSecurityAgency/timely,server/src/main/java/timely/server/netty/http/timeseries/HttpMetricsRequestHandler.java,2,2,0,8,4,0,0,2,0,2,0,1.0,1.0,1
NationalSecurityAgency/timely,server/src/main/java/timely/server/sample/iterators/TimeSeriesGroupingIterator.java,32,8,1,15,45,0,0,16,0,13,4,1.0,1.0,3
NationalSecurityAgency/timely,common/src/main/java/timely/netty/websocket/WebSocketFullRequestHandler.java,6,2,0,8,11,1,0,3,0,2,1,0.33333334,0.33333334,1
NationalSecurityAgency/timely,server/src/test/java/timely/server/test/TestDataStore.java,8,2,0,18,21,0,0,6,0,3,1,0.7,1.0,2
NationalSecurityAgency/timely,client/src/main/java/timely/client/udp/UdpClient.java,8,1,0,2,7,2,0,5,0,6,1,0.4,0.6,1
NationalSecurityAgency/timely,common/src/test/java/timely/netty/tcp/MetricsBufferDecoderTest.java,4,1,0,13,27,1,0,3,0,1,1,1.0,1.0,1
NationalSecurityAgency/timely,server/src/test/java/timely/server/integration/TwoWaySSLFailureIT.java,7,4,0,28,41,6,0,5,0,7,1,0.2,0.3,1
NationalSecurityAgency/timely,client/src/test/java/timely/model/MetricTest.java,2,1,0,5,13,1,0,2,0,0,0,0.0,0.0,1
NationalSecurityAgency/timely,server/src/main/java/timely/server/store/compaction/util/TabletMetadataQuery.java,4,1,0,6,11,0,0,2,0,3,0,1.0,1.0,1
NationalSecurityAgency/timely,server/src/main/java/timely/server/store/MetaCache.java,19,1,0,10,47,0,0,9,0,7,2,0.60714287,1.0,1
NationalSecurityAgency/timely,server/src/main/java/timely/server/store/cache/TaggedMetric.java,13,1,0,8,14,0,0,8,1,4,2,0.9047619,1.0,1
NationalSecurityAgency/timely,common/src/main/java/timely/api/request/websocket/CreateSubscription.java,0,4,0,2,0,0,0,0,0,0,0,0.0,0.0,1
NationalSecurityAgency/timely,server/src/test/java/timely/server/test/TestCaptureRequestHandler.java,6,2,0,6,8,0,0,5,0,4,1,0.6,1.0,1
NationalSecurityAgency/timely,common/src/test/java/timely/accumulo/MetricAdapterTest.java,5,1,0,14,33,10,0,5,0,0,0,0.0,0.0,1
NationalSecurityAgency/timely,server/src/main/java/timely/api/response/timeseries/MetricsResponse.java,26,1,0,16,47,20,0,8,0,23,21,0.26666668,0.26666668,1
NationalSecurityAgency/timely,server/src/main/java/timely/server/netty/websocket/WSVersionRequestHandler.java,1,2,0,4,1,0,0,1,0,0,0,0.0,0.0,1
NationalSecurityAgency/timely,server/src/main/java/timely/application/testquery/TestQueryRunner.java,16,1,0,12,41,4,0,5,0,11,1,0.33333334,0.5,1
NationalSecurityAgency/timely,server/src/main/java/timely/server/netty/websocket/timeseries/WSQueryRequestHandler.java,4,2,0,9,9,0,0,2,0,2,1,1.0,1.0,1
NationalSecurityAgency/timely,server/src/main/java/timely/application/metrics/MetricsRunner.java,3,1,0,12,16,0,0,1,0,4,1,0.0,0.0,1
NationalSecurityAgency/timely,server/src/test/java/timely/server/integration/TimelyTcpIT.java,18,2,0,31,64,0,0,10,0,3,1,0.6666667,0.7777778,1
NationalSecurityAgency/timely,server/src/test/java/timely/model/MetaTest.java,1,1,0,3,3,0,0,1,0,0,0,0.0,0.0,1
NationalSecurityAgency/timely,server/src/main/java/timely/server/auth/util/ScannerHelper.java,12,1,0,13,20,6,0,4,4,1,1,0.0,0.0,1
NationalSecurityAgency/timely,balancer/src/main/java/timely/balancer/connection/udp/UdpClientFactory.java,9,1,0,5,6,15,0,6,0,0,0,0.0,0.0,1
NationalSecurityAgency/timely,common/src/main/java/timely/common/configuration/CuratorConfiguration.java,1,1,0,9,7,0,0,1,0,0,0,0.0,0.0,1
NationalSecurityAgency/timely,common/src/main/java/timely/common/configuration/RestClientProperties.java,4,1,0,4,0,2,0,4,0,2,0,0.33333334,0.33333334,1
NationalSecurityAgency/timely,balancer/src/main/java/timely/balancer/connection/http/HttpClientPool.java,1,2,0,4,2,0,0,1,0,0,0,0.0,0.0,1
NationalSecurityAgency/timely,common/src/main/java/timely/common/configuration/SslClientConfig.java,2,1,0,10,11,0,0,2,0,1,1,1.0,1.0,1
NationalSecurityAgency/timely,common/src/main/java/timely/common/configuration/CacheProperties.java,13,1,0,2,1,62,0,13,0,7,1,0.102564104,0.102564104,1
NationalSecurityAgency/timely,test/src/main/java/timely/test/configuration/MiniAccumuloProperties.java,6,1,0,3,4,2,0,5,0,2,0,0.4,0.4,1
NationalSecurityAgency/timely,server/src/main/java/timely/server/auth/ScannerBaseDelegate.java,43,2,0,11,33,1,0,33,0,3,1,0.8752688,0.8752688,2
NationalSecurityAgency/timely,server/src/main/java/timely/server/netty/websocket/subscription/WSCreateSubscriptionRequestHandler.java,3,2,0,14,14,0,0,2,0,4,1,1.0,1.0,1
NationalSecurityAgency/timely,collectd/src/main/java/timely/collectd/plugin/MetricData.java,26,1,0,3,25,39,0,18,1,11,4,0.37254903,1.0,1
NationalSecurityAgency/timely,client/src/main/java/timely/api/CloseSubscription.java,6,2,0,2,2,1,0,3,0,1,0,0.33333334,0.33333334,1
NationalSecurityAgency/timely,client/src/main/java/timely/client/http/HttpClient.java,9,1,0,8,20,6,0,4,4,0,0,0.0,0.0,1
NationalSecurityAgency/timely,server/src/test/java/timely/server/integration/TimelyUdpIT.java,22,2,0,34,79,7,0,10,0,3,1,0.5277778,0.5833333,1
NationalSecurityAgency/timely,server/src/main/java/timely/server/sample/aggregators/Avg.java,2,1,0,1,0,1,0,2,0,0,0,0.0,0.0,1
NationalSecurityAgency/timely,common/src/main/java/timely/model/parse/Parser.java,1,1,0,1,0,0,0,1,0,0,0,0.0,0.0,1
NationalSecurityAgency/timely,common/src/main/java/timely/api/request/websocket/WebSocketRequest.java,0,1,0,2,0,0,0,0,0,0,0,0.0,0.0,1
NationalSecurityAgency/timely,common/src/main/java/timely/api/request/HttpRequest.java,16,1,0,4,5,36,0,9,0,0,0,0.0,0.0,1
NationalSecurityAgency/timely,server/src/test/java/timely/server/integration/TwoWaySSLBase.java,6,3,3,10,28,10,0,5,0,1,0,0.0,0.0,1
NationalSecurityAgency/timely,common/src/main/java/timely/api/request/Request.java,1,1,0,0,0,0,0,1,0,0,0,0.0,0.0,1
NationalSecurityAgency/timely,server/src/main/java/timely/application/testquery/MetricQuery.java,12,1,0,4,15,0,0,11,0,2,0,0.6727273,1.0,1
NationalSecurityAgency/timely,server/src/main/java/timely/api/response/timeseries/QueryResponse.java,12,1,0,2,5,24,0,12,0,4,0,0.3181818,1.0,1
NationalSecurityAgency/timely,balancer/src/test/java/timely/balancer/test/TestHealthChecker.java,2,2,0,4,0,1,0,2,0,0,0,0.0,0.0,1
NationalSecurityAgency/timely,balancer/src/main/java/timely/balancer/connection/tcp/TcpClientPool.java,1,2,0,4,3,0,0,1,0,0,0,0.0,0.0,1
NationalSecurityAgency/timely,server/src/test/java/timely/api/response/timeseries/QueryResponseTest.java,2,1,0,3,8,1,0,2,0,0,0,0.0,0.0,1
NationalSecurityAgency/timely,server/src/test/java/timely/server/store/MutationsTest.java,3,1,0,6,14,0,0,1,0,1,0,0.0,0.0,1
NationalSecurityAgency/timely,analytics/src/main/java/timely/analytics/flink/SummarizationJobParameters.java,28,2,0,5,19,187,0,26,0,22,1,0.21230769,0.9230769,1
NationalSecurityAgency/timely,collectd/src/main/java/timely/collectd/plugin/WriteTimelyPlugin.java,23,2,0,13,35,15,0,7,0,2,1,0.14285715,0.14285715,1
NationalSecurityAgency/timely,common/src/main/java/timely/api/request/websocket/AddSubscription.java,10,4,0,2,3,35,0,10,0,5,0,0.11111111,0.11111111,1
NationalSecurityAgency/timely,server/src/test/java/timely/api/request/WebSocketRequestDeserializationTest.java,7,1,0,8,20,21,0,7,0,0,0,0.0,0.0,1
NationalSecurityAgency/timely,server/src/test/java/timely/server/sample/iterators/TimeSeriesGroupingIteratorTest.java,31,2,0,17,36,23,0,11,0,3,2,0.41666666,0.41666666,1
NationalSecurityAgency/timely,balancer/src/main/java/timely/balancer/netty/tcp/TcpRelayHandler.java,16,2,0,13,23,0,0,3,0,5,3,1.0,1.0,1
NationalSecurityAgency/timely,server/src/test/java/timely/server/integration/TcpClientIT.java,17,4,0,28,40,0,0,8,0,5,1,0.60714287,0.75,1
NationalSecurityAgency/timely,server/src/main/java/timely/server/netty/tcp/TcpPutHandler.java,5,2,0,7,12,0,0,2,0,4,3,1.0,1.0,1
NationalSecurityAgency/timely,server/src/main/java/timely/server/store/cache/WrappedGorillaCompressor.java,15,1,0,4,9,0,0,10,0,8,1,0.5,1.0,1
NationalSecurityAgency/timely,client/src/main/java/timely/api/response/MetricResponses.java,5,1,0,1,3,0,0,5,0,1,0,1.0,1.0,1
NationalSecurityAgency/timely,common/src/main/java/timely/test/IntegrationTest.java,0,1,0,0,0,0,0,0,0,0,0,0.0,0.0,1
NationalSecurityAgency/timely,common/src/main/java/timely/netty/websocket/WebSocketRequestDecoder.java,23,2,0,27,45,2,0,5,1,5,3,0.4,0.6,1
NationalSecurityAgency/timely,server/src/test/java/timely/server/test/TestTabletMetadata.java,7,1,0,5,8,15,0,7,0,2,0,0.1,0.1,1
NationalSecurityAgency/timely,common/src/main/java/timely/subscription/SubscriptionRegistry.java,2,3,0,2,0,1,0,2,1,2,2,0.0,0.0,1
NationalSecurityAgency/timely,server/src/test/java/timely/server/sample/iterators/DownsampleIteratorTest.java,39,1,0,21,59,58,0,14,0,3,0,1.0,1.0,2
NationalSecurityAgency/timely,server/src/test/java/timely/server/test/CompactionRequestBuilder.java,13,1,0,19,19,8,0,9,0,8,3,0.3888889,0.7777778,1
NationalSecurityAgency/timely,client/src/main/java/timely/api/SubscriptionRequest.java,2,1,4,0,0,0,0,2,0,1,0,1.0,1.0,1
NationalSecurityAgency/timely,server/src/test/java/timely/server/integration/StaticFileServerIT.java,5,4,0,16,5,0,0,5,0,3,0,0.6,0.6,1
NationalSecurityAgency/timely,common/src/main/java/timely/netty/http/auth/TimelyLoginRequestHandler.java,4,2,0,15,24,1,0,3,0,4,1,0.33333334,0.33333334,1
NationalSecurityAgency/timely,analytics/src/main/java/timely/analytics/flink/SummarizationJob.java,9,1,0,10,45,0,0,5,1,8,3,0.6666667,1.0,3
NationalSecurityAgency/timely,common/src/main/java/timely/util/TimelyMetricsFormatter.java,3,2,0,8,23,1,0,2,1,2,2,0.0,0.0,1
NationalSecurityAgency/timely,common/src/main/java/timely/accumulo/MetaAdapter.java,8,1,0,3,6,10,0,5,5,0,0,0.0,0.0,1
NationalSecurityAgency/timely,server/src/main/java/timely/server/sample/aggregators/Min.java,3,1,0,1,1,1,0,2,0,0,0,0.0,0.0,1
NationalSecurityAgency/timely,common/src/main/java/timely/common/configuration/MetaCacheProperties.java,6,1,0,2,0,9,0,6,0,3,0,0.2,0.2,1
NationalSecurityAgency/timely,server/src/test/java/timely/api/response/timeseries/AggregatorsResponseTest.java,2,1,0,3,4,1,0,2,0,0,0,0.0,0.0,1
NationalSecurityAgency/timely,common/src/main/java/timely/auth/RemoteAuthenticationProvider.java,9,1,0,14,37,8,0,5,0,4,3,0.16666667,0.16666667,1
NationalSecurityAgency/timely,common/src/main/java/timely/util/Exclusions.java,27,1,0,7,48,41,0,12,0,4,2,0.12727273,0.16363636,2
NationalSecurityAgency/timely,test/src/main/java/timely/test/configuration/TestWatcherConfiguration.java,1,1,0,7,0,0,0,1,0,0,0,0.0,0.0,1
NationalSecurityAgency/timely,test/src/main/java/timely/test/configuration/TestCuratorConfiguration.java,2,1,0,11,8,1,0,2,0,1,1,0.0,0.0,1
NationalSecurityAgency/timely,collectd/src/main/java/timely/collectd/plugin/SMARTCodeMapping.java,16,3,0,0,15,0,0,15,0,2,2,0.7583333,0.7583333,1
NationalSecurityAgency/timely,common/src/main/java/timely/auth/TimelyUser.java,30,1,0,10,22,55,0,19,0,15,2,0.33918127,0.8947368,2
NationalSecurityAgency/timely,common/src/main/java/timely/netty/websocket/subscription/SubscriptionConstants.java,0,1,0,1,1,0,0,0,0,2,2,0.0,0.0,1
NationalSecurityAgency/timely,common/src/main/java/timely/auth/util/HttpHeaderUtils.java,7,1,0,2,12,1,0,2,2,0,0,0.0,0.0,1
NationalSecurityAgency/timely,server/src/test/java/timely/server/store/ageoff/MetricAgeOffIteratorTest.java,12,1,0,9,15,0,0,6,0,3,3,0.6666667,0.6666667,1
NationalSecurityAgency/timely,server/src/test/java/timely/model/MetaKeySetTest.java,2,1,0,5,11,1,0,2,0,0,0,0.0,0.0,1
NationalSecurityAgency/timely,server/src/main/java/timely/server/netty/websocket/WSMetricPutHandler.java,2,2,0,4,2,0,0,2,0,1,0,1.0,1.0,1
NationalSecurityAgency/timely,test/src/main/java/timely/test/TimelyTestRule.java,8,2,0,7,13,0,0,5,0,3,1,0.6666667,1.0,1
NationalSecurityAgency/timely,balancer/src/main/java/timely/balancer/configuration/BalancerHttpProperties.java,9,2,0,7,0,28,0,9,0,5,0,0.11111111,0.11111111,1
NationalSecurityAgency/timely,server/src/main/java/timely/server/configuration/TabletMetadataProperties.java,5,1,0,3,5,2,0,4,0,3,1,0.33333334,0.33333334,1
NationalSecurityAgency/timely,common/src/main/java/timely/auth/util/ProxiedEntityUtils.java,40,1,0,5,53,36,0,9,9,1,1,0.0,0.0,1
NationalSecurityAgency/timely,common/src/main/java/timely/api/request/timeseries/SearchLookupRequest.java,22,2,0,16,22,19,0,14,0,4,0,0.32967034,0.50549453,1
NationalSecurityAgency/timely,common/src/main/java/timely/api/response/TimelyExceptionResponse.java,1,1,0,1,3,0,0,1,0,4,1,0.0,0.0,1
NationalSecurityAgency/timely,balancer/src/main/java/timely/balancer/configuration/BalancerServerProperties.java,4,2,0,8,0,4,0,4,0,3,0,0.16666667,0.16666667,1
NationalSecurityAgency/timely,common/src/main/java/timely/util/TestUtils.java,8,1,0,7,15,0,0,2,2,1,1,1.0,1.0,1
NationalSecurityAgency/timely,server/src/main/java/timely/server/sample/aggregators/Sum.java,2,1,0,1,0,1,0,2,0,0,0,0.0,0.0,1
NationalSecurityAgency/timely,server/src/main/java/timely/application/tablet/TabletRunner.java,2,1,0,13,8,0,0,1,0,5,1,0.0,0.0,1
NationalSecurityAgency/timely,common/src/main/java/timely/netty/http/TimelyHttpHandler.java,5,1,0,10,23,0,0,2,0,1,0,1.0,1.0,1
NationalSecurityAgency/timely,test/src/main/java/timely/test/configuration/InMemoryAccumuloConfiguration.java,2,1,0,11,0,1,0,2,0,1,1,0.0,0.0,1
NationalSecurityAgency/timely,common/src/main/java/timely/netty/tcp/TcpVersionHandler.java,1,2,0,4,6,0,0,1,0,0,0,0.0,0.0,1
NationalSecurityAgency/timely,server/src/main/java/timely/server/store/compaction/util/TabletMetadataFormatter.java,4,2,0,4,2,0,0,4,0,1,0,0.5,0.5,1
NationalSecurityAgency/timely,common/src/main/java/timely/model/parse/Combiner.java,1,1,0,1,0,0,0,1,0,0,0,0.0,0.0,1
NationalSecurityAgency/timely,server/src/test/java/timely/server/integration/DataStoreCacheIteratorIT.java,27,2,0,29,43,19,0,7,0,5,0,0.0,0.0,1
NationalSecurityAgency/timely,server/src/main/java/timely/server/netty/websocket/subscription/WSRemoveSubscriptionRequestHandler.java,2,2,0,6,5,0,0,1,0,0,0,0.0,0.0,1
NationalSecurityAgency/timely,common/src/main/java/timely/common/configuration/TimelyCommonConfiguration.java,3,1,0,19,5,0,0,1,0,0,0,0.0,0.0,1
NationalSecurityAgency/timely,balancer/src/test/java/timely/balancer/test/TestBalancer.java,1,2,0,15,2,0,0,1,0,1,1,0.0,0.0,1
NationalSecurityAgency/timely,common/src/main/java/timely/netty/http/HttpStaticFileServerHandler.java,42,2,0,15,62,13,0,11,8,7,6,0.6666667,1.0,1
NationalSecurityAgency/timely,server/src/test/java/timely/server/store/ageoff/MetricAgeOffFilterTest.java,4,1,0,5,8,0,0,4,0,2,2,0.5,0.5,1
NationalSecurityAgency/timely,client/src/main/java/timely/client/tcp/TcpClient.java,42,1,0,2,19,16,0,13,0,13,1,0.29090908,0.6545454,1
NationalSecurityAgency/timely,balancer/src/main/java/timely/balancer/ArrivalRate.java,18,1,0,2,13,6,0,9,0,9,0,0.0,0.0,1
NationalSecurityAgency/timely,common/src/main/java/timely/common/component/AuthenticationService.java,79,1,0,20,101,41,0,24,0,13,3,0.3030303,0.54545456,2
NationalSecurityAgency/timely,common/src/main/java/timely/common/configuration/ZookeeperProperties.java,4,1,0,2,0,2,0,4,0,2,0,0.33333334,0.33333334,1
NationalSecurityAgency/timely,server/src/main/java/timely/server/store/cache/DataStoreCacheIterator.java,31,1,0,18,38,15,0,10,0,11,1,0.42857143,0.53571427,1
NationalSecurityAgency/timely,server/src/main/java/timely/server/Timely.java,6,1,0,5,6,0,0,1,1,0,0,0.0,0.0,1
NationalSecurityAgency/timely,balancer/src/test/java/timely/balancer/test/TestMetricResolver.java,4,2,0,11,9,3,0,3,0,1,1,0.0,0.0,1
NationalSecurityAgency/timely,balancer/src/main/java/timely/balancer/healthcheck/TCPServerHealthCheck.java,4,1,0,4,3,0,0,2,0,1,0,1.0,1.0,1
NationalSecurityAgency/timely,client/src/main/java/timely/serialize/JsonSerializer.java,2,1,0,2,2,0,0,1,1,1,1,0.0,0.0,1
NationalSecurityAgency/timely,common/src/main/java/timely/api/request/UdpRequest.java,1,1,0,0,0,0,0,1,0,0,0,0.0,0.0,1
NationalSecurityAgency/timely,common/src/main/java/timely/ServerDetails.java,12,1,0,1,2,36,0,12,0,5,0,0.22727273,0.8333333,1
NationalSecurityAgency/timely,server/src/main/java/timely/server/store/TagFilter.java,20,2,0,13,45,1,0,7,2,10,6,0.3,0.4,1
NationalSecurityAgency/timely,server/src/main/java/timely/server/sample/Sample.java,6,1,0,1,2,0,0,6,0,2,0,0.6,0.6666667,1
NationalSecurityAgency/timely,server/src/main/java/timely/application/tablet/Tablet.java,1,1,0,5,3,0,0,1,1,0,0,0.0,0.0,1
NationalSecurityAgency/timely,server/src/main/java/timely/server/sample/iterators/AggregationIterator.java,17,2,0,12,26,5,0,7,2,5,2,0.3809524,0.71428573,1
NationalSecurityAgency/timely,balancer/src/main/java/timely/balancer/connection/udp/UdpClientPool.java,1,2,0,4,2,0,0,1,0,0,0,0.0,0.0,1
NationalSecurityAgency/timely,client/src/test/java/timely/api/SerializationTest.java,5,1,0,10,12,10,0,5,0,1,0,0.0,0.0,1
NationalSecurityAgency/timely,server/src/test/java/timely/api/response/timeseries/SuggestResponseTest.java,2,1,0,3,4,1,0,2,0,0,0,0.0,0.0,1
NationalSecurityAgency/timely,server/src/main/java/timely/server/store/cache/VisibilityFilter.java,4,1,0,6,5,0,0,2,0,3,1,1.0,1.0,1
NationalSecurityAgency/timely,collectd/src/main/java/timely/collectd/plugin/WritesMetrics.java,1,1,0,1,0,0,0,1,0,0,0,0.0,0.0,1
NationalSecurityAgency/timely,analytics/src/main/java/timely/analytics/flink/SortedStringAccumulator.java,7,1,0,3,11,0,0,5,0,2,1,1.0,1.0,1
NationalSecurityAgency/timely,server/src/main/java/timely/server/Server.java,61,1,1,92,127,10,0,22,1,37,6,0.45714286,0.74285716,6
NationalSecurityAgency/timely,server/src/test/java/timely/server/test/TestMetricWriter.java,6,1,0,7,11,1,0,3,0,4,1,0.0,0.0,1
NationalSecurityAgency/timely,server/src/main/java/timely/server/netty/http/timeseries/HttpQueryRequestHandler.java,4,2,0,11,15,0,0,2,0,2,1,1.0,1.0,1
NationalSecurityAgency/timely,common/src/main/java/timely/api/request/MetricRequest.java,18,1,0,17,11,6,0,12,0,5,2,0.45454547,0.56060606,1
NationalSecurityAgency/timely,common/src/main/java/timely/api/request/WebSocketRequest.java,0,1,0,2,0,0,0,0,0,0,0,0.0,0.0,1
NationalSecurityAgency/timely,server/src/test/java/timely/server/integration/OneWaySSLAnonAccessIT.java,3,4,0,19,22,1,0,3,0,4,1,0.33333334,0.33333334,1
NationalSecurityAgency/timely,balancer/src/main/java/timely/balancer/configuration/BalancerWebsocketProperties.java,3,2,0,7,0,0,0,3,0,2,0,0.33333334,0.33333334,1
NationalSecurityAgency/timely,common/src/main/java/timely/common/configuration/CorsProperties.java,12,1,0,2,1,54,0,12,0,6,0,0.09090909,0.09090909,1
NationalSecurityAgency/timely,common/src/main/java/timely/common/configuration/SslJwtProperties.java,6,1,0,1,0,9,0,6,0,3,0,0.2,0.2,1
NationalSecurityAgency/timely,server/src/main/java/timely/server/netty/http/HttpCacheRequestHandler.java,3,2,0,12,14,0,0,2,0,2,1,1.0,1.0,1
NationalSecurityAgency/timely,balancer/src/main/java/timely/balancer/connection/tcp/TcpClientFactory.java,9,1,0,5,6,13,0,6,0,1,0,0.06666667,0.06666667,1
NationalSecurityAgency/timely,common/src/main/java/timely/auth/FileUserDetailsService.java,4,1,0,6,5,0,0,3,0,1,0,1.0,1.0,1
NationalSecurityAgency/timely,common/src/main/java/timely/common/configuration/SslServerProperties.java,30,1,0,8,7,264,0,25,0,13,1,0.06,0.1,1
NationalSecurityAgency/timely,server/src/test/java/timely/server/integration/TwoWaySSLIT.java,8,4,0,25,47,17,0,7,0,6,1,0.0952381,0.0952381,1
NationalSecurityAgency/timely,server/src/main/java/timely/server/sample/aggregators/Max.java,3,1,0,1,1,1,0,2,0,0,0,0.0,0.0,1
NationalSecurityAgency/timely,common/src/main/java/timely/api/response/TimelyException.java,8,3,0,0,1,4,0,8,0,4,1,0.42857143,0.5714286,1
NationalSecurityAgency/timely,server/src/main/java/timely/api/response/CacheResponse.java,7,1,0,1,2,3,0,7,0,3,0,0.42857143,1.0,1
NationalSecurityAgency/timely,common/src/main/java/timely/api/request/timeseries/SuggestRequest.java,20,2,0,13,23,59,0,14,0,6,1,0.15238096,0.43809524,1
NationalSecurityAgency/timely,common/src/main/java/timely/common/configuration/WriteProperties.java,7,1,0,3,3,7,0,7,0,3,0,0.33333334,0.52380955,1
NationalSecurityAgency/timely,balancer/src/main/java/timely/balancer/configuration/BalancerConfiguration.java,3,1,0,21,3,3,0,3,0,0,0,0.0,0.0,1
NationalSecurityAgency/timely,common/src/main/java/timely/common/configuration/SecurityConfiguration.java,6,1,0,18,18,10,0,5,0,0,0,0.0,0.0,1
NationalSecurityAgency/timely,common/src/main/java/timely/common/configuration/TimelyProperties.java,22,1,0,5,0,209,0,22,0,11,0,0.04761905,0.04761905,1
NationalSecurityAgency/timely,common/src/main/java/timely/netty/Constants.java,0,1,0,0,0,0,0,0,0,6,6,0.0,0.0,1
NationalSecurityAgency/timely,server/src/main/java/timely/server/netty/http/HttpMetricPutHandler.java,3,2,0,10,12,0,0,2,0,2,1,1.0,1.0,1
