repository,file,rule_id,severity,cwe,message
alibaba/nacos,address/src/main/java/com/alibaba/nacos/address/controller/AddressServerClusterController.java,java/xss,ERROR,CWE-079,"Cross-site scripting vulnerability due to a [user-provided value](1).
Cross-site scripting vulnerability due to a [user-provided value](2).
Cross-site scripting vulnerability due to a [user-provided value](3)."
alibaba/nacos,address/src/main/java/com/alibaba/nacos/address/controller/AddressServerClusterController.java,java/xss,ERROR,CWE-079,Cross-site scripting vulnerability due to a [user-provided value](1).
alibaba/nacos,address/src/main/java/com/alibaba/nacos/address/controller/AddressServerClusterController.java,java/xss,ERROR,CWE-079,"Cross-site scripting vulnerability due to a [user-provided value](1).
Cross-site scripting vulnerability due to a [user-provided value](2).
Cross-site scripting vulnerability due to a [user-provided value](3)."
alibaba/nacos,address/src/main/java/com/alibaba/nacos/address/controller/ServerListController.java,java/xss,ERROR,CWE-079,Cross-site scripting vulnerability due to a [user-provided value](1).
alibaba/nacos,address/src/main/java/com/alibaba/nacos/address/controller/ServerListController.java,java/xss,ERROR,CWE-079,"Cross-site scripting vulnerability due to a [user-provided value](1).
Cross-site scripting vulnerability due to a [user-provided value](2)."
alibaba/nacos,common/src/main/java/com/alibaba/nacos/common/http/HttpUtils.java,java/xss,ERROR,CWE-079,"Cross-site scripting vulnerability due to a [user-provided value](1).
Cross-site scripting vulnerability due to a [user-provided value](2)."
alibaba/nacos,config/src/main/java/com/alibaba/nacos/config/server/controller/v3/ConfigOpsControllerV3.java,java/sql-injection,ERROR,CWE-089; CWE-564,This query depends on a [user-provided value](1).
alibaba/nacos,plugin-default-impl/nacos-oidc-auth-plugin/src/main/java/com/alibaba/nacos/plugin/auth/impl/oidc/controller/OidcLoginController.java,java/sensitive-cookie-not-httponly,WARNING,CWE-1004,[This sensitive cookie](1) doesn't have the HttpOnly flag set.
alibaba/nacos,address/src/main/java/com/alibaba/nacos/address/controller/AddressServerClusterController.java,java/error-message-exposure,ERROR,CWE-209,"[Error information](1) can be exposed to an external user.
[Error information](2) can be exposed to an external user.
[Error information](3) can be exposed to an external user."
alibaba/nacos,config/src/main/java/com/alibaba/nacos/config/server/controller/ConfigServletInner.java,java/error-message-exposure,ERROR,CWE-209,"[Error information](1) can be exposed to an external user.
[Error information](2) can be exposed to an external user.
[Error information](3) can be exposed to an external user.
[Error information](4) can be exposed to an external user."
alibaba/nacos,common/src/main/java/com/alibaba/nacos/common/tls/TlsHelper.java,java/insecure-trustmanager,ERROR,CWE-295,"This uses [TrustManager](1), which is defined in [SelfTrustManager$](2) and trusts any certificate."
alibaba/nacos,common/src/main/java/com/alibaba/nacos/common/http/client/request/JdkHttpClientRequest.java,java/unsafe-hostname-verification,ERROR,CWE-297,"The [hostname verifier](1) defined by [this type](2) always accepts any certificate, even if the hostname does not match."
alibaba/nacos,address/src/main/java/com/alibaba/nacos/address/config/AddressServerSecurityConfiguration.java,java/spring-disabled-csrf-protection,ERROR,CWE-352,CSRF vulnerability due to protection being disabled.
alibaba/nacos,console/src/main/java/com/alibaba/nacos/console/config/ConsoleWebConfig.java,java/spring-disabled-csrf-protection,ERROR,CWE-352,CSRF vulnerability due to protection being disabled.
alibaba/nacos,plugin-default-impl/nacos-default-auth-plugin/src/main/java/com/alibaba/nacos/plugin/auth/impl/configuration/web/NacosAuthPluginWebConfig.java,java/spring-disabled-csrf-protection,ERROR,CWE-352,CSRF vulnerability due to protection being disabled.
alibaba/nacos,plugin-default-impl/nacos-oidc-auth-plugin/src/main/java/com/alibaba/nacos/plugin/auth/impl/oidc/config/OidcWebSecurityConfig.java,java/spring-disabled-csrf-protection,ERROR,CWE-352,CSRF vulnerability due to protection being disabled.
alibaba/nacos,config/src/main/java/com/alibaba/nacos/config/server/utils/YamlParserUtil.java,java/unsafe-deserialization,ERROR,CWE-502,"Unsafe deserialization depends on a [user-provided value](1).
Unsafe deserialization depends on a [user-provided value](2).
Unsafe deserialization depends on a [user-provided value](3).
Unsafe deserialization depends on a [user-provided value](4)."
alibaba/nacos,istio/src/main/java/com/alibaba/nacos/istio/common/IstioConfigProcessor.java,java/unsafe-deserialization,ERROR,CWE-502,"Unsafe deserialization depends on a [user-provided value](1).
Unsafe deserialization depends on a [user-provided value](2).
Unsafe deserialization depends on a [user-provided value](3).
Unsafe deserialization depends on a [user-provided value](4).
Unsafe deserialization depends on a [user-provided value](5).
Unsafe deserialization depends on a [user-provided value](6).
Unsafe deserialization depends on a [user-provided value](7).
Unsafe deserialization depends on a [user-provided value](8).
Unsa"
alibaba/nacos,istio/src/main/java/com/alibaba/nacos/istio/common/IstioConfigProcessor.java,java/unsafe-deserialization,ERROR,CWE-502,"Unsafe deserialization depends on a [user-provided value](1).
Unsafe deserialization depends on a [user-provided value](2).
Unsafe deserialization depends on a [user-provided value](3).
Unsafe deserialization depends on a [user-provided value](4).
Unsafe deserialization depends on a [user-provided value](5).
Unsafe deserialization depends on a [user-provided value](6).
Unsafe deserialization depends on a [user-provided value](7).
Unsafe deserialization depends on a [user-provided value](8).
Unsa"
alibaba/nacos,istio/src/main/java/com/alibaba/nacos/istio/common/IstioConfigProcessor.java,java/unsafe-deserialization,ERROR,CWE-502,"Unsafe deserialization depends on a [user-provided value](1).
Unsafe deserialization depends on a [user-provided value](2).
Unsafe deserialization depends on a [user-provided value](3).
Unsafe deserialization depends on a [user-provided value](4).
Unsafe deserialization depends on a [user-provided value](5).
Unsafe deserialization depends on a [user-provided value](6).
Unsafe deserialization depends on a [user-provided value](7).
Unsafe deserialization depends on a [user-provided value](8).
Unsa"
alibaba/nacos,istio/src/main/java/com/alibaba/nacos/istio/common/IstioConfigProcessor.java,java/unsafe-deserialization,ERROR,CWE-502,"Unsafe deserialization depends on a [user-provided value](1).
Unsafe deserialization depends on a [user-provided value](2).
Unsafe deserialization depends on a [user-provided value](3).
Unsafe deserialization depends on a [user-provided value](4).
Unsafe deserialization depends on a [user-provided value](5).
Unsafe deserialization depends on a [user-provided value](6).
Unsafe deserialization depends on a [user-provided value](7).
Unsafe deserialization depends on a [user-provided value](8).
Unsa"
alibaba/nacos,istio/src/main/java/com/alibaba/nacos/istio/xds/RdsGenerator.java,java/unsafe-deserialization,ERROR,CWE-502,"Unsafe deserialization depends on a [user-provided value](1).
Unsafe deserialization depends on a [user-provided value](2).
Unsafe deserialization depends on a [user-provided value](3).
Unsafe deserialization depends on a [user-provided value](4).
Unsafe deserialization depends on a [user-provided value](5).
Unsafe deserialization depends on a [user-provided value](6).
Unsafe deserialization depends on a [user-provided value](7).
Unsafe deserialization depends on a [user-provided value](8).
Unsa"
alibaba/nacos,plugin-default-impl/nacos-oidc-auth-plugin/src/main/java/com/alibaba/nacos/plugin/auth/impl/oidc/controller/OidcLoginController.java,java/insecure-cookie,ERROR,CWE-614,Cookie is added to response without the 'secure' flag being set.
alibaba/nacos,plugin-default-impl/nacos-oidc-auth-plugin/src/main/java/com/alibaba/nacos/plugin/auth/impl/oidc/controller/OidcLoginController.java,java/insecure-cookie,ERROR,CWE-614,Cookie is added to response without the 'secure' flag being set.
alibaba/nacos,api/src/main/java/com/alibaba/nacos/api/ai/utils/AgentValidationUtils.java,java/polynomial-redos,WARNING,CWE-1333; CWE-730; CWE-400,"This [regular expression](1) that depends on a [user-provided value](2) may run slow on strings starting with '!/' and with many repetitions of '!/'.
This [regular expression](1) that depends on a [user-provided value](3) may run slow on strings starting with '!/' and with many repetitions of '!/'.
This [regular expression](1) that depends on a [user-provided value](4) may run slow on strings starting with '!/' and with many repetitions of '!/'.
This [regular expression](1) that depends on a [us"
alibaba/nacos,common/src/main/java/com/alibaba/nacos/common/packagescan/resource/AntPathMatcher.java,java/redos,ERROR,CWE-1333; CWE-730; CWE-400,This part of the regular expression may cause exponential backtracking on strings starting with '{{{{' and containing many repetitions of '.}}{{'.
alibaba/nacos,naming/src/main/java/com/alibaba/nacos/naming/core/CatalogServiceV2Impl.java,java/regex-injection,ERROR,CWE-730; CWE-400,"This regular expression is constructed from a [user-provided value](1).
This regular expression is constructed from a [user-provided value](2)."
alibaba/nacos,ai/src/main/java/com/alibaba/nacos/ai/service/McpExternalDataAdaptor.java,java/ssrf,ERROR,CWE-918,"Potential server-side request forgery due to a [user-provided value](1).
Potential server-side request forgery due to a [user-provided value](2)."
alibaba/nacos,ai/src/main/java/com/alibaba/nacos/ai/service/McpExternalDataAdaptor.java,java/ssrf,ERROR,CWE-918,"Potential server-side request forgery due to a [user-provided value](1).
Potential server-side request forgery due to a [user-provided value](2)."
alibaba/nacos,common/src/main/java/com/alibaba/nacos/common/http/BaseHttpMethod.java,java/ssrf,ERROR,CWE-918,"Potential server-side request forgery due to a [user-provided value](1).
Potential server-side request forgery due to a [user-provided value](2)."
alibaba/nacos,common/src/main/java/com/alibaba/nacos/common/http/BaseHttpMethod.java,java/ssrf,ERROR,CWE-918,"Potential server-side request forgery due to a [user-provided value](1).
Potential server-side request forgery due to a [user-provided value](2)."
alibaba/nacos,common/src/main/java/com/alibaba/nacos/common/http/BaseHttpMethod.java,java/ssrf,ERROR,CWE-918,"Potential server-side request forgery due to a [user-provided value](1).
Potential server-side request forgery due to a [user-provided value](2)."
alibaba/nacos,common/src/main/java/com/alibaba/nacos/common/http/BaseHttpMethod.java,java/ssrf,ERROR,CWE-918,"Potential server-side request forgery due to a [user-provided value](1).
Potential server-side request forgery due to a [user-provided value](2)."
alibaba/nacos,common/src/main/java/com/alibaba/nacos/common/http/BaseHttpMethod.java,java/ssrf,ERROR,CWE-918,"Potential server-side request forgery due to a [user-provided value](1).
Potential server-side request forgery due to a [user-provided value](2)."
alibaba/nacos,common/src/main/java/com/alibaba/nacos/common/http/BaseHttpMethod.java,java/ssrf,ERROR,CWE-918,"Potential server-side request forgery due to a [user-provided value](1).
Potential server-side request forgery due to a [user-provided value](2)."
alibaba/nacos,common/src/main/java/com/alibaba/nacos/common/http/BaseHttpMethod.java,java/ssrf,ERROR,CWE-918,"Potential server-side request forgery due to a [user-provided value](1).
Potential server-side request forgery due to a [user-provided value](2)."
alibaba/nacos,common/src/main/java/com/alibaba/nacos/common/http/BaseHttpMethod.java,java/ssrf,ERROR,CWE-918,"Potential server-side request forgery due to a [user-provided value](1).
Potential server-side request forgery due to a [user-provided value](2)."
alibaba/nacos,common/src/main/java/com/alibaba/nacos/common/http/BaseHttpMethod.java,java/ssrf,ERROR,CWE-918,"Potential server-side request forgery due to a [user-provided value](1).
Potential server-side request forgery due to a [user-provided value](2)."
alibaba/nacos,common/src/main/java/com/alibaba/nacos/common/http/BaseHttpMethod.java,java/ssrf,ERROR,CWE-918,"Potential server-side request forgery due to a [user-provided value](1).
Potential server-side request forgery due to a [user-provided value](2)."
alibaba/nacos,common/src/main/java/com/alibaba/nacos/common/http/client/request/JdkHttpClientRequest.java,java/ssrf,ERROR,CWE-918,"Potential server-side request forgery due to a [user-provided value](1).
Potential server-side request forgery due to a [user-provided value](2)."
alibaba/nacos,plugin-default-impl/nacos-default-ai-importer-plugin/src/main/java/com/alibaba/nacos/plugin/ai/importer/defaultimpl/http/DefaultImportHttpClient.java,java/ssrf,ERROR,CWE-918,"Potential server-side request forgery due to a [user-provided value](1).
Potential server-side request forgery due to a [user-provided value](2).
Potential server-side request forgery due to a [user-provided value](3).
Potential server-side request forgery due to a [user-provided value](4).
Potential server-side request forgery due to a [user-provided value](5).
Potential server-side request forgery due to a [user-provided value](6).
Potential server-side request forgery due to a [user-provided "
alibaba/nacos,plugin-default-impl/nacos-default-ai-importer-plugin/src/main/java/com/alibaba/nacos/plugin/ai/importer/defaultimpl/http/DefaultImportHttpClient.java,java/ssrf,ERROR,CWE-918,"Potential server-side request forgery due to a [user-provided value](1).
Potential server-side request forgery due to a [user-provided value](2).
Potential server-side request forgery due to a [user-provided value](3).
Potential server-side request forgery due to a [user-provided value](4).
Potential server-side request forgery due to a [user-provided value](5).
Potential server-side request forgery due to a [user-provided value](6).
Potential server-side request forgery due to a [user-provided "
alibaba/nacos,client/src/test/java/com/alibaba/nacos/client/lock/NacosLockTest.java,java/unreleased-lock,ERROR,CWE-764; CWE-833,This lock might not be unlocked or might be locked more times than it is unlocked.
alibaba/nacos,client/src/test/java/com/alibaba/nacos/client/lock/NacosLockTest.java,java/unreleased-lock,ERROR,CWE-764; CWE-833,This lock might not be unlocked or might be locked more times than it is unlocked.
alibaba/nacos,test/lock-test/src/test/java/com/alibaba/nacos/test/lock/ClusterJucLockITCase.java,java/unreleased-lock,ERROR,CWE-764; CWE-833,This lock might not be unlocked or might be locked more times than it is unlocked.
alibaba/nacos,test/lock-test/src/test/java/com/alibaba/nacos/test/lock/JucLockITCase.java,java/unreleased-lock,ERROR,CWE-764; CWE-833,This lock might not be unlocked or might be locked more times than it is unlocked.
alibaba/nacos,test/lock-test/src/test/java/com/alibaba/nacos/test/lock/JucLockITCase.java,java/unreleased-lock,ERROR,CWE-764; CWE-833,This lock might not be unlocked or might be locked more times than it is unlocked.
alibaba/nacos,test/lock-test/src/test/java/com/alibaba/nacos/test/lock/JucLockITCase.java,java/unreleased-lock,ERROR,CWE-764; CWE-833,This lock might not be unlocked or might be locked more times than it is unlocked.
alibaba/nacos,test/lock-test/src/test/java/com/alibaba/nacos/test/lock/JucLockITCase.java,java/unreleased-lock,ERROR,CWE-764; CWE-833,This lock might not be unlocked or might be locked more times than it is unlocked.
alibaba/nacos,test/lock-test/src/test/java/com/alibaba/nacos/test/lock/JucLockITCase.java,java/unreleased-lock,ERROR,CWE-764; CWE-833,This lock might not be unlocked or might be locked more times than it is unlocked.
alibaba/nacos,test/lock-test/src/test/java/com/alibaba/nacos/test/lock/JucLockITCase.java,java/unreleased-lock,ERROR,CWE-764; CWE-833,This lock might not be unlocked or might be locked more times than it is unlocked.
alibaba/nacos,test/lock-test/src/test/java/com/alibaba/nacos/test/lock/JucLockITCase.java,java/unreleased-lock,ERROR,CWE-764; CWE-833,This lock might not be unlocked or might be locked more times than it is unlocked.
alibaba/nacos,test/lock-test/src/test/java/com/alibaba/nacos/test/lock/JucLockITCase.java,java/unreleased-lock,ERROR,CWE-764; CWE-833,This lock might not be unlocked or might be locked more times than it is unlocked.
alibaba/nacos,test/lock-test/src/test/java/com/alibaba/nacos/test/lock/JucLockITCase.java,java/unreleased-lock,ERROR,CWE-764; CWE-833,This lock might not be unlocked or might be locked more times than it is unlocked.
alibaba/nacos,test/lock-test/src/test/java/com/alibaba/nacos/test/lock/JucLockITCase.java,java/unreleased-lock,ERROR,CWE-764; CWE-833,This lock might not be unlocked or might be locked more times than it is unlocked.
alibaba/nacos,test/lock-test/src/test/java/com/alibaba/nacos/test/lock/JucLockITCase.java,java/unreleased-lock,ERROR,CWE-764; CWE-833,This lock might not be unlocked or might be locked more times than it is unlocked.
alibaba/nacos,test/lock-test/src/test/java/com/alibaba/nacos/test/lock/JucLockITCase.java,java/unreleased-lock,ERROR,CWE-764; CWE-833,This lock might not be unlocked or might be locked more times than it is unlocked.
alibaba/nacos,test/lock-test/src/test/java/com/alibaba/nacos/test/lock/JucLockITCase.java,java/unreleased-lock,ERROR,CWE-764; CWE-833,This lock might not be unlocked or might be locked more times than it is unlocked.
alibaba/nacos,test/lock-test/src/test/java/com/alibaba/nacos/test/lock/JucLockITCase.java,java/unreleased-lock,ERROR,CWE-764; CWE-833,This lock might not be unlocked or might be locked more times than it is unlocked.
alibaba/nacos,test/lock-test/src/test/java/com/alibaba/nacos/test/lock/JucLockITCase.java,java/unreleased-lock,ERROR,CWE-764; CWE-833,This lock might not be unlocked or might be locked more times than it is unlocked.
alibaba/nacos,test/lock-test/src/test/java/com/alibaba/nacos/test/lock/JucLockITCase.java,java/unreleased-lock,ERROR,CWE-764; CWE-833,This lock might not be unlocked or might be locked more times than it is unlocked.
alibaba/nacos,test/lock-test/src/test/java/com/alibaba/nacos/test/lock/JucLockITCase.java,java/unreleased-lock,ERROR,CWE-764; CWE-833,This lock might not be unlocked or might be locked more times than it is unlocked.
alibaba/nacos,test/lock-test/src/test/java/com/alibaba/nacos/test/lock/JucLockITCase.java,java/unreleased-lock,ERROR,CWE-764; CWE-833,This lock might not be unlocked or might be locked more times than it is unlocked.
alibaba/nacos,test/lock-test/src/test/java/com/alibaba/nacos/test/lock/JucLockITCase.java,java/unreleased-lock,ERROR,CWE-764; CWE-833,This lock might not be unlocked or might be locked more times than it is unlocked.
alibaba/nacos,test/lock-test/src/test/java/com/alibaba/nacos/test/lock/JucLockITCase.java,java/unreleased-lock,ERROR,CWE-764; CWE-833,This lock might not be unlocked or might be locked more times than it is unlocked.
alibaba/nacos,test/lock-test/src/test/java/com/alibaba/nacos/test/lock/JucLockITCase.java,java/unreleased-lock,ERROR,CWE-764; CWE-833,This lock might not be unlocked or might be locked more times than it is unlocked.
alibaba/nacos,test/lock-test/src/test/java/com/alibaba/nacos/test/lock/JucLockITCase.java,java/unreleased-lock,ERROR,CWE-764; CWE-833,This lock might not be unlocked or might be locked more times than it is unlocked.
alibaba/nacos,test/lock-test/src/test/java/com/alibaba/nacos/test/lock/JucLockITCase.java,java/unreleased-lock,ERROR,CWE-764; CWE-833,This lock might not be unlocked or might be locked more times than it is unlocked.
alibaba/nacos,test/lock-test/src/test/java/com/alibaba/nacos/test/lock/JucLockITCase.java,java/unreleased-lock,ERROR,CWE-764; CWE-833,This lock might not be unlocked or might be locked more times than it is unlocked.
alibaba/nacos,test/lock-test/src/test/java/com/alibaba/nacos/test/lock/JucLockITCase.java,java/unreleased-lock,ERROR,CWE-764; CWE-833,This lock might not be unlocked or might be locked more times than it is unlocked.
alibaba/nacos,test/lock-test/src/test/java/com/alibaba/nacos/test/lock/JucLockRegressionITCase.java,java/unreleased-lock,ERROR,CWE-764; CWE-833,This lock might not be unlocked or might be locked more times than it is unlocked.
alibaba/nacos,test/lock-test/src/test/java/com/alibaba/nacos/test/lock/JucLockRegressionITCase.java,java/unreleased-lock,ERROR,CWE-764; CWE-833,This lock might not be unlocked or might be locked more times than it is unlocked.
alibaba/nacos,test/lock-test/src/test/java/com/alibaba/nacos/test/lock/LockFifoITCase.java,java/unreleased-lock,ERROR,CWE-764; CWE-833,This lock might not be unlocked or might be locked more times than it is unlocked.
alibaba/nacos,test/lock-test/src/test/java/com/alibaba/nacos/test/lock/LockFifoITCase.java,java/unreleased-lock,ERROR,CWE-764; CWE-833,This lock might not be unlocked or might be locked more times than it is unlocked.
alibaba/nacos,test/lock-test/src/test/java/com/alibaba/nacos/test/lock/LockFifoITCase.java,java/unreleased-lock,ERROR,CWE-764; CWE-833,This lock might not be unlocked or might be locked more times than it is unlocked.
alibaba/nacos,test/lock-test/src/test/java/com/alibaba/nacos/test/lock/LockFifoITCase.java,java/unreleased-lock,ERROR,CWE-764; CWE-833,This lock might not be unlocked or might be locked more times than it is unlocked.
alibaba/nacos,test/lock-test/src/test/java/com/alibaba/nacos/test/lock/LockFifoITCase.java,java/unreleased-lock,ERROR,CWE-764; CWE-833,This lock might not be unlocked or might be locked more times than it is unlocked.
alibaba/nacos,test/lock-test/src/test/java/com/alibaba/nacos/test/lock/LockFifoITCase.java,java/unreleased-lock,ERROR,CWE-764; CWE-833,This lock might not be unlocked or might be locked more times than it is unlocked.
alibaba/nacos,test/lock-test/src/test/java/com/alibaba/nacos/test/lock/LockFifoITCase.java,java/unreleased-lock,ERROR,CWE-764; CWE-833,This lock might not be unlocked or might be locked more times than it is unlocked.
alibaba/nacos,address/src/main/java/com/alibaba/nacos/address/controller/AddressServerClusterController.java,java/log-injection,ERROR,CWE-117,"This log entry depends on a [user-provided value](1).
This log entry depends on a [user-provided value](2).
This log entry depends on a [user-provided value](3)."
alibaba/nacos,ai/src/main/java/com/alibaba/nacos/ai/config/NacosPromptLegacyDataReader.java,java/log-injection,ERROR,CWE-117,"This log entry depends on a [user-provided value](1).
This log entry depends on a [user-provided value](2)."
alibaba/nacos,ai/src/main/java/com/alibaba/nacos/ai/config/NacosPromptLegacyDataReader.java,java/log-injection,ERROR,CWE-117,"This log entry depends on a [user-provided value](1).
This log entry depends on a [user-provided value](2)."
alibaba/nacos,ai/src/main/java/com/alibaba/nacos/ai/index/CachedMcpServerIndex.java,java/log-injection,ERROR,CWE-117,"This log entry depends on a [user-provided value](1).
This log entry depends on a [user-provided value](2).
This log entry depends on a [user-provided value](3)."
alibaba/nacos,ai/src/main/java/com/alibaba/nacos/ai/index/CachedMcpServerIndex.java,java/log-injection,ERROR,CWE-117,"This log entry depends on a [user-provided value](1).
This log entry depends on a [user-provided value](2).
This log entry depends on a [user-provided value](3)."
alibaba/nacos,ai/src/main/java/com/alibaba/nacos/ai/index/CachedMcpServerIndex.java,java/log-injection,ERROR,CWE-117,"This log entry depends on a [user-provided value](1).
This log entry depends on a [user-provided value](2).
This log entry depends on a [user-provided value](3)."
alibaba/nacos,ai/src/main/java/com/alibaba/nacos/ai/index/CachedMcpServerIndex.java,java/log-injection,ERROR,CWE-117,"This log entry depends on a [user-provided value](1).
This log entry depends on a [user-provided value](2).
This log entry depends on a [user-provided value](3)."
alibaba/nacos,ai/src/main/java/com/alibaba/nacos/ai/index/CachedMcpServerIndex.java,java/log-injection,ERROR,CWE-117,"This log entry depends on a [user-provided value](1).
This log entry depends on a [user-provided value](2).
This log entry depends on a [user-provided value](3).
This log entry depends on a [user-provided value](4).
This log entry depends on a [user-provided value](5).
This log entry depends on a [user-provided value](6).
This log entry depends on a [user-provided value](7).
This log entry depends on a [user-provided value](8).
This log entry depends on a [user-provided value](9).
This log entry"
alibaba/nacos,ai/src/main/java/com/alibaba/nacos/ai/index/CachedMcpServerIndex.java,java/log-injection,ERROR,CWE-117,"This log entry depends on a [user-provided value](1).
This log entry depends on a [user-provided value](2).
This log entry depends on a [user-provided value](3).
This log entry depends on a [user-provided value](4).
This log entry depends on a [user-provided value](5).
This log entry depends on a [user-provided value](6).
This log entry depends on a [user-provided value](7).
This log entry depends on a [user-provided value](8).
This log entry depends on a [user-provided value](9).
This log entry"
alibaba/nacos,ai/src/main/java/com/alibaba/nacos/ai/index/CachedMcpServerIndex.java,java/log-injection,ERROR,CWE-117,"This log entry depends on a [user-provided value](1).
This log entry depends on a [user-provided value](2).
This log entry depends on a [user-provided value](3).
This log entry depends on a [user-provided value](4).
This log entry depends on a [user-provided value](5).
This log entry depends on a [user-provided value](6).
This log entry depends on a [user-provided value](7).
This log entry depends on a [user-provided value](8).
This log entry depends on a [user-provided value](9).
This log entry"
alibaba/nacos,ai/src/main/java/com/alibaba/nacos/ai/index/CachedMcpServerIndex.java,java/log-injection,ERROR,CWE-117,"This log entry depends on a [user-provided value](1).
This log entry depends on a [user-provided value](2).
This log entry depends on a [user-provided value](3).
This log entry depends on a [user-provided value](4).
This log entry depends on a [user-provided value](5).
This log entry depends on a [user-provided value](6).
This log entry depends on a [user-provided value](7).
This log entry depends on a [user-provided value](8).
This log entry depends on a [user-provided value](9).
This log entry"
alibaba/nacos,ai/src/main/java/com/alibaba/nacos/ai/index/CachedMcpServerIndex.java,java/log-injection,ERROR,CWE-117,"This log entry depends on a [user-provided value](1).
This log entry depends on a [user-provided value](2).
This log entry depends on a [user-provided value](3).
This log entry depends on a [user-provided value](4).
This log entry depends on a [user-provided value](5).
This log entry depends on a [user-provided value](6).
This log entry depends on a [user-provided value](7).
This log entry depends on a [user-provided value](8).
This log entry depends on a [user-provided value](9).
This log entry"
alibaba/nacos,ai/src/main/java/com/alibaba/nacos/ai/index/CachedMcpServerIndex.java,java/log-injection,ERROR,CWE-117,"This log entry depends on a [user-provided value](1).
This log entry depends on a [user-provided value](2).
This log entry depends on a [user-provided value](3).
This log entry depends on a [user-provided value](4).
This log entry depends on a [user-provided value](5).
This log entry depends on a [user-provided value](6).
This log entry depends on a [user-provided value](7).
This log entry depends on a [user-provided value](8).
This log entry depends on a [user-provided value](9).
This log entry"
alibaba/nacos,ai/src/main/java/com/alibaba/nacos/ai/index/CachedMcpServerIndex.java,java/log-injection,ERROR,CWE-117,"This log entry depends on a [user-provided value](1).
This log entry depends on a [user-provided value](2).
This log entry depends on a [user-provided value](3).
This log entry depends on a [user-provided value](4).
This log entry depends on a [user-provided value](5).
This log entry depends on a [user-provided value](6).
This log entry depends on a [user-provided value](7).
This log entry depends on a [user-provided value](8).
This log entry depends on a [user-provided value](9).
This log entry"
alibaba/nacos,ai/src/main/java/com/alibaba/nacos/ai/index/CachedMcpServerIndex.java,java/log-injection,ERROR,CWE-117,"This log entry depends on a [user-provided value](1).
This log entry depends on a [user-provided value](2).
This log entry depends on a [user-provided value](3).
This log entry depends on a [user-provided value](4).
This log entry depends on a [user-provided value](5).
This log entry depends on a [user-provided value](6).
This log entry depends on a [user-provided value](7).
This log entry depends on a [user-provided value](8).
This log entry depends on a [user-provided value](9).
This log entry"
alibaba/nacos,ai/src/main/java/com/alibaba/nacos/ai/index/CachedMcpServerIndex.java,java/log-injection,ERROR,CWE-117,"This log entry depends on a [user-provided value](1).
This log entry depends on a [user-provided value](2).
This log entry depends on a [user-provided value](3).
This log entry depends on a [user-provided value](4).
This log entry depends on a [user-provided value](5).
This log entry depends on a [user-provided value](6).
This log entry depends on a [user-provided value](7).
This log entry depends on a [user-provided value](8).
This log entry depends on a [user-provided value](9).
This log entry"
alibaba/nacos,ai/src/main/java/com/alibaba/nacos/ai/index/CachedMcpServerIndex.java,java/log-injection,ERROR,CWE-117,"This log entry depends on a [user-provided value](1).
This log entry depends on a [user-provided value](2).
This log entry depends on a [user-provided value](3).
This log entry depends on a [user-provided value](4).
This log entry depends on a [user-provided value](5).
This log entry depends on a [user-provided value](6).
This log entry depends on a [user-provided value](7).
This log entry depends on a [user-provided value](8).
This log entry depends on a [user-provided value](9).
This log entry"
alibaba/nacos,ai/src/main/java/com/alibaba/nacos/ai/index/CachedMcpServerIndex.java,java/log-injection,ERROR,CWE-117,"This log entry depends on a [user-provided value](1).
This log entry depends on a [user-provided value](2).
This log entry depends on a [user-provided value](3)."
alibaba/nacos,ai/src/main/java/com/alibaba/nacos/ai/index/CachedMcpServerIndex.java,java/log-injection,ERROR,CWE-117,"This log entry depends on a [user-provided value](1).
This log entry depends on a [user-provided value](2).
This log entry depends on a [user-provided value](3)."
alibaba/nacos,ai/src/main/java/com/alibaba/nacos/ai/index/CachedMcpServerIndex.java,java/log-injection,ERROR,CWE-117,"This log entry depends on a [user-provided value](1).
This log entry depends on a [user-provided value](2).
This log entry depends on a [user-provided value](3).
This log entry depends on a [user-provided value](4).
This log entry depends on a [user-provided value](5).
This log entry depends on a [user-provided value](6).
This log entry depends on a [user-provided value](7).
This log entry depends on a [user-provided value](8).
This log entry depends on a [user-provided value](9).
This log entry"
alibaba/nacos,ai/src/main/java/com/alibaba/nacos/ai/index/CachedMcpServerIndex.java,java/log-injection,ERROR,CWE-117,"This log entry depends on a [user-provided value](1).
This log entry depends on a [user-provided value](2).
This log entry depends on a [user-provided value](3).
This log entry depends on a [user-provided value](4).
This log entry depends on a [user-provided value](5).
This log entry depends on a [user-provided value](6).
This log entry depends on a [user-provided value](7).
This log entry depends on a [user-provided value](8).
This log entry depends on a [user-provided value](9).
This log entry"
alibaba/nacos,ai/src/main/java/com/alibaba/nacos/ai/index/CachedMcpServerIndex.java,java/log-injection,ERROR,CWE-117,"This log entry depends on a [user-provided value](1).
This log entry depends on a [user-provided value](2).
This log entry depends on a [user-provided value](3).
This log entry depends on a [user-provided value](4).
This log entry depends on a [user-provided value](5).
This log entry depends on a [user-provided value](6).
This log entry depends on a [user-provided value](7).
This log entry depends on a [user-provided value](8)."
alibaba/nacos,ai/src/main/java/com/alibaba/nacos/ai/index/CachedMcpServerIndex.java,java/log-injection,ERROR,CWE-117,"This log entry depends on a [user-provided value](1).
This log entry depends on a [user-provided value](2).
This log entry depends on a [user-provided value](3).
This log entry depends on a [user-provided value](4).
This log entry depends on a [user-provided value](5).
This log entry depends on a [user-provided value](6).
This log entry depends on a [user-provided value](7).
This log entry depends on a [user-provided value](8)."
alibaba/nacos,ai/src/main/java/com/alibaba/nacos/ai/index/CachedMcpServerIndex.java,java/log-injection,ERROR,CWE-117,"This log entry depends on a [user-provided value](1).
This log entry depends on a [user-provided value](2).
This log entry depends on a [user-provided value](3).
This log entry depends on a [user-provided value](4).
This log entry depends on a [user-provided value](5)."
alibaba/nacos,ai/src/main/java/com/alibaba/nacos/ai/index/CachedMcpServerIndex.java,java/log-injection,ERROR,CWE-117,"This log entry depends on a [user-provided value](1).
This log entry depends on a [user-provided value](2).
This log entry depends on a [user-provided value](3).
This log entry depends on a [user-provided value](4).
This log entry depends on a [user-provided value](5)."
alibaba/nacos,ai/src/main/java/com/alibaba/nacos/ai/service/prompt/PromptOperationServiceImpl.java,java/log-injection,ERROR,CWE-117,"This log entry depends on a [user-provided value](1).
This log entry depends on a [user-provided value](2).
This log entry depends on a [user-provided value](3).
This log entry depends on a [user-provided value](4).
This log entry depends on a [user-provided value](5)."
alibaba/nacos,ai/src/main/java/com/alibaba/nacos/ai/service/prompt/PromptOperationServiceImpl.java,java/log-injection,ERROR,CWE-117,"This log entry depends on a [user-provided value](1).
This log entry depends on a [user-provided value](2)."
alibaba/nacos,ai/src/main/java/com/alibaba/nacos/ai/service/prompt/PromptOperationServiceImpl.java,java/log-injection,ERROR,CWE-117,"This log entry depends on a [user-provided value](1).
This log entry depends on a [user-provided value](2).
This log entry depends on a [user-provided value](3).
This log entry depends on a [user-provided value](4)."
alibaba/nacos,ai/src/main/java/com/alibaba/nacos/ai/service/prompt/PromptOperationServiceImpl.java,java/log-injection,ERROR,CWE-117,"This log entry depends on a [user-provided value](1).
This log entry depends on a [user-provided value](2).
This log entry depends on a [user-provided value](3).
This log entry depends on a [user-provided value](4)."
alibaba/nacos,ai/src/main/java/com/alibaba/nacos/ai/service/skills/SkillIndexManifestService.java,java/log-injection,ERROR,CWE-117,"This log entry depends on a [user-provided value](1).
This log entry depends on a [user-provided value](2).
This log entry depends on a [user-provided value](3).
This log entry depends on a [user-provided value](4).
This log entry depends on a [user-provided value](5).
This log entry depends on a [user-provided value](6).
This log entry depends on a [user-provided value](7).
This log entry depends on a [user-provided value](8).
This log entry depends on a [user-provided value](9).
This log entry"
alibaba/nacos,ai/src/main/java/com/alibaba/nacos/ai/service/skills/SkillOperationServiceImpl.java,java/log-injection,ERROR,CWE-117,This log entry depends on a [user-provided value](1).
alibaba/nacos,ai/src/main/java/com/alibaba/nacos/ai/service/skills/SkillOperationServiceImpl.java,java/log-injection,ERROR,CWE-117,"This log entry depends on a [user-provided value](1).
This log entry depends on a [user-provided value](2).
This log entry depends on a [user-provided value](3)."
alibaba/nacos,ai/src/main/java/com/alibaba/nacos/ai/utils/AgentRequestUtil.java,java/log-injection,ERROR,CWE-117,"This log entry depends on a [user-provided value](1).
This log entry depends on a [user-provided value](2).
This log entry depends on a [user-provided value](3).
This log entry depends on a [user-provided value](4)."
alibaba/nacos,ai/src/main/java/com/alibaba/nacos/ai/utils/AgentSpecRequestUtil.java,java/log-injection,ERROR,CWE-117,"This log entry depends on a [user-provided value](1).
This log entry depends on a [user-provided value](2)."
alibaba/nacos,ai/src/main/java/com/alibaba/nacos/ai/utils/McpRequestUtil.java,java/log-injection,ERROR,CWE-117,"This log entry depends on a [user-provided value](1).
This log entry depends on a [user-provided value](2).
This log entry depends on a [user-provided value](3).
This log entry depends on a [user-provided value](4).
This log entry depends on a [user-provided value](5).
This log entry depends on a [user-provided value](6).
This log entry depends on a [user-provided value](7).
This log entry depends on a [user-provided value](8).
This log entry depends on a [user-provided value](9).
This log entry"
alibaba/nacos,ai/src/main/java/com/alibaba/nacos/ai/utils/SkillRequestUtil.java,java/log-injection,ERROR,CWE-117,"This log entry depends on a [user-provided value](1).
This log entry depends on a [user-provided value](2).
This log entry depends on a [user-provided value](3).
This log entry depends on a [user-provided value](4)."
alibaba/nacos,common/src/main/java/com/alibaba/nacos/common/utils/LoggerUtils.java,java/log-injection,ERROR,CWE-117,"This log entry depends on a [user-provided value](1).
This log entry depends on a [user-provided value](2).
This log entry depends on a [user-provided value](3).
This log entry depends on a [user-provided value](4).
This log entry depends on a [user-provided value](5).
This log entry depends on a [user-provided value](6).
This log entry depends on a [user-provided value](7).
This log entry depends on a [user-provided value](8).
This log entry depends on a [user-provided value](9).
This log entry"
alibaba/nacos,common/src/main/java/com/alibaba/nacos/common/utils/LoggerUtils.java,java/log-injection,ERROR,CWE-117,This log entry depends on a [user-provided value](1).
alibaba/nacos,common/src/main/java/com/alibaba/nacos/common/utils/LoggerUtils.java,java/log-injection,ERROR,CWE-117,This log entry depends on a [user-provided value](1).
alibaba/nacos,config/src/main/java/com/alibaba/nacos/config/server/controller/v3/CapacityControllerV3.java,java/log-injection,ERROR,CWE-117,This log entry depends on a [user-provided value](1).
alibaba/nacos,config/src/main/java/com/alibaba/nacos/config/server/controller/v3/CapacityControllerV3.java,java/log-injection,ERROR,CWE-117,This log entry depends on a [user-provided value](1).
alibaba/nacos,config/src/main/java/com/alibaba/nacos/config/server/controller/v3/ConfigControllerV3.java,java/log-injection,ERROR,CWE-117,This log entry depends on a [user-provided value](1).
alibaba/nacos,config/src/main/java/com/alibaba/nacos/config/server/controller/v3/ConfigOpsControllerV3.java,java/log-injection,ERROR,CWE-117,This log entry depends on a [user-provided value](1).
alibaba/nacos,config/src/main/java/com/alibaba/nacos/config/server/service/capacity/CapacityService.java,java/log-injection,ERROR,CWE-117,"This log entry depends on a [user-provided value](1).
This log entry depends on a [user-provided value](2)."
alibaba/nacos,config/src/main/java/com/alibaba/nacos/config/server/service/capacity/CapacityService.java,java/log-injection,ERROR,CWE-117,"This log entry depends on a [user-provided value](1).
This log entry depends on a [user-provided value](2)."
alibaba/nacos,config/src/main/java/com/alibaba/nacos/config/server/service/dump/DumpService.java,java/log-injection,ERROR,CWE-117,"This log entry depends on a [user-provided value](1).
This log entry depends on a [user-provided value](2).
This log entry depends on a [user-provided value](3).
This log entry depends on a [user-provided value](4).
This log entry depends on a [user-provided value](5).
This log entry depends on a [user-provided value](6)."
alibaba/nacos,config/src/main/java/com/alibaba/nacos/config/server/service/repository/extrnal/ExternalHistoryConfigInfoPersistServiceImpl.java,java/log-injection,ERROR,CWE-117,"This log entry depends on a [user-provided value](1).
This log entry depends on a [user-provided value](2)."
alibaba/nacos,console/src/main/java/com/alibaba/nacos/console/exception/ConsoleExceptionHandler.java,java/log-injection,ERROR,CWE-117,This log entry depends on a [user-provided value](1).
alibaba/nacos,console/src/main/java/com/alibaba/nacos/console/handler/impl/inner/config/ConfigInnerHandler.java,java/log-injection,ERROR,CWE-117,This log entry depends on a [user-provided value](1).
alibaba/nacos,console/src/main/java/com/alibaba/nacos/console/handler/impl/inner/core/PluginInnerHandler.java,java/log-injection,ERROR,CWE-117,"This log entry depends on a [user-provided value](1).
This log entry depends on a [user-provided value](2)."
alibaba/nacos,core/src/main/java/com/alibaba/nacos/core/auth/AbstractWebAuthFilter.java,java/log-injection,ERROR,CWE-117,This log entry depends on a [user-provided value](1).
alibaba/nacos,core/src/main/java/com/alibaba/nacos/core/auth/AbstractWebAuthFilter.java,java/log-injection,ERROR,CWE-117,This log entry depends on a [user-provided value](1).
alibaba/nacos,core/src/main/java/com/alibaba/nacos/core/cluster/ServerMemberManager.java,java/log-injection,ERROR,CWE-117,This log entry depends on a [user-provided value](1).
alibaba/nacos,core/src/main/java/com/alibaba/nacos/core/cluster/ServerMemberManager.java,java/log-injection,ERROR,CWE-117,This log entry depends on a [user-provided value](1).
alibaba/nacos,core/src/main/java/com/alibaba/nacos/core/controller/v3/ServerLoaderControllerV3.java,java/log-injection,ERROR,CWE-117,"This log entry depends on a [user-provided value](1).
This log entry depends on a [user-provided value](2)."
alibaba/nacos,core/src/main/java/com/alibaba/nacos/core/paramcheck/ParamCheckerFilter.java,java/log-injection,ERROR,CWE-117,This log entry depends on a [user-provided value](1).
alibaba/nacos,core/src/main/java/com/alibaba/nacos/core/plugin/PluginManager.java,java/log-injection,ERROR,CWE-117,"This log entry depends on a [user-provided value](1).
This log entry depends on a [user-provided value](2).
This log entry depends on a [user-provided value](3).
This log entry depends on a [user-provided value](4)."
alibaba/nacos,core/src/main/java/com/alibaba/nacos/core/plugin/PluginManager.java,java/log-injection,ERROR,CWE-117,"This log entry depends on a [user-provided value](1).
This log entry depends on a [user-provided value](2).
This log entry depends on a [user-provided value](3).
This log entry depends on a [user-provided value](4)."
alibaba/nacos,core/src/main/java/com/alibaba/nacos/core/plugin/PluginManager.java,java/log-injection,ERROR,CWE-117,"This log entry depends on a [user-provided value](1).
This log entry depends on a [user-provided value](2).
This log entry depends on a [user-provided value](3).
This log entry depends on a [user-provided value](4)."
alibaba/nacos,core/src/main/java/com/alibaba/nacos/core/plugin/PluginManager.java,java/log-injection,ERROR,CWE-117,"This log entry depends on a [user-provided value](1).
This log entry depends on a [user-provided value](2).
This log entry depends on a [user-provided value](3)."
alibaba/nacos,core/src/main/java/com/alibaba/nacos/core/plugin/PluginManager.java,java/log-injection,ERROR,CWE-117,"This log entry depends on a [user-provided value](1).
This log entry depends on a [user-provided value](2).
This log entry depends on a [user-provided value](3)."
alibaba/nacos,core/src/main/java/com/alibaba/nacos/core/plugin/storage/FilePluginStatePersistenceImpl.java,java/log-injection,ERROR,CWE-117,"This log entry depends on a [user-provided value](1).
This log entry depends on a [user-provided value](2).
This log entry depends on a [user-provided value](3).
This log entry depends on a [user-provided value](4)."
alibaba/nacos,core/src/main/java/com/alibaba/nacos/core/plugin/storage/FilePluginStatePersistenceImpl.java,java/log-injection,ERROR,CWE-117,"This log entry depends on a [user-provided value](1).
This log entry depends on a [user-provided value](2).
This log entry depends on a [user-provided value](3)."
alibaba/nacos,core/src/main/java/com/alibaba/nacos/core/remote/ConnectionManager.java,java/log-injection,ERROR,CWE-117,This log entry depends on a [user-provided value](1).
alibaba/nacos,core/src/main/java/com/alibaba/nacos/core/remote/ConnectionManager.java,java/log-injection,ERROR,CWE-117,This log entry depends on a [user-provided value](1).
alibaba/nacos,core/src/main/java/com/alibaba/nacos/core/service/NamespaceOperationService.java,java/log-injection,ERROR,CWE-117,"This log entry depends on a [user-provided value](1).
This log entry depends on a [user-provided value](2).
This log entry depends on a [user-provided value](3)."
alibaba/nacos,istio/src/main/java/com/alibaba/nacos/istio/common/IstioConfigProcessor.java,java/log-injection,ERROR,CWE-117,"This log entry depends on a [user-provided value](1).
This log entry depends on a [user-provided value](2).
This log entry depends on a [user-provided value](3).
This log entry depends on a [user-provided value](4).
This log entry depends on a [user-provided value](5).
This log entry depends on a [user-provided value](6).
This log entry depends on a [user-provided value](7).
This log entry depends on a [user-provided value](8).
This log entry depends on a [user-provided value](9)."
alibaba/nacos,maintainer-client/src/main/java/com/alibaba/nacos/maintainer/client/ai/A2aMaintainerServiceImpl.java,java/log-injection,ERROR,CWE-117,This log entry depends on a [user-provided value](1).
alibaba/nacos,maintainer-client/src/main/java/com/alibaba/nacos/maintainer/client/ai/A2aMaintainerServiceImpl.java,java/log-injection,ERROR,CWE-117,This log entry depends on a [user-provided value](1).
alibaba/nacos,maintainer-client/src/main/java/com/alibaba/nacos/maintainer/client/naming/NacosNamingMaintainerServiceImpl.java,java/log-injection,ERROR,CWE-117,This log entry depends on a [user-provided value](1).
alibaba/nacos,maintainer-client/src/main/java/com/alibaba/nacos/maintainer/client/naming/NacosNamingMaintainerServiceImpl.java,java/log-injection,ERROR,CWE-117,This log entry depends on a [user-provided value](1).
alibaba/nacos,naming/src/main/java/com/alibaba/nacos/naming/core/InstanceOperatorClientImpl.java,java/log-injection,ERROR,CWE-117,"This log entry depends on a [user-provided value](1).
This log entry depends on a [user-provided value](2).
This log entry depends on a [user-provided value](3).
This log entry depends on a [user-provided value](4)."
alibaba/nacos,naming/src/main/java/com/alibaba/nacos/naming/core/v2/client/manager/impl/HttpConnectionBasedClientManager.java,java/log-injection,ERROR,CWE-117,"This log entry depends on a [user-provided value](1).
This log entry depends on a [user-provided value](2)."
alibaba/nacos,naming/src/main/java/com/alibaba/nacos/naming/core/v2/index/NamingFuzzyWatchContextService.java,java/log-injection,ERROR,CWE-117,"This log entry depends on a [user-provided value](1).
This log entry depends on a [user-provided value](2).
This log entry depends on a [user-provided value](3).
This log entry depends on a [user-provided value](4).
This log entry depends on a [user-provided value](5).
This log entry depends on a [user-provided value](6).
This log entry depends on a [user-provided value](7).
This log entry depends on a [user-provided value](8).
This log entry depends on a [user-provided value](9).
This log entry"
alibaba/nacos,naming/src/main/java/com/alibaba/nacos/naming/core/v2/service/impl/EphemeralClientOperationServiceImpl.java,java/log-injection,ERROR,CWE-117,"This log entry depends on a [user-provided value](1).
This log entry depends on a [user-provided value](2).
This log entry depends on a [user-provided value](3).
This log entry depends on a [user-provided value](4).
This log entry depends on a [user-provided value](5).
This log entry depends on a [user-provided value](6).
This log entry depends on a [user-provided value](7).
This log entry depends on a [user-provided value](8).
This log entry depends on a [user-provided value](9).
This log entry"
alibaba/nacos,naming/src/main/java/com/alibaba/nacos/naming/core/v2/service/impl/EphemeralClientOperationServiceImpl.java,java/log-injection,ERROR,CWE-117,"This log entry depends on a [user-provided value](1).
This log entry depends on a [user-provided value](2).
This log entry depends on a [user-provided value](3).
This log entry depends on a [user-provided value](4).
This log entry depends on a [user-provided value](5).
This log entry depends on a [user-provided value](6).
This log entry depends on a [user-provided value](7).
This log entry depends on a [user-provided value](8).
This log entry depends on a [user-provided value](9).
This log entry"
alibaba/nacos,naming/src/main/java/com/alibaba/nacos/naming/misc/HttpClient.java,java/log-injection,ERROR,CWE-117,"This log entry depends on a [user-provided value](1).
This log entry depends on a [user-provided value](2)."
alibaba/nacos,naming/src/main/java/com/alibaba/nacos/naming/push/NamingFuzzyWatchChangeNotifier.java,java/log-injection,ERROR,CWE-117,"This log entry depends on a [user-provided value](1).
This log entry depends on a [user-provided value](2).
This log entry depends on a [user-provided value](3).
This log entry depends on a [user-provided value](4).
This log entry depends on a [user-provided value](5).
This log entry depends on a [user-provided value](6).
This log entry depends on a [user-provided value](7).
This log entry depends on a [user-provided value](8).
This log entry depends on a [user-provided value](9).
This log entry"
alibaba/nacos,naming/src/main/java/com/alibaba/nacos/naming/utils/ServiceUtil.java,java/log-injection,ERROR,CWE-117,"This log entry depends on a [user-provided value](1).
This log entry depends on a [user-provided value](2).
This log entry depends on a [user-provided value](3).
This log entry depends on a [user-provided value](4).
This log entry depends on a [user-provided value](5).
This log entry depends on a [user-provided value](6).
This log entry depends on a [user-provided value](7).
This log entry depends on a [user-provided value](8).
This log entry depends on a [user-provided value](9).
This log entry"
alibaba/nacos,plugin/encryption/src/main/java/com/alibaba/nacos/plugin/encryption/EncryptionPluginManager.java,java/log-injection,ERROR,CWE-117,"This log entry depends on a [user-provided value](1).
This log entry depends on a [user-provided value](2).
This log entry depends on a [user-provided value](3).
This log entry depends on a [user-provided value](4).
This log entry depends on a [user-provided value](5).
This log entry depends on a [user-provided value](6).
This log entry depends on a [user-provided value](7).
This log entry depends on a [user-provided value](8).
This log entry depends on a [user-provided value](9).
This log entry"
alibaba/nacos,plugin-default-impl/nacos-default-auth-plugin/src/main/java/com/alibaba/nacos/plugin/auth/impl/JwtAuthenticationEntryPoint.java,java/log-injection,ERROR,CWE-117,This log entry depends on a [user-provided value](1).
alibaba/nacos,plugin-default-impl/nacos-ldap-auth-plugin/src/main/java/com/alibaba/nacos/plugin/auth/impl/authenticate/LdapAuthenticationManager.java,java/log-injection,ERROR,CWE-117,"This log entry depends on a [user-provided value](1).
This log entry depends on a [user-provided value](2).
This log entry depends on a [user-provided value](3).
This log entry depends on a [user-provided value](4).
This log entry depends on a [user-provided value](5)."
alibaba/nacos,plugin-default-impl/nacos-oidc-auth-plugin/src/main/java/com/alibaba/nacos/plugin/auth/impl/oidc/authenticate/AuthorizationCodeHandler.java,java/log-injection,ERROR,CWE-117,This log entry depends on a [user-provided value](1).
alibaba/nacos,plugin-default-impl/nacos-oidc-auth-plugin/src/main/java/com/alibaba/nacos/plugin/auth/impl/oidc/controller/OidcLoginController.java,java/log-injection,ERROR,CWE-117,This log entry depends on a [user-provided value](1).
alibaba/nacos,plugin-default-impl/nacos-oidc-auth-plugin/src/main/java/com/alibaba/nacos/plugin/auth/impl/oidc/controller/OidcLoginController.java,java/log-injection,ERROR,CWE-117,This log entry depends on a [user-provided value](1).
alibaba/nacos,ai/src/main/java/com/alibaba/nacos/ai/index/CachedMcpServerIndex.java,java/log-injection,ERROR,CWE-117,"This log entry depends on a [user-provided value](1).
This log entry depends on a [user-provided value](2).
This log entry depends on a [user-provided value](3).
This log entry depends on a [user-provided value](4).
This log entry depends on a [user-provided value](5).
This log entry depends on a [user-provided value](6).
This log entry depends on a [user-provided value](7).
This log entry depends on a [user-provided value](8).
This log entry depends on a [user-provided value](9).
This log entry"
alibaba/nacos,ai/src/main/java/com/alibaba/nacos/ai/service/agent/AgentOperationService.java,java/log-injection,ERROR,CWE-117,"This log entry depends on a [user-provided value](1).
This log entry depends on a [user-provided value](2).
This log entry depends on a [user-provided value](3).
This log entry depends on a [user-provided value](4).
This log entry depends on a [user-provided value](5).
This log entry depends on a [user-provided value](6).
This log entry depends on a [user-provided value](7).
This log entry depends on a [user-provided value](8).
This log entry depends on a [user-provided value](9).
This log entry"
alibaba/nacos,ai/src/main/java/com/alibaba/nacos/ai/service/agent/AgentOperationService.java,java/log-injection,ERROR,CWE-117,"This log entry depends on a [user-provided value](1).
This log entry depends on a [user-provided value](2).
This log entry depends on a [user-provided value](3).
This log entry depends on a [user-provided value](4).
This log entry depends on a [user-provided value](5).
This log entry depends on a [user-provided value](6).
This log entry depends on a [user-provided value](7).
This log entry depends on a [user-provided value](8).
This log entry depends on a [user-provided value](9).
This log entry"
alibaba/nacos,ai/src/main/java/com/alibaba/nacos/ai/service/agent/watch/AgentHttpWatchService.java,java/log-injection,ERROR,CWE-117,This log entry depends on a [user-provided value](1).
alibaba/nacos,ai/src/main/java/com/alibaba/nacos/ai/service/agent/watch/AgentHttpWatchService.java,java/log-injection,ERROR,CWE-117,This log entry depends on a [user-provided value](1).
alibaba/nacos,ai/src/main/java/com/alibaba/nacos/ai/service/agent/watch/AgentHttpWatchService.java,java/log-injection,ERROR,CWE-117,This log entry depends on a [user-provided value](1).
alibaba/nacos,ai/src/main/java/com/alibaba/nacos/ai/service/agent/watch/AgentHttpWatchWaiter.java,java/log-injection,ERROR,CWE-117,This log entry depends on a [user-provided value](1).
alibaba/nacos,ai/src/main/java/com/alibaba/nacos/ai/service/agent/watch/AgentHttpWatchWaiter.java,java/log-injection,ERROR,CWE-117,This log entry depends on a [user-provided value](1).
alibaba/nacos,ai/src/main/java/com/alibaba/nacos/ai/service/agent/watch/AgentHttpWatchWaiter.java,java/log-injection,ERROR,CWE-117,This log entry depends on a [user-provided value](1).
alibaba/nacos,ai/src/main/java/com/alibaba/nacos/ai/service/agentspecs/AgentSpecOperationServiceImpl.java,java/log-injection,ERROR,CWE-117,This log entry depends on a [user-provided value](1).
alibaba/nacos,ai/src/main/java/com/alibaba/nacos/ai/service/agentspecs/AgentSpecOperationServiceImpl.java,java/log-injection,ERROR,CWE-117,This log entry depends on a [user-provided value](1).
alibaba/nacos,ai/src/main/java/com/alibaba/nacos/ai/service/agentspecs/AgentSpecOperationServiceImpl.java,java/log-injection,ERROR,CWE-117,This log entry depends on a [user-provided value](1).
alibaba/nacos,ai/src/main/java/com/alibaba/nacos/ai/service/agentspecs/AgentSpecOperationServiceImpl.java,java/log-injection,ERROR,CWE-117,"This log entry depends on a [user-provided value](1).
This log entry depends on a [user-provided value](2).
This log entry depends on a [user-provided value](3).
This log entry depends on a [user-provided value](4)."
alibaba/nacos,ai/src/main/java/com/alibaba/nacos/ai/service/agentspecs/AgentSpecOperationServiceImpl.java,java/log-injection,ERROR,CWE-117,"This log entry depends on a [user-provided value](1).
This log entry depends on a [user-provided value](2).
This log entry depends on a [user-provided value](3).
This log entry depends on a [user-provided value](4).
This log entry depends on a [user-provided value](5).
This log entry depends on a [user-provided value](6).
This log entry depends on a [user-provided value](7).
This log entry depends on a [user-provided value](8).
This log entry depends on a [user-provided value](9).
This log entry"
alibaba/nacos,ai/src/main/java/com/alibaba/nacos/ai/service/mcp/LegacyMcpOperationService.java,java/log-injection,ERROR,CWE-117,"This log entry depends on a [user-provided value](1).
This log entry depends on a [user-provided value](2).
This log entry depends on a [user-provided value](3).
This log entry depends on a [user-provided value](4).
This log entry depends on a [user-provided value](5).
This log entry depends on a [user-provided value](6)."
alibaba/nacos,ai/src/main/java/com/alibaba/nacos/ai/service/mcp/LegacyMcpOperationService.java,java/log-injection,ERROR,CWE-117,"This log entry depends on a [user-provided value](1).
This log entry depends on a [user-provided value](2)."
alibaba/nacos,ai/src/main/java/com/alibaba/nacos/ai/service/mcp/McpClientApplicationService.java,java/log-injection,ERROR,CWE-117,This log entry depends on a [user-provided value](1).
alibaba/nacos,ai/src/main/java/com/alibaba/nacos/ai/service/resource/AiResourceManager.java,java/log-injection,ERROR,CWE-117,"This log entry depends on a [user-provided value](1).
This log entry depends on a [user-provided value](2).
This log entry depends on a [user-provided value](3).
This log entry depends on a [user-provided value](4).
This log entry depends on a [user-provided value](5).
This log entry depends on a [user-provided value](6).
This log entry depends on a [user-provided value](7).
This log entry depends on a [user-provided value](8).
This log entry depends on a [user-provided value](9).
This log entry"
alibaba/nacos,ai/src/main/java/com/alibaba/nacos/ai/service/resource/AiResourceManager.java,java/log-injection,ERROR,CWE-117,"This log entry depends on a [user-provided value](1).
This log entry depends on a [user-provided value](2).
This log entry depends on a [user-provided value](3).
This log entry depends on a [user-provided value](4).
This log entry depends on a [user-provided value](5).
This log entry depends on a [user-provided value](6).
This log entry depends on a [user-provided value](7).
This log entry depends on a [user-provided value](8).
This log entry depends on a [user-provided value](9)."
alibaba/nacos,ai/src/main/java/com/alibaba/nacos/ai/service/resource/AiResourceManager.java,java/log-injection,ERROR,CWE-117,"This log entry depends on a [user-provided value](1).
This log entry depends on a [user-provided value](2).
This log entry depends on a [user-provided value](3).
This log entry depends on a [user-provided value](4).
This log entry depends on a [user-provided value](5).
This log entry depends on a [user-provided value](6).
This log entry depends on a [user-provided value](7).
This log entry depends on a [user-provided value](8)."
alibaba/nacos,ai/src/main/java/com/alibaba/nacos/ai/service/resource/AiResourceManager.java,java/log-injection,ERROR,CWE-117,"This log entry depends on a [user-provided value](1).
This log entry depends on a [user-provided value](2).
This log entry depends on a [user-provided value](3).
This log entry depends on a [user-provided value](4).
This log entry depends on a [user-provided value](5).
This log entry depends on a [user-provided value](6).
This log entry depends on a [user-provided value](7).
This log entry depends on a [user-provided value](8).
This log entry depends on a [user-provided value](9).
This log entry"
alibaba/nacos,ai/src/main/java/com/alibaba/nacos/ai/service/search/AiResourceIndexMaintenanceServiceImpl.java,java/log-injection,ERROR,CWE-117,"This log entry depends on a [user-provided value](1).
This log entry depends on a [user-provided value](2).
This log entry depends on a [user-provided value](3).
This log entry depends on a [user-provided value](4).
This log entry depends on a [user-provided value](5).
This log entry depends on a [user-provided value](6).
This log entry depends on a [user-provided value](7).
This log entry depends on a [user-provided value](8).
This log entry depends on a [user-provided value](9).
This log entry"
alibaba/nacos,ai/src/main/java/com/alibaba/nacos/ai/service/search/ConfigAiResourceSearchReadinessService.java,java/log-injection,ERROR,CWE-117,This log entry depends on a [user-provided value](1).
alibaba/nacos,ai/src/main/java/com/alibaba/nacos/ai/service/search/ConfigAiResourceSearchReadinessService.java,java/log-injection,ERROR,CWE-117,This log entry depends on a [user-provided value](1).
alibaba/nacos,ai/src/main/java/com/alibaba/nacos/ai/service/skills/SkillClientOperationServiceImpl.java,java/log-injection,ERROR,CWE-117,"This log entry depends on a [user-provided value](1).
This log entry depends on a [user-provided value](2).
This log entry depends on a [user-provided value](3)."
alibaba/nacos,ai/src/main/java/com/alibaba/nacos/ai/service/skills/SkillClientOperationServiceImpl.java,java/log-injection,ERROR,CWE-117,"This log entry depends on a [user-provided value](1).
This log entry depends on a [user-provided value](2).
This log entry depends on a [user-provided value](3)."
alibaba/nacos,ai/src/main/java/com/alibaba/nacos/ai/service/skills/SkillClientOperationServiceImpl.java,java/log-injection,ERROR,CWE-117,"This log entry depends on a [user-provided value](1).
This log entry depends on a [user-provided value](2).
This log entry depends on a [user-provided value](3)."
alibaba/nacos,client-basic/src/main/java/com/alibaba/nacos/client/auth/ram/identify/StsCredentialHolder.java,java/log-injection,ERROR,CWE-117,This log entry depends on a [user-provided value](1).
alibaba/nacos,common/src/main/java/com/alibaba/nacos/common/http/client/NacosRestTemplate.java,java/log-injection,ERROR,CWE-117,"This log entry depends on a [user-provided value](1).
This log entry depends on a [user-provided value](2).
This log entry depends on a [user-provided value](3).
This log entry depends on a [user-provided value](4).
This log entry depends on a [user-provided value](5).
This log entry depends on a [user-provided value](6)."
alibaba/nacos,config/src/main/java/com/alibaba/nacos/config/server/controller/v3/CapacityControllerV3.java,java/log-injection,ERROR,CWE-117,"This log entry depends on a [user-provided value](1).
This log entry depends on a [user-provided value](2)."
alibaba/nacos,config/src/main/java/com/alibaba/nacos/config/server/controller/v3/CapacityControllerV3.java,java/log-injection,ERROR,CWE-117,This log entry depends on a [user-provided value](1).
alibaba/nacos,config/src/main/java/com/alibaba/nacos/config/server/controller/v3/ConfigControllerV3.java,java/log-injection,ERROR,CWE-117,This log entry depends on a [user-provided value](1).
alibaba/nacos,config/src/main/java/com/alibaba/nacos/config/server/controller/v3/ConfigOpsControllerV3.java,java/log-injection,ERROR,CWE-117,"This log entry depends on a [user-provided value](1).
This log entry depends on a [user-provided value](2)."
alibaba/nacos,config/src/main/java/com/alibaba/nacos/config/server/controller/v3/MetricsControllerV3.java,java/log-injection,ERROR,CWE-117,"This log entry depends on a [user-provided value](1).
This log entry depends on a [user-provided value](2).
This log entry depends on a [user-provided value](3)."
alibaba/nacos,config/src/main/java/com/alibaba/nacos/config/server/controller/v3/MetricsControllerV3.java,java/log-injection,ERROR,CWE-117,"This log entry depends on a [user-provided value](1).
This log entry depends on a [user-provided value](2).
This log entry depends on a [user-provided value](3)."
alibaba/nacos,config/src/main/java/com/alibaba/nacos/config/server/controller/v3/MetricsControllerV3.java,java/log-injection,ERROR,CWE-117,"This log entry depends on a [user-provided value](1).
This log entry depends on a [user-provided value](2).
This log entry depends on a [user-provided value](3)."
alibaba/nacos,config/src/main/java/com/alibaba/nacos/config/server/controller/v3/MetricsControllerV3.java,java/log-injection,ERROR,CWE-117,"This log entry depends on a [user-provided value](1).
This log entry depends on a [user-provided value](2).
This log entry depends on a [user-provided value](3)."
alibaba/nacos,config/src/main/java/com/alibaba/nacos/config/server/service/ConfigOperationService.java,java/log-injection,ERROR,CWE-117,"This log entry depends on a [user-provided value](1).
This log entry depends on a [user-provided value](2).
This log entry depends on a [user-provided value](3).
This log entry depends on a [user-provided value](4).
This log entry depends on a [user-provided value](5).
This log entry depends on a [user-provided value](6).
This log entry depends on a [user-provided value](7).
This log entry depends on a [user-provided value](8).
This log entry depends on a [user-provided value](9).
This log entry"
alibaba/nacos,config/src/main/java/com/alibaba/nacos/config/server/service/ConfigOperationService.java,java/log-injection,ERROR,CWE-117,"This log entry depends on a [user-provided value](1).
This log entry depends on a [user-provided value](2).
This log entry depends on a [user-provided value](3).
This log entry depends on a [user-provided value](4).
This log entry depends on a [user-provided value](5).
This log entry depends on a [user-provided value](6).
This log entry depends on a [user-provided value](7).
This log entry depends on a [user-provided value](8).
This log entry depends on a [user-provided value](9).
This log entry"
alibaba/nacos,config/src/main/java/com/alibaba/nacos/config/server/service/ConfigOperationService.java,java/log-injection,ERROR,CWE-117,"This log entry depends on a [user-provided value](1).
This log entry depends on a [user-provided value](2).
This log entry depends on a [user-provided value](3).
This log entry depends on a [user-provided value](4).
This log entry depends on a [user-provided value](5).
This log entry depends on a [user-provided value](6).
This log entry depends on a [user-provided value](7).
This log entry depends on a [user-provided value](8).
This log entry depends on a [user-provided value](9).
This log entry"
alibaba/nacos,config/src/main/java/com/alibaba/nacos/config/server/service/LongPollingService.java,java/log-injection,ERROR,CWE-117,"This log entry depends on a [user-provided value](1).
This log entry depends on a [user-provided value](2)."
alibaba/nacos,config/src/main/java/com/alibaba/nacos/config/server/service/LongPollingService.java,java/log-injection,ERROR,CWE-117,"This log entry depends on a [user-provided value](1).
This log entry depends on a [user-provided value](2)."
alibaba/nacos,config/src/main/java/com/alibaba/nacos/config/server/service/LongPollingService.java,java/log-injection,ERROR,CWE-117,"This log entry depends on a [user-provided value](1).
This log entry depends on a [user-provided value](2)."
alibaba/nacos,config/src/main/java/com/alibaba/nacos/config/server/service/LongPollingService.java,java/log-injection,ERROR,CWE-117,"This log entry depends on a [user-provided value](1).
This log entry depends on a [user-provided value](2)."
alibaba/nacos,config/src/main/java/com/alibaba/nacos/config/server/service/capacity/CapacityService.java,java/log-injection,ERROR,CWE-117,"This log entry depends on a [user-provided value](1).
This log entry depends on a [user-provided value](2)."
alibaba/nacos,config/src/main/java/com/alibaba/nacos/config/server/service/capacity/CapacityService.java,java/log-injection,ERROR,CWE-117,"This log entry depends on a [user-provided value](1).
This log entry depends on a [user-provided value](2)."
alibaba/nacos,config/src/main/java/com/alibaba/nacos/config/server/service/listener/RemoteConfigListenerStateServiceImpl.java,java/log-injection,ERROR,CWE-117,This log entry depends on a [user-provided value](1).
alibaba/nacos,config/src/main/java/com/alibaba/nacos/config/server/service/repository/embedded/EmbeddedConfigInfoGrayPersistServiceImpl.java,java/log-injection,ERROR,CWE-117,"This log entry depends on a [user-provided value](1).
This log entry depends on a [user-provided value](2).
This log entry depends on a [user-provided value](3).
This log entry depends on a [user-provided value](4).
This log entry depends on a [user-provided value](5).
This log entry depends on a [user-provided value](6).
This log entry depends on a [user-provided value](7).
This log entry depends on a [user-provided value](8).
This log entry depends on a [user-provided value](9).
This log entry"
alibaba/nacos,config/src/main/java/com/alibaba/nacos/config/server/service/repository/embedded/EmbeddedConfigInfoGrayPersistServiceImpl.java,java/log-injection,ERROR,CWE-117,"This log entry depends on a [user-provided value](1).
This log entry depends on a [user-provided value](2).
This log entry depends on a [user-provided value](3).
This log entry depends on a [user-provided value](4).
This log entry depends on a [user-provided value](5).
This log entry depends on a [user-provided value](6).
This log entry depends on a [user-provided value](7).
This log entry depends on a [user-provided value](8).
This log entry depends on a [user-provided value](9).
This log entry"
alibaba/nacos,config/src/main/java/com/alibaba/nacos/config/server/service/repository/embedded/EmbeddedConfigInfoGrayPersistServiceImpl.java,java/log-injection,ERROR,CWE-117,"This log entry depends on a [user-provided value](1).
This log entry depends on a [user-provided value](2).
This log entry depends on a [user-provided value](3).
This log entry depends on a [user-provided value](4).
This log entry depends on a [user-provided value](5).
This log entry depends on a [user-provided value](6).
This log entry depends on a [user-provided value](7).
This log entry depends on a [user-provided value](8).
This log entry depends on a [user-provided value](9).
This log entry"
alibaba/nacos,config/src/main/java/com/alibaba/nacos/config/server/service/repository/embedded/EmbeddedConfigInfoPersistServiceImpl.java,java/log-injection,ERROR,CWE-117,"This log entry depends on a [user-provided value](1).
This log entry depends on a [user-provided value](2).
This log entry depends on a [user-provided value](3).
This log entry depends on a [user-provided value](4).
This log entry depends on a [user-provided value](5).
This log entry depends on a [user-provided value](6).
This log entry depends on a [user-provided value](7).
This log entry depends on a [user-provided value](8).
This log entry depends on a [user-provided value](9).
This log entry"
alibaba/nacos,config/src/main/java/com/alibaba/nacos/config/server/service/repository/embedded/EmbeddedConfigInfoPersistServiceImpl.java,java/log-injection,ERROR,CWE-117,"This log entry depends on a [user-provided value](1).
This log entry depends on a [user-provided value](2).
This log entry depends on a [user-provided value](3).
This log entry depends on a [user-provided value](4).
This log entry depends on a [user-provided value](5).
This log entry depends on a [user-provided value](6).
This log entry depends on a [user-provided value](7).
This log entry depends on a [user-provided value](8).
This log entry depends on a [user-provided value](9).
This log entry"
alibaba/nacos,config/src/main/java/com/alibaba/nacos/config/server/service/repository/extrnal/ExternalConfigInfoGrayPersistServiceImpl.java,java/log-injection,ERROR,CWE-117,"This log entry depends on a [user-provided value](1).
This log entry depends on a [user-provided value](2).
This log entry depends on a [user-provided value](3).
This log entry depends on a [user-provided value](4).
This log entry depends on a [user-provided value](5).
This log entry depends on a [user-provided value](6).
This log entry depends on a [user-provided value](7).
This log entry depends on a [user-provided value](8).
This log entry depends on a [user-provided value](9).
This log entry"
alibaba/nacos,config/src/main/java/com/alibaba/nacos/config/server/service/repository/extrnal/ExternalConfigInfoGrayPersistServiceImpl.java,java/log-injection,ERROR,CWE-117,"This log entry depends on a [user-provided value](1).
This log entry depends on a [user-provided value](2).
This log entry depends on a [user-provided value](3).
This log entry depends on a [user-provided value](4).
This log entry depends on a [user-provided value](5).
This log entry depends on a [user-provided value](6).
This log entry depends on a [user-provided value](7).
This log entry depends on a [user-provided value](8).
This log entry depends on a [user-provided value](9).
This log entry"
alibaba/nacos,config/src/main/java/com/alibaba/nacos/config/server/service/repository/extrnal/ExternalConfigInfoPersistServiceImpl.java,java/log-injection,ERROR,CWE-117,"This log entry depends on a [user-provided value](1).
This log entry depends on a [user-provided value](2).
This log entry depends on a [user-provided value](3).
This log entry depends on a [user-provided value](4).
This log entry depends on a [user-provided value](5).
This log entry depends on a [user-provided value](6).
This log entry depends on a [user-provided value](7).
This log entry depends on a [user-provided value](8).
This log entry depends on a [user-provided value](9).
This log entry"
alibaba/nacos,config/src/main/java/com/alibaba/nacos/config/server/service/repository/extrnal/ExternalConfigInfoPersistServiceImpl.java,java/log-injection,ERROR,CWE-117,"This log entry depends on a [user-provided value](1).
This log entry depends on a [user-provided value](2).
This log entry depends on a [user-provided value](3).
This log entry depends on a [user-provided value](4).
This log entry depends on a [user-provided value](5).
This log entry depends on a [user-provided value](6).
This log entry depends on a [user-provided value](7).
This log entry depends on a [user-provided value](8).
This log entry depends on a [user-provided value](9).
This log entry"
alibaba/nacos,config/src/main/java/com/alibaba/nacos/config/server/service/repository/extrnal/ExternalConfigInfoPersistServiceImpl.java,java/log-injection,ERROR,CWE-117,"This log entry depends on a [user-provided value](1).
This log entry depends on a [user-provided value](2).
This log entry depends on a [user-provided value](3).
This log entry depends on a [user-provided value](4).
This log entry depends on a [user-provided value](5).
This log entry depends on a [user-provided value](6).
This log entry depends on a [user-provided value](7).
This log entry depends on a [user-provided value](8).
This log entry depends on a [user-provided value](9).
This log entry"
alibaba/nacos,config/src/main/java/com/alibaba/nacos/config/server/service/repository/extrnal/ExternalConfigInfoPersistServiceImpl.java,java/log-injection,ERROR,CWE-117,"This log entry depends on a [user-provided value](1).
This log entry depends on a [user-provided value](2).
This log entry depends on a [user-provided value](3).
This log entry depends on a [user-provided value](4).
This log entry depends on a [user-provided value](5).
This log entry depends on a [user-provided value](6).
This log entry depends on a [user-provided value](7).
This log entry depends on a [user-provided value](8).
This log entry depends on a [user-provided value](9).
This log entry"
alibaba/nacos,config/src/main/java/com/alibaba/nacos/config/server/service/trace/ConfigTraceService.java,java/log-injection,ERROR,CWE-117,"This log entry depends on a [user-provided value](1).
This log entry depends on a [user-provided value](2).
This log entry depends on a [user-provided value](3).
This log entry depends on a [user-provided value](4).
This log entry depends on a [user-provided value](5).
This log entry depends on a [user-provided value](6).
This log entry depends on a [user-provided value](7).
This log entry depends on a [user-provided value](8).
This log entry depends on a [user-provided value](9).
This log entry"
alibaba/nacos,config/src/main/java/com/alibaba/nacos/config/server/service/trace/ConfigTraceService.java,java/log-injection,ERROR,CWE-117,"This log entry depends on a [user-provided value](1).
This log entry depends on a [user-provided value](2)."
alibaba/nacos,console/src/main/java/com/alibaba/nacos/console/handler/impl/inner/config/ConfigInnerHandler.java,java/log-injection,ERROR,CWE-117,This log entry depends on a [user-provided value](1).
alibaba/nacos,console/src/main/java/com/alibaba/nacos/console/handler/impl/inner/core/PluginInnerHandler.java,java/log-injection,ERROR,CWE-117,"This log entry depends on a [user-provided value](1).
This log entry depends on a [user-provided value](2)."
alibaba/nacos,core/src/main/java/com/alibaba/nacos/core/auth/AbstractWebAuthFilter.java,java/log-injection,ERROR,CWE-117,This log entry depends on a [user-provided value](1).
alibaba/nacos,core/src/main/java/com/alibaba/nacos/core/plugin/config/PluginConfigService.java,java/log-injection,ERROR,CWE-117,"This log entry depends on a [user-provided value](1).
This log entry depends on a [user-provided value](2).
This log entry depends on a [user-provided value](3)."
alibaba/nacos,naming/src/main/java/com/alibaba/nacos/naming/core/v2/service/impl/PersistentClientOperationServiceImpl.java,java/log-injection,ERROR,CWE-117,"This log entry depends on a [user-provided value](1).
This log entry depends on a [user-provided value](2).
This log entry depends on a [user-provided value](3).
This log entry depends on a [user-provided value](4).
This log entry depends on a [user-provided value](5).
This log entry depends on a [user-provided value](6).
This log entry depends on a [user-provided value](7).
This log entry depends on a [user-provided value](8).
This log entry depends on a [user-provided value](9).
This log entry"
alibaba/nacos,naming/src/main/java/com/alibaba/nacos/naming/core/v2/service/impl/PersistentClientOperationServiceImpl.java,java/log-injection,ERROR,CWE-117,"This log entry depends on a [user-provided value](1).
This log entry depends on a [user-provided value](2).
This log entry depends on a [user-provided value](3).
This log entry depends on a [user-provided value](4)."
alibaba/nacos,plugin-default-impl/nacos-oidc-auth-plugin/src/main/java/com/alibaba/nacos/plugin/auth/impl/oidc/OidcAuthorityProvider.java,java/log-injection,ERROR,CWE-117,"This log entry depends on a [user-provided value](1).
This log entry depends on a [user-provided value](2).
This log entry depends on a [user-provided value](3).
This log entry depends on a [user-provided value](4).
This log entry depends on a [user-provided value](5).
This log entry depends on a [user-provided value](6).
This log entry depends on a [user-provided value](7).
This log entry depends on a [user-provided value](8).
This log entry depends on a [user-provided value](9).
This log entry"
alibaba/nacos,plugin-default-impl/nacos-oidc-auth-plugin/src/main/java/com/alibaba/nacos/plugin/auth/impl/oidc/OidcAuthorityProvider.java,java/log-injection,ERROR,CWE-117,"This log entry depends on a [user-provided value](1).
This log entry depends on a [user-provided value](2).
This log entry depends on a [user-provided value](3).
This log entry depends on a [user-provided value](4).
This log entry depends on a [user-provided value](5).
This log entry depends on a [user-provided value](6).
This log entry depends on a [user-provided value](7).
This log entry depends on a [user-provided value](8).
This log entry depends on a [user-provided value](9).
This log entry"
alibaba/nacos,plugin-default-impl/nacos-oidc-auth-plugin/src/main/java/com/alibaba/nacos/plugin/auth/impl/oidc/authenticate/OidcAuthenticationManager.java,java/log-injection,ERROR,CWE-117,"This log entry depends on a [user-provided value](1).
This log entry depends on a [user-provided value](2).
This log entry depends on a [user-provided value](3).
This log entry depends on a [user-provided value](4).
This log entry depends on a [user-provided value](5).
This log entry depends on a [user-provided value](6).
This log entry depends on a [user-provided value](7).
This log entry depends on a [user-provided value](8).
This log entry depends on a [user-provided value](9).
This log entry"
alibaba/nacos,plugin-default-impl/nacos-oidc-auth-plugin/src/main/java/com/alibaba/nacos/plugin/auth/impl/oidc/authenticate/OidcAuthenticationManager.java,java/log-injection,ERROR,CWE-117,"This log entry depends on a [user-provided value](1).
This log entry depends on a [user-provided value](2).
This log entry depends on a [user-provided value](3).
This log entry depends on a [user-provided value](4).
This log entry depends on a [user-provided value](5).
This log entry depends on a [user-provided value](6).
This log entry depends on a [user-provided value](7).
This log entry depends on a [user-provided value](8).
This log entry depends on a [user-provided value](9).
This log entry"
alibaba/nacos,ai/src/main/java/com/alibaba/nacos/ai/pipeline/repository/PipelineExecutionRepositoryImpl.java,java/tainted-arithmetic,WARNING,CWE-190; CWE-191,"This arithmetic expression depends on a [user-provided value](1), potentially causing an overflow.
This arithmetic expression depends on a [user-provided value](2), potentially causing an overflow.
This arithmetic expression depends on a [user-provided value](3), potentially causing an overflow.
This arithmetic expression depends on a [user-provided value](4), potentially causing an overflow."
alibaba/nacos,ai/src/main/java/com/alibaba/nacos/ai/service/a2a/A2aServerOperationService.java,java/tainted-arithmetic,WARNING,CWE-190; CWE-191,"This arithmetic expression depends on a [user-provided value](1), potentially causing an underflow.
This arithmetic expression depends on a [user-provided value](2), potentially causing an underflow.
This arithmetic expression depends on a [user-provided value](1), potentially causing an overflow.
This arithmetic expression depends on a [user-provided value](2), potentially causing an overflow."
alibaba/nacos,ai/src/main/java/com/alibaba/nacos/ai/service/a2a/A2aServerOperationService.java,java/tainted-arithmetic,WARNING,CWE-190; CWE-191,"This arithmetic expression depends on a [user-provided value](1), potentially causing an underflow.
This arithmetic expression depends on a [user-provided value](2), potentially causing an underflow."
alibaba/nacos,ai/src/main/java/com/alibaba/nacos/ai/service/a2a/A2aServerOperationService.java,java/tainted-arithmetic,WARNING,CWE-190; CWE-191,"This arithmetic expression depends on a [user-provided value](1), potentially causing an overflow.
This arithmetic expression depends on a [user-provided value](2), potentially causing an overflow."
alibaba/nacos,ai/src/main/java/com/alibaba/nacos/ai/service/agent/AgentDiscoveryApplicationService.java,java/tainted-arithmetic,WARNING,CWE-190; CWE-191,"This arithmetic expression depends on a [user-provided value](1), potentially causing an underflow."
alibaba/nacos,ai/src/main/java/com/alibaba/nacos/ai/service/agent/AgentDiscoveryApplicationService.java,java/tainted-arithmetic,WARNING,CWE-190; CWE-191,"This arithmetic expression depends on a [user-provided value](1), potentially causing an overflow."
alibaba/nacos,ai/src/main/java/com/alibaba/nacos/ai/service/pipeline/PipelineQueryService.java,java/tainted-arithmetic,WARNING,CWE-190; CWE-191,"This arithmetic expression depends on a [user-provided value](1), potentially causing an underflow.
This arithmetic expression depends on a [user-provided value](2), potentially causing an underflow.
This arithmetic expression depends on a [user-provided value](3), potentially causing an underflow.
This arithmetic expression depends on a [user-provided value](4), potentially causing an underflow.
This arithmetic expression depends on a [user-provided value](1), potentially causing an overflow.
T"
alibaba/nacos,ai/src/main/java/com/alibaba/nacos/ai/service/pipeline/PipelineQueryService.java,java/tainted-arithmetic,WARNING,CWE-190; CWE-191,"This arithmetic expression depends on a [user-provided value](1), potentially causing an underflow.
This arithmetic expression depends on a [user-provided value](2), potentially causing an underflow.
This arithmetic expression depends on a [user-provided value](3), potentially causing an underflow.
This arithmetic expression depends on a [user-provided value](4), potentially causing an underflow."
alibaba/nacos,ai/src/main/java/com/alibaba/nacos/ai/service/pipeline/PipelineQueryService.java,java/tainted-arithmetic,WARNING,CWE-190; CWE-191,"This arithmetic expression depends on a [user-provided value](1), potentially causing an overflow.
This arithmetic expression depends on a [user-provided value](2), potentially causing an overflow.
This arithmetic expression depends on a [user-provided value](3), potentially causing an overflow.
This arithmetic expression depends on a [user-provided value](4), potentially causing an overflow."
alibaba/nacos,ai/src/main/java/com/alibaba/nacos/ai/service/repository/AiResourcePersistServiceImpl.java,java/tainted-arithmetic,WARNING,CWE-190; CWE-191,"This arithmetic expression depends on a [user-provided value](1), potentially causing an underflow.
This arithmetic expression depends on a [user-provided value](2), potentially causing an underflow.
This arithmetic expression depends on a [user-provided value](3), potentially causing an underflow.
This arithmetic expression depends on a [user-provided value](4), potentially causing an underflow.
This arithmetic expression depends on a [user-provided value](5), potentially causing an underflow.
"
alibaba/nacos,ai/src/main/java/com/alibaba/nacos/ai/service/repository/AiResourcePersistServiceImpl.java,java/tainted-arithmetic,WARNING,CWE-190; CWE-191,"This arithmetic expression depends on a [user-provided value](1), potentially causing an underflow.
This arithmetic expression depends on a [user-provided value](2), potentially causing an underflow.
This arithmetic expression depends on a [user-provided value](3), potentially causing an underflow.
This arithmetic expression depends on a [user-provided value](4), potentially causing an underflow.
This arithmetic expression depends on a [user-provided value](5), potentially causing an underflow.
"
alibaba/nacos,ai/src/main/java/com/alibaba/nacos/ai/service/repository/AiResourceVersionPersistServiceImpl.java,java/tainted-arithmetic,WARNING,CWE-190; CWE-191,"This arithmetic expression depends on a [user-provided value](1), potentially causing an underflow.
This arithmetic expression depends on a [user-provided value](2), potentially causing an underflow.
This arithmetic expression depends on a [user-provided value](3), potentially causing an underflow.
This arithmetic expression depends on a [user-provided value](4), potentially causing an underflow.
This arithmetic expression depends on a [user-provided value](5), potentially causing an underflow.
"
alibaba/nacos,ai/src/main/java/com/alibaba/nacos/ai/service/repository/AiResourceVersionPersistServiceImpl.java,java/tainted-arithmetic,WARNING,CWE-190; CWE-191,"This arithmetic expression depends on a [user-provided value](1), potentially causing an underflow.
This arithmetic expression depends on a [user-provided value](2), potentially causing an underflow.
This arithmetic expression depends on a [user-provided value](3), potentially causing an underflow.
This arithmetic expression depends on a [user-provided value](4), potentially causing an underflow.
This arithmetic expression depends on a [user-provided value](5), potentially causing an underflow.
"
alibaba/nacos,ai/src/main/java/com/alibaba/nacos/ai/service/repository/EmbeddedAiResourcePersistServiceImpl.java,java/tainted-arithmetic,WARNING,CWE-190; CWE-191,"This arithmetic expression depends on a [user-provided value](1), potentially causing an underflow.
This arithmetic expression depends on a [user-provided value](2), potentially causing an underflow.
This arithmetic expression depends on a [user-provided value](3), potentially causing an underflow.
This arithmetic expression depends on a [user-provided value](4), potentially causing an underflow.
This arithmetic expression depends on a [user-provided value](5), potentially causing an underflow.
"
alibaba/nacos,ai/src/main/java/com/alibaba/nacos/ai/service/repository/EmbeddedAiResourcePersistServiceImpl.java,java/tainted-arithmetic,WARNING,CWE-190; CWE-191,"This arithmetic expression depends on a [user-provided value](1), potentially causing an underflow.
This arithmetic expression depends on a [user-provided value](2), potentially causing an underflow.
This arithmetic expression depends on a [user-provided value](3), potentially causing an underflow.
This arithmetic expression depends on a [user-provided value](4), potentially causing an underflow.
This arithmetic expression depends on a [user-provided value](5), potentially causing an underflow.
"
alibaba/nacos,ai/src/main/java/com/alibaba/nacos/ai/service/repository/EmbeddedAiResourceVersionPersistServiceImpl.java,java/tainted-arithmetic,WARNING,CWE-190; CWE-191,"This arithmetic expression depends on a [user-provided value](1), potentially causing an underflow.
This arithmetic expression depends on a [user-provided value](2), potentially causing an underflow.
This arithmetic expression depends on a [user-provided value](3), potentially causing an underflow.
This arithmetic expression depends on a [user-provided value](4), potentially causing an underflow.
This arithmetic expression depends on a [user-provided value](5), potentially causing an underflow.
"
alibaba/nacos,ai/src/main/java/com/alibaba/nacos/ai/service/repository/EmbeddedAiResourceVersionPersistServiceImpl.java,java/tainted-arithmetic,WARNING,CWE-190; CWE-191,"This arithmetic expression depends on a [user-provided value](1), potentially causing an underflow.
This arithmetic expression depends on a [user-provided value](2), potentially causing an underflow.
This arithmetic expression depends on a [user-provided value](3), potentially causing an underflow.
This arithmetic expression depends on a [user-provided value](4), potentially causing an underflow.
This arithmetic expression depends on a [user-provided value](5), potentially causing an underflow.
"
alibaba/nacos,config/src/main/java/com/alibaba/nacos/config/server/service/repository/embedded/EmbeddedConfigInfoPersistServiceImpl.java,java/tainted-arithmetic,WARNING,CWE-190; CWE-191,"This arithmetic expression depends on a [user-provided value](1), potentially causing an underflow.
This arithmetic expression depends on a [user-provided value](1), potentially causing an overflow."
alibaba/nacos,config/src/main/java/com/alibaba/nacos/config/server/service/repository/embedded/EmbeddedConfigInfoPersistServiceImpl.java,java/tainted-arithmetic,WARNING,CWE-190; CWE-191,"This arithmetic expression depends on a [user-provided value](1), potentially causing an underflow."
alibaba/nacos,config/src/main/java/com/alibaba/nacos/config/server/service/repository/embedded/EmbeddedHistoryConfigInfoPersistServiceImpl.java,java/tainted-arithmetic,WARNING,CWE-190; CWE-191,"This arithmetic expression depends on a [user-provided value](1), potentially causing an underflow.
This arithmetic expression depends on a [user-provided value](2), potentially causing an underflow."
alibaba/nacos,config/src/main/java/com/alibaba/nacos/config/server/service/repository/extrnal/ExternalConfigInfoPersistServiceImpl.java,java/tainted-arithmetic,WARNING,CWE-190; CWE-191,"This arithmetic expression depends on a [user-provided value](1), potentially causing an underflow.
This arithmetic expression depends on a [user-provided value](1), potentially causing an overflow."
alibaba/nacos,config/src/main/java/com/alibaba/nacos/config/server/service/repository/extrnal/ExternalConfigInfoPersistServiceImpl.java,java/tainted-arithmetic,WARNING,CWE-190; CWE-191,"This arithmetic expression depends on a [user-provided value](1), potentially causing an underflow."
alibaba/nacos,config/src/main/java/com/alibaba/nacos/config/server/service/repository/extrnal/ExternalHistoryConfigInfoPersistServiceImpl.java,java/tainted-arithmetic,WARNING,CWE-190; CWE-191,"This arithmetic expression depends on a [user-provided value](1), potentially causing an underflow.
This arithmetic expression depends on a [user-provided value](2), potentially causing an underflow."
alibaba/nacos,core/src/main/java/com/alibaba/nacos/core/service/NacosServerLoaderService.java,java/tainted-arithmetic,WARNING,CWE-190; CWE-191,"This arithmetic expression depends on a [user-provided value](1), potentially causing an overflow."
alibaba/nacos,core/src/main/java/com/alibaba/nacos/core/utils/PageUtil.java,java/tainted-arithmetic,WARNING,CWE-190; CWE-191,"This arithmetic expression depends on a [user-provided value](1), potentially causing an overflow.
This arithmetic expression depends on a [user-provided value](2), potentially causing an overflow.
This arithmetic expression depends on a [user-provided value](3), potentially causing an overflow.
This arithmetic expression depends on a [user-provided value](4), potentially causing an overflow.
This arithmetic expression depends on a [user-provided value](5), potentially causing an overflow."
alibaba/nacos,core/src/main/java/com/alibaba/nacos/core/utils/PageUtil.java,java/tainted-arithmetic,WARNING,CWE-190; CWE-191,"This arithmetic expression depends on a [user-provided value](1), potentially causing an underflow.
This arithmetic expression depends on a [user-provided value](2), potentially causing an underflow.
This arithmetic expression depends on a [user-provided value](3), potentially causing an underflow.
This arithmetic expression depends on a [user-provided value](4), potentially causing an underflow.
This arithmetic expression depends on a [user-provided value](5), potentially causing an underflow.
"
alibaba/nacos,core/src/main/java/com/alibaba/nacos/core/utils/PageUtil.java,java/tainted-arithmetic,WARNING,CWE-190; CWE-191,"This arithmetic expression depends on a [user-provided value](1), potentially causing an underflow.
This arithmetic expression depends on a [user-provided value](2), potentially causing an underflow.
This arithmetic expression depends on a [user-provided value](3), potentially causing an underflow.
This arithmetic expression depends on a [user-provided value](4), potentially causing an underflow.
This arithmetic expression depends on a [user-provided value](5), potentially causing an underflow."
alibaba/nacos,core/src/main/java/com/alibaba/nacos/core/utils/PageUtil.java,java/tainted-arithmetic,WARNING,CWE-190; CWE-191,"This arithmetic expression depends on a [user-provided value](1), potentially causing an overflow.
This arithmetic expression depends on a [user-provided value](2), potentially causing an overflow.
This arithmetic expression depends on a [user-provided value](3), potentially causing an overflow.
This arithmetic expression depends on a [user-provided value](4), potentially causing an overflow.
This arithmetic expression depends on a [user-provided value](5), potentially causing an overflow."
alibaba/nacos,plugin-default-impl/nacos-default-auth-plugin/src/main/java/com/alibaba/nacos/plugin/auth/impl/persistence/handler/support/DerbyPageHandlerAdapter.java,java/tainted-arithmetic,WARNING,CWE-190; CWE-191,"This arithmetic expression depends on a [user-provided value](1), potentially causing an overflow.
This arithmetic expression depends on a [user-provided value](2), potentially causing an overflow.
This arithmetic expression depends on a [user-provided value](3), potentially causing an overflow."
alibaba/nacos,plugin-default-impl/nacos-default-auth-plugin/src/main/java/com/alibaba/nacos/plugin/auth/impl/persistence/handler/support/MysqlPageHandlerAdapter.java,java/tainted-arithmetic,WARNING,CWE-190; CWE-191,"This arithmetic expression depends on a [user-provided value](1), potentially causing an overflow.
This arithmetic expression depends on a [user-provided value](2), potentially causing an overflow.
This arithmetic expression depends on a [user-provided value](3), potentially causing an overflow."
alibaba/nacos,client/src/test/java/com/alibaba/nacos/client/config/impl/LocalConfigInfoProcessorTest.java,java/local-temp-file-or-directory-information-disclosure,WARNING,CWE-200; CWE-732,Local information disclosure vulnerability due to use of file readable by other local users.
alibaba/nacos,client/src/test/java/com/alibaba/nacos/client/naming/utils/ConcurrentDiskUtilTest.java,java/local-temp-file-or-directory-information-disclosure,WARNING,CWE-200; CWE-732,Local information disclosure vulnerability due to use of file readable by other local users.
alibaba/nacos,client/src/test/java/com/alibaba/nacos/client/naming/utils/ConcurrentDiskUtilTest.java,java/local-temp-file-or-directory-information-disclosure,WARNING,CWE-200; CWE-732,Local information disclosure vulnerability due to use of file readable by other local users.
alibaba/nacos,common/src/test/java/com/alibaba/nacos/common/http/client/request/JdkHttpClientRequestTest.java,java/local-temp-file-or-directory-information-disclosure,WARNING,CWE-200; CWE-732,Local information disclosure vulnerability due to use of file readable by other local users.
alibaba/nacos,common/src/test/java/com/alibaba/nacos/common/utils/IoUtilsTest.java,java/local-temp-file-or-directory-information-disclosure,WARNING,CWE-200; CWE-732,Local information disclosure vulnerability due to use of file readable by other local users.
alibaba/nacos,common/src/test/java/com/alibaba/nacos/common/utils/IoUtilsTest.java,java/local-temp-file-or-directory-information-disclosure,WARNING,CWE-200; CWE-732,Local information disclosure vulnerability due to use of file readable by other local users.
alibaba/nacos,common/src/test/java/com/alibaba/nacos/common/utils/ResourceUtilsTest.java,java/local-temp-file-or-directory-information-disclosure,WARNING,CWE-200; CWE-732,Local information disclosure vulnerability due to use of file readable by other local users.
alibaba/nacos,common/src/test/java/com/alibaba/nacos/common/utils/ResourceUtilsTest.java,java/local-temp-file-or-directory-information-disclosure,WARNING,CWE-200; CWE-732,Local information disclosure vulnerability due to use of file readable by other local users.
alibaba/nacos,core/src/test/java/com/alibaba/nacos/core/persistence/DistributedDatabaseOperateImplTest.java,java/local-temp-file-or-directory-information-disclosure,WARNING,CWE-200; CWE-732,Local information disclosure vulnerability due to use of file readable by other local users.
alibaba/nacos,common/src/main/java/com/alibaba/nacos/common/utils/MD5Utils.java,java/potentially-weak-cryptographic-algorithm,WARNING,CWE-327; CWE-328,Cryptographic algorithm [MD5](1) may not be secure. Consider using a different algorithm.
alibaba/nacos,ai/src/main/java/com/alibaba/nacos/ai/controller/A2aAdminController.java,java/csrf-unprotected-request-type,ERROR,CWE-352,"Potential CSRF vulnerability due to using an HTTP request type which is not default-protected from CSRF for an apparent [state-changing action](1).
Potential CSRF vulnerability due to using an HTTP request type which is not default-protected from CSRF for an apparent [state-changing action](2).
Potential CSRF vulnerability due to using an HTTP request type which is not default-protected from CSRF for an apparent [state-changing action](3).
Potential CSRF vulnerability due to using an HTTP reques"
alibaba/nacos,ai/src/main/java/com/alibaba/nacos/ai/controller/A2aAdminController.java,java/csrf-unprotected-request-type,ERROR,CWE-352,"Potential CSRF vulnerability due to using an HTTP request type which is not default-protected from CSRF for an apparent [state-changing action](1).
Potential CSRF vulnerability due to using an HTTP request type which is not default-protected from CSRF for an apparent [state-changing action](2).
Potential CSRF vulnerability due to using an HTTP request type which is not default-protected from CSRF for an apparent [state-changing action](3).
Potential CSRF vulnerability due to using an HTTP reques"
alibaba/nacos,ai/src/main/java/com/alibaba/nacos/ai/controller/A2aAdminController.java,java/csrf-unprotected-request-type,ERROR,CWE-352,"Potential CSRF vulnerability due to using an HTTP request type which is not default-protected from CSRF for an apparent [state-changing action](1).
Potential CSRF vulnerability due to using an HTTP request type which is not default-protected from CSRF for an apparent [state-changing action](2).
Potential CSRF vulnerability due to using an HTTP request type which is not default-protected from CSRF for an apparent [state-changing action](3).
Potential CSRF vulnerability due to using an HTTP reques"
alibaba/nacos,ai/src/main/java/com/alibaba/nacos/ai/controller/AgentClientController.java,java/csrf-unprotected-request-type,ERROR,CWE-352,"Potential CSRF vulnerability due to using an HTTP request type which is not default-protected from CSRF for an apparent [state-changing action](1).
Potential CSRF vulnerability due to using an HTTP request type which is not default-protected from CSRF for an apparent [state-changing action](2).
Potential CSRF vulnerability due to using an HTTP request type which is not default-protected from CSRF for an apparent [state-changing action](3).
Potential CSRF vulnerability due to using an HTTP reques"
alibaba/nacos,ai/src/main/java/com/alibaba/nacos/ai/controller/AgentSpecClientController.java,java/csrf-unprotected-request-type,ERROR,CWE-352,"Potential CSRF vulnerability due to using an HTTP request type which is not default-protected from CSRF for an apparent [state-changing action](1).
Potential CSRF vulnerability due to using an HTTP request type which is not default-protected from CSRF for an apparent [state-changing action](2).
Potential CSRF vulnerability due to using an HTTP request type which is not default-protected from CSRF for an apparent [state-changing action](3).
Potential CSRF vulnerability due to using an HTTP reques"
alibaba/nacos,ai/src/main/java/com/alibaba/nacos/ai/controller/AgentSpecClientController.java,java/csrf-unprotected-request-type,ERROR,CWE-352,Potential CSRF vulnerability due to using an HTTP request type which is not default-protected from CSRF for an apparent [state-changing action](1).
alibaba/nacos,ai/src/main/java/com/alibaba/nacos/ai/controller/AiResourceSearchClientController.java,java/csrf-unprotected-request-type,ERROR,CWE-352,"Potential CSRF vulnerability due to using an HTTP request type which is not default-protected from CSRF for an apparent [state-changing action](1).
Potential CSRF vulnerability due to using an HTTP request type which is not default-protected from CSRF for an apparent [state-changing action](2).
Potential CSRF vulnerability due to using an HTTP request type which is not default-protected from CSRF for an apparent [state-changing action](3).
Potential CSRF vulnerability due to using an HTTP reques"
alibaba/nacos,ai/src/main/java/com/alibaba/nacos/ai/controller/McpAdminController.java,java/csrf-unprotected-request-type,ERROR,CWE-352,"Potential CSRF vulnerability due to using an HTTP request type which is not default-protected from CSRF for an apparent [state-changing action](1).
Potential CSRF vulnerability due to using an HTTP request type which is not default-protected from CSRF for an apparent [state-changing action](2).
Potential CSRF vulnerability due to using an HTTP request type which is not default-protected from CSRF for an apparent [state-changing action](3).
Potential CSRF vulnerability due to using an HTTP reques"
alibaba/nacos,ai/src/main/java/com/alibaba/nacos/ai/controller/McpClientController.java,java/csrf-unprotected-request-type,ERROR,CWE-352,"Potential CSRF vulnerability due to using an HTTP request type which is not default-protected from CSRF for an apparent [state-changing action](1).
Potential CSRF vulnerability due to using an HTTP request type which is not default-protected from CSRF for an apparent [state-changing action](2).
Potential CSRF vulnerability due to using an HTTP request type which is not default-protected from CSRF for an apparent [state-changing action](3).
Potential CSRF vulnerability due to using an HTTP reques"
alibaba/nacos,ai/src/main/java/com/alibaba/nacos/ai/controller/McpClientController.java,java/csrf-unprotected-request-type,ERROR,CWE-352,"Potential CSRF vulnerability due to using an HTTP request type which is not default-protected from CSRF for an apparent [state-changing action](1).
Potential CSRF vulnerability due to using an HTTP request type which is not default-protected from CSRF for an apparent [state-changing action](2).
Potential CSRF vulnerability due to using an HTTP request type which is not default-protected from CSRF for an apparent [state-changing action](3).
Potential CSRF vulnerability due to using an HTTP reques"
alibaba/nacos,ai/src/main/java/com/alibaba/nacos/ai/controller/PipelineAdminController.java,java/csrf-unprotected-request-type,ERROR,CWE-352,Potential CSRF vulnerability due to using an HTTP request type which is not default-protected from CSRF for an apparent [state-changing action](1).
alibaba/nacos,ai/src/main/java/com/alibaba/nacos/ai/controller/PipelineAdminController.java,java/csrf-unprotected-request-type,ERROR,CWE-352,Potential CSRF vulnerability due to using an HTTP request type which is not default-protected from CSRF for an apparent [state-changing action](1).
alibaba/nacos,ai/src/main/java/com/alibaba/nacos/ai/controller/PipelineAdminController.java,java/csrf-unprotected-request-type,ERROR,CWE-352,Potential CSRF vulnerability due to using an HTTP request type which is not default-protected from CSRF for an apparent [state-changing action](1).
alibaba/nacos,ai/src/main/java/com/alibaba/nacos/ai/controller/PipelineAdminController.java,java/csrf-unprotected-request-type,ERROR,CWE-352,Potential CSRF vulnerability due to using an HTTP request type which is not default-protected from CSRF for an apparent [state-changing action](1).
alibaba/nacos,ai/src/main/java/com/alibaba/nacos/ai/controller/PromptAdminController.java,java/csrf-unprotected-request-type,ERROR,CWE-352,"Potential CSRF vulnerability due to using an HTTP request type which is not default-protected from CSRF for an apparent [state-changing action](1).
Potential CSRF vulnerability due to using an HTTP request type which is not default-protected from CSRF for an apparent [state-changing action](2).
Potential CSRF vulnerability due to using an HTTP request type which is not default-protected from CSRF for an apparent [state-changing action](3).
Potential CSRF vulnerability due to using an HTTP reques"
alibaba/nacos,ai/src/main/java/com/alibaba/nacos/ai/controller/PromptClientController.java,java/csrf-unprotected-request-type,ERROR,CWE-352,"Potential CSRF vulnerability due to using an HTTP request type which is not default-protected from CSRF for an apparent [state-changing action](1).
Potential CSRF vulnerability due to using an HTTP request type which is not default-protected from CSRF for an apparent [state-changing action](2).
Potential CSRF vulnerability due to using an HTTP request type which is not default-protected from CSRF for an apparent [state-changing action](3).
Potential CSRF vulnerability due to using an HTTP reques"
alibaba/nacos,ai/src/main/java/com/alibaba/nacos/ai/controller/SkillAdminController.java,java/csrf-unprotected-request-type,ERROR,CWE-352,"Potential CSRF vulnerability due to using an HTTP request type which is not default-protected from CSRF for an apparent [state-changing action](1).
Potential CSRF vulnerability due to using an HTTP request type which is not default-protected from CSRF for an apparent [state-changing action](2).
Potential CSRF vulnerability due to using an HTTP request type which is not default-protected from CSRF for an apparent [state-changing action](3).
Potential CSRF vulnerability due to using an HTTP reques"
alibaba/nacos,ai/src/main/java/com/alibaba/nacos/ai/controller/SkillClientController.java,java/csrf-unprotected-request-type,ERROR,CWE-352,"Potential CSRF vulnerability due to using an HTTP request type which is not default-protected from CSRF for an apparent [state-changing action](1).
Potential CSRF vulnerability due to using an HTTP request type which is not default-protected from CSRF for an apparent [state-changing action](2).
Potential CSRF vulnerability due to using an HTTP request type which is not default-protected from CSRF for an apparent [state-changing action](3).
Potential CSRF vulnerability due to using an HTTP reques"
alibaba/nacos,ai/src/main/java/com/alibaba/nacos/ai/controller/SkillClientController.java,java/csrf-unprotected-request-type,ERROR,CWE-352,"Potential CSRF vulnerability due to using an HTTP request type which is not default-protected from CSRF for an apparent [state-changing action](1).
Potential CSRF vulnerability due to using an HTTP request type which is not default-protected from CSRF for an apparent [state-changing action](2).
Potential CSRF vulnerability due to using an HTTP request type which is not default-protected from CSRF for an apparent [state-changing action](3).
Potential CSRF vulnerability due to using an HTTP reques"
alibaba/nacos,ai-registry-adaptor/src/main/java/com/alibaba/nacos/airegistry/controller/ArdSearchController.java,java/csrf-unprotected-request-type,ERROR,CWE-352,"Potential CSRF vulnerability due to using an HTTP request type which is not default-protected from CSRF for an apparent [state-changing action](1).
Potential CSRF vulnerability due to using an HTTP request type which is not default-protected from CSRF for an apparent [state-changing action](2).
Potential CSRF vulnerability due to using an HTTP request type which is not default-protected from CSRF for an apparent [state-changing action](3).
Potential CSRF vulnerability due to using an HTTP reques"
alibaba/nacos,ai-registry-adaptor/src/main/java/com/alibaba/nacos/airegistry/controller/ArdSearchController.java,java/csrf-unprotected-request-type,ERROR,CWE-352,"Potential CSRF vulnerability due to using an HTTP request type which is not default-protected from CSRF for an apparent [state-changing action](1).
Potential CSRF vulnerability due to using an HTTP request type which is not default-protected from CSRF for an apparent [state-changing action](2).
Potential CSRF vulnerability due to using an HTTP request type which is not default-protected from CSRF for an apparent [state-changing action](3).
Potential CSRF vulnerability due to using an HTTP reques"
alibaba/nacos,ai-registry-adaptor/src/main/java/com/alibaba/nacos/airegistry/controller/ArdSearchController.java,java/csrf-unprotected-request-type,ERROR,CWE-352,"Potential CSRF vulnerability due to using an HTTP request type which is not default-protected from CSRF for an apparent [state-changing action](1).
Potential CSRF vulnerability due to using an HTTP request type which is not default-protected from CSRF for an apparent [state-changing action](2).
Potential CSRF vulnerability due to using an HTTP request type which is not default-protected from CSRF for an apparent [state-changing action](3).
Potential CSRF vulnerability due to using an HTTP reques"
alibaba/nacos,ai-registry-adaptor/src/main/java/com/alibaba/nacos/airegistry/controller/McpRegistryController.java,java/csrf-unprotected-request-type,ERROR,CWE-352,"Potential CSRF vulnerability due to using an HTTP request type which is not default-protected from CSRF for an apparent [state-changing action](1).
Potential CSRF vulnerability due to using an HTTP request type which is not default-protected from CSRF for an apparent [state-changing action](2).
Potential CSRF vulnerability due to using an HTTP request type which is not default-protected from CSRF for an apparent [state-changing action](3).
Potential CSRF vulnerability due to using an HTTP reques"
alibaba/nacos,ai-registry-adaptor/src/main/java/com/alibaba/nacos/airegistry/controller/McpRegistryController.java,java/csrf-unprotected-request-type,ERROR,CWE-352,"Potential CSRF vulnerability due to using an HTTP request type which is not default-protected from CSRF for an apparent [state-changing action](1).
Potential CSRF vulnerability due to using an HTTP request type which is not default-protected from CSRF for an apparent [state-changing action](2).
Potential CSRF vulnerability due to using an HTTP request type which is not default-protected from CSRF for an apparent [state-changing action](3).
Potential CSRF vulnerability due to using an HTTP reques"
alibaba/nacos,ai-registry-adaptor/src/main/java/com/alibaba/nacos/airegistry/controller/SkillsRegistryController.java,java/csrf-unprotected-request-type,ERROR,CWE-352,"Potential CSRF vulnerability due to using an HTTP request type which is not default-protected from CSRF for an apparent [state-changing action](1).
Potential CSRF vulnerability due to using an HTTP request type which is not default-protected from CSRF for an apparent [state-changing action](2).
Potential CSRF vulnerability due to using an HTTP request type which is not default-protected from CSRF for an apparent [state-changing action](3).
Potential CSRF vulnerability due to using an HTTP reques"
alibaba/nacos,ai-registry-adaptor/src/main/java/com/alibaba/nacos/airegistry/controller/SkillsRegistryController.java,java/csrf-unprotected-request-type,ERROR,CWE-352,"Potential CSRF vulnerability due to using an HTTP request type which is not default-protected from CSRF for an apparent [state-changing action](1).
Potential CSRF vulnerability due to using an HTTP request type which is not default-protected from CSRF for an apparent [state-changing action](2).
Potential CSRF vulnerability due to using an HTTP request type which is not default-protected from CSRF for an apparent [state-changing action](3).
Potential CSRF vulnerability due to using an HTTP reques"
alibaba/nacos,ai-registry-adaptor/src/main/java/com/alibaba/nacos/airegistry/controller/SkillsRegistryController.java,java/csrf-unprotected-request-type,ERROR,CWE-352,"Potential CSRF vulnerability due to using an HTTP request type which is not default-protected from CSRF for an apparent [state-changing action](1).
Potential CSRF vulnerability due to using an HTTP request type which is not default-protected from CSRF for an apparent [state-changing action](2).
Potential CSRF vulnerability due to using an HTTP request type which is not default-protected from CSRF for an apparent [state-changing action](3).
Potential CSRF vulnerability due to using an HTTP reques"
alibaba/nacos,ai-registry-adaptor/src/main/java/com/alibaba/nacos/airegistry/controller/SkillsRegistryController.java,java/csrf-unprotected-request-type,ERROR,CWE-352,"Potential CSRF vulnerability due to using an HTTP request type which is not default-protected from CSRF for an apparent [state-changing action](1).
Potential CSRF vulnerability due to using an HTTP request type which is not default-protected from CSRF for an apparent [state-changing action](2).
Potential CSRF vulnerability due to using an HTTP request type which is not default-protected from CSRF for an apparent [state-changing action](3).
Potential CSRF vulnerability due to using an HTTP reques"
alibaba/nacos,ai-registry-adaptor/src/main/java/com/alibaba/nacos/airegistry/controller/SkillsRegistryController.java,java/csrf-unprotected-request-type,ERROR,CWE-352,"Potential CSRF vulnerability due to using an HTTP request type which is not default-protected from CSRF for an apparent [state-changing action](1).
Potential CSRF vulnerability due to using an HTTP request type which is not default-protected from CSRF for an apparent [state-changing action](2).
Potential CSRF vulnerability due to using an HTTP request type which is not default-protected from CSRF for an apparent [state-changing action](3).
Potential CSRF vulnerability due to using an HTTP reques"
alibaba/nacos,ai-registry-adaptor/src/main/java/com/alibaba/nacos/airegistry/controller/SkillsRegistryController.java,java/csrf-unprotected-request-type,ERROR,CWE-352,"Potential CSRF vulnerability due to using an HTTP request type which is not default-protected from CSRF for an apparent [state-changing action](1).
Potential CSRF vulnerability due to using an HTTP request type which is not default-protected from CSRF for an apparent [state-changing action](2).
Potential CSRF vulnerability due to using an HTTP request type which is not default-protected from CSRF for an apparent [state-changing action](3).
Potential CSRF vulnerability due to using an HTTP reques"
alibaba/nacos,config/src/main/java/com/alibaba/nacos/config/server/controller/v3/CapacityControllerV3.java,java/csrf-unprotected-request-type,ERROR,CWE-352,"Potential CSRF vulnerability due to using an HTTP request type which is not default-protected from CSRF for an apparent [state-changing action](1).
Potential CSRF vulnerability due to using an HTTP request type which is not default-protected from CSRF for an apparent [state-changing action](2).
Potential CSRF vulnerability due to using an HTTP request type which is not default-protected from CSRF for an apparent [state-changing action](3).
Potential CSRF vulnerability due to using an HTTP reques"
alibaba/nacos,config/src/main/java/com/alibaba/nacos/config/server/controller/v3/ConfigOpsControllerV3.java,java/csrf-unprotected-request-type,ERROR,CWE-352,Potential CSRF vulnerability due to using an HTTP request type which is not default-protected from CSRF for an apparent [state-changing action](1).
alibaba/nacos,config/src/main/java/com/alibaba/nacos/config/server/controller/v3/MetricsControllerV3.java,java/csrf-unprotected-request-type,ERROR,CWE-352,"Potential CSRF vulnerability due to using an HTTP request type which is not default-protected from CSRF for an apparent [state-changing action](1).
Potential CSRF vulnerability due to using an HTTP request type which is not default-protected from CSRF for an apparent [state-changing action](2).
Potential CSRF vulnerability due to using an HTTP request type which is not default-protected from CSRF for an apparent [state-changing action](3).
Potential CSRF vulnerability due to using an HTTP reques"
alibaba/nacos,console/src/main/java/com/alibaba/nacos/console/controller/v3/ai/ConsoleA2aController.java,java/csrf-unprotected-request-type,ERROR,CWE-352,"Potential CSRF vulnerability due to using an HTTP request type which is not default-protected from CSRF for an apparent [state-changing action](1).
Potential CSRF vulnerability due to using an HTTP request type which is not default-protected from CSRF for an apparent [state-changing action](2).
Potential CSRF vulnerability due to using an HTTP request type which is not default-protected from CSRF for an apparent [state-changing action](3).
Potential CSRF vulnerability due to using an HTTP reques"
alibaba/nacos,console/src/main/java/com/alibaba/nacos/console/controller/v3/ai/ConsoleA2aController.java,java/csrf-unprotected-request-type,ERROR,CWE-352,"Potential CSRF vulnerability due to using an HTTP request type which is not default-protected from CSRF for an apparent [state-changing action](1).
Potential CSRF vulnerability due to using an HTTP request type which is not default-protected from CSRF for an apparent [state-changing action](2).
Potential CSRF vulnerability due to using an HTTP request type which is not default-protected from CSRF for an apparent [state-changing action](3).
Potential CSRF vulnerability due to using an HTTP reques"
alibaba/nacos,console/src/main/java/com/alibaba/nacos/console/controller/v3/ai/ConsoleA2aController.java,java/csrf-unprotected-request-type,ERROR,CWE-352,"Potential CSRF vulnerability due to using an HTTP request type which is not default-protected from CSRF for an apparent [state-changing action](1).
Potential CSRF vulnerability due to using an HTTP request type which is not default-protected from CSRF for an apparent [state-changing action](2).
Potential CSRF vulnerability due to using an HTTP request type which is not default-protected from CSRF for an apparent [state-changing action](3).
Potential CSRF vulnerability due to using an HTTP reques"
alibaba/nacos,console/src/main/java/com/alibaba/nacos/console/controller/v3/ai/ConsoleMcpController.java,java/csrf-unprotected-request-type,ERROR,CWE-352,"Potential CSRF vulnerability due to using an HTTP request type which is not default-protected from CSRF for an apparent [state-changing action](1).
Potential CSRF vulnerability due to using an HTTP request type which is not default-protected from CSRF for an apparent [state-changing action](2).
Potential CSRF vulnerability due to using an HTTP request type which is not default-protected from CSRF for an apparent [state-changing action](3).
Potential CSRF vulnerability due to using an HTTP reques"
alibaba/nacos,console/src/main/java/com/alibaba/nacos/console/controller/v3/ai/ConsolePipelineController.java,java/csrf-unprotected-request-type,ERROR,CWE-352,Potential CSRF vulnerability due to using an HTTP request type which is not default-protected from CSRF for an apparent [state-changing action](1).
alibaba/nacos,console/src/main/java/com/alibaba/nacos/console/controller/v3/ai/ConsolePipelineController.java,java/csrf-unprotected-request-type,ERROR,CWE-352,Potential CSRF vulnerability due to using an HTTP request type which is not default-protected from CSRF for an apparent [state-changing action](1).
alibaba/nacos,console/src/main/java/com/alibaba/nacos/console/controller/v3/ai/ConsolePipelineController.java,java/csrf-unprotected-request-type,ERROR,CWE-352,Potential CSRF vulnerability due to using an HTTP request type which is not default-protected from CSRF for an apparent [state-changing action](1).
alibaba/nacos,console/src/main/java/com/alibaba/nacos/console/controller/v3/ai/ConsolePipelineController.java,java/csrf-unprotected-request-type,ERROR,CWE-352,Potential CSRF vulnerability due to using an HTTP request type which is not default-protected from CSRF for an apparent [state-changing action](1).
alibaba/nacos,console/src/main/java/com/alibaba/nacos/console/controller/v3/ai/ConsolePromptController.java,java/csrf-unprotected-request-type,ERROR,CWE-352,"Potential CSRF vulnerability due to using an HTTP request type which is not default-protected from CSRF for an apparent [state-changing action](1).
Potential CSRF vulnerability due to using an HTTP request type which is not default-protected from CSRF for an apparent [state-changing action](2).
Potential CSRF vulnerability due to using an HTTP request type which is not default-protected from CSRF for an apparent [state-changing action](3).
Potential CSRF vulnerability due to using an HTTP reques"
alibaba/nacos,console/src/main/java/com/alibaba/nacos/console/controller/v3/ai/ConsoleSkillController.java,java/csrf-unprotected-request-type,ERROR,CWE-352,"Potential CSRF vulnerability due to using an HTTP request type which is not default-protected from CSRF for an apparent [state-changing action](1).
Potential CSRF vulnerability due to using an HTTP request type which is not default-protected from CSRF for an apparent [state-changing action](2).
Potential CSRF vulnerability due to using an HTTP request type which is not default-protected from CSRF for an apparent [state-changing action](3).
Potential CSRF vulnerability due to using an HTTP reques"
alibaba/nacos,naming/src/main/java/com/alibaba/nacos/naming/controllers/v3/InstanceOpenApiController.java,java/csrf-unprotected-request-type,ERROR,CWE-352,"Potential CSRF vulnerability due to using an HTTP request type which is not default-protected from CSRF for an apparent [state-changing action](1).
Potential CSRF vulnerability due to using an HTTP request type which is not default-protected from CSRF for an apparent [state-changing action](2).
Potential CSRF vulnerability due to using an HTTP request type which is not default-protected from CSRF for an apparent [state-changing action](3).
Potential CSRF vulnerability due to using an HTTP reques"
alibaba/nacos,common/src/main/java/com/alibaba/nacos/common/utils/LoggerUtils.java,java/sensitive-log,WARNING,CWE-532,"This [potentially sensitive information](1) is written to a log file.
This [potentially sensitive information](2) is written to a log file.
This [potentially sensitive information](3) is written to a log file."
alibaba/nacos,plugin-default-impl/nacos-oidc-auth-plugin/src/main/java/com/alibaba/nacos/plugin/auth/impl/oidc/authenticate/AuthorizationCodeHandler.java,java/sensitive-log,WARNING,CWE-532,This [potentially sensitive information](1) is written to a log file.
alibaba/nacos,ai/src/main/java/com/alibaba/nacos/ai/service/resource/AiResourceManager.java,java/sensitive-log,WARNING,CWE-532,This [potentially sensitive information](1) is written to a log file.
apache/commons-compress,src/test/java/org/apache/commons/compress/archivers/tar/SparseFilesTest.java,java/relative-path-command,WARNING,CWE-078; CWE-088,Command with a relative path 'tar' is executed.
apache/commons-compress,src/test/java/org/apache/commons/compress/archivers/tar/SparseFilesTest.java,java/relative-path-command,WARNING,CWE-078; CWE-088,Command with a relative path 'tar' is executed.
apache/commons-compress,src/test/java/org/apache/commons/compress/archivers/zip/ZipFileTest.java,java/relative-path-command,WARNING,CWE-078; CWE-088,Command with a relative path 'chmod' is executed.
apache/commons-compress,src/main/java/org/apache/commons/compress/archivers/dump/DumpArchiveInputStream.java,java/comparison-with-wider-type,WARNING,CWE-190; CWE-197,Comparison between [expression](1) of type int and [expression](2) of wider type long.
apache/commons-compress,src/main/java/org/apache/commons/compress/archivers/sevenz/SevenZFile.java,java/comparison-with-wider-type,WARNING,CWE-190; CWE-197,Comparison between [expression](1) of type int and [expression](2) of wider type long.
apache/commons-compress,src/main/java/org/apache/commons/compress/harmony/pack200/BHSDCodec.java,java/comparison-with-wider-type,WARNING,CWE-190; CWE-197,Comparison between [expression](1) of type int and [expression](2) of wider type long.
apache/commons-compress,src/main/java/org/apache/commons/compress/harmony/pack200/BHSDCodec.java,java/comparison-with-wider-type,WARNING,CWE-190; CWE-197,Comparison between [expression](1) of type int and [expression](2) of wider type long.
apache/commons-compress,src/main/java/org/apache/commons/compress/harmony/pack200/BHSDCodec.java,java/comparison-with-wider-type,WARNING,CWE-190; CWE-197,Comparison between [expression](1) of type int and [expression](2) of wider type long.
apache/commons-compress,src/main/java/org/apache/commons/compress/harmony/pack200/RunCodec.java,java/comparison-with-wider-type,WARNING,CWE-190; CWE-197,Comparison between [expression](1) of type int and [expression](2) of wider type long.
apache/commons-compress,src/main/java/org/apache/commons/compress/harmony/pack200/RunCodec.java,java/comparison-with-wider-type,WARNING,CWE-190; CWE-197,Comparison between [expression](1) of type int and [expression](2) of wider type long.
apache/commons-compress,src/main/java/org/apache/commons/compress/harmony/pack200/RunCodec.java,java/comparison-with-wider-type,WARNING,CWE-190; CWE-197,Comparison between [expression](1) of type int and [expression](2) of wider type long.
apache/commons-compress,src/main/java/org/apache/commons/compress/harmony/unpack200/BandSet.java,java/comparison-with-wider-type,WARNING,CWE-190; CWE-197,Comparison between [expression](1) of type int and [expression](2) of wider type long.
apache/commons-compress,src/main/java/org/apache/commons/compress/harmony/unpack200/NewAttributeBands.java,java/comparison-with-wider-type,WARNING,CWE-190; CWE-197,Comparison between [expression](1) of type int and [expression](2) of wider type long.
apache/commons-compress,src/main/java/org/apache/commons/compress/utils/MultiReadOnlySeekableByteChannel.java,java/comparison-with-wider-type,WARNING,CWE-190; CWE-197,Comparison between [expression](1) of type int and [expression](2) of wider type long.
apache/commons-compress,src/test/java/org/apache/commons/compress/utils/FixedLengthBlockOutputStreamTest.java,java/comparison-with-wider-type,WARNING,CWE-190; CWE-197,Comparison between [expression](1) of type int and [expression](2) of wider type long.
apache/commons-compress,src/test/java/org/apache/commons/compress/archivers/tar/TarArchiveEntryTest.java,java/local-temp-file-or-directory-information-disclosure,WARNING,CWE-200; CWE-732,Local information disclosure vulnerability due to use of file readable by other local users.
apache/commons-compress,src/test/java/org/apache/commons/compress/archivers/tar/TarMemoryFileSystemTest.java,java/local-temp-file-or-directory-information-disclosure,WARNING,CWE-200; CWE-732,Local information disclosure vulnerability due to use of file readable by other local users.
apache/commons-compress,src/test/java/org/apache/commons/compress/archivers/zip/Zip64SupportIT.java,java/local-temp-file-or-directory-information-disclosure,WARNING,CWE-200; CWE-732,Local information disclosure vulnerability due to use of file readable by other local users.
apache/dubbo,dubbo-common/src/main/java/org/apache/dubbo/common/Version.java,java/implicit-cast-in-compound-assignment,WARNING,CWE-190; CWE-192; CWE-197; CWE-681,Implicit cast of source type double to narrower destination type [int](1).
apache/dubbo,dubbo-common/src/main/java/org/apache/dubbo/common/io/StreamUtils.java,java/implicit-cast-in-compound-assignment,WARNING,CWE-190; CWE-192; CWE-197; CWE-681,Implicit cast of source type long to narrower destination type [int](1).
apache/dubbo,dubbo-common/src/main/java/org/apache/dubbo/common/io/UnsafeByteArrayInputStream.java,java/implicit-cast-in-compound-assignment,WARNING,CWE-190; CWE-192; CWE-197; CWE-681,Implicit cast of source type long to narrower destination type [int](1).
apache/dubbo,dubbo-common/src/main/java/org/apache/dubbo/common/io/UnsafeStringReader.java,java/implicit-cast-in-compound-assignment,WARNING,CWE-190; CWE-192; CWE-197; CWE-681,Implicit cast of source type long to narrower destination type [int](1).
apache/dubbo,dubbo-compatible/src/main/java/com/alibaba/dubbo/container/page/ResourceFilter.java,java/path-injection,ERROR,CWE-022; CWE-023; CWE-036; CWE-073,This path depends on a [user-provided value](1).
apache/dubbo,dubbo-compatible/src/main/java/com/alibaba/dubbo/container/page/ResourceFilter.java,java/path-injection,ERROR,CWE-022; CWE-023; CWE-036; CWE-073,This path depends on a [user-provided value](1).
apache/dubbo,dubbo-compatible/src/main/java/com/alibaba/dubbo/container/page/ResourceFilter.java,java/path-injection,ERROR,CWE-022; CWE-023; CWE-036; CWE-073,This path depends on a [user-provided value](1).
apache/dubbo,dubbo-test/dubbo-test-check/src/main/java/org/apache/dubbo/test/check/registrycenter/initializer/UnpackZookeeperInitializer.java,java/zipslip,ERROR,CWE-022,"Unsanitized archive entry, which may contain '..', is used in a [file system operation](1).
Unsanitized archive entry, which may contain '..', is used in a [file system operation](2)."
apache/dubbo,dubbo-common/src/main/java/org/apache/dubbo/common/io/StreamUtils.java,java/xss,ERROR,CWE-079,"Cross-site scripting vulnerability due to a [user-provided value](1).
Cross-site scripting vulnerability due to a [user-provided value](2).
Cross-site scripting vulnerability due to a [user-provided value](3).
Cross-site scripting vulnerability due to a [user-provided value](4)."
apache/dubbo,dubbo-common/src/main/java/org/apache/dubbo/common/utils/StringUtils.java,java/xss,ERROR,CWE-079,"Cross-site scripting vulnerability due to a [user-provided value](1).
Cross-site scripting vulnerability due to a [user-provided value](2).
Cross-site scripting vulnerability due to a [user-provided value](3)."
apache/dubbo,dubbo-compatible/src/main/java/com/alibaba/dubbo/container/page/PageServlet.java,java/xss,ERROR,CWE-079,Cross-site scripting vulnerability due to a [user-provided value](1).
apache/dubbo,dubbo-compatible/src/main/java/com/alibaba/dubbo/container/page/PageServlet.java,java/xss,ERROR,CWE-079,Cross-site scripting vulnerability due to a [user-provided value](1).
apache/dubbo,dubbo-compatible/src/test/java/org/apache/dubbo/metadata/rest/StandardRestService.java,java/xss,ERROR,CWE-079,Cross-site scripting vulnerability due to a [user-provided value](1).
apache/dubbo,dubbo-compatible/src/test/java/org/apache/dubbo/metadata/rest/StandardRestService.java,java/xss,ERROR,CWE-079,Cross-site scripting vulnerability due to a [user-provided value](1).
apache/dubbo,dubbo-compatible/src/test/java/org/apache/dubbo/metadata/rest/StandardRestService.java,java/xss,ERROR,CWE-079,"Cross-site scripting vulnerability due to a [user-provided value](1).
Cross-site scripting vulnerability due to a [user-provided value](2)."
apache/dubbo,dubbo-compatible/src/test/java/org/apache/dubbo/metadata/rest/StandardRestService.java,java/xss,ERROR,CWE-079,"Cross-site scripting vulnerability due to a [user-provided value](1).
Cross-site scripting vulnerability due to a [user-provided value](2).
Cross-site scripting vulnerability due to a [user-provided value](3)."
apache/dubbo,dubbo-compatible/src/test/java/org/apache/dubbo/metadata/tools/DefaultTestService.java,java/xss,ERROR,CWE-079,Cross-site scripting vulnerability due to a [user-provided value](1).
apache/dubbo,dubbo-compatible/src/test/java/org/apache/dubbo/metadata/tools/DefaultTestService.java,java/xss,ERROR,CWE-079,Cross-site scripting vulnerability due to a [user-provided value](1).
apache/dubbo,dubbo-compatible/src/test/java/org/apache/dubbo/metadata/tools/GenericTestService.java,java/xss,ERROR,CWE-079,Cross-site scripting vulnerability due to a [user-provided value](1).
apache/dubbo,dubbo-compatible/src/test/java/org/apache/dubbo/metadata/tools/TestServiceImpl.java,java/xss,ERROR,CWE-079,Cross-site scripting vulnerability due to a [user-provided value](1).
apache/dubbo,dubbo-plugin/dubbo-rest-jaxrs/src/test/java/org/apache/dubbo/rpc/protocol/tri/rest/support/jaxrs/compatible/DemoServiceImpl.java,java/xss,ERROR,CWE-079,Cross-site scripting vulnerability due to a [user-provided value](1).
apache/dubbo,dubbo-plugin/dubbo-rest-jaxrs/src/test/java/org/apache/dubbo/rpc/protocol/tri/rest/support/jaxrs/compatible/DemoServiceImpl.java,java/xss,ERROR,CWE-079,Cross-site scripting vulnerability due to a [user-provided value](1).
apache/dubbo,dubbo-plugin/dubbo-rest-jaxrs/src/test/java/org/apache/dubbo/rpc/protocol/tri/rest/support/jaxrs/compatible/DemoServiceImpl.java,java/xss,ERROR,CWE-079,Cross-site scripting vulnerability due to a [user-provided value](1).
apache/dubbo,dubbo-plugin/dubbo-rest-jaxrs/src/test/java/org/apache/dubbo/rpc/protocol/tri/rest/support/jaxrs/compatible/DemoServiceImpl.java,java/xss,ERROR,CWE-079,Cross-site scripting vulnerability due to a [user-provided value](1).
apache/dubbo,dubbo-plugin/dubbo-rest-jaxrs/src/test/java/org/apache/dubbo/rpc/protocol/tri/rest/support/jaxrs/compatible/DemoServiceImpl.java,java/xss,ERROR,CWE-079,Cross-site scripting vulnerability due to a [user-provided value](1).
apache/dubbo,dubbo-plugin/dubbo-rest-jaxrs/src/test/java/org/apache/dubbo/rpc/protocol/tri/rest/support/jaxrs/compatible/DemoServiceImpl.java,java/xss,ERROR,CWE-079,Cross-site scripting vulnerability due to a [user-provided value](1).
apache/dubbo,dubbo-plugin/dubbo-rest-jaxrs/src/test/java/org/apache/dubbo/rpc/protocol/tri/rest/support/jaxrs/compatible/DemoServiceImpl.java,java/xss,ERROR,CWE-079,Cross-site scripting vulnerability due to a [user-provided value](1).
apache/dubbo,dubbo-plugin/dubbo-rest-jaxrs/src/test/java/org/apache/dubbo/rpc/protocol/tri/rest/support/jaxrs/compatible/DemoServiceImpl.java,java/xss,ERROR,CWE-079,Cross-site scripting vulnerability due to a [user-provided value](1).
apache/dubbo,dubbo-plugin/dubbo-rest-jaxrs/src/test/java/org/apache/dubbo/rpc/protocol/tri/rest/support/jaxrs/compatible/DemoServiceImpl.java,java/xss,ERROR,CWE-079,Cross-site scripting vulnerability due to a [user-provided value](1).
apache/dubbo,dubbo-plugin/dubbo-rest-jaxrs/src/test/java/org/apache/dubbo/rpc/protocol/tri/rest/support/jaxrs/compatible/DemoServiceImpl.java,java/xss,ERROR,CWE-079,Cross-site scripting vulnerability due to a [user-provided value](1).
apache/dubbo,dubbo-plugin/dubbo-rest-jaxrs/src/test/java/org/apache/dubbo/rpc/protocol/tri/rest/support/jaxrs/compatible/DemoServiceImpl.java,java/xss,ERROR,CWE-079,Cross-site scripting vulnerability due to a [user-provided value](1).
apache/dubbo,dubbo-plugin/dubbo-rest-jaxrs/src/test/java/org/apache/dubbo/rpc/protocol/tri/rest/support/jaxrs/compatible/rest/HttpMethodServiceImpl.java,java/xss,ERROR,CWE-079,Cross-site scripting vulnerability due to a [user-provided value](1).
apache/dubbo,dubbo-plugin/dubbo-rest-jaxrs/src/test/java/org/apache/dubbo/rpc/protocol/tri/rest/support/jaxrs/compatible/rest/HttpMethodServiceImpl.java,java/xss,ERROR,CWE-079,Cross-site scripting vulnerability due to a [user-provided value](1).
apache/dubbo,dubbo-plugin/dubbo-rest-jaxrs/src/test/java/org/apache/dubbo/rpc/protocol/tri/rest/support/jaxrs/compatible/rest/HttpMethodServiceImpl.java,java/xss,ERROR,CWE-079,Cross-site scripting vulnerability due to a [user-provided value](1).
apache/dubbo,dubbo-plugin/dubbo-rest-jaxrs/src/test/java/org/apache/dubbo/rpc/protocol/tri/rest/support/jaxrs/compatible/rest/HttpMethodServiceImpl.java,java/xss,ERROR,CWE-079,Cross-site scripting vulnerability due to a [user-provided value](1).
apache/dubbo,dubbo-plugin/dubbo-rest-jaxrs/src/test/java/org/apache/dubbo/rpc/protocol/tri/rest/support/jaxrs/compatible/rest/HttpMethodServiceImpl.java,java/xss,ERROR,CWE-079,Cross-site scripting vulnerability due to a [user-provided value](1).
apache/dubbo,dubbo-plugin/dubbo-rest-jaxrs/src/test/java/org/apache/dubbo/rpc/protocol/tri/rest/support/jaxrs/compatible/rest/RestDemoServiceImpl.java,java/xss,ERROR,CWE-079,Cross-site scripting vulnerability due to a [user-provided value](1).
apache/dubbo,dubbo-plugin/dubbo-rest-jaxrs/src/test/java/org/apache/dubbo/rpc/protocol/tri/rest/support/jaxrs/compatible/rest/RestDemoServiceImpl.java,java/xss,ERROR,CWE-079,Cross-site scripting vulnerability due to a [user-provided value](1).
apache/dubbo,dubbo-rpc/dubbo-rpc-triple/src/main/java/org/apache/dubbo/rpc/protocol/tri/rest/util/PathUtils.java,java/xss,ERROR,CWE-079,"Cross-site scripting vulnerability due to a [user-provided value](1).
Cross-site scripting vulnerability due to a [user-provided value](2).
Cross-site scripting vulnerability due to a [user-provided value](3)."
apache/dubbo,dubbo-rpc/dubbo-rpc-triple/src/main/java/org/apache/dubbo/rpc/protocol/tri/rest/util/PathUtils.java,java/xss,ERROR,CWE-079,"Cross-site scripting vulnerability due to a [user-provided value](1).
Cross-site scripting vulnerability due to a [user-provided value](2).
Cross-site scripting vulnerability due to a [user-provided value](3)."
apache/dubbo,dubbo-rpc/dubbo-rpc-triple/src/main/java/org/apache/dubbo/rpc/protocol/tri/rest/util/PathUtils.java,java/xss,ERROR,CWE-079,"Cross-site scripting vulnerability due to a [user-provided value](1).
Cross-site scripting vulnerability due to a [user-provided value](2).
Cross-site scripting vulnerability due to a [user-provided value](3)."
apache/dubbo,dubbo-rpc/dubbo-rpc-triple/src/main/java/org/apache/dubbo/rpc/protocol/tri/rest/util/PathUtils.java,java/xss,ERROR,CWE-079,"Cross-site scripting vulnerability due to a [user-provided value](1).
Cross-site scripting vulnerability due to a [user-provided value](2).
Cross-site scripting vulnerability due to a [user-provided value](3)."
apache/dubbo,dubbo-rpc/dubbo-rpc-triple/src/main/java/org/apache/dubbo/rpc/protocol/tri/rest/util/PathUtils.java,java/xss,ERROR,CWE-079,"Cross-site scripting vulnerability due to a [user-provided value](1).
Cross-site scripting vulnerability due to a [user-provided value](2).
Cross-site scripting vulnerability due to a [user-provided value](3)."
apache/dubbo,dubbo-rpc/dubbo-rpc-triple/src/main/java/org/apache/dubbo/rpc/protocol/tri/rest/util/PathUtils.java,java/xss,ERROR,CWE-079,"Cross-site scripting vulnerability due to a [user-provided value](1).
Cross-site scripting vulnerability due to a [user-provided value](2).
Cross-site scripting vulnerability due to a [user-provided value](3)."
apache/dubbo,dubbo-test/dubbo-test-common/src/main/java/org/apache/dubbo/test/common/impl/RestDemoServiceImpl.java,java/xss,ERROR,CWE-079,Cross-site scripting vulnerability due to a [user-provided value](1).
apache/dubbo,dubbo-remoting/dubbo-remoting-http12/src/main/java/org/apache/dubbo/remoting/http12/HttpUtils.java,java/netty-http-request-or-response-splitting,ERROR,CWE-093; CWE-113,Request splitting or response splitting vulnerability due to header value verification being disabled.
apache/dubbo,dubbo-remoting/dubbo-remoting-http12/src/main/java/org/apache/dubbo/remoting/http12/HttpUtils.java,java/netty-http-request-or-response-splitting,ERROR,CWE-093; CWE-113,Request splitting or response splitting vulnerability due to header value verification being disabled.
apache/dubbo,dubbo-remoting/dubbo-remoting-http12/src/main/java/org/apache/dubbo/remoting/http12/netty4/h1/NettyHttp1HttpHeaders.java,java/netty-http-request-or-response-splitting,ERROR,CWE-093; CWE-113,Request splitting or response splitting vulnerability due to header value verification being disabled.
apache/dubbo,dubbo-common/src/main/java/org/apache/dubbo/common/io/StreamUtils.java,java/error-message-exposure,ERROR,CWE-209,"[Error information](1) can be exposed to an external user.
[Error information](2) can be exposed to an external user."
apache/dubbo,dubbo-common/src/main/java/org/apache/dubbo/common/utils/StringUtils.java,java/error-message-exposure,ERROR,CWE-209,"[Error information](1) can be exposed to an external user.
[Error information](2) can be exposed to an external user."
apache/dubbo,dubbo-compatible/src/main/java/com/alibaba/dubbo/container/page/PageServlet.java,java/error-message-exposure,ERROR,CWE-209,[Error information](1) can be exposed to an external user.
apache/dubbo,dubbo-compatible/src/main/java/com/alibaba/dubbo/container/page/PageServlet.java,java/error-message-exposure,ERROR,CWE-209,[Error information](1) can be exposed to an external user.
apache/dubbo,dubbo-rpc/dubbo-rpc-triple/src/main/java/org/apache/dubbo/rpc/protocol/tri/rest/util/PathUtils.java,java/error-message-exposure,ERROR,CWE-209,"[Error information](1) can be exposed to an external user.
[Error information](2) can be exposed to an external user."
apache/dubbo,dubbo-rpc/dubbo-rpc-triple/src/main/java/org/apache/dubbo/rpc/protocol/tri/rest/util/PathUtils.java,java/error-message-exposure,ERROR,CWE-209,"[Error information](1) can be exposed to an external user.
[Error information](2) can be exposed to an external user."
apache/dubbo,dubbo-rpc/dubbo-rpc-triple/src/main/java/org/apache/dubbo/rpc/protocol/tri/rest/util/PathUtils.java,java/error-message-exposure,ERROR,CWE-209,"[Error information](1) can be exposed to an external user.
[Error information](2) can be exposed to an external user."
apache/dubbo,dubbo-rpc/dubbo-rpc-triple/src/main/java/org/apache/dubbo/rpc/protocol/tri/rest/util/PathUtils.java,java/error-message-exposure,ERROR,CWE-209,"[Error information](1) can be exposed to an external user.
[Error information](2) can be exposed to an external user."
apache/dubbo,dubbo-rpc/dubbo-rpc-triple/src/main/java/org/apache/dubbo/rpc/protocol/tri/rest/util/PathUtils.java,java/error-message-exposure,ERROR,CWE-209,"[Error information](1) can be exposed to an external user.
[Error information](2) can be exposed to an external user."
apache/dubbo,dubbo-rpc/dubbo-rpc-triple/src/main/java/org/apache/dubbo/rpc/protocol/tri/rest/util/PathUtils.java,java/error-message-exposure,ERROR,CWE-209,"[Error information](1) can be exposed to an external user.
[Error information](2) can be exposed to an external user."
apache/dubbo,dubbo-common/src/main/java/org/apache/dubbo/common/utils/StringUtils.java,java/redos,ERROR,CWE-1333; CWE-730; CWE-400,This part of the regular expression may cause exponential backtracking on strings starting with '\[{{-:' and containing many repetitions of 'a}}{{-:'.
apache/dubbo,dubbo-common/src/main/java/org/apache/dubbo/common/utils/StringUtils.java,java/redos,ERROR,CWE-1333; CWE-730; CWE-400,This part of the regular expression may cause exponential backtracking on strings starting with '\[{{-:a}}' and containing many repetitions of ' {{-:a}}'.
apache/dubbo,dubbo-plugin/dubbo-qos/src/main/java/org/apache/dubbo/qos/command/impl/BaseOffline.java,java/regex-injection,ERROR,CWE-730; CWE-400,"This regular expression is constructed from a [user-provided value](1).
This regular expression is constructed from a [user-provided value](2)."
apache/dubbo,dubbo-plugin/dubbo-qos/src/main/java/org/apache/dubbo/qos/command/impl/BaseOffline.java,java/regex-injection,ERROR,CWE-730; CWE-400,"This regular expression is constructed from a [user-provided value](1).
This regular expression is constructed from a [user-provided value](2)."
apache/dubbo,dubbo-plugin/dubbo-qos/src/main/java/org/apache/dubbo/qos/command/impl/BaseOnline.java,java/regex-injection,ERROR,CWE-730; CWE-400,"This regular expression is constructed from a [user-provided value](1).
This regular expression is constructed from a [user-provided value](2)."
apache/dubbo,dubbo-plugin/dubbo-qos/src/main/java/org/apache/dubbo/qos/command/impl/BaseOnline.java,java/regex-injection,ERROR,CWE-730; CWE-400,"This regular expression is constructed from a [user-provided value](1).
This regular expression is constructed from a [user-provided value](2)."
apache/dubbo,dubbo-plugin/dubbo-qos/src/main/java/org/apache/dubbo/qos/command/impl/DisableRouterSnapshot.java,java/regex-injection,ERROR,CWE-730; CWE-400,"This regular expression is constructed from a [user-provided value](1).
This regular expression is constructed from a [user-provided value](2)."
apache/dubbo,dubbo-plugin/dubbo-qos/src/main/java/org/apache/dubbo/qos/command/impl/DisableRouterSnapshot.java,java/regex-injection,ERROR,CWE-730; CWE-400,"This regular expression is constructed from a [user-provided value](1).
This regular expression is constructed from a [user-provided value](2)."
apache/dubbo,dubbo-plugin/dubbo-qos/src/main/java/org/apache/dubbo/qos/command/impl/EnableRouterSnapshot.java,java/regex-injection,ERROR,CWE-730; CWE-400,"This regular expression is constructed from a [user-provided value](1).
This regular expression is constructed from a [user-provided value](2)."
apache/dubbo,dubbo-plugin/dubbo-qos/src/main/java/org/apache/dubbo/qos/command/impl/EnableRouterSnapshot.java,java/regex-injection,ERROR,CWE-730; CWE-400,"This regular expression is constructed from a [user-provided value](1).
This regular expression is constructed from a [user-provided value](2)."
apache/dubbo,dubbo-plugin/dubbo-qos/src/main/java/org/apache/dubbo/qos/command/impl/GetRouterSnapshot.java,java/regex-injection,ERROR,CWE-730; CWE-400,"This regular expression is constructed from a [user-provided value](1).
This regular expression is constructed from a [user-provided value](2)."
apache/dubbo,dubbo-plugin/dubbo-qos/src/main/java/org/apache/dubbo/qos/command/impl/GetRouterSnapshot.java,java/regex-injection,ERROR,CWE-730; CWE-400,"This regular expression is constructed from a [user-provided value](1).
This regular expression is constructed from a [user-provided value](2)."
apache/dubbo,dubbo-compatible/src/main/java/com/alibaba/dubbo/container/page/ResourceFilter.java,java/ssrf,ERROR,CWE-918,Potential server-side request forgery due to a [user-provided value](1).
apache/dubbo,dubbo-cluster/src/main/java/org/apache/dubbo/rpc/cluster/directory/AbstractDirectory.java,java/unreleased-lock,ERROR,CWE-764; CWE-833,This lock might not be unlocked or might be locked more times than it is unlocked.
apache/dubbo,dubbo-cluster/src/main/java/org/apache/dubbo/rpc/cluster/directory/AbstractDirectory.java,java/unreleased-lock,ERROR,CWE-764; CWE-833,This lock might not be unlocked or might be locked more times than it is unlocked.
apache/dubbo,dubbo-cluster/src/main/java/org/apache/dubbo/rpc/cluster/directory/AbstractDirectory.java,java/unreleased-lock,ERROR,CWE-764; CWE-833,This lock might not be unlocked or might be locked more times than it is unlocked.
apache/dubbo,dubbo-cluster/src/test/java/org/apache/dubbo/rpc/cluster/directory/AbstractDirectoryConcurrencyTest.java,java/unreleased-lock,ERROR,CWE-764; CWE-833,This lock might not be unlocked or might be locked more times than it is unlocked.
apache/dubbo,dubbo-common/src/test/java/org/apache/dubbo/common/utils/LockUtilsTest.java,java/unreleased-lock,ERROR,CWE-764; CWE-833,This lock might not be unlocked or might be locked more times than it is unlocked.
apache/dubbo,dubbo-common/src/test/java/org/apache/dubbo/common/utils/LockUtilsTest.java,java/unreleased-lock,ERROR,CWE-764; CWE-833,This lock might not be unlocked or might be locked more times than it is unlocked.
apache/dubbo,dubbo-common/src/test/java/org/apache/dubbo/common/utils/LockUtilsTest.java,java/unreleased-lock,ERROR,CWE-764; CWE-833,This lock might not be unlocked or might be locked more times than it is unlocked.
apache/dubbo,dubbo-common/src/test/java/org/apache/dubbo/common/utils/LockUtilsTest.java,java/unreleased-lock,ERROR,CWE-764; CWE-833,This lock might not be unlocked or might be locked more times than it is unlocked.
apache/dubbo,dubbo-common/src/test/java/org/apache/dubbo/common/utils/LockUtilsTest.java,java/unreleased-lock,ERROR,CWE-764; CWE-833,This lock might not be unlocked or might be locked more times than it is unlocked.
apache/dubbo,dubbo-rpc/dubbo-rpc-api/src/main/java/org/apache/dubbo/rpc/protocol/ReferenceCountInvokerWrapper.java,java/unreleased-lock,ERROR,CWE-764; CWE-833,This lock might not be unlocked or might be locked more times than it is unlocked.
apache/dubbo,dubbo-remoting/dubbo-remoting-http12/src/test/java/org/apache/dubbo/remoting/http12/message/codec/XmlSafetyTest.java,java/relative-path-command,WARNING,CWE-078; CWE-088,Command with a relative path 'ps' is executed.
apache/dubbo,dubbo-common/src/main/java/org/apache/dubbo/common/logger/jcl/JclLogger.java,java/log-injection,ERROR,CWE-117,"This log entry depends on a [user-provided value](1).
This log entry depends on a [user-provided value](2)."
apache/dubbo,dubbo-common/src/main/java/org/apache/dubbo/common/logger/jcl/JclLogger.java,java/log-injection,ERROR,CWE-117,"This log entry depends on a [user-provided value](1).
This log entry depends on a [user-provided value](2)."
apache/dubbo,dubbo-common/src/main/java/org/apache/dubbo/common/logger/jcl/JclLogger.java,java/log-injection,ERROR,CWE-117,"This log entry depends on a [user-provided value](1).
This log entry depends on a [user-provided value](2).
This log entry depends on a [user-provided value](3).
This log entry depends on a [user-provided value](4).
This log entry depends on a [user-provided value](5)."
apache/dubbo,dubbo-common/src/main/java/org/apache/dubbo/common/logger/jcl/JclLogger.java,java/log-injection,ERROR,CWE-117,"This log entry depends on a [user-provided value](1).
This log entry depends on a [user-provided value](2).
This log entry depends on a [user-provided value](3)."
apache/dubbo,dubbo-common/src/main/java/org/apache/dubbo/common/logger/jcl/JclLogger.java,java/log-injection,ERROR,CWE-117,"This log entry depends on a [user-provided value](1).
This log entry depends on a [user-provided value](2).
This log entry depends on a [user-provided value](3).
This log entry depends on a [user-provided value](4).
This log entry depends on a [user-provided value](5)."
apache/dubbo,dubbo-common/src/main/java/org/apache/dubbo/common/logger/jcl/JclLogger.java,java/log-injection,ERROR,CWE-117,"This log entry depends on a [user-provided value](1).
This log entry depends on a [user-provided value](2).
This log entry depends on a [user-provided value](3).
This log entry depends on a [user-provided value](4).
This log entry depends on a [user-provided value](5)."
apache/dubbo,dubbo-common/src/main/java/org/apache/dubbo/common/logger/jdk/JdkLogger.java,java/log-injection,ERROR,CWE-117,"This log entry depends on a [user-provided value](1).
This log entry depends on a [user-provided value](2)."
apache/dubbo,dubbo-common/src/main/java/org/apache/dubbo/common/logger/jdk/JdkLogger.java,java/log-injection,ERROR,CWE-117,"This log entry depends on a [user-provided value](1).
This log entry depends on a [user-provided value](2)."
apache/dubbo,dubbo-common/src/main/java/org/apache/dubbo/common/logger/jdk/JdkLogger.java,java/log-injection,ERROR,CWE-117,"This log entry depends on a [user-provided value](1).
This log entry depends on a [user-provided value](2).
This log entry depends on a [user-provided value](3).
This log entry depends on a [user-provided value](4).
This log entry depends on a [user-provided value](5)."
apache/dubbo,dubbo-common/src/main/java/org/apache/dubbo/common/logger/jdk/JdkLogger.java,java/log-injection,ERROR,CWE-117,"This log entry depends on a [user-provided value](1).
This log entry depends on a [user-provided value](2).
This log entry depends on a [user-provided value](3)."
apache/dubbo,dubbo-common/src/main/java/org/apache/dubbo/common/logger/jdk/JdkLogger.java,java/log-injection,ERROR,CWE-117,"This log entry depends on a [user-provided value](1).
This log entry depends on a [user-provided value](2).
This log entry depends on a [user-provided value](3).
This log entry depends on a [user-provided value](4).
This log entry depends on a [user-provided value](5)."
apache/dubbo,dubbo-common/src/main/java/org/apache/dubbo/common/logger/jdk/JdkLogger.java,java/log-injection,ERROR,CWE-117,"This log entry depends on a [user-provided value](1).
This log entry depends on a [user-provided value](2).
This log entry depends on a [user-provided value](3).
This log entry depends on a [user-provided value](4).
This log entry depends on a [user-provided value](5)."
apache/dubbo,dubbo-common/src/main/java/org/apache/dubbo/common/logger/log4j/Log4jLogger.java,java/log-injection,ERROR,CWE-117,"This log entry depends on a [user-provided value](1).
This log entry depends on a [user-provided value](2)."
apache/dubbo,dubbo-common/src/main/java/org/apache/dubbo/common/logger/log4j/Log4jLogger.java,java/log-injection,ERROR,CWE-117,"This log entry depends on a [user-provided value](1).
This log entry depends on a [user-provided value](2)."
apache/dubbo,dubbo-common/src/main/java/org/apache/dubbo/common/logger/log4j/Log4jLogger.java,java/log-injection,ERROR,CWE-117,"This log entry depends on a [user-provided value](1).
This log entry depends on a [user-provided value](2).
This log entry depends on a [user-provided value](3).
This log entry depends on a [user-provided value](4).
This log entry depends on a [user-provided value](5)."
apache/dubbo,dubbo-common/src/main/java/org/apache/dubbo/common/logger/log4j/Log4jLogger.java,java/log-injection,ERROR,CWE-117,"This log entry depends on a [user-provided value](1).
This log entry depends on a [user-provided value](2).
This log entry depends on a [user-provided value](3)."
apache/dubbo,dubbo-common/src/main/java/org/apache/dubbo/common/logger/log4j/Log4jLogger.java,java/log-injection,ERROR,CWE-117,"This log entry depends on a [user-provided value](1).
This log entry depends on a [user-provided value](2).
This log entry depends on a [user-provided value](3).
This log entry depends on a [user-provided value](4).
This log entry depends on a [user-provided value](5)."
apache/dubbo,dubbo-common/src/main/java/org/apache/dubbo/common/logger/log4j/Log4jLogger.java,java/log-injection,ERROR,CWE-117,"This log entry depends on a [user-provided value](1).
This log entry depends on a [user-provided value](2).
This log entry depends on a [user-provided value](3).
This log entry depends on a [user-provided value](4).
This log entry depends on a [user-provided value](5)."
apache/dubbo,dubbo-common/src/main/java/org/apache/dubbo/common/logger/slf4j/Slf4jLogger.java,java/log-injection,ERROR,CWE-117,"This log entry depends on a [user-provided value](1).
This log entry depends on a [user-provided value](2).
This log entry depends on a [user-provided value](3).
This log entry depends on a [user-provided value](4)."
apache/dubbo,dubbo-common/src/main/java/org/apache/dubbo/common/logger/slf4j/Slf4jLogger.java,java/log-injection,ERROR,CWE-117,"This log entry depends on a [user-provided value](1).
This log entry depends on a [user-provided value](2)."
apache/dubbo,dubbo-common/src/main/java/org/apache/dubbo/common/logger/slf4j/Slf4jLogger.java,java/log-injection,ERROR,CWE-117,"This log entry depends on a [user-provided value](1).
This log entry depends on a [user-provided value](2)."
apache/dubbo,dubbo-common/src/main/java/org/apache/dubbo/common/logger/slf4j/Slf4jLogger.java,java/log-injection,ERROR,CWE-117,"This log entry depends on a [user-provided value](1).
This log entry depends on a [user-provided value](2).
This log entry depends on a [user-provided value](3).
This log entry depends on a [user-provided value](4).
This log entry depends on a [user-provided value](5)."
apache/dubbo,dubbo-common/src/main/java/org/apache/dubbo/common/logger/slf4j/Slf4jLogger.java,java/log-injection,ERROR,CWE-117,"This log entry depends on a [user-provided value](1).
This log entry depends on a [user-provided value](2).
This log entry depends on a [user-provided value](3)."
apache/dubbo,dubbo-common/src/main/java/org/apache/dubbo/common/logger/slf4j/Slf4jLogger.java,java/log-injection,ERROR,CWE-117,"This log entry depends on a [user-provided value](1).
This log entry depends on a [user-provided value](2).
This log entry depends on a [user-provided value](3).
This log entry depends on a [user-provided value](4).
This log entry depends on a [user-provided value](5)."
apache/dubbo,dubbo-common/src/main/java/org/apache/dubbo/common/logger/slf4j/Slf4jLogger.java,java/log-injection,ERROR,CWE-117,"This log entry depends on a [user-provided value](1).
This log entry depends on a [user-provided value](2).
This log entry depends on a [user-provided value](3).
This log entry depends on a [user-provided value](4).
This log entry depends on a [user-provided value](5)."
apache/dubbo,dubbo-plugin/dubbo-rest-jaxrs/src/test/java/org/apache/dubbo/rpc/protocol/tri/rest/support/jaxrs/compatible/filter/TraceFilter.java,java/log-injection,ERROR,CWE-117,This log entry depends on a [user-provided value](1).
apache/dubbo,dubbo-common/src/main/java/org/apache/dubbo/common/io/Bytes.java,java/tainted-arithmetic,WARNING,CWE-190; CWE-191,"This arithmetic expression depends on a [user-provided value](1), potentially causing an overflow."
apache/dubbo,dubbo-common/src/main/java/org/apache/dubbo/common/io/UnsafeByteArrayInputStream.java,java/tainted-arithmetic,WARNING,CWE-190; CWE-191,"This arithmetic expression depends on a [user-provided value](1), potentially causing an overflow."
apache/dubbo,dubbo-plugin/dubbo-rest-jaxrs/src/test/java/org/apache/dubbo/rpc/protocol/tri/rest/support/jaxrs/compatible/DemoServiceImpl.java,java/tainted-arithmetic,WARNING,CWE-190; CWE-191,"This arithmetic expression depends on a [user-provided value](1), potentially causing an overflow.
This arithmetic expression depends on a [user-provided value](2), potentially causing an overflow."
apache/dubbo,dubbo-plugin/dubbo-rest-jaxrs/src/test/java/org/apache/dubbo/rpc/protocol/tri/rest/support/jaxrs/compatible/DemoServiceImpl.java,java/tainted-arithmetic,WARNING,CWE-190; CWE-191,"This arithmetic expression depends on a [user-provided value](1), potentially causing an overflow.
This arithmetic expression depends on a [user-provided value](2), potentially causing an overflow."
apache/dubbo,dubbo-plugin/dubbo-rest-jaxrs/src/test/java/org/apache/dubbo/rpc/protocol/tri/rest/support/jaxrs/compatible/DemoServiceImpl.java,java/tainted-arithmetic,WARNING,CWE-190; CWE-191,"This arithmetic expression depends on a [user-provided value](1), potentially causing an overflow."
apache/dubbo,dubbo-plugin/dubbo-rest-jaxrs/src/test/java/org/apache/dubbo/rpc/protocol/tri/rest/support/jaxrs/compatible/DemoServiceImpl.java,java/tainted-arithmetic,WARNING,CWE-190; CWE-191,"This arithmetic expression depends on a [user-provided value](1), potentially causing an overflow."
apache/dubbo,dubbo-plugin/dubbo-rest-jaxrs/src/test/java/org/apache/dubbo/rpc/protocol/tri/rest/support/jaxrs/compatible/DemoServiceImpl.java,java/tainted-arithmetic,WARNING,CWE-190; CWE-191,"This arithmetic expression depends on a [user-provided value](1), potentially causing an overflow.
This arithmetic expression depends on a [user-provided value](2), potentially causing an overflow."
apache/dubbo,dubbo-plugin/dubbo-rest-jaxrs/src/test/java/org/apache/dubbo/rpc/protocol/tri/rest/support/jaxrs/compatible/rest/RestDemoServiceImpl.java,java/tainted-arithmetic,WARNING,CWE-190; CWE-191,"This arithmetic expression depends on a [user-provided value](1), potentially causing an overflow.
This arithmetic expression depends on a [user-provided value](2), potentially causing an overflow."
apache/dubbo,dubbo-remoting/dubbo-remoting-api/src/main/java/org/apache/dubbo/remoting/telnet/codec/TelnetCodec.java,java/tainted-arithmetic,WARNING,CWE-190; CWE-191,"This arithmetic expression depends on a [user-provided value](1), potentially causing an overflow."
apache/dubbo,dubbo-rpc/dubbo-rpc-triple/src/main/java/org/apache/dubbo/rpc/protocol/tri/rest/util/KeyString.java,java/tainted-arithmetic,WARNING,CWE-190; CWE-191,"This arithmetic expression depends on a [user-provided value](1), potentially causing an overflow.
This arithmetic expression depends on a [user-provided value](2), potentially causing an overflow."
apache/dubbo,dubbo-rpc/dubbo-rpc-triple/src/main/java/org/apache/dubbo/rpc/protocol/tri/rest/util/KeyString.java,java/tainted-arithmetic,WARNING,CWE-190; CWE-191,"This arithmetic expression depends on a [user-provided value](1), potentially causing an overflow.
This arithmetic expression depends on a [user-provided value](2), potentially causing an overflow."
apache/dubbo,dubbo-test/dubbo-test-common/src/main/java/org/apache/dubbo/test/common/impl/RestDemoServiceImpl.java,java/tainted-arithmetic,WARNING,CWE-190; CWE-191,"This arithmetic expression depends on a [user-provided value](1), potentially causing an overflow.
This arithmetic expression depends on a [user-provided value](2), potentially causing an overflow."
apache/dubbo,dubbo-metrics/dubbo-metrics-default/src/test/java/org/apache/dubbo/metrics/filter/MetricsFilterTest.java,java/comparison-with-wider-type,WARNING,CWE-190; CWE-197,Comparison between [expression](1) of type int and [expression](2) of wider type Long.
apache/dubbo,dubbo-metrics/dubbo-metrics-default/src/test/java/org/apache/dubbo/metrics/filter/MetricsFilterTest.java,java/comparison-with-wider-type,WARNING,CWE-190; CWE-197,Comparison between [expression](1) of type int and [expression](2) of wider type Long.
apache/dubbo,dubbo-metrics/dubbo-metrics-default/src/test/java/org/apache/dubbo/metrics/filter/MetricsFilterTest.java,java/comparison-with-wider-type,WARNING,CWE-190; CWE-197,Comparison between [expression](1) of type int and [expression](2) of wider type Long.
apache/dubbo,dubbo-metrics/dubbo-metrics-default/src/test/java/org/apache/dubbo/rpc/cluster/filter/MetricsClusterFilterTest.java,java/comparison-with-wider-type,WARNING,CWE-190; CWE-197,Comparison between [expression](1) of type int and [expression](2) of wider type Long.
apache/dubbo,dubbo-registry/dubbo-registry-api/src/main/java/org/apache/dubbo/registry/support/AbstractRegistry.java,java/cleartext-storage-in-properties,WARNING,CWE-313,"This stores 'Properties' class [new Properties(...)](1) containing [sensitive data](2) which was [previously added](3).
This stores 'Properties' class [new Properties(...)](1) containing [sensitive data](4) which was [previously added](3).
This stores 'Properties' class [new Properties(...)](1) containing [sensitive data](5) which was [previously added](3).
This stores 'Properties' class [new Properties(...)](1) containing [sensitive data](6) which was [previously added](3).
This stores 'Propert"
apache/dubbo,dubbo-common/src/main/java/org/apache/dubbo/common/io/Bytes.java,java/potentially-weak-cryptographic-algorithm,WARNING,CWE-327; CWE-328,Cryptographic algorithm [MD5](1) may not be secure. Consider using a different algorithm.
apache/dubbo,dubbo-common/src/main/java/org/apache/dubbo/common/utils/MD5Utils.java,java/potentially-weak-cryptographic-algorithm,WARNING,CWE-327; CWE-328,Cryptographic algorithm [MD5](1) may not be secure. Consider using a different algorithm.
apache/dubbo,dubbo-maven-plugin/src/main/java/org/apache/dubbo/maven/plugin/protoc/DubboProtocCompilerMojo.java,java/potentially-weak-cryptographic-algorithm,WARNING,CWE-327; CWE-328,Cryptographic algorithm [MD5](1) may not be secure. Consider using a different algorithm.
apache/dubbo,dubbo-cluster/src/main/java/org/apache/dubbo/rpc/cluster/SingleRouterChain.java,java/toctou-race-condition,WARNING,CWE-367,This uses the state of [invokers](1) which [is checked at a previous call](2). But these are not jointly synchronized.
apache/dubbo,dubbo-cluster/src/main/java/org/apache/dubbo/rpc/cluster/SingleRouterChain.java,java/toctou-race-condition,WARNING,CWE-367,This uses the state of [availableInvokers](1) which [is checked at a previous call](2). But these are not jointly synchronized.
apache/dubbo,dubbo-common/src/main/java/org/apache/dubbo/common/logger/jcl/JclLogger.java,java/sensitive-log,WARNING,CWE-532,"This [potentially sensitive information](1) is written to a log file.
This [potentially sensitive information](2) is written to a log file."
apache/dubbo,dubbo-common/src/main/java/org/apache/dubbo/common/logger/jcl/JclLogger.java,java/sensitive-log,WARNING,CWE-532,This [potentially sensitive information](1) is written to a log file.
apache/dubbo,dubbo-common/src/main/java/org/apache/dubbo/common/logger/jcl/JclLogger.java,java/sensitive-log,WARNING,CWE-532,This [potentially sensitive information](1) is written to a log file.
apache/dubbo,dubbo-common/src/main/java/org/apache/dubbo/common/logger/jcl/JclLogger.java,java/sensitive-log,WARNING,CWE-532,"This [potentially sensitive information](1) is written to a log file.
This [potentially sensitive information](2) is written to a log file.
This [potentially sensitive information](3) is written to a log file."
apache/dubbo,dubbo-common/src/main/java/org/apache/dubbo/common/logger/jcl/JclLogger.java,java/sensitive-log,WARNING,CWE-532,This [potentially sensitive information](1) is written to a log file.
apache/dubbo,dubbo-common/src/main/java/org/apache/dubbo/common/logger/jdk/JdkLogger.java,java/sensitive-log,WARNING,CWE-532,"This [potentially sensitive information](1) is written to a log file.
This [potentially sensitive information](2) is written to a log file."
apache/dubbo,dubbo-common/src/main/java/org/apache/dubbo/common/logger/jdk/JdkLogger.java,java/sensitive-log,WARNING,CWE-532,This [potentially sensitive information](1) is written to a log file.
apache/dubbo,dubbo-common/src/main/java/org/apache/dubbo/common/logger/jdk/JdkLogger.java,java/sensitive-log,WARNING,CWE-532,This [potentially sensitive information](1) is written to a log file.
apache/dubbo,dubbo-common/src/main/java/org/apache/dubbo/common/logger/jdk/JdkLogger.java,java/sensitive-log,WARNING,CWE-532,"This [potentially sensitive information](1) is written to a log file.
This [potentially sensitive information](2) is written to a log file.
This [potentially sensitive information](3) is written to a log file."
apache/dubbo,dubbo-common/src/main/java/org/apache/dubbo/common/logger/jdk/JdkLogger.java,java/sensitive-log,WARNING,CWE-532,This [potentially sensitive information](1) is written to a log file.
apache/dubbo,dubbo-common/src/main/java/org/apache/dubbo/common/logger/log4j/Log4jLogger.java,java/sensitive-log,WARNING,CWE-532,"This [potentially sensitive information](1) is written to a log file.
This [potentially sensitive information](2) is written to a log file."
apache/dubbo,dubbo-common/src/main/java/org/apache/dubbo/common/logger/log4j/Log4jLogger.java,java/sensitive-log,WARNING,CWE-532,This [potentially sensitive information](1) is written to a log file.
apache/dubbo,dubbo-common/src/main/java/org/apache/dubbo/common/logger/log4j/Log4jLogger.java,java/sensitive-log,WARNING,CWE-532,This [potentially sensitive information](1) is written to a log file.
apache/dubbo,dubbo-common/src/main/java/org/apache/dubbo/common/logger/log4j/Log4jLogger.java,java/sensitive-log,WARNING,CWE-532,"This [potentially sensitive information](1) is written to a log file.
This [potentially sensitive information](2) is written to a log file.
This [potentially sensitive information](3) is written to a log file."
apache/dubbo,dubbo-common/src/main/java/org/apache/dubbo/common/logger/log4j/Log4jLogger.java,java/sensitive-log,WARNING,CWE-532,This [potentially sensitive information](1) is written to a log file.
apache/dubbo,dubbo-common/src/main/java/org/apache/dubbo/common/logger/slf4j/Slf4jLogger.java,java/sensitive-log,WARNING,CWE-532,"This [potentially sensitive information](1) is written to a log file.
This [potentially sensitive information](2) is written to a log file."
apache/dubbo,dubbo-common/src/main/java/org/apache/dubbo/common/logger/slf4j/Slf4jLogger.java,java/sensitive-log,WARNING,CWE-532,"This [potentially sensitive information](1) is written to a log file.
This [potentially sensitive information](2) is written to a log file."
apache/dubbo,dubbo-common/src/main/java/org/apache/dubbo/common/logger/slf4j/Slf4jLogger.java,java/sensitive-log,WARNING,CWE-532,This [potentially sensitive information](1) is written to a log file.
apache/dubbo,dubbo-common/src/main/java/org/apache/dubbo/common/logger/slf4j/Slf4jLogger.java,java/sensitive-log,WARNING,CWE-532,This [potentially sensitive information](1) is written to a log file.
apache/dubbo,dubbo-common/src/main/java/org/apache/dubbo/common/logger/slf4j/Slf4jLogger.java,java/sensitive-log,WARNING,CWE-532,This [potentially sensitive information](1) is written to a log file.
apache/dubbo,dubbo-common/src/main/java/org/apache/dubbo/common/logger/slf4j/Slf4jLogger.java,java/sensitive-log,WARNING,CWE-532,"This [potentially sensitive information](1) is written to a log file.
This [potentially sensitive information](2) is written to a log file.
This [potentially sensitive information](3) is written to a log file."
apache/dubbo,dubbo-common/src/main/java/org/apache/dubbo/common/logger/slf4j/Slf4jLogger.java,java/sensitive-log,WARNING,CWE-532,This [potentially sensitive information](1) is written to a log file.
apache/dubbo,dubbo-compatible/src/test/java/org/apache/dubbo/service/DemoServiceImpl.java,java/sensitive-log,WARNING,CWE-532,This [potentially sensitive information](1) is written to a log file.
apache/dubbo,dubbo-config/dubbo-config-spring/src/test/java/org/apache/dubbo/config/spring/samples/ZookeeperDubboSpringConsumerBootstrap.java,java/sensitive-log,WARNING,CWE-532,This [potentially sensitive information](1) is written to a log file.
apache/dubbo,dubbo-config/dubbo-config-spring/src/test/java/org/apache/dubbo/config/spring/samples/ZookeeperDubboSpringConsumerXmlBootstrap.java,java/sensitive-log,WARNING,CWE-532,This [potentially sensitive information](1) is written to a log file.
apache/dubbo,dubbo-plugin/dubbo-qos/src/test/java/org/apache/dubbo/qos/legacy/service/DemoServiceImpl.java,java/sensitive-log,WARNING,CWE-532,This [potentially sensitive information](1) is written to a log file.
apache/dubbo,dubbo-rpc/dubbo-rpc-api/src/test/java/org/apache/dubbo/rpc/proxy/DemoServiceImpl.java,java/sensitive-log,WARNING,CWE-532,This [potentially sensitive information](1) is written to a log file.
apache/dubbo,dubbo-rpc/dubbo-rpc-api/src/test/java/org/apache/dubbo/rpc/proxy/RemoteServiceImpl.java,java/sensitive-log,WARNING,CWE-532,This [potentially sensitive information](1) is written to a log file.
apache/dubbo,dubbo-rpc/dubbo-rpc-dubbo/src/test/java/org/apache/dubbo/rpc/protocol/dubbo/support/DemoServiceImpl.java,java/sensitive-log,WARNING,CWE-532,This [potentially sensitive information](1) is written to a log file.
apache/dubbo,dubbo-rpc/dubbo-rpc-dubbo/src/test/java/org/apache/dubbo/rpc/protocol/dubbo/support/RemoteServiceImpl.java,java/sensitive-log,WARNING,CWE-532,This [potentially sensitive information](1) is written to a log file.
apache/dubbo,dubbo-rpc/dubbo-rpc-injvm/src/test/java/org/apache/dubbo/rpc/protocol/injvm/DemoServiceImpl.java,java/sensitive-log,WARNING,CWE-532,This [potentially sensitive information](1) is written to a log file.
apache/httpcomponents-client,httpclient5/src/main/java/org/apache/hc/client5/http/impl/classic/CloseableHttpResponse.java,java/xss,ERROR,CWE-079,Cross-site scripting vulnerability due to a [user-provided value](1).
apache/httpcomponents-client,httpclient5-testing/src/main/java/org/apache/hc/client5/testing/classic/EchoHandler.java,java/xss,ERROR,CWE-079,Cross-site scripting vulnerability due to a [user-provided value](1).
apache/httpcomponents-client,httpclient5/src/main/java/org/apache/hc/client5/http/impl/auth/NTLMEngineImpl.java,java/weak-cryptographic-algorithm,WARNING,CWE-327; CWE-328,"Cryptographic algorithm [DES/ECB/NoPadding](1) is insecure. It has a short key length of 56 bits, making it vulnerable to brute-force attacks. Consider using AES instead.
Cryptographic algorithm [DES/ECB/NoPadding](1) is insecure. ECB mode, as in AES/ECB/NoPadding for example, is vulnerable to replay and other attacks. Consider using GCM instead."
apache/httpcomponents-client,httpclient5/src/main/java/org/apache/hc/client5/http/impl/auth/NTLMEngineImpl.java,java/weak-cryptographic-algorithm,WARNING,CWE-327; CWE-328,"Cryptographic algorithm [DES/ECB/NoPadding](1) is insecure. It has a short key length of 56 bits, making it vulnerable to brute-force attacks. Consider using AES instead.
Cryptographic algorithm [DES/ECB/NoPadding](1) is insecure. ECB mode, as in AES/ECB/NoPadding for example, is vulnerable to replay and other attacks. Consider using GCM instead."
apache/httpcomponents-client,httpclient5/src/main/java/org/apache/hc/client5/http/impl/auth/NTLMEngineImpl.java,java/weak-cryptographic-algorithm,WARNING,CWE-327; CWE-328,"Cryptographic algorithm [RC4](1) is insecure. It has multiple vulnerabilities, including biases in its output and susceptibility to several attacks. Consider using AES instead."
apache/httpcomponents-client,httpclient5/src/main/java/org/apache/hc/client5/http/impl/auth/NTLMEngineImpl.java,java/weak-cryptographic-algorithm,WARNING,CWE-327; CWE-328,"Cryptographic algorithm [RC4](1) is insecure. It has multiple vulnerabilities, including biases in its output and susceptibility to several attacks. Consider using AES instead."
apache/httpcomponents-client,httpclient5/src/main/java/org/apache/hc/client5/http/impl/auth/NTLMEngineImpl.java,java/weak-cryptographic-algorithm,WARNING,CWE-327; CWE-328,"Cryptographic algorithm [DES/ECB/NoPadding](1) is insecure. It has a short key length of 56 bits, making it vulnerable to brute-force attacks. Consider using AES instead.
Cryptographic algorithm [DES/ECB/NoPadding](1) is insecure. ECB mode, as in AES/ECB/NoPadding for example, is vulnerable to replay and other attacks. Consider using GCM instead."
apache/httpcomponents-client,httpclient5/src/main/java/org/apache/hc/client5/http/impl/auth/NTLMEngineImpl.java,java/weak-cryptographic-algorithm,WARNING,CWE-327; CWE-328,"Cryptographic algorithm [DES/ECB/NoPadding](1) is insecure. It has a short key length of 56 bits, making it vulnerable to brute-force attacks. Consider using AES instead.
Cryptographic algorithm [DES/ECB/NoPadding](1) is insecure. ECB mode, as in AES/ECB/NoPadding for example, is vulnerable to replay and other attacks. Consider using GCM instead."
apache/httpcomponents-client,httpclient5/src/main/java/org/apache/hc/client5/http/impl/auth/NTLMEngineImpl.java,java/weak-cryptographic-algorithm,WARNING,CWE-327; CWE-328,"Cryptographic algorithm [RC4](1) is insecure. It has multiple vulnerabilities, including biases in its output and susceptibility to several attacks. Consider using AES instead."
apache/httpcomponents-client,httpclient5/src/main/java/org/apache/hc/client5/http/impl/auth/NTLMEngineImpl.java,java/weak-cryptographic-algorithm,WARNING,CWE-327; CWE-328,"Cryptographic algorithm [RC4](1) is insecure. It has multiple vulnerabilities, including biases in its output and susceptibility to several attacks. Consider using AES instead."
apache/httpcomponents-client,httpclient5/src/main/java/org/apache/hc/client5/http/impl/auth/NTLMEngineImpl.java,java/weak-cryptographic-algorithm,WARNING,CWE-327; CWE-328,"Cryptographic algorithm [RC4](1) is insecure. It has multiple vulnerabilities, including biases in its output and susceptibility to several attacks. Consider using AES instead."
apache/httpcomponents-client,httpclient5/src/main/java/org/apache/hc/client5/http/impl/auth/NTLMEngineImpl.java,java/weak-cryptographic-algorithm,WARNING,CWE-327; CWE-328,"Cryptographic algorithm [DES](1) is insecure. It has a short key length of 56 bits, making it vulnerable to brute-force attacks. Consider using AES instead."
apache/httpcomponents-client,httpclient5-testing/src/test/java/org/apache/hc/client5/testing/async/AbstractHttpAsyncClientAuthenticationTest.java,java/predictable-seed,ERROR,CWE-335; CWE-337,Usage of a SecureRandom number generator seeded with a [predictable value](1).
apache/httpcomponents-client,httpclient5-testing/src/test/java/org/apache/hc/client5/testing/sync/TestClientAuthentication.java,java/predictable-seed,ERROR,CWE-335; CWE-337,Usage of a SecureRandom number generator seeded with a [predictable value](1).
apache/httpcomponents-client,httpclient5-testing/src/main/java/org/apache/hc/client5/testing/classic/RandomHandler.java,java/uncontrolled-arithmetic,WARNING,CWE-190; CWE-191,"This arithmetic expression depends on an [uncontrolled value](1), potentially causing an underflow.
This arithmetic expression depends on an [uncontrolled value](1), potentially causing an overflow."
apache/httpcomponents-client,httpclient5-websocket/src/main/java/org/apache/hc/core5/websocket/server/WebSocketH2ServerExchangeHandler.java,java/comparison-with-wider-type,WARNING,CWE-190; CWE-197,Comparison between [expression](1) of type int and [expression](2) of wider type long.
apache/httpcomponents-client,httpclient5/src/test/java/org/apache/hc/client5/http/entity/mime/TestMultipartForm.java,java/local-temp-file-or-directory-information-disclosure,WARNING,CWE-200; CWE-732,Local information disclosure vulnerability due to use of file readable by other local users.
apache/httpcomponents-client,httpclient5/src/test/java/org/apache/hc/client5/http/entity/mime/TestMultipartForm.java,java/local-temp-file-or-directory-information-disclosure,WARNING,CWE-200; CWE-732,Local information disclosure vulnerability due to use of file readable by other local users.
apache/httpcomponents-client,httpclient5/src/test/java/org/apache/hc/client5/http/entity/mime/TestMultipartForm.java,java/local-temp-file-or-directory-information-disclosure,WARNING,CWE-200; CWE-732,Local information disclosure vulnerability due to use of file readable by other local users.
apache/httpcomponents-client,httpclient5/src/test/java/org/apache/hc/client5/http/entity/mime/TestMultipartForm.java,java/local-temp-file-or-directory-information-disclosure,WARNING,CWE-200; CWE-732,Local information disclosure vulnerability due to use of file readable by other local users.
apache/httpcomponents-client,httpclient5/src/test/java/org/apache/hc/client5/http/entity/mime/TestMultipartForm.java,java/local-temp-file-or-directory-information-disclosure,WARNING,CWE-200; CWE-732,Local information disclosure vulnerability due to use of file readable by other local users.
apache/httpcomponents-client,httpclient5/src/test/java/org/apache/hc/client5/http/entity/mime/TestMultipartMixed.java,java/local-temp-file-or-directory-information-disclosure,WARNING,CWE-200; CWE-732,Local information disclosure vulnerability due to use of file readable by other local users.
apache/httpcomponents-client,httpclient5/src/test/java/org/apache/hc/client5/http/entity/mime/TestMultipartMixed.java,java/local-temp-file-or-directory-information-disclosure,WARNING,CWE-200; CWE-732,Local information disclosure vulnerability due to use of file readable by other local users.
apache/httpcomponents-client,httpclient5/src/test/java/org/apache/hc/client5/http/entity/mime/TestMultipartMixed.java,java/local-temp-file-or-directory-information-disclosure,WARNING,CWE-200; CWE-732,Local information disclosure vulnerability due to use of file readable by other local users.
apache/httpcomponents-client,httpclient5/src/test/java/org/apache/hc/client5/http/entity/mime/TestMultipartMixed.java,java/local-temp-file-or-directory-information-disclosure,WARNING,CWE-200; CWE-732,Local information disclosure vulnerability due to use of file readable by other local users.
apache/httpcomponents-client,httpclient5/src/test/java/org/apache/hc/client5/http/entity/mime/TestMultipartMixed.java,java/local-temp-file-or-directory-information-disclosure,WARNING,CWE-200; CWE-732,Local information disclosure vulnerability due to use of file readable by other local users.
apache/httpcomponents-client,httpclient5-cache/src/test/java/org/apache/hc/client5/http/impl/cache/TestHttpCacheJiraNumber1147.java,java/local-temp-file-or-directory-information-disclosure,WARNING,CWE-200; CWE-732,Local information disclosure vulnerability due to use of file readable by other local users.
apache/httpcomponents-client,httpclient5-testing/src/test/java/org/apache/hc/client5/testing/fluent/TestFluent.java,java/local-temp-file-or-directory-information-disclosure,WARNING,CWE-200; CWE-732,Local information disclosure vulnerability due to use of file readable by other local users.
apache/httpcomponents-client,httpclient5/src/main/java/org/apache/hc/client5/http/impl/auth/DigestScheme.java,java/potentially-weak-cryptographic-algorithm,WARNING,CWE-327; CWE-328,"Cryptographic algorithm [MD5](1) may not be secure. Consider using a different algorithm.
Cryptographic algorithm [MD5](2) may not be secure. Consider using a different algorithm."
apache/httpcomponents-client,httpclient5/src/main/java/org/apache/hc/client5/http/impl/auth/NTLMEngineImpl.java,java/potentially-weak-cryptographic-algorithm,WARNING,CWE-327; CWE-328,Cryptographic algorithm [MD5](1) may not be secure. Consider using a different algorithm.
apache/httpcomponents-client,httpclient5-websocket/src/main/java/org/apache/hc/client5/http/websocket/client/impl/protocol/Http1UpgradeProtocol.java,java/potentially-weak-cryptographic-algorithm,WARNING,CWE-327; CWE-328,Cryptographic algorithm [SHA-1](1) may not be secure. Consider using a different algorithm.
apache/httpcomponents-client,httpclient5-websocket/src/main/java/org/apache/hc/core5/websocket/WebSocketHandshake.java,java/potentially-weak-cryptographic-algorithm,WARNING,CWE-327; CWE-328,Cryptographic algorithm [SHA-1](1) may not be secure. Consider using a different algorithm.
apache/httpcomponents-client,httpclient5/src/main/java/org/apache/hc/client5/http/impl/auth/AuthenticationHandler.java,java/sensitive-log,WARNING,CWE-532,This [potentially sensitive information](1) is written to a log file.
apache/httpcomponents-client,httpclient5/src/main/java/org/apache/hc/client5/http/impl/auth/GGSSchemeBase.java,java/sensitive-log,WARNING,CWE-532,This [potentially sensitive information](1) is written to a log file.
apache/httpcomponents-client,httpclient5/src/main/java/org/apache/hc/client5/http/impl/nio/PoolingAsyncClientConnectionManager.java,java/sensitive-log,WARNING,CWE-532,This [potentially sensitive information](1) is written to a log file.
apache/httpcomponents-client,httpclient5/src/main/java/org/apache/hc/client5/http/impl/io/PoolingHttpClientConnectionManager.java,java/sensitive-log,WARNING,CWE-532,This [potentially sensitive information](1) is written to a log file.
apache/httpcomponents-client,httpclient5/src/main/java/org/apache/hc/client5/http/impl/nio/PoolingAsyncClientConnectionManager.java,java/sensitive-log,WARNING,CWE-532,This [potentially sensitive information](1) is written to a log file.
apache/httpcomponents-client,httpclient5-testing/src/main/java/org/apache/hc/client5/testing/classic/AuthenticatingDecorator.java,java/user-controlled-bypass,ERROR,CWE-807; CWE-290,"Sensitive method may not be executed depending on a [this condition](1), which flows from [user-controlled value](2).
Sensitive method may not be executed depending on a [this condition](1), which flows from [user-controlled value](3).
Sensitive method may not be executed depending on a [this condition](1), which flows from [user-controlled value](4)."
apache/rocketmq,common/src/main/java/org/apache/rocketmq/common/statistics/StatisticsBrief.java,java/implicit-cast-in-compound-assignment,WARNING,CWE-190; CWE-192; CWE-197; CWE-681,Implicit cast of source type long to narrower destination type [int](1).
apache/rocketmq,common/src/main/java/org/apache/rocketmq/common/statistics/StatisticsBrief.java,java/implicit-cast-in-compound-assignment,WARNING,CWE-190; CWE-192; CWE-197; CWE-681,Implicit cast of source type long to narrower destination type [int](1).
apache/rocketmq,broker/src/main/java/org/apache/rocketmq/broker/topic/TopicQueueMappingManager.java,java/unreleased-lock,ERROR,CWE-764; CWE-833,This lock might not be unlocked or might be locked more times than it is unlocked.
apache/rocketmq,client/src/main/java/org/apache/rocketmq/client/impl/MQAdminImpl.java,java/unreleased-lock,ERROR,CWE-764; CWE-833,This lock might not be unlocked or might be locked more times than it is unlocked.
apache/rocketmq,client/src/main/java/org/apache/rocketmq/client/impl/consumer/ProcessQueue.java,java/unreleased-lock,ERROR,CWE-764; CWE-833,This lock might not be unlocked or might be locked more times than it is unlocked.
apache/rocketmq,client/src/main/java/org/apache/rocketmq/client/impl/consumer/ProcessQueue.java,java/unreleased-lock,ERROR,CWE-764; CWE-833,This lock might not be unlocked or might be locked more times than it is unlocked.
apache/rocketmq,client/src/main/java/org/apache/rocketmq/client/impl/consumer/ProcessQueue.java,java/unreleased-lock,ERROR,CWE-764; CWE-833,This lock might not be unlocked or might be locked more times than it is unlocked.
apache/rocketmq,client/src/main/java/org/apache/rocketmq/client/impl/consumer/ProcessQueue.java,java/unreleased-lock,ERROR,CWE-764; CWE-833,This lock might not be unlocked or might be locked more times than it is unlocked.
apache/rocketmq,client/src/main/java/org/apache/rocketmq/client/impl/consumer/RebalancePushImpl.java,java/unreleased-lock,ERROR,CWE-764; CWE-833,This lock might not be unlocked or might be locked more times than it is unlocked.
apache/rocketmq,namesrv/src/main/java/org/apache/rocketmq/namesrv/routeinfo/RouteInfoManager.java,java/unreleased-lock,ERROR,CWE-764; CWE-833,This lock might not be unlocked or might be locked more times than it is unlocked.
apache/rocketmq,namesrv/src/main/java/org/apache/rocketmq/namesrv/routeinfo/RouteInfoManager.java,java/unreleased-lock,ERROR,CWE-764; CWE-833,This lock might not be unlocked or might be locked more times than it is unlocked.
apache/rocketmq,namesrv/src/main/java/org/apache/rocketmq/namesrv/routeinfo/RouteInfoManager.java,java/unreleased-lock,ERROR,CWE-764; CWE-833,This lock might not be unlocked or might be locked more times than it is unlocked.
apache/rocketmq,namesrv/src/main/java/org/apache/rocketmq/namesrv/routeinfo/RouteInfoManager.java,java/unreleased-lock,ERROR,CWE-764; CWE-833,This lock might not be unlocked or might be locked more times than it is unlocked.
apache/rocketmq,namesrv/src/main/java/org/apache/rocketmq/namesrv/routeinfo/RouteInfoManager.java,java/unreleased-lock,ERROR,CWE-764; CWE-833,This lock might not be unlocked or might be locked more times than it is unlocked.
apache/rocketmq,namesrv/src/main/java/org/apache/rocketmq/namesrv/routeinfo/RouteInfoManager.java,java/unreleased-lock,ERROR,CWE-764; CWE-833,This lock might not be unlocked or might be locked more times than it is unlocked.
apache/rocketmq,namesrv/src/main/java/org/apache/rocketmq/namesrv/routeinfo/RouteInfoManager.java,java/unreleased-lock,ERROR,CWE-764; CWE-833,This lock might not be unlocked or might be locked more times than it is unlocked.
apache/rocketmq,proxy/src/main/java/org/apache/rocketmq/proxy/common/ReceiptHandleGroup.java,java/unreleased-lock,ERROR,CWE-764; CWE-833,This lock might not be unlocked or might be locked more times than it is unlocked.
apache/rocketmq,proxy/src/main/java/org/apache/rocketmq/proxy/common/ReceiptHandleGroup.java,java/unreleased-lock,ERROR,CWE-764; CWE-833,This lock might not be unlocked or might be locked more times than it is unlocked.
apache/rocketmq,proxy/src/main/java/org/apache/rocketmq/proxy/common/ReceiptHandleGroup.java,java/unreleased-lock,ERROR,CWE-764; CWE-833,This lock might not be unlocked or might be locked more times than it is unlocked.
apache/rocketmq,store/src/main/java/org/apache/rocketmq/store/dledger/DLedgerCommitLog.java,java/unreleased-lock,ERROR,CWE-764; CWE-833,This lock might not be unlocked or might be locked more times than it is unlocked.
apache/rocketmq,store/src/test/java/org/apache/rocketmq/store/lock/AdaptiveLockTest.java,java/unreleased-lock,ERROR,CWE-764; CWE-833,This lock might not be unlocked or might be locked more times than it is unlocked.
apache/rocketmq,store/src/test/java/org/apache/rocketmq/store/lock/AdaptiveLockTest.java,java/unreleased-lock,ERROR,CWE-764; CWE-833,This lock might not be unlocked or might be locked more times than it is unlocked.
apache/rocketmq,store/src/test/java/org/apache/rocketmq/store/lock/AdaptiveLockTest.java,java/unreleased-lock,ERROR,CWE-764; CWE-833,This lock might not be unlocked or might be locked more times than it is unlocked.
apache/rocketmq,store/src/test/java/org/apache/rocketmq/store/lock/AdaptiveLockTest.java,java/unreleased-lock,ERROR,CWE-764; CWE-833,This lock might not be unlocked or might be locked more times than it is unlocked.
apache/rocketmq,client/src/main/java/org/apache/rocketmq/acl/common/AclUtils.java,java/uncontrolled-arithmetic,WARNING,CWE-190; CWE-191,"This arithmetic expression depends on an [uncontrolled value](1), potentially causing an overflow.
This arithmetic expression depends on an [uncontrolled value](2), potentially causing an overflow.
This arithmetic expression depends on an [uncontrolled value](3), potentially causing an overflow."
apache/rocketmq,client/src/main/java/org/apache/rocketmq/client/common/ThreadLocalIndex.java,java/uncontrolled-arithmetic,WARNING,CWE-190; CWE-191,"This arithmetic expression depends on an [uncontrolled value](1), potentially causing an overflow."
apache/rocketmq,common/src/main/java/org/apache/rocketmq/common/message/MessageDecoder.java,java/uncontrolled-arithmetic,WARNING,CWE-190; CWE-191,"This arithmetic expression depends on an [uncontrolled value](1), potentially causing an overflow.
This arithmetic expression depends on an [uncontrolled value](2), potentially causing an overflow."
apache/rocketmq,broker/src/test/java/org/apache/rocketmq/broker/processor/PopReviveServiceTest.java,java/comparison-with-wider-type,WARNING,CWE-190; CWE-197,Comparison between [expression](1) of type int and [expression](2) of wider type long.
apache/rocketmq,broker/src/test/java/org/apache/rocketmq/broker/processor/PopReviveServiceTest.java,java/comparison-with-wider-type,WARNING,CWE-190; CWE-197,Comparison between [expression](1) of type int and [expression](2) of wider type long.
apache/rocketmq,broker/src/test/java/org/apache/rocketmq/broker/processor/PopReviveServiceTest.java,java/comparison-with-wider-type,WARNING,CWE-190; CWE-197,Comparison between [expression](1) of type int and [expression](2) of wider type long.
apache/rocketmq,store/src/test/java/org/apache/rocketmq/store/DefaultMessageStoreTest.java,java/comparison-with-wider-type,WARNING,CWE-190; CWE-197,Comparison between [expression](1) of type int and [expression](2) of wider type long.
apache/rocketmq,store/src/test/java/org/apache/rocketmq/store/RocksDBMessageStoreTest.java,java/comparison-with-wider-type,WARNING,CWE-190; CWE-197,Comparison between [expression](1) of type int and [expression](2) of wider type long.
apache/rocketmq,test/src/main/java/org/apache/rocketmq/test/client/mq/MQAsyncProducer.java,java/comparison-with-wider-type,WARNING,CWE-190; CWE-197,Comparison between [expression](1) of type int and [expression](2) of wider type long.
apache/rocketmq,test/src/main/java/org/apache/rocketmq/test/client/mq/MQAsyncProducer.java,java/comparison-with-wider-type,WARNING,CWE-190; CWE-197,Comparison between [expression](1) of type int and [expression](2) of wider type long.
apache/rocketmq,test/src/main/java/org/apache/rocketmq/test/clientinterface/AbstractMQProducer.java,java/comparison-with-wider-type,WARNING,CWE-190; CWE-197,Comparison between [expression](1) of type int and [expression](2) of wider type long.
apache/rocketmq,test/src/main/java/org/apache/rocketmq/test/clientinterface/AbstractMQProducer.java,java/comparison-with-wider-type,WARNING,CWE-190; CWE-197,Comparison between [expression](1) of type int and [expression](2) of wider type long.
apache/rocketmq,tieredstore/src/main/java/org/apache/rocketmq/tieredstore/core/MessageStoreFetcherImpl.java,java/comparison-with-wider-type,WARNING,CWE-190; CWE-197,Comparison between [expression](1) of type int and [expression](2) of wider type long.
apache/rocketmq,tools/src/main/java/org/apache/rocketmq/tools/command/cluster/ClusterSendMsgRTCommand.java,java/comparison-with-wider-type,WARNING,CWE-190; CWE-197,Comparison between [expression](1) of type int and [expression](2) of wider type long.
apache/rocketmq,tools/src/main/java/org/apache/rocketmq/tools/command/cluster/ClusterSendMsgRTCommand.java,java/comparison-with-wider-type,WARNING,CWE-190; CWE-197,Comparison between [expression](1) of type int and [expression](2) of wider type long.
apache/rocketmq,tools/src/main/java/org/apache/rocketmq/tools/command/message/CheckMsgSendRTCommand.java,java/comparison-with-wider-type,WARNING,CWE-190; CWE-197,Comparison between [expression](1) of type int and [expression](2) of wider type long.
apache/rocketmq,tools/src/main/java/org/apache/rocketmq/tools/command/message/CheckMsgSendRTCommand.java,java/comparison-with-wider-type,WARNING,CWE-190; CWE-197,Comparison between [expression](1) of type int and [expression](2) of wider type long.
apache/rocketmq,tools/src/main/java/org/apache/rocketmq/tools/command/message/DumpCompactionLogCommand.java,java/comparison-with-wider-type,WARNING,CWE-190; CWE-197,Comparison between [expression](1) of type int and [expression](2) of wider type long.
apache/rocketmq,common/src/main/java/org/apache/rocketmq/common/config/ConfigHelper.java,java/local-temp-file-or-directory-information-disclosure,WARNING,CWE-200; CWE-732,Local information disclosure vulnerability from [system temp directory](1) due to use of file or directory readable by other local users.
apache/rocketmq,proxy/src/test/java/org/apache/rocketmq/proxy/grpc/ProxyAndTlsProtocolNegotiatorTest.java,java/local-temp-file-or-directory-information-disclosure,WARNING,CWE-200; CWE-732,Local information disclosure vulnerability due to use of file readable by other local users.
apache/rocketmq,remoting/src/main/java/org/apache/rocketmq/remoting/protocol/statictopic/TopicQueueMappingUtils.java,java/local-temp-file-or-directory-information-disclosure,WARNING,CWE-200; CWE-732,Local information disclosure vulnerability from [system temp directory](1) due to use of file or directory readable by other local users.
apache/rocketmq,remoting/src/test/java/org/apache/rocketmq/remoting/TlsTest.java,java/local-temp-file-or-directory-information-disclosure,WARNING,CWE-200; CWE-732,Local information disclosure vulnerability due to use of file readable by other local users.
apache/rocketmq,remoting/src/test/java/org/apache/rocketmq/remoting/netty/FileRegionEncoderTest.java,java/local-temp-file-or-directory-information-disclosure,WARNING,CWE-200; CWE-732,Local information disclosure vulnerability due to use of file readable by other local users.
apache/rocketmq,store/src/main/java/org/apache/rocketmq/store/rocksdb/CqCompactionFilterJni.java,java/local-temp-file-or-directory-information-disclosure,WARNING,CWE-200; CWE-732,Local information disclosure vulnerability due to use of file readable by other local users.
apache/rocketmq,common/src/main/java/org/apache/rocketmq/common/consistenthash/ConsistentHashRouter.java,java/potentially-weak-cryptographic-algorithm,WARNING,CWE-327; CWE-328,Cryptographic algorithm [MD5](1) may not be secure. Consider using a different algorithm.
apache/rocketmq,common/src/main/java/org/apache/rocketmq/common/utils/BinaryUtil.java,java/potentially-weak-cryptographic-algorithm,WARNING,CWE-327; CWE-328,Cryptographic algorithm [MD5](1) may not be secure. Consider using a different algorithm.
apache/rocketmq,srvutil/src/main/java/org/apache/rocketmq/srvutil/FileWatchService.java,java/potentially-weak-cryptographic-algorithm,WARNING,CWE-327; CWE-328,Cryptographic algorithm [MD5](1) may not be secure. Consider using a different algorithm.
apache/rocketmq,store/src/main/java/org/apache/rocketmq/store/kv/CompactionLog.java,java/potentially-weak-cryptographic-algorithm,WARNING,CWE-327; CWE-328,Cryptographic algorithm [MD5](1) may not be secure. Consider using a different algorithm.
apache/rocketmq,tieredstore/src/main/java/org/apache/rocketmq/tieredstore/util/MessageStoreUtil.java,java/potentially-weak-cryptographic-algorithm,WARNING,CWE-327; CWE-328,Cryptographic algorithm [MD5](1) may not be secure. Consider using a different algorithm.
apache/rocketmq,tieredstore/src/main/java/org/apache/rocketmq/tieredstore/util/MessageStoreUtil.java,java/potentially-weak-cryptographic-algorithm,WARNING,CWE-327; CWE-328,Cryptographic algorithm [MD5](1) may not be secure. Consider using a different algorithm.
apache/shiro,lang/src/main/java/org/apache/shiro/lang/codec/CodecSupport.java,java/path-injection,ERROR,CWE-022; CWE-023; CWE-036; CWE-073,"This path depends on a [user-provided value](1).
This path depends on a [user-provided value](2).
This path depends on a [user-provided value](3)."
apache/shiro,web/src/main/java/org/apache/shiro/web/util/RedirectView.java,java/unvalidated-url-redirection,ERROR,CWE-601,Untrusted URL redirection depends on a [user-provided value](1).
apache/shiro,web/src/main/java/org/apache/shiro/web/util/RedirectView.java,java/unvalidated-url-redirection,ERROR,CWE-601,Untrusted URL redirection depends on a [user-provided value](1).
apache/shiro,core/src/test/java/org/apache/shiro/realm/text/TextConfigurationRealmTest.java,java/unreleased-lock,ERROR,CWE-764; CWE-833,This lock might not be unlocked or might be locked more times than it is unlocked.
apache/shiro,core/src/test/java/org/apache/shiro/realm/jdbc/JDBCRealmTest.java,java/concatenated-sql-query,ERROR,CWE-089; CWE-564,"Query built by concatenation with [this expression](1), which may be untrusted."
apache/shiro,core/src/test/java/org/apache/shiro/realm/jdbc/JDBCRealmTest.java,java/concatenated-sql-query,ERROR,CWE-089; CWE-564,"Query built by concatenation with [this expression](1), which may be untrusted.
Query built by concatenation with [this expression](2), which may be untrusted."
apache/shiro,samples/spring-hibernate/src/main/java/org/apache/shiro/samples/sprhib/dao/BootstrapDataPopulator.java,java/concatenated-sql-query,ERROR,CWE-089; CWE-564,"Query built by concatenation with [this expression](1), which may be untrusted."
apache/shiro,samples/spring-mvc/src/main/java/org/apache/shiro/samples/spring/BootstrapDataPopulator.java,java/concatenated-sql-query,ERROR,CWE-089; CWE-564,"Query built by concatenation with [this expression](1), which may be untrusted.
Query built by concatenation with [this expression](2), which may be untrusted."
apache/shiro,samples/spring-mvc/src/main/java/org/apache/shiro/samples/spring/BootstrapDataPopulator.java,java/concatenated-sql-query,ERROR,CWE-089; CWE-564,"Query built by concatenation with [this expression](1), which may be untrusted.
Query built by concatenation with [this expression](2), which may be untrusted."
apache/shiro,samples/spring-mvc/src/main/java/org/apache/shiro/samples/spring/BootstrapDataPopulator.java,java/concatenated-sql-query,ERROR,CWE-089; CWE-564,"Query built by concatenation with [this expression](1), which may be untrusted.
Query built by concatenation with [this expression](2), which may be untrusted."
apache/shiro,samples/spring-mvc/src/main/java/org/apache/shiro/samples/spring/BootstrapDataPopulator.java,java/concatenated-sql-query,ERROR,CWE-089; CWE-564,"Query built by concatenation with [this expression](1), which may be untrusted.
Query built by concatenation with [this expression](2), which may be untrusted."
apache/shiro,samples/spring-mvc/src/main/java/org/apache/shiro/samples/spring/BootstrapDataPopulator.java,java/concatenated-sql-query,ERROR,CWE-089; CWE-564,"Query built by concatenation with [this expression](1), which may be untrusted.
Query built by concatenation with [this expression](2), which may be untrusted."
apache/shiro,samples/spring-mvc/src/main/java/org/apache/shiro/samples/spring/BootstrapDataPopulator.java,java/concatenated-sql-query,ERROR,CWE-089; CWE-564,"Query built by concatenation with [this expression](1), which may be untrusted.
Query built by concatenation with [this expression](2), which may be untrusted."
apache/shiro,samples/spring-mvc/src/main/java/org/apache/shiro/samples/spring/BootstrapDataPopulator.java,java/concatenated-sql-query,ERROR,CWE-089; CWE-564,"Query built by concatenation with [this expression](1), which may be untrusted.
Query built by concatenation with [this expression](2), which may be untrusted."
apache/shiro,samples/spring-mvc/src/main/java/org/apache/shiro/samples/spring/BootstrapDataPopulator.java,java/concatenated-sql-query,ERROR,CWE-089; CWE-564,"Query built by concatenation with [this expression](1), which may be untrusted.
Query built by concatenation with [this expression](2), which may be untrusted."
apache/shiro,samples/spring-mvc/src/main/java/org/apache/shiro/samples/spring/BootstrapDataPopulator.java,java/concatenated-sql-query,ERROR,CWE-089; CWE-564,"Query built by concatenation with [this expression](1), which may be untrusted.
Query built by concatenation with [this expression](2), which may be untrusted."
apache/shiro,samples/spring-mvc/src/main/java/org/apache/shiro/samples/spring/BootstrapDataPopulator.java,java/concatenated-sql-query,ERROR,CWE-089; CWE-564,"Query built by concatenation with [this expression](1), which may be untrusted.
Query built by concatenation with [this expression](2), which may be untrusted."
apache/shiro,core/src/main/java/org/apache/shiro/realm/AuthenticatingRealm.java,java/log-injection,ERROR,CWE-117,"This log entry depends on a [user-provided value](1).
This log entry depends on a [user-provided value](2).
This log entry depends on a [user-provided value](3).
This log entry depends on a [user-provided value](4).
This log entry depends on a [user-provided value](5).
This log entry depends on a [user-provided value](6).
This log entry depends on a [user-provided value](7).
This log entry depends on a [user-provided value](8).
This log entry depends on a [user-provided value](9)."
apache/shiro,core/src/main/java/org/apache/shiro/realm/AuthenticatingRealm.java,java/log-injection,ERROR,CWE-117,"This log entry depends on a [user-provided value](1).
This log entry depends on a [user-provided value](2).
This log entry depends on a [user-provided value](3).
This log entry depends on a [user-provided value](4).
This log entry depends on a [user-provided value](5).
This log entry depends on a [user-provided value](6).
This log entry depends on a [user-provided value](7).
This log entry depends on a [user-provided value](8).
This log entry depends on a [user-provided value](9)."
apache/shiro,core/src/main/java/org/apache/shiro/realm/AuthenticatingRealm.java,java/log-injection,ERROR,CWE-117,"This log entry depends on a [user-provided value](1).
This log entry depends on a [user-provided value](2).
This log entry depends on a [user-provided value](3).
This log entry depends on a [user-provided value](4).
This log entry depends on a [user-provided value](5).
This log entry depends on a [user-provided value](6).
This log entry depends on a [user-provided value](7).
This log entry depends on a [user-provided value](8).
This log entry depends on a [user-provided value](9)."
apache/shiro,core/src/main/java/org/apache/shiro/realm/jdbc/JdbcRealm.java,java/log-injection,ERROR,CWE-117,"This log entry depends on a [user-provided value](1).
This log entry depends on a [user-provided value](2).
This log entry depends on a [user-provided value](3).
This log entry depends on a [user-provided value](4).
This log entry depends on a [user-provided value](5).
This log entry depends on a [user-provided value](6).
This log entry depends on a [user-provided value](7).
This log entry depends on a [user-provided value](8).
This log entry depends on a [user-provided value](9)."
apache/shiro,core/src/main/java/org/apache/shiro/realm/ldap/DefaultLdapRealm.java,java/log-injection,ERROR,CWE-117,"This log entry depends on a [user-provided value](1).
This log entry depends on a [user-provided value](2).
This log entry depends on a [user-provided value](3).
This log entry depends on a [user-provided value](4).
This log entry depends on a [user-provided value](5).
This log entry depends on a [user-provided value](6).
This log entry depends on a [user-provided value](7).
This log entry depends on a [user-provided value](8).
This log entry depends on a [user-provided value](9)."
apache/shiro,core/src/main/java/org/apache/shiro/realm/ldap/JndiLdapContextFactory.java,java/log-injection,ERROR,CWE-117,"This log entry depends on a [user-provided value](1).
This log entry depends on a [user-provided value](2).
This log entry depends on a [user-provided value](3).
This log entry depends on a [user-provided value](4).
This log entry depends on a [user-provided value](5).
This log entry depends on a [user-provided value](6).
This log entry depends on a [user-provided value](7).
This log entry depends on a [user-provided value](8).
This log entry depends on a [user-provided value](9)."
apache/shiro,samples/spring-mvc/src/main/java/org/apache/shiro/samples/spring/DefaultSampleManager.java,java/log-injection,ERROR,CWE-117,This log entry depends on a [user-provided value](1).
apache/shiro,samples/spring-mvc/src/main/java/org/apache/shiro/samples/spring/realm/SaltAwareJdbcRealm.java,java/log-injection,ERROR,CWE-117,"This log entry depends on a [user-provided value](1).
This log entry depends on a [user-provided value](2).
This log entry depends on a [user-provided value](3).
This log entry depends on a [user-provided value](4).
This log entry depends on a [user-provided value](5).
This log entry depends on a [user-provided value](6).
This log entry depends on a [user-provided value](7).
This log entry depends on a [user-provided value](8).
This log entry depends on a [user-provided value](9)."
apache/shiro,support/jakarta-ee/src/main/java/org/apache/shiro/ee/filters/FormResubmitSupport.java,java/log-injection,ERROR,CWE-117,This log entry depends on a [user-provided value](1).
apache/shiro,support/jakarta-ee/src/main/java/org/apache/shiro/ee/filters/FormResubmitSupport.java,java/log-injection,ERROR,CWE-117,This log entry depends on a [user-provided value](1).
apache/shiro,support/jcache/src/main/java/org/apache/shiro/cache/jcache/JCacheManager.java,java/log-injection,ERROR,CWE-117,"This log entry depends on a [user-provided value](1).
This log entry depends on a [user-provided value](2).
This log entry depends on a [user-provided value](3).
This log entry depends on a [user-provided value](4).
This log entry depends on a [user-provided value](5).
This log entry depends on a [user-provided value](6).
This log entry depends on a [user-provided value](7).
This log entry depends on a [user-provided value](8).
This log entry depends on a [user-provided value](9).
This log entry"
apache/shiro,support/jcache/src/main/java/org/apache/shiro/cache/jcache/JCacheManager.java,java/log-injection,ERROR,CWE-117,"This log entry depends on a [user-provided value](1).
This log entry depends on a [user-provided value](2).
This log entry depends on a [user-provided value](3).
This log entry depends on a [user-provided value](4).
This log entry depends on a [user-provided value](5).
This log entry depends on a [user-provided value](6).
This log entry depends on a [user-provided value](7).
This log entry depends on a [user-provided value](8).
This log entry depends on a [user-provided value](9).
This log entry"
apache/shiro,support/jcache/src/main/java/org/apache/shiro/cache/jcache/JCacheManager.java,java/log-injection,ERROR,CWE-117,"This log entry depends on a [user-provided value](1).
This log entry depends on a [user-provided value](2).
This log entry depends on a [user-provided value](3).
This log entry depends on a [user-provided value](4).
This log entry depends on a [user-provided value](5).
This log entry depends on a [user-provided value](6).
This log entry depends on a [user-provided value](7).
This log entry depends on a [user-provided value](8).
This log entry depends on a [user-provided value](9)."
apache/shiro,web/src/main/java/org/apache/shiro/web/filter/authc/NoAccessFilter.java,java/log-injection,ERROR,CWE-117,"This log entry depends on a [user-provided value](1).
This log entry depends on a [user-provided value](2)."
apache/shiro,web/src/main/java/org/apache/shiro/web/filter/PathMatchingFilter.java,java/log-injection,ERROR,CWE-117,"This log entry depends on a [user-provided value](1).
This log entry depends on a [user-provided value](2)."
apache/shiro,integration-tests/support/src/main/java/org/apache/shiro/testing/web/AbstractContainerIT.java,java/local-temp-file-or-directory-information-disclosure,WARNING,CWE-200; CWE-732,Local information disclosure vulnerability due to use of file readable by other local users.
apache/shiro,config/ogdl/src/main/java/org/apache/shiro/config/ogdl/ReflectionBuilder.java,java/sensitive-log,WARNING,CWE-532,"This [potentially sensitive information](1) is written to a log file.
This [potentially sensitive information](2) is written to a log file.
This [potentially sensitive information](3) is written to a log file.
This [potentially sensitive information](4) is written to a log file.
This [potentially sensitive information](5) is written to a log file.
This [potentially sensitive information](6) is written to a log file.
This [potentially sensitive information](7) is written to a log file.
This [pote"
apache/shiro,config/ogdl/src/main/java/org/apache/shiro/config/ogdl/ReflectionBuilder.java,java/sensitive-log,WARNING,CWE-532,This [potentially sensitive information](1) is written to a log file.
apache/shiro,core/src/main/java/org/apache/shiro/authc/AbstractAuthenticator.java,java/sensitive-log,WARNING,CWE-532,This [potentially sensitive information](1) is written to a log file.
apache/shiro,core/src/main/java/org/apache/shiro/authc/AbstractAuthenticator.java,java/sensitive-log,WARNING,CWE-532,This [potentially sensitive information](1) is written to a log file.
apache/shiro,core/src/main/java/org/apache/shiro/authc/AbstractAuthenticator.java,java/sensitive-log,WARNING,CWE-532,This [potentially sensitive information](1) is written to a log file.
apache/shiro,core/src/main/java/org/apache/shiro/authc/pam/ModularRealmAuthenticator.java,java/sensitive-log,WARNING,CWE-532,This [potentially sensitive information](1) is written to a log file.
apache/shiro,core/src/main/java/org/apache/shiro/authc/pam/ModularRealmAuthenticator.java,java/sensitive-log,WARNING,CWE-532,This [potentially sensitive information](1) is written to a log file.
apache/shiro,core/src/main/java/org/apache/shiro/mgt/DefaultSecurityManager.java,java/sensitive-log,WARNING,CWE-532,This [potentially sensitive information](1) is written to a log file.
apache/shiro,core/src/main/java/org/apache/shiro/realm/AuthenticatingRealm.java,java/sensitive-log,WARNING,CWE-532,This [potentially sensitive information](1) is written to a log file.
apache/shiro,core/src/main/java/org/apache/shiro/realm/AuthenticatingRealm.java,java/sensitive-log,WARNING,CWE-532,This [potentially sensitive information](1) is written to a log file.
apache/shiro,core/src/main/java/org/apache/shiro/realm/AuthenticatingRealm.java,java/sensitive-log,WARNING,CWE-532,This [potentially sensitive information](1) is written to a log file.
apache/shiro,core/src/main/java/org/apache/shiro/realm/AuthenticatingRealm.java,java/sensitive-log,WARNING,CWE-532,This [potentially sensitive information](1) is written to a log file.
apache/shiro,core/src/main/java/org/apache/shiro/realm/ldap/DefaultLdapRealm.java,java/sensitive-log,WARNING,CWE-532,This [potentially sensitive information](1) is written to a log file.
apache/shiro,core/src/main/java/org/apache/shiro/realm/ldap/JndiLdapContextFactory.java,java/sensitive-log,WARNING,CWE-532,This [potentially sensitive information](1) is written to a log file.
apache/shiro,lang/src/main/java/org/apache/shiro/lang/util/ClassUtils.java,java/sensitive-log,WARNING,CWE-532,"This [potentially sensitive information](1) is written to a log file.
This [potentially sensitive information](2) is written to a log file.
This [potentially sensitive information](3) is written to a log file.
This [potentially sensitive information](4) is written to a log file.
This [potentially sensitive information](5) is written to a log file.
This [potentially sensitive information](6) is written to a log file.
This [potentially sensitive information](7) is written to a log file.
This [pote"
apache/shiro,lang/src/main/java/org/apache/shiro/lang/util/ClassUtils.java,java/sensitive-log,WARNING,CWE-532,"This [potentially sensitive information](1) is written to a log file.
This [potentially sensitive information](2) is written to a log file.
This [potentially sensitive information](3) is written to a log file.
This [potentially sensitive information](4) is written to a log file.
This [potentially sensitive information](5) is written to a log file.
This [potentially sensitive information](6) is written to a log file.
This [potentially sensitive information](7) is written to a log file.
This [pote"
apache/shiro,lang/src/main/java/org/apache/shiro/lang/util/ClassUtils.java,java/sensitive-log,WARNING,CWE-532,"This [potentially sensitive information](1) is written to a log file.
This [potentially sensitive information](2) is written to a log file.
This [potentially sensitive information](3) is written to a log file.
This [potentially sensitive information](4) is written to a log file.
This [potentially sensitive information](5) is written to a log file.
This [potentially sensitive information](6) is written to a log file.
This [potentially sensitive information](7) is written to a log file.
This [pote"
apache/shiro,lang/src/main/java/org/apache/shiro/lang/util/ClassUtils.java,java/sensitive-log,WARNING,CWE-532,"This [potentially sensitive information](1) is written to a log file.
This [potentially sensitive information](2) is written to a log file.
This [potentially sensitive information](3) is written to a log file.
This [potentially sensitive information](4) is written to a log file.
This [potentially sensitive information](5) is written to a log file.
This [potentially sensitive information](6) is written to a log file.
This [potentially sensitive information](7) is written to a log file.
This [pote"
apache/shiro,support/jcache/src/main/java/org/apache/shiro/cache/jcache/JCacheManager.java,java/sensitive-log,WARNING,CWE-532,This [potentially sensitive information](1) is written to a log file.
apache/shiro,support/jcache/src/main/java/org/apache/shiro/cache/jcache/JCacheManager.java,java/sensitive-log,WARNING,CWE-532,This [potentially sensitive information](1) is written to a log file.
apache/shiro,support/jcache/src/main/java/org/apache/shiro/cache/jcache/JCacheManager.java,java/sensitive-log,WARNING,CWE-532,This [potentially sensitive information](1) is written to a log file.
apache/shiro,web/src/main/java/org/apache/shiro/web/filter/mgt/DefaultFilterChainManager.java,java/sensitive-log,WARNING,CWE-532,This [potentially sensitive information](1) is written to a log file.
apache/shiro,support/jakarta-ee/src/main/java/org/apache/shiro/ee/filters/FormResubmitSupport.java,java/user-controlled-bypass,ERROR,CWE-807; CWE-290,"Sensitive method may not be executed depending on a [this condition](1), which flows from [user-controlled value](2)."
apache/shiro,web/src/main/java/org/apache/shiro/web/filter/authc/HttpAuthenticationFilter.java,java/user-controlled-bypass,ERROR,CWE-807; CWE-290,"Sensitive method may not be executed depending on a [this condition](1), which flows from [user-controlled value](2)."
apache/shiro,web/src/main/java/org/apache/shiro/web/filter/authc/HttpAuthenticationFilter.java,java/user-controlled-bypass,ERROR,CWE-807; CWE-290,"Sensitive method may not be executed depending on a [this condition](1), which flows from [user-controlled value](2)."
apache/zookeeper,zookeeper-it/src/main/java/org/apache/zookeeper/test/system/GenerateLoad.java,java/implicit-cast-in-compound-assignment,WARNING,CWE-190; CWE-192; CWE-197; CWE-681,Implicit cast of source type long to narrower destination type [int](1).
apache/zookeeper,zookeeper-it/src/main/java/org/apache/zookeeper/test/system/GenerateLoad.java,java/implicit-cast-in-compound-assignment,WARNING,CWE-190; CWE-192; CWE-197; CWE-681,Implicit cast of source type long to narrower destination type [int](1).
apache/zookeeper,zookeeper-server/src/main/java/org/apache/zookeeper/server/quorum/ObserverMaster.java,java/implicit-cast-in-compound-assignment,WARNING,CWE-190; CWE-192; CWE-197; CWE-681,Implicit cast of source type long to narrower destination type [int](1).
apache/zookeeper,zookeeper-metrics-providers/zookeeper-prometheus-metrics/src/test/java/org/apache/zookeeper/metrics/prometheus/PrometheusMetricsProviderConfigTest.java,java/insecure-trustmanager,ERROR,CWE-295,"This uses [TrustManager](1), which is defined in [PrometheusMetricsProviderConfigTest$](2) and trusts any certificate."
apache/zookeeper,zookeeper-server/src/test/java/org/apache/zookeeper/server/admin/JettyAdminServerTest.java,java/insecure-trustmanager,ERROR,CWE-295,"This uses [TrustManager](1), which is defined in [JettyAdminServerTest$](2) and trusts any certificate."
apache/zookeeper,zookeeper-metrics-providers/zookeeper-prometheus-metrics/src/test/java/org/apache/zookeeper/metrics/prometheus/PrometheusHttpsMetricsProviderTest.java,java/unsafe-hostname-verification,ERROR,CWE-297,"The [hostname verifier](1) defined by [this type](2) always accepts any certificate, even if the hostname does not match."
apache/zookeeper,zookeeper-server/src/test/java/org/apache/zookeeper/server/admin/JettyAdminServerTest.java,java/unsafe-hostname-verification,ERROR,CWE-297,"The [hostname verifier](1) defined by [this type](2) always accepts any certificate, even if the hostname does not match."
apache/zookeeper,zookeeper-server/src/main/java/org/apache/zookeeper/server/ZooKeeperServer.java,java/insecure-randomness,WARNING,CWE-330; CWE-338,Potential Insecure randomness due to a [Insecure randomness source.](1).
apache/zookeeper,zookeeper-server/src/main/java/org/apache/zookeeper/server/ZooKeeperServer.java,java/insecure-randomness,WARNING,CWE-330; CWE-338,Potential Insecure randomness due to a [Insecure randomness source.](1).
apache/zookeeper,zookeeper-server/src/main/java/org/apache/zookeeper/server/ZooKeeperServer.java,java/insecure-randomness,WARNING,CWE-330; CWE-338,Potential Insecure randomness due to a [Insecure randomness source.](1).
apache/zookeeper,zookeeper-server/src/main/java/org/apache/zookeeper/util/PemReader.java,java/redos,ERROR,CWE-1333; CWE-730; CWE-400,This part of the regular expression may cause exponential backtracking on strings starting with '-BEGIN CERTIFICATE-' and containing many repetitions of '\n'.
apache/zookeeper,zookeeper-server/src/main/java/org/apache/zookeeper/util/PemReader.java,java/redos,ERROR,CWE-1333; CWE-730; CWE-400,This part of the regular expression may cause exponential backtracking on strings starting with '-BEGIN PRIVATE KEY-' and containing many repetitions of '\n'.
apache/zookeeper,zookeeper-server/src/main/java/org/apache/zookeeper/util/PemReader.java,java/redos,ERROR,CWE-1333; CWE-730; CWE-400,This part of the regular expression may cause exponential backtracking on strings starting with '-BEGIN PUBLIC KEY-' and containing many repetitions of '\n'.
apache/zookeeper,zookeeper-recipes/zookeeper-recipes-lock/src/test/java/org/apache/zookeeper/recipes/lock/WriteLockTest.java,java/unreleased-lock,ERROR,CWE-764; CWE-833,This lock might not be unlocked or might be locked more times than it is unlocked.
apache/zookeeper,zookeeper-recipes/zookeeper-recipes-lock/src/test/java/org/apache/zookeeper/recipes/lock/WriteLockTest.java,java/unreleased-lock,ERROR,CWE-764; CWE-833,This lock might not be unlocked or might be locked more times than it is unlocked.
apache/zookeeper,zookeeper-server/src/main/java/org/apache/zookeeper/server/util/OSMXBean.java,java/relative-path-command,WARNING,CWE-078; CWE-088,Command with a relative path 'bash' is executed.
apache/zookeeper,zookeeper-server/src/main/java/org/apache/zookeeper/server/util/OSMXBean.java,java/relative-path-command,WARNING,CWE-078; CWE-088,Command with a relative path 'bash' is executed.
apache/zookeeper,zookeeper-contrib/zookeeper-contrib-rest/src/main/java/org/apache/zookeeper/server/jersey/ZooKeeperService.java,java/log-injection,ERROR,CWE-117,This log entry depends on a [user-provided value](1).
apache/zookeeper,zookeeper-it/src/main/java/org/apache/zookeeper/test/system/GenerateLoad.java,java/log-injection,ERROR,CWE-117,This log entry depends on a [user-provided value](1).
apache/zookeeper,zookeeper-server/src/main/java/org/apache/zookeeper/server/NettyServerCnxn.java,java/log-injection,ERROR,CWE-117,This log entry depends on a [user-provided value](1).
apache/zookeeper,zookeeper-server/src/main/java/org/apache/zookeeper/server/NettyServerCnxn.java,java/log-injection,ERROR,CWE-117,This log entry depends on a [user-provided value](1).
apache/zookeeper,zookeeper-server/src/main/java/org/apache/zookeeper/server/NettyServerCnxnFactory.java,java/log-injection,ERROR,CWE-117,This log entry depends on a [user-provided value](1).
apache/zookeeper,zookeeper-server/src/main/java/org/apache/zookeeper/server/NettyServerCnxnFactory.java,java/log-injection,ERROR,CWE-117,This log entry depends on a [user-provided value](1).
apache/zookeeper,zookeeper-server/src/main/java/org/apache/zookeeper/server/admin/JsonOutputter.java,java/log-injection,ERROR,CWE-117,This log entry depends on a [user-provided value](1).
apache/zookeeper,zookeeper-server/src/main/java/org/apache/zookeeper/server/admin/StreamOutputter.java,java/log-injection,ERROR,CWE-117,This log entry depends on a [user-provided value](1).
apache/zookeeper,zookeeper-server/src/main/java/org/apache/zookeeper/server/quorum/Learner.java,java/log-injection,ERROR,CWE-117,This log entry depends on a [user-provided value](1).
apache/zookeeper,zookeeper-server/src/main/java/org/apache/zookeeper/server/NettyServerCnxn.java,java/log-injection,ERROR,CWE-117,This log entry depends on a [user-provided value](1).
apache/zookeeper,zookeeper-server/src/main/java/org/apache/zookeeper/server/NettyServerCnxn.java,java/log-injection,ERROR,CWE-117,This log entry depends on a [user-provided value](1).
apache/zookeeper,zookeeper-server/src/main/java/org/apache/zookeeper/server/quorum/UnifiedServerSocket.java,java/log-injection,ERROR,CWE-117,This log entry depends on a [user-provided value](1).
apache/zookeeper,zookeeper-contrib/zookeeper-contrib-rest/src/main/java/org/apache/zookeeper/server/jersey/ZooKeeperService.java,java/tainted-arithmetic,WARNING,CWE-190; CWE-191,"This arithmetic expression depends on a [user-provided value](1), potentially causing an underflow.
This arithmetic expression depends on a [user-provided value](1), potentially causing an overflow."
apache/zookeeper,zookeeper-server/src/test/java/org/apache/zookeeper/server/admin/SnapshotAndRestoreCommandTest.java,java/comparison-with-wider-type,WARNING,CWE-190; CWE-197,Comparison between [expression](1) of type int and [expression](2) of wider type long.
apache/zookeeper,zookeeper-server/src/test/java/org/apache/zookeeper/server/persistence/FileTxnSnapLogTest.java,java/local-temp-file-or-directory-information-disclosure,WARNING,CWE-200; CWE-732,Local information disclosure vulnerability due to use of file readable by other local users.
apache/zookeeper,zookeeper-server/src/main/java/org/apache/zookeeper/client/FourLetterWordMain.java,java/unsafe-cert-trust,WARNING,CWE-273,Unsafe configuration of trusted certificates.
apache/zookeeper,zookeeper-server/src/main/java/org/apache/zookeeper/server/auth/DigestAuthenticationProvider.java,java/potentially-weak-cryptographic-algorithm,WARNING,CWE-327; CWE-328,Cryptographic algorithm [SHA1](1) may not be secure. Consider using a different algorithm.
apache/zookeeper,zookeeper-server/src/main/java/org/apache/zookeeper/server/ZooKeeperServer.java,java/toctou-race-condition,WARNING,CWE-367,This uses the state of [connThrottle](1) which [is checked at a previous call](2). But these are not jointly synchronized.
apache/zookeeper,zookeeper-server/src/main/java/org/apache/zookeeper/server/quorum/FastLeaderElection.java,java/toctou-race-condition,WARNING,CWE-367,This uses the state of [self](1) which [is checked at a previous call](2). But these are not jointly synchronized.
apache/zookeeper,zookeeper-server/src/main/java/org/apache/zookeeper/server/quorum/FastLeaderElection.java,java/toctou-race-condition,WARNING,CWE-367,This uses the state of [self](1) which [is checked at a previous call](2). But these are not jointly synchronized.
apache/zookeeper,zookeeper-server/src/main/java/org/apache/zookeeper/server/quorum/FastLeaderElection.java,java/toctou-race-condition,WARNING,CWE-367,This uses the state of [self](1) which [is checked at a previous call](2). But these are not jointly synchronized.
apache/zookeeper,zookeeper-server/src/test/java/org/apache/zookeeper/test/FLETest.java,java/toctou-race-condition,WARNING,CWE-367,This uses the state of [peer](1) which [is checked at a previous call](2). But these are not jointly synchronized.
apache/zookeeper,zookeeper-server/src/test/java/org/apache/zookeeper/test/FLEZeroWeightTest.java,java/toctou-race-condition,WARNING,CWE-367,This uses the state of [peer](1) which [is checked at a previous call](2). But these are not jointly synchronized.
apache/zookeeper,zookeeper-server/src/main/java/org/apache/zookeeper/jmx/MBeanRegistry.java,java/sensitive-log,WARNING,CWE-532,This [potentially sensitive information](1) is written to a log file.
apache/zookeeper,zookeeper-server/src/main/java/org/apache/zookeeper/jmx/MBeanRegistry.java,java/sensitive-log,WARNING,CWE-532,This [potentially sensitive information](1) is written to a log file.
apache/zookeeper,zookeeper-server/src/main/java/org/apache/zookeeper/server/ZooKeeperServer.java,java/sensitive-log,WARNING,CWE-532,This [potentially sensitive information](1) is written to a log file.
apache/zookeeper,zookeeper-server/src/main/java/org/apache/zookeeper/server/ZooKeeperServer.java,java/sensitive-log,WARNING,CWE-532,This [potentially sensitive information](1) is written to a log file.
apache/zookeeper,zookeeper-server/src/main/java/org/apache/zookeeper/server/admin/JsonOutputter.java,java/sensitive-log,WARNING,CWE-532,This [potentially sensitive information](1) is written to a log file.
apache/zookeeper,zookeeper-server/src/main/java/org/apache/zookeeper/server/admin/StreamOutputter.java,java/sensitive-log,WARNING,CWE-532,This [potentially sensitive information](1) is written to a log file.
apache/zookeeper,zookeeper-server/src/main/java/org/apache/zookeeper/common/ZKConfig.java,java/sensitive-log,WARNING,CWE-532,This [potentially sensitive information](1) is written to a log file.
jenkinsci/jenkins,core/src/main/java/jenkins/websocket/WebSocketEcho.java,java/implicit-cast-in-compound-assignment,WARNING,CWE-190; CWE-192; CWE-197; CWE-681,Implicit cast of source type int to narrower destination type [byte](1).
jenkinsci/jenkins,core/src/main/java/hudson/FilePath.java,java/path-injection,ERROR,CWE-022; CWE-023; CWE-036; CWE-073,"This path depends on a [user-provided value](1).
This path depends on a [user-provided value](2).
This path depends on a [user-provided value](3)."
jenkinsci/jenkins,core/src/main/java/hudson/PluginManager.java,java/path-injection,ERROR,CWE-022; CWE-023; CWE-036; CWE-073,This path depends on a [user-provided value](1).
jenkinsci/jenkins,core/src/main/java/hudson/Util.java,java/path-injection,ERROR,CWE-022; CWE-023; CWE-036; CWE-073,"This path depends on a [user-provided value](1).
This path depends on a [user-provided value](2).
This path depends on a [user-provided value](3).
This path depends on a [user-provided value](4).
This path depends on a [user-provided value](5).
This path depends on a [user-provided value](6).
This path depends on a [user-provided value](7).
This path depends on a [user-provided value](8).
This path depends on a [user-provided value](9).
This path depends on a [user-provided value](10).
This path"
jenkinsci/jenkins,core/src/main/java/hudson/Util.java,java/path-injection,ERROR,CWE-022; CWE-023; CWE-036; CWE-073,"This path depends on a [user-provided value](1).
This path depends on a [user-provided value](2).
This path depends on a [user-provided value](3).
This path depends on a [user-provided value](4).
This path depends on a [user-provided value](5).
This path depends on a [user-provided value](6).
This path depends on a [user-provided value](7).
This path depends on a [user-provided value](8).
This path depends on a [user-provided value](9).
This path depends on a [user-provided value](10).
This path"
jenkinsci/jenkins,core/src/main/java/hudson/Util.java,java/path-injection,ERROR,CWE-022; CWE-023; CWE-036; CWE-073,"This path depends on a [user-provided value](1).
This path depends on a [user-provided value](2).
This path depends on a [user-provided value](3).
This path depends on a [user-provided value](4).
This path depends on a [user-provided value](5).
This path depends on a [user-provided value](6).
This path depends on a [user-provided value](7).
This path depends on a [user-provided value](8).
This path depends on a [user-provided value](9).
This path depends on a [user-provided value](10).
This path"
jenkinsci/jenkins,core/src/main/java/hudson/XmlFile.java,java/path-injection,ERROR,CWE-022; CWE-023; CWE-036; CWE-073,"This path depends on a [user-provided value](1).
This path depends on a [user-provided value](2).
This path depends on a [user-provided value](3).
This path depends on a [user-provided value](4).
This path depends on a [user-provided value](5).
This path depends on a [user-provided value](6)."
jenkinsci/jenkins,core/src/main/java/hudson/XmlFile.java,java/path-injection,ERROR,CWE-022; CWE-023; CWE-036; CWE-073,"This path depends on a [user-provided value](1).
This path depends on a [user-provided value](2).
This path depends on a [user-provided value](3).
This path depends on a [user-provided value](4).
This path depends on a [user-provided value](5).
This path depends on a [user-provided value](6).
This path depends on a [user-provided value](7).
This path depends on a [user-provided value](8).
This path depends on a [user-provided value](9).
This path depends on a [user-provided value](10)."
jenkinsci/jenkins,core/src/main/java/hudson/XmlFile.java,java/path-injection,ERROR,CWE-022; CWE-023; CWE-036; CWE-073,"This path depends on a [user-provided value](1).
This path depends on a [user-provided value](2).
This path depends on a [user-provided value](3).
This path depends on a [user-provided value](4).
This path depends on a [user-provided value](5).
This path depends on a [user-provided value](6).
This path depends on a [user-provided value](7).
This path depends on a [user-provided value](8).
This path depends on a [user-provided value](9).
This path depends on a [user-provided value](10)."
jenkinsci/jenkins,core/src/main/java/hudson/XmlFile.java,java/path-injection,ERROR,CWE-022; CWE-023; CWE-036; CWE-073,"This path depends on a [user-provided value](1).
This path depends on a [user-provided value](2).
This path depends on a [user-provided value](3).
This path depends on a [user-provided value](4).
This path depends on a [user-provided value](5).
This path depends on a [user-provided value](6).
This path depends on a [user-provided value](7).
This path depends on a [user-provided value](8).
This path depends on a [user-provided value](9).
This path depends on a [user-provided value](10)."
jenkinsci/jenkins,core/src/main/java/hudson/XmlFile.java,java/path-injection,ERROR,CWE-022; CWE-023; CWE-036; CWE-073,"This path depends on a [user-provided value](1).
This path depends on a [user-provided value](2).
This path depends on a [user-provided value](3).
This path depends on a [user-provided value](4).
This path depends on a [user-provided value](5).
This path depends on a [user-provided value](6).
This path depends on a [user-provided value](7).
This path depends on a [user-provided value](8).
This path depends on a [user-provided value](9)."
jenkinsci/jenkins,core/src/main/java/hudson/logging/LogRecorder.java,java/path-injection,ERROR,CWE-022; CWE-023; CWE-036; CWE-073,This path depends on a [user-provided value](1).
jenkinsci/jenkins,core/src/main/java/hudson/model/AbstractItem.java,java/path-injection,ERROR,CWE-022; CWE-023; CWE-036; CWE-073,"This path depends on a [user-provided value](1).
This path depends on a [user-provided value](2)."
jenkinsci/jenkins,core/src/main/java/hudson/model/AbstractItem.java,java/path-injection,ERROR,CWE-022; CWE-023; CWE-036; CWE-073,"This path depends on a [user-provided value](1).
This path depends on a [user-provided value](2)."
jenkinsci/jenkins,core/src/main/java/hudson/model/JDK.java,java/path-injection,ERROR,CWE-022; CWE-023; CWE-036; CWE-073,This path depends on a [user-provided value](1).
jenkinsci/jenkins,core/src/main/java/hudson/model/JDK.java,java/path-injection,ERROR,CWE-022; CWE-023; CWE-036; CWE-073,This path depends on a [user-provided value](1).
jenkinsci/jenkins,core/src/main/java/hudson/model/JDK.java,java/path-injection,ERROR,CWE-022; CWE-023; CWE-036; CWE-073,This path depends on a [user-provided value](1).
jenkinsci/jenkins,core/src/main/java/hudson/model/JDK.java,java/path-injection,ERROR,CWE-022; CWE-023; CWE-036; CWE-073,This path depends on a [user-provided value](1).
jenkinsci/jenkins,core/src/main/java/hudson/model/Job.java,java/path-injection,ERROR,CWE-022; CWE-023; CWE-036; CWE-073,"This path depends on a [user-provided value](1).
This path depends on a [user-provided value](2)."
jenkinsci/jenkins,core/src/main/java/hudson/model/Job.java,java/path-injection,ERROR,CWE-022; CWE-023; CWE-036; CWE-073,"This path depends on a [user-provided value](1).
This path depends on a [user-provided value](2)."
jenkinsci/jenkins,core/src/main/java/hudson/model/User.java,java/path-injection,ERROR,CWE-022; CWE-023; CWE-036; CWE-073,"This path depends on a [user-provided value](1).
This path depends on a [user-provided value](2).
This path depends on a [user-provided value](3).
This path depends on a [user-provided value](4).
This path depends on a [user-provided value](5).
This path depends on a [user-provided value](6).
This path depends on a [user-provided value](7).
This path depends on a [user-provided value](8).
This path depends on a [user-provided value](9)."
jenkinsci/jenkins,core/src/main/java/hudson/model/User.java,java/path-injection,ERROR,CWE-022; CWE-023; CWE-036; CWE-073,"This path depends on a [user-provided value](1).
This path depends on a [user-provided value](2).
This path depends on a [user-provided value](3).
This path depends on a [user-provided value](4).
This path depends on a [user-provided value](5).
This path depends on a [user-provided value](6)."
jenkinsci/jenkins,core/src/main/java/hudson/model/labels/LabelAtom.java,java/path-injection,ERROR,CWE-022; CWE-023; CWE-036; CWE-073,"This path depends on a [user-provided value](1).
This path depends on a [user-provided value](2).
This path depends on a [user-provided value](3)."
jenkinsci/jenkins,core/src/main/java/hudson/tasks/Maven.java,java/path-injection,ERROR,CWE-022; CWE-023; CWE-036; CWE-073,This path depends on a [user-provided value](1).
jenkinsci/jenkins,core/src/main/java/hudson/tasks/Maven.java,java/path-injection,ERROR,CWE-022; CWE-023; CWE-036; CWE-073,This path depends on a [user-provided value](1).
jenkinsci/jenkins,core/src/main/java/hudson/tools/ToolDescriptor.java,java/path-injection,ERROR,CWE-022; CWE-023; CWE-036; CWE-073,This path depends on a [user-provided value](1).
jenkinsci/jenkins,core/src/main/java/hudson/util/AtomicFileWriter.java,java/path-injection,ERROR,CWE-022; CWE-023; CWE-036; CWE-073,"This path depends on a [user-provided value](1).
This path depends on a [user-provided value](2).
This path depends on a [user-provided value](3).
This path depends on a [user-provided value](4).
This path depends on a [user-provided value](5).
This path depends on a [user-provided value](6).
This path depends on a [user-provided value](7).
This path depends on a [user-provided value](8).
This path depends on a [user-provided value](9).
This path depends on a [user-provided value](10)."
jenkinsci/jenkins,core/src/main/java/hudson/util/AtomicFileWriter.java,java/path-injection,ERROR,CWE-022; CWE-023; CWE-036; CWE-073,"This path depends on a [user-provided value](1).
This path depends on a [user-provided value](2).
This path depends on a [user-provided value](3).
This path depends on a [user-provided value](4).
This path depends on a [user-provided value](5).
This path depends on a [user-provided value](6).
This path depends on a [user-provided value](7).
This path depends on a [user-provided value](8).
This path depends on a [user-provided value](9).
This path depends on a [user-provided value](10)."
jenkinsci/jenkins,core/src/main/java/hudson/util/AtomicFileWriter.java,java/path-injection,ERROR,CWE-022; CWE-023; CWE-036; CWE-073,"This path depends on a [user-provided value](1).
This path depends on a [user-provided value](2).
This path depends on a [user-provided value](3).
This path depends on a [user-provided value](4).
This path depends on a [user-provided value](5).
This path depends on a [user-provided value](6).
This path depends on a [user-provided value](7).
This path depends on a [user-provided value](8).
This path depends on a [user-provided value](9).
This path depends on a [user-provided value](10)."
jenkinsci/jenkins,core/src/main/java/hudson/util/AtomicFileWriter.java,java/path-injection,ERROR,CWE-022; CWE-023; CWE-036; CWE-073,"This path depends on a [user-provided value](1).
This path depends on a [user-provided value](2).
This path depends on a [user-provided value](3).
This path depends on a [user-provided value](4).
This path depends on a [user-provided value](5).
This path depends on a [user-provided value](6).
This path depends on a [user-provided value](7).
This path depends on a [user-provided value](8).
This path depends on a [user-provided value](9).
This path depends on a [user-provided value](10)."
jenkinsci/jenkins,core/src/main/java/hudson/util/AtomicFileWriter.java,java/path-injection,ERROR,CWE-022; CWE-023; CWE-036; CWE-073,"This path depends on a [user-provided value](1).
This path depends on a [user-provided value](2).
This path depends on a [user-provided value](3).
This path depends on a [user-provided value](4).
This path depends on a [user-provided value](5).
This path depends on a [user-provided value](6).
This path depends on a [user-provided value](7).
This path depends on a [user-provided value](8).
This path depends on a [user-provided value](9).
This path depends on a [user-provided value](10)."
jenkinsci/jenkins,core/src/main/java/hudson/util/AtomicFileWriter.java,java/path-injection,ERROR,CWE-022; CWE-023; CWE-036; CWE-073,"This path depends on a [user-provided value](1).
This path depends on a [user-provided value](2).
This path depends on a [user-provided value](3).
This path depends on a [user-provided value](4).
This path depends on a [user-provided value](5).
This path depends on a [user-provided value](6).
This path depends on a [user-provided value](7).
This path depends on a [user-provided value](8).
This path depends on a [user-provided value](9).
This path depends on a [user-provided value](10)."
jenkinsci/jenkins,core/src/main/java/hudson/util/AtomicFileWriter.java,java/path-injection,ERROR,CWE-022; CWE-023; CWE-036; CWE-073,"This path depends on a [user-provided value](1).
This path depends on a [user-provided value](2).
This path depends on a [user-provided value](3).
This path depends on a [user-provided value](4).
This path depends on a [user-provided value](5).
This path depends on a [user-provided value](6).
This path depends on a [user-provided value](7).
This path depends on a [user-provided value](8).
This path depends on a [user-provided value](9).
This path depends on a [user-provided value](10)."
jenkinsci/jenkins,core/src/main/java/hudson/util/AtomicFileWriter.java,java/path-injection,ERROR,CWE-022; CWE-023; CWE-036; CWE-073,"This path depends on a [user-provided value](1).
This path depends on a [user-provided value](2).
This path depends on a [user-provided value](3).
This path depends on a [user-provided value](4).
This path depends on a [user-provided value](5).
This path depends on a [user-provided value](6).
This path depends on a [user-provided value](7).
This path depends on a [user-provided value](8).
This path depends on a [user-provided value](9).
This path depends on a [user-provided value](10)."
jenkinsci/jenkins,core/src/main/java/hudson/util/AtomicFileWriter.java,java/path-injection,ERROR,CWE-022; CWE-023; CWE-036; CWE-073,"This path depends on a [user-provided value](1).
This path depends on a [user-provided value](2).
This path depends on a [user-provided value](3).
This path depends on a [user-provided value](4).
This path depends on a [user-provided value](5).
This path depends on a [user-provided value](6).
This path depends on a [user-provided value](7).
This path depends on a [user-provided value](8).
This path depends on a [user-provided value](9).
This path depends on a [user-provided value](10)."
jenkinsci/jenkins,core/src/main/java/hudson/util/AtomicFileWriter.java,java/path-injection,ERROR,CWE-022; CWE-023; CWE-036; CWE-073,"This path depends on a [user-provided value](1).
This path depends on a [user-provided value](2).
This path depends on a [user-provided value](3).
This path depends on a [user-provided value](4).
This path depends on a [user-provided value](5).
This path depends on a [user-provided value](6).
This path depends on a [user-provided value](7).
This path depends on a [user-provided value](8).
This path depends on a [user-provided value](9).
This path depends on a [user-provided value](10)."
jenkinsci/jenkins,core/src/main/java/hudson/util/AtomicFileWriter.java,java/path-injection,ERROR,CWE-022; CWE-023; CWE-036; CWE-073,"This path depends on a [user-provided value](1).
This path depends on a [user-provided value](2).
This path depends on a [user-provided value](3).
This path depends on a [user-provided value](4).
This path depends on a [user-provided value](5).
This path depends on a [user-provided value](6).
This path depends on a [user-provided value](7).
This path depends on a [user-provided value](8).
This path depends on a [user-provided value](9).
This path depends on a [user-provided value](10)."
jenkinsci/jenkins,core/src/main/java/hudson/util/AtomicFileWriter.java,java/path-injection,ERROR,CWE-022; CWE-023; CWE-036; CWE-073,"This path depends on a [user-provided value](1).
This path depends on a [user-provided value](2).
This path depends on a [user-provided value](3).
This path depends on a [user-provided value](4).
This path depends on a [user-provided value](5).
This path depends on a [user-provided value](6).
This path depends on a [user-provided value](7).
This path depends on a [user-provided value](8).
This path depends on a [user-provided value](9).
This path depends on a [user-provided value](10)."
jenkinsci/jenkins,core/src/main/java/hudson/util/DOSToUnixPathHelper.java,java/path-injection,ERROR,CWE-022; CWE-023; CWE-036; CWE-073,"This path depends on a [user-provided value](1).
This path depends on a [user-provided value](2)."
jenkinsci/jenkins,core/src/main/java/hudson/util/DOSToUnixPathHelper.java,java/path-injection,ERROR,CWE-022; CWE-023; CWE-036; CWE-073,"This path depends on a [user-provided value](1).
This path depends on a [user-provided value](2)."
jenkinsci/jenkins,core/src/main/java/hudson/util/FileChannelWriter.java,java/path-injection,ERROR,CWE-022; CWE-023; CWE-036; CWE-073,"This path depends on a [user-provided value](1).
This path depends on a [user-provided value](2).
This path depends on a [user-provided value](3).
This path depends on a [user-provided value](4).
This path depends on a [user-provided value](5).
This path depends on a [user-provided value](6).
This path depends on a [user-provided value](7).
This path depends on a [user-provided value](8).
This path depends on a [user-provided value](9).
This path depends on a [user-provided value](10)."
jenkinsci/jenkins,core/src/main/java/hudson/util/FormFieldValidator.java,java/path-injection,ERROR,CWE-022; CWE-023; CWE-036; CWE-073,This path depends on a [user-provided value](1).
jenkinsci/jenkins,core/src/main/java/jenkins/model/Nodes.java,java/path-injection,ERROR,CWE-022; CWE-023; CWE-036; CWE-073,This path depends on a [user-provided value](1).
jenkinsci/jenkins,core/src/main/java/jenkins/util/io/PathRemover.java,java/path-injection,ERROR,CWE-022; CWE-023; CWE-036; CWE-073,This path depends on a [user-provided value](1).
jenkinsci/jenkins,core/src/main/java/jenkins/util/io/PathRemover.java,java/path-injection,ERROR,CWE-022; CWE-023; CWE-036; CWE-073,This path depends on a [user-provided value](1).
jenkinsci/jenkins,core/src/main/java/jenkins/util/io/PathRemover.java,java/path-injection,ERROR,CWE-022; CWE-023; CWE-036; CWE-073,This path depends on a [user-provided value](1).
jenkinsci/jenkins,core/src/main/java/hudson/Proc.java,java/command-line-injection,ERROR,CWE-078; CWE-088,This command line depends on a [user-provided value](1).
jenkinsci/jenkins,core/src/main/java/hudson/util/FormFieldValidator.java,java/error-message-exposure,ERROR,CWE-209,"[Error information](1) can be exposed to an external user.
[Error information](2) can be exposed to an external user.
[Error information](3) can be exposed to an external user."
jenkinsci/jenkins,core/src/main/java/hudson/util/FormValidation.java,java/error-message-exposure,ERROR,CWE-209,"[Error information](1) can be exposed to an external user.
[Error information](2) can be exposed to an external user.
[Error information](3) can be exposed to an external user.
[Error information](4) can be exposed to an external user.
[Error information](5) can be exposed to an external user.
[Error information](6) can be exposed to an external user.
[Error information](7) can be exposed to an external user.
[Error information](8) can be exposed to an external user.
[Error information](9) can b"
jenkinsci/jenkins,core/src/main/java/hudson/util/FormValidation.java,java/stack-trace-exposure,ERROR,CWE-209; CWE-497,[Error information](1) can be exposed to an external user.
jenkinsci/jenkins,core/src/main/java/hudson/cli/Connection.java,java/insufficient-key-size,WARNING,CWE-326,This [key size](1) is less than the recommended key size of 2048 bits.
jenkinsci/jenkins,core/src/main/java/hudson/util/Secret.java,java/weak-cryptographic-algorithm,WARNING,CWE-327; CWE-328,"Cryptographic algorithm [AES/CBC/PKCS5Padding](1) is insecure. CBC mode with PKCS#5 or PKCS#7 padding is vulnerable to padding oracle attacks. Consider using GCM instead.
Cryptographic algorithm [AES/CBC/PKCS5Padding](2) is insecure. CBC mode with PKCS#5 or PKCS#7 padding is vulnerable to padding oracle attacks. Consider using GCM instead."
jenkinsci/jenkins,core/src/main/java/hudson/util/Secret.java,java/weak-cryptographic-algorithm,WARNING,CWE-327; CWE-328,"Cryptographic algorithm [AES/CBC/PKCS5Padding](1) is insecure. CBC mode with PKCS#5 or PKCS#7 padding is vulnerable to padding oracle attacks. Consider using GCM instead.
Cryptographic algorithm [AES/CBC/PKCS5Padding](2) is insecure. CBC mode with PKCS#5 or PKCS#7 padding is vulnerable to padding oracle attacks. Consider using GCM instead."
jenkinsci/jenkins,core/src/main/java/hudson/security/BasicAuthenticationFilter.java,java/unvalidated-url-redirection,ERROR,CWE-601,"Untrusted URL redirection depends on a [user-provided value](1).
Untrusted URL redirection depends on a [user-provided value](2)."
jenkinsci/jenkins,core/src/main/java/hudson/model/Api.java,java/xml/xpath-injection,ERROR,CWE-643,"XPath expression depends on a [user-provided value](1).
XPath expression depends on a [user-provided value](2)."
jenkinsci/jenkins,core/src/main/java/hudson/model/UpdateSite.java,java/polynomial-redos,WARNING,CWE-1333; CWE-730; CWE-400,"This [regular expression](1) that depends on a [user-provided value](2) may run slow on strings starting with 'update site ' and with many repetitions of ' '.
This [regular expression](1) that depends on a [user-provided value](3) may run slow on strings starting with 'update site ' and with many repetitions of ' '."
jenkinsci/jenkins,core/src/main/java/jenkins/security/BasicPasswordComplexityRule.java,java/polynomial-redos,WARNING,CWE-1333; CWE-730; CWE-400,This [regular expression](1) that depends on a [user-provided value](2) may run slow on strings starting with 'A' and with many repetitions of 'A'.
jenkinsci/jenkins,core/src/main/java/jenkins/security/BasicPasswordComplexityRule.java,java/polynomial-redos,WARNING,CWE-1333; CWE-730; CWE-400,This [regular expression](1) that depends on a [user-provided value](2) may run slow on strings starting with 'a' and with many repetitions of 'a'.
jenkinsci/jenkins,core/src/main/java/jenkins/security/BasicPasswordComplexityRule.java,java/polynomial-redos,WARNING,CWE-1333; CWE-730; CWE-400,This [regular expression](1) that depends on a [user-provided value](2) may run slow on strings starting with '0' and with many repetitions of '0'.
jenkinsci/jenkins,core/src/main/java/hudson/ProxyConfiguration.java,java/regex-injection,ERROR,CWE-730; CWE-400,This regular expression is constructed from a [user-provided value](1).
jenkinsci/jenkins,core/src/main/java/hudson/model/ListView.java,java/regex-injection,ERROR,CWE-730; CWE-400,This regular expression is constructed from a [user-provided value](1).
jenkinsci/jenkins,core/src/main/java/hudson/model/ListView.java,java/regex-injection,ERROR,CWE-730; CWE-400,This regular expression is constructed from a [user-provided value](1).
jenkinsci/jenkins,core/src/main/java/hudson/model/UpdateSite.java,java/regex-injection,ERROR,CWE-730; CWE-400,This regular expression is constructed from a [user-provided value](1).
jenkinsci/jenkins,core/src/main/java/jenkins/model/ProjectNamingStrategy.java,java/regex-injection,ERROR,CWE-730; CWE-400,This regular expression is constructed from a [user-provided value](1).
jenkinsci/jenkins,core/src/main/java/hudson/PluginManager.java,java/ssrf,ERROR,CWE-918,Potential server-side request forgery due to a [user-provided value](1).
jenkinsci/jenkins,core/src/main/java/hudson/ProxyConfiguration.java,java/ssrf,ERROR,CWE-918,"Potential server-side request forgery due to a [user-provided value](1).
Potential server-side request forgery due to a [user-provided value](2).
Potential server-side request forgery due to a [user-provided value](3)."
jenkinsci/jenkins,core/src/main/java/hudson/ProxyConfiguration.java,java/ssrf,ERROR,CWE-918,Potential server-side request forgery due to a [user-provided value](1).
jenkinsci/jenkins,core/src/main/java/hudson/tools/ZipExtractionInstaller.java,java/ssrf,ERROR,CWE-918,Potential server-side request forgery due to a [user-provided value](1).
jenkinsci/jenkins,core/src/main/java/hudson/util/FormFieldValidator.java,java/ssrf,ERROR,CWE-918,Potential server-side request forgery due to a [user-provided value](1).
jenkinsci/jenkins,core/src/main/java/jenkins/security/ResourceDomainConfiguration.java,java/ssrf,ERROR,CWE-918,Potential server-side request forgery due to a [user-provided value](1).
jenkinsci/jenkins,core/src/main/java/hudson/model/Executor.java,java/unreleased-lock,ERROR,CWE-764; CWE-833,This lock might not be unlocked or might be locked more times than it is unlocked.
jenkinsci/jenkins,core/src/main/java/hudson/model/Executor.java,java/unreleased-lock,ERROR,CWE-764; CWE-833,This lock might not be unlocked or might be locked more times than it is unlocked.
jenkinsci/jenkins,core/src/main/java/hudson/model/Executor.java,java/unreleased-lock,ERROR,CWE-764; CWE-833,This lock might not be unlocked or might be locked more times than it is unlocked.
jenkinsci/jenkins,core/src/main/java/hudson/model/JDK.java,java/relative-path-command,WARNING,CWE-078; CWE-088,Command with a relative path 'java' is executed.
jenkinsci/jenkins,core/src/main/java/hudson/os/WindowsUtil.java,java/relative-path-command,WARNING,CWE-078; CWE-088,Command with a relative path 'cmd.exe' is executed.
jenkinsci/jenkins,core/src/test/java/hudson/FilePathTest.java,java/relative-path-command,WARNING,CWE-078; CWE-088,Command with a relative path 'cmd' is executed.
jenkinsci/jenkins,core/src/test/java/hudson/LauncherTest.java,java/relative-path-command,WARNING,CWE-078; CWE-088,Command with a relative path 'sh' is executed.
jenkinsci/jenkins,test/src/test/java/hudson/ProcTest.java,java/relative-path-command,WARNING,CWE-078; CWE-088,Command with a relative path 'cmd' is executed.
jenkinsci/jenkins,test/src/test/java/hudson/cli/CLIActionTest.java,java/relative-path-command,WARNING,CWE-078; CWE-088,Command with a relative path 'java' is executed.
jenkinsci/jenkins,test/src/test/java/hudson/cli/CLIActionTest.java,java/relative-path-command,WARNING,CWE-078; CWE-088,Command with a relative path 'java' is executed.
jenkinsci/jenkins,test/src/test/java/hudson/cli/CLIActionTest.java,java/relative-path-command,WARNING,CWE-078; CWE-088,Command with a relative path 'java' is executed.
jenkinsci/jenkins,test/src/test/java/hudson/cli/CLIActionTest.java,java/relative-path-command,WARNING,CWE-078; CWE-088,Command with a relative path 'java' is executed.
jenkinsci/jenkins,test/src/test/java/hudson/cli/CLIActionTest.java,java/relative-path-command,WARNING,CWE-078; CWE-088,Command with a relative path 'java' is executed.
jenkinsci/jenkins,test/src/test/java/hudson/cli/CLITest.java,java/relative-path-command,WARNING,CWE-078; CWE-088,Command with a relative path 'java' is executed.
jenkinsci/jenkins,test/src/test/java/hudson/cli/CLITest.java,java/relative-path-command,WARNING,CWE-078; CWE-088,Command with a relative path 'java' is executed.
jenkinsci/jenkins,test/src/test/java/hudson/cli/CLITest.java,java/relative-path-command,WARNING,CWE-078; CWE-088,Command with a relative path 'java' is executed.
jenkinsci/jenkins,test/src/test/java/hudson/model/DirectoryBrowserSupportTest.java,java/relative-path-command,WARNING,CWE-078; CWE-088,Command with a relative path 'cmd' is executed.
jenkinsci/jenkins,core/src/main/java/hudson/Proc.java,java/exec-tainted-environment,ERROR,CWE-078; CWE-088; CWE-454,This command will be execute with a tainted environment variable.
jenkinsci/jenkins,core/src/main/java/hudson/Proc.java,java/exec-tainted-environment,ERROR,CWE-078; CWE-088; CWE-454,This command will be execute with a tainted environment variable.
jenkinsci/jenkins,core/src/main/java/hudson/PluginManager.java,java/log-injection,ERROR,CWE-117,This log entry depends on a [user-provided value](1).
jenkinsci/jenkins,core/src/main/java/hudson/TcpSlaveAgentListener.java,java/log-injection,ERROR,CWE-117,This log entry depends on a [user-provided value](1).
jenkinsci/jenkins,core/src/main/java/hudson/TcpSlaveAgentListener.java,java/log-injection,ERROR,CWE-117,This log entry depends on a [user-provided value](1).
jenkinsci/jenkins,core/src/main/java/hudson/XmlFile.java,java/log-injection,ERROR,CWE-117,"This log entry depends on a [user-provided value](1).
This log entry depends on a [user-provided value](2).
This log entry depends on a [user-provided value](3).
This log entry depends on a [user-provided value](4).
This log entry depends on a [user-provided value](5).
This log entry depends on a [user-provided value](6).
This log entry depends on a [user-provided value](7).
This log entry depends on a [user-provided value](8).
This log entry depends on a [user-provided value](9).
This log entry"
jenkinsci/jenkins,core/src/main/java/hudson/model/AbstractCIBase.java,java/log-injection,ERROR,CWE-117,This log entry depends on a [user-provided value](1).
jenkinsci/jenkins,core/src/main/java/hudson/model/AbstractCIBase.java,java/log-injection,ERROR,CWE-117,This log entry depends on a [user-provided value](1).
jenkinsci/jenkins,core/src/main/java/hudson/model/AbstractCIBase.java,java/log-injection,ERROR,CWE-117,This log entry depends on a [user-provided value](1).
jenkinsci/jenkins,core/src/main/java/hudson/model/AbstractCIBase.java,java/log-injection,ERROR,CWE-117,This log entry depends on a [user-provided value](1).
jenkinsci/jenkins,core/src/main/java/hudson/model/AbstractCIBase.java,java/log-injection,ERROR,CWE-117,This log entry depends on a [user-provided value](1).
jenkinsci/jenkins,core/src/main/java/hudson/model/AbstractCIBase.java,java/log-injection,ERROR,CWE-117,This log entry depends on a [user-provided value](1).
jenkinsci/jenkins,core/src/main/java/hudson/model/AllView.java,java/log-injection,ERROR,CWE-117,"This log entry depends on a [user-provided value](1).
This log entry depends on a [user-provided value](2).
This log entry depends on a [user-provided value](3)."
jenkinsci/jenkins,core/src/main/java/hudson/model/Descriptor.java,java/log-injection,ERROR,CWE-117,"This log entry depends on a [user-provided value](1).
This log entry depends on a [user-provided value](2).
This log entry depends on a [user-provided value](3).
This log entry depends on a [user-provided value](4)."
jenkinsci/jenkins,core/src/main/java/hudson/model/DisplayNameListener.java,java/log-injection,ERROR,CWE-117,This log entry depends on a [user-provided value](1).
jenkinsci/jenkins,core/src/main/java/hudson/model/DisplayNameListener.java,java/log-injection,ERROR,CWE-117,This log entry depends on a [user-provided value](1).
jenkinsci/jenkins,core/src/main/java/hudson/model/Fingerprint.java,java/log-injection,ERROR,CWE-117,This log entry depends on a [user-provided value](1).
jenkinsci/jenkins,core/src/main/java/hudson/model/Job.java,java/log-injection,ERROR,CWE-117,This log entry depends on a [user-provided value](1).
jenkinsci/jenkins,core/src/main/java/hudson/model/Job.java,java/log-injection,ERROR,CWE-117,This log entry depends on a [user-provided value](1).
jenkinsci/jenkins,core/src/main/java/hudson/model/Job.java,java/log-injection,ERROR,CWE-117,This log entry depends on a [user-provided value](1).
jenkinsci/jenkins,core/src/main/java/hudson/model/TimeZoneProperty.java,java/log-injection,ERROR,CWE-117,"This log entry depends on a [user-provided value](1).
This log entry depends on a [user-provided value](2)."
jenkinsci/jenkins,core/src/main/java/hudson/model/UpdateSite.java,java/log-injection,ERROR,CWE-117,This log entry depends on a [user-provided value](1).
jenkinsci/jenkins,core/src/main/java/hudson/model/UpdateSite.java,java/log-injection,ERROR,CWE-117,"This log entry depends on a [user-provided value](1).
This log entry depends on a [user-provided value](2)."
jenkinsci/jenkins,core/src/main/java/hudson/model/UpdateSite.java,java/log-injection,ERROR,CWE-117,This log entry depends on a [user-provided value](1).
jenkinsci/jenkins,core/src/main/java/hudson/model/UpdateSite.java,java/log-injection,ERROR,CWE-117,This log entry depends on a [user-provided value](1).
jenkinsci/jenkins,core/src/main/java/hudson/model/UpdateSite.java,java/log-injection,ERROR,CWE-117,This log entry depends on a [user-provided value](1).
jenkinsci/jenkins,core/src/main/java/hudson/model/UpdateSite.java,java/log-injection,ERROR,CWE-117,This log entry depends on a [user-provided value](1).
jenkinsci/jenkins,core/src/main/java/hudson/model/User.java,java/log-injection,ERROR,CWE-117,"This log entry depends on a [user-provided value](1).
This log entry depends on a [user-provided value](2)."
jenkinsci/jenkins,core/src/main/java/hudson/model/User.java,java/log-injection,ERROR,CWE-117,"This log entry depends on a [user-provided value](1).
This log entry depends on a [user-provided value](2)."
jenkinsci/jenkins,core/src/main/java/hudson/model/User.java,java/log-injection,ERROR,CWE-117,"This log entry depends on a [user-provided value](1).
This log entry depends on a [user-provided value](2)."
jenkinsci/jenkins,core/src/main/java/hudson/model/User.java,java/log-injection,ERROR,CWE-117,"This log entry depends on a [user-provided value](1).
This log entry depends on a [user-provided value](2)."
jenkinsci/jenkins,core/src/main/java/hudson/model/User.java,java/log-injection,ERROR,CWE-117,"This log entry depends on a [user-provided value](1).
This log entry depends on a [user-provided value](2).
This log entry depends on a [user-provided value](3)."
jenkinsci/jenkins,core/src/main/java/hudson/scheduler/CronTabList.java,java/log-injection,ERROR,CWE-117,"This log entry depends on a [user-provided value](1).
This log entry depends on a [user-provided value](2).
This log entry depends on a [user-provided value](3).
This log entry depends on a [user-provided value](4).
This log entry depends on a [user-provided value](5)."
jenkinsci/jenkins,core/src/main/java/hudson/security/csrf/CrumbFilter.java,java/log-injection,ERROR,CWE-117,"This log entry depends on a [user-provided value](1).
This log entry depends on a [user-provided value](2)."
jenkinsci/jenkins,core/src/main/java/hudson/security/csrf/CrumbFilter.java,java/log-injection,ERROR,CWE-117,This log entry depends on a [user-provided value](1).
jenkinsci/jenkins,core/src/main/java/hudson/slaves/SlaveComputer.java,java/log-injection,ERROR,CWE-117,This log entry depends on a [user-provided value](1).
jenkinsci/jenkins,core/src/main/java/hudson/slaves/SlaveComputer.java,java/log-injection,ERROR,CWE-117,This log entry depends on a [user-provided value](1).
jenkinsci/jenkins,core/src/main/java/hudson/slaves/SlaveComputer.java,java/log-injection,ERROR,CWE-117,This log entry depends on a [user-provided value](1).
jenkinsci/jenkins,core/src/main/java/hudson/tasks/BuildTrigger.java,java/log-injection,ERROR,CWE-117,This log entry depends on a [user-provided value](1).
jenkinsci/jenkins,core/src/main/java/hudson/util/AtomicFileWriter.java,java/log-injection,ERROR,CWE-117,"This log entry depends on a [user-provided value](1).
This log entry depends on a [user-provided value](2).
This log entry depends on a [user-provided value](3).
This log entry depends on a [user-provided value](4).
This log entry depends on a [user-provided value](5).
This log entry depends on a [user-provided value](6).
This log entry depends on a [user-provided value](7).
This log entry depends on a [user-provided value](8).
This log entry depends on a [user-provided value](9).
This log entry"
jenkinsci/jenkins,core/src/main/java/jenkins/install/SetupWizard.java,java/log-injection,ERROR,CWE-117,This log entry depends on a [user-provided value](1).
jenkinsci/jenkins,core/src/main/java/jenkins/install/SetupWizard.java,java/log-injection,ERROR,CWE-117,This log entry depends on a [user-provided value](1).
jenkinsci/jenkins,core/src/main/java/jenkins/model/JenkinsLocationConfiguration.java,java/log-injection,ERROR,CWE-117,This log entry depends on a [user-provided value](1).
jenkinsci/jenkins,core/src/main/java/jenkins/plugins/DetachedPluginsUtil.java,java/log-injection,ERROR,CWE-117,This log entry depends on a [user-provided value](1).
jenkinsci/jenkins,core/src/main/java/jenkins/plugins/DetachedPluginsUtil.java,java/log-injection,ERROR,CWE-117,This log entry depends on a [user-provided value](1).
jenkinsci/jenkins,core/src/main/java/jenkins/security/BasicHeaderApiTokenAuthenticator.java,java/log-injection,ERROR,CWE-117,This log entry depends on a [user-provided value](1).
jenkinsci/jenkins,core/src/main/java/jenkins/security/BasicHeaderRealPasswordAuthenticator.java,java/log-injection,ERROR,CWE-117,This log entry depends on a [user-provided value](1).
jenkinsci/jenkins,core/src/main/java/jenkins/security/ResourceDomainConfiguration.java,java/log-injection,ERROR,CWE-117,This log entry depends on a [user-provided value](1).
jenkinsci/jenkins,core/src/main/java/jenkins/security/ResourceDomainConfiguration.java,java/log-injection,ERROR,CWE-117,This log entry depends on a [user-provided value](1).
jenkinsci/jenkins,core/src/main/java/jenkins/security/apitoken/ApiTokenStore.java,java/log-injection,ERROR,CWE-117,"This log entry depends on a [user-provided value](1).
This log entry depends on a [user-provided value](2)."
jenkinsci/jenkins,core/src/main/java/jenkins/security/apitoken/LegacyApiTokenAdministrativeMonitor.java,java/log-injection,ERROR,CWE-117,This log entry depends on a [user-provided value](1).
jenkinsci/jenkins,core/src/main/java/jenkins/security/apitoken/LegacyApiTokenAdministrativeMonitor.java,java/log-injection,ERROR,CWE-117,This log entry depends on a [user-provided value](1).
jenkinsci/jenkins,core/src/main/java/jenkins/security/apitoken/LegacyApiTokenAdministrativeMonitor.java,java/log-injection,ERROR,CWE-117,This log entry depends on a [user-provided value](1).
jenkinsci/jenkins,core/src/main/java/jenkins/security/apitoken/LegacyApiTokenAdministrativeMonitor.java,java/log-injection,ERROR,CWE-117,This log entry depends on a [user-provided value](1).
jenkinsci/jenkins,core/src/main/java/jenkins/security/csp/impl/CspFilter.java,java/log-injection,ERROR,CWE-117,This log entry depends on a [user-provided value](1).
jenkinsci/jenkins,core/src/main/java/jenkins/security/csp/impl/CspFilter.java,java/log-injection,ERROR,CWE-117,This log entry depends on a [user-provided value](1).
jenkinsci/jenkins,core/src/main/java/jenkins/triggers/ReverseBuildTrigger.java,java/log-injection,ERROR,CWE-117,This log entry depends on a [user-provided value](1).
jenkinsci/jenkins,core/src/main/java/jenkins/util/JSONSignatureValidator.java,java/log-injection,ERROR,CWE-117,"This log entry depends on a [user-provided value](1).
This log entry depends on a [user-provided value](2).
This log entry depends on a [user-provided value](3)."
jenkinsci/jenkins,core/src/main/java/jenkins/util/JSONSignatureValidator.java,java/log-injection,ERROR,CWE-117,"This log entry depends on a [user-provided value](1).
This log entry depends on a [user-provided value](2).
This log entry depends on a [user-provided value](3)."
jenkinsci/jenkins,core/src/main/java/hudson/search/Search.java,java/improper-validation-of-array-index,WARNING,CWE-129,"This index depends on a [user-provided value](1) which can cause an ArrayIndexOutOfBoundsException.
This index depends on a [user-provided value](2) which can cause an ArrayIndexOutOfBoundsException."
jenkinsci/jenkins,core/src/main/java/hudson/PluginManager.java,java/tainted-arithmetic,WARNING,CWE-190; CWE-191,"This arithmetic expression depends on a [user-provided value](1), potentially causing an underflow."
jenkinsci/jenkins,core/src/main/java/hudson/security/HudsonPrivateSecurityRealm.java,java/uncontrolled-arithmetic,WARNING,CWE-190; CWE-191,"This arithmetic expression depends on an [uncontrolled value](1), potentially causing an overflow."
jenkinsci/jenkins,core/src/main/java/hudson/util/Protector.java,java/uncontrolled-arithmetic,WARNING,CWE-190; CWE-191,"This arithmetic expression depends on an [uncontrolled value](1), potentially causing an overflow."
jenkinsci/jenkins,core/src/main/java/hudson/util/Secret.java,java/uncontrolled-arithmetic,WARNING,CWE-190; CWE-191,"This arithmetic expression depends on an [uncontrolled value](1), potentially causing an overflow.
This arithmetic expression depends on an [uncontrolled value](2), potentially causing an overflow."
jenkinsci/jenkins,test/src/test/java/hudson/tasks/ArtifactArchiverTest.java,java/comparison-with-wider-type,WARNING,CWE-190; CWE-197,Comparison between [expression](1) of type int and [expression](2) of wider type long.
jenkinsci/jenkins,core/src/main/java/hudson/FilePath.java,java/local-temp-file-or-directory-information-disclosure,WARNING,CWE-200; CWE-732,Local information disclosure vulnerability due to use of file readable by other local users.
jenkinsci/jenkins,core/src/main/java/hudson/FilePath.java,java/local-temp-file-or-directory-information-disclosure,WARNING,CWE-200; CWE-732,"Local information disclosure vulnerability from [system temp directory](1) due to use of file or directory readable by other local users.
Local information disclosure vulnerability from [system temp directory](1) due to use of file or directory readable by other local users."
jenkinsci/jenkins,core/src/main/java/hudson/Main.java,java/local-temp-file-or-directory-information-disclosure,WARNING,CWE-200; CWE-732,Local information disclosure vulnerability due to use of file readable by other local users.
jenkinsci/jenkins,core/src/main/java/hudson/WebAppMain.java,java/local-temp-file-or-directory-information-disclosure,WARNING,CWE-200; CWE-732,Local information disclosure vulnerability due to use of file readable by other local users.
jenkinsci/jenkins,core/src/main/java/hudson/scm/SCM.java,java/local-temp-file-or-directory-information-disclosure,WARNING,CWE-200; CWE-732,Local information disclosure vulnerability due to use of file readable by other local users.
jenkinsci/jenkins,core/src/main/java/hudson/util/RemotingDiagnostics.java,java/local-temp-file-or-directory-information-disclosure,WARNING,CWE-200; CWE-732,Local information disclosure vulnerability due to use of file readable by other local users.
jenkinsci/jenkins,core/src/main/java/jenkins/model/Jenkins.java,java/local-temp-file-or-directory-information-disclosure,WARNING,CWE-200; CWE-732,Local information disclosure vulnerability due to use of file readable by other local users.
jenkinsci/jenkins,core/src/test/java/hudson/UtilTest.java,java/local-temp-file-or-directory-information-disclosure,WARNING,CWE-200; CWE-732,Local information disclosure vulnerability due to use of file readable by other local users.
jenkinsci/jenkins,core/src/test/java/hudson/model/ComputerTest.java,java/local-temp-file-or-directory-information-disclosure,WARNING,CWE-200; CWE-732,Local information disclosure vulnerability due to use of file readable by other local users.
jenkinsci/jenkins,core/src/test/java/hudson/model/LoadStatisticsTest.java,java/local-temp-file-or-directory-information-disclosure,WARNING,CWE-200; CWE-732,Local information disclosure vulnerability due to use of file readable by other local users.
jenkinsci/jenkins,core/src/test/java/hudson/model/StubJob.java,java/local-temp-file-or-directory-information-disclosure,WARNING,CWE-200; CWE-732,"Local information disclosure vulnerability from [system temp directory](1) due to use of file or directory readable by other local users.
Local information disclosure vulnerability from [system temp directory](1) due to use of file or directory readable by other local users.
Local information disclosure vulnerability from [system temp directory](1) due to use of file or directory readable by other local users.
Local information disclosure vulnerability from [system temp directory](1) due to use "
jenkinsci/jenkins,core/src/test/java/hudson/util/io/TarArchiverTest.java,java/local-temp-file-or-directory-information-disclosure,WARNING,CWE-200; CWE-732,Local information disclosure vulnerability due to use of file readable by other local users.
jenkinsci/jenkins,core/src/test/java/hudson/util/io/TarArchiverTest.java,java/local-temp-file-or-directory-information-disclosure,WARNING,CWE-200; CWE-732,Local information disclosure vulnerability due to use of file readable by other local users.
jenkinsci/jenkins,core/src/test/java/hudson/util/io/TarArchiverTest.java,java/local-temp-file-or-directory-information-disclosure,WARNING,CWE-200; CWE-732,Local information disclosure vulnerability due to use of file readable by other local users.
jenkinsci/jenkins,core/src/test/java/jenkins/model/lazy/FakeMapBuilder.java,java/local-temp-file-or-directory-information-disclosure,WARNING,CWE-200; CWE-732,Local information disclosure vulnerability due to use of file readable by other local users.
jenkinsci/jenkins,test/src/test/java/hudson/diagnosis/OldDataMonitorTest.java,java/local-temp-file-or-directory-information-disclosure,WARNING,CWE-200; CWE-732,Local information disclosure vulnerability due to use of file readable by other local users.
jenkinsci/jenkins,test/src/test/java/hudson/model/DirectoryBrowserSupportTest.java,java/local-temp-file-or-directory-information-disclosure,WARNING,CWE-200; CWE-732,Local information disclosure vulnerability due to use of file readable by other local users.
jenkinsci/jenkins,test/src/test/java/hudson/model/UserPropertyTest.java,java/local-temp-file-or-directory-information-disclosure,WARNING,CWE-200; CWE-732,Local information disclosure vulnerability due to use of file readable by other local users.
jenkinsci/jenkins,war/src/main/java/executable/Main.java,java/local-temp-file-or-directory-information-disclosure,WARNING,CWE-200; CWE-732,Local information disclosure vulnerability due to use of file readable by other local users.
jenkinsci/jenkins,core/src/main/java/hudson/Util.java,java/potentially-weak-cryptographic-algorithm,WARNING,CWE-327; CWE-328,Cryptographic algorithm [MD5](1) may not be secure. Consider using a different algorithm.
jenkinsci/jenkins,core/src/main/java/hudson/cli/Connection.java,java/potentially-weak-cryptographic-algorithm,WARNING,CWE-327; CWE-328,Cryptographic algorithm [DH](1) may not be secure. Consider using a different algorithm.
jenkinsci/jenkins,core/src/main/java/hudson/cli/Connection.java,java/potentially-weak-cryptographic-algorithm,WARNING,CWE-327; CWE-328,Cryptographic algorithm [DH](1) may not be secure. Consider using a different algorithm.
jenkinsci/jenkins,core/src/main/java/hudson/cli/Connection.java,java/potentially-weak-cryptographic-algorithm,WARNING,CWE-327; CWE-328,Cryptographic algorithm [DH](1) may not be secure. Consider using a different algorithm.
jenkinsci/jenkins,core/src/main/java/hudson/cli/Connection.java,java/potentially-weak-cryptographic-algorithm,WARNING,CWE-327; CWE-328,Cryptographic algorithm [DH](1) may not be secure. Consider using a different algorithm.
jenkinsci/jenkins,core/src/main/java/hudson/cli/Connection.java,java/potentially-weak-cryptographic-algorithm,WARNING,CWE-327; CWE-328,"Cryptographic algorithm [DSA](1) may not be secure. Consider using a different algorithm.
Cryptographic algorithm [SHA1with](2) may not be secure. Consider using a different algorithm."
jenkinsci/jenkins,core/src/main/java/hudson/cli/Connection.java,java/potentially-weak-cryptographic-algorithm,WARNING,CWE-327; CWE-328,Cryptographic algorithm [SHA1with](1) may not be secure. Consider using a different algorithm.
jenkinsci/jenkins,core/src/main/java/hudson/model/UpdateCenter.java,java/potentially-weak-cryptographic-algorithm,WARNING,CWE-327; CWE-328,Cryptographic algorithm [SHA-1](1) may not be secure. Consider using a different algorithm.
jenkinsci/jenkins,core/src/main/java/hudson/model/UpdateCenter.java,java/potentially-weak-cryptographic-algorithm,WARNING,CWE-327; CWE-328,Cryptographic algorithm [SHA-1](1) may not be secure. Consider using a different algorithm.
jenkinsci/jenkins,core/src/main/java/hudson/scheduler/Hash.java,java/potentially-weak-cryptographic-algorithm,WARNING,CWE-327; CWE-328,Cryptographic algorithm [MD5](1) may not be secure. Consider using a different algorithm.
jenkinsci/jenkins,core/src/main/java/jenkins/security/RSADigitalSignatureConfidentialKey.java,java/potentially-weak-cryptographic-algorithm,WARNING,CWE-327; CWE-328,Cryptographic algorithm [with](1) may not be secure. Consider using a different algorithm.
jenkinsci/jenkins,core/src/main/java/jenkins/util/JSONSignatureValidator.java,java/potentially-weak-cryptographic-algorithm,WARNING,CWE-327; CWE-328,Cryptographic algorithm [SHA1](1) may not be secure. Consider using a different algorithm.
jenkinsci/jenkins,core/src/main/java/hudson/model/RunnerStack.java,java/toctou-race-condition,WARNING,CWE-367,This uses the state of [s](1) which [is checked at a previous call](2). But these are not jointly synchronized.
jenkinsci/jenkins,core/src/main/java/hudson/model/queue/FutureImpl.java,java/toctou-race-condition,WARNING,CWE-367,This uses the state of [start](1) which [is checked at a previous call](2). But these are not jointly synchronized.
jenkinsci/jenkins,core/src/main/java/hudson/PluginManager.java,java/sensitive-log,WARNING,CWE-532,This [potentially sensitive information](1) is written to a log file.
jenkinsci/jenkins,core/src/main/java/hudson/XmlFile.java,java/sensitive-log,WARNING,CWE-532,"This [potentially sensitive information](1) is written to a log file.
This [potentially sensitive information](2) is written to a log file.
This [potentially sensitive information](3) is written to a log file.
This [potentially sensitive information](4) is written to a log file."
jenkinsci/jenkins,core/src/main/java/hudson/model/User.java,java/sensitive-log,WARNING,CWE-532,"This [potentially sensitive information](1) is written to a log file.
This [potentially sensitive information](2) is written to a log file."
jenkinsci/jenkins,core/src/main/java/hudson/model/User.java,java/sensitive-log,WARNING,CWE-532,"This [potentially sensitive information](1) is written to a log file.
This [potentially sensitive information](2) is written to a log file."
jenkinsci/jenkins,core/src/main/java/hudson/model/User.java,java/sensitive-log,WARNING,CWE-532,"This [potentially sensitive information](1) is written to a log file.
This [potentially sensitive information](2) is written to a log file."
jenkinsci/jenkins,core/src/main/java/hudson/model/User.java,java/sensitive-log,WARNING,CWE-532,"This [potentially sensitive information](1) is written to a log file.
This [potentially sensitive information](2) is written to a log file."
jenkinsci/jenkins,core/src/main/java/hudson/model/User.java,java/sensitive-log,WARNING,CWE-532,"This [potentially sensitive information](1) is written to a log file.
This [potentially sensitive information](2) is written to a log file.
This [potentially sensitive information](3) is written to a log file.
This [potentially sensitive information](4) is written to a log file."
jenkinsci/jenkins,core/src/main/java/hudson/model/User.java,java/sensitive-log,WARNING,CWE-532,This [potentially sensitive information](1) is written to a log file.
jenkinsci/jenkins,core/src/main/java/hudson/model/User.java,java/sensitive-log,WARNING,CWE-532,This [potentially sensitive information](1) is written to a log file.
jenkinsci/jenkins,core/src/main/java/hudson/model/User.java,java/sensitive-log,WARNING,CWE-532,This [potentially sensitive information](1) is written to a log file.
jenkinsci/jenkins,core/src/main/java/hudson/search/Search.java,java/sensitive-log,WARNING,CWE-532,This [potentially sensitive information](1) is written to a log file.
jenkinsci/jenkins,core/src/main/java/hudson/slaves/WorkspaceList.java,java/sensitive-log,WARNING,CWE-532,This [potentially sensitive information](1) is written to a log file.
jenkinsci/jenkins,core/src/main/java/hudson/util/AtomicFileWriter.java,java/sensitive-log,WARNING,CWE-532,"This [potentially sensitive information](1) is written to a log file.
This [potentially sensitive information](2) is written to a log file.
This [potentially sensitive information](3) is written to a log file.
This [potentially sensitive information](4) is written to a log file."
jenkinsci/jenkins,core/src/main/java/jenkins/install/SetupWizard.java,java/sensitive-log,WARNING,CWE-532,This [potentially sensitive information](1) is written to a log file.
jenkinsci/jenkins,core/src/main/java/jenkins/install/SetupWizard.java,java/sensitive-log,WARNING,CWE-532,This [potentially sensitive information](1) is written to a log file.
jenkinsci/jenkins,core/src/main/java/jenkins/install/SetupWizard.java,java/sensitive-log,WARNING,CWE-532,This [potentially sensitive information](1) is written to a log file.
jenkinsci/jenkins,core/src/main/java/jenkins/install/SetupWizard.java,java/sensitive-log,WARNING,CWE-532,This [potentially sensitive information](1) is written to a log file.
jenkinsci/jenkins,core/src/main/java/jenkins/install/SetupWizard.java,java/sensitive-log,WARNING,CWE-532,This [potentially sensitive information](1) is written to a log file.
jenkinsci/jenkins,core/src/main/java/jenkins/security/BasicHeaderApiTokenAuthenticator.java,java/sensitive-log,WARNING,CWE-532,This [potentially sensitive information](1) is written to a log file.
jenkinsci/jenkins,core/src/main/java/jenkins/security/BasicHeaderRealPasswordAuthenticator.java,java/sensitive-log,WARNING,CWE-532,This [potentially sensitive information](1) is written to a log file.
jenkinsci/jenkins,core/src/main/java/jenkins/security/apitoken/ApiTokenStore.java,java/sensitive-log,WARNING,CWE-532,This [potentially sensitive information](1) is written to a log file.
jenkinsci/jenkins,core/src/main/java/jenkins/util/SystemProperties.java,java/sensitive-log,WARNING,CWE-532,This [potentially sensitive information](1) is written to a log file.
jenkinsci/jenkins,core/src/main/java/jenkins/util/SystemProperties.java,java/sensitive-log,WARNING,CWE-532,This [potentially sensitive information](1) is written to a log file.
jenkinsci/jenkins,core/src/main/java/jenkins/util/SystemProperties.java,java/sensitive-log,WARNING,CWE-532,This [potentially sensitive information](1) is written to a log file.
jenkinsci/jenkins,core/src/main/java/jenkins/util/SystemProperties.java,java/sensitive-log,WARNING,CWE-532,This [potentially sensitive information](1) is written to a log file.
jenkinsci/jenkins,core/src/main/java/jenkins/util/VirtualFile.java,java/sensitive-log,WARNING,CWE-532,This [potentially sensitive information](1) is written to a log file.
jenkinsci/jenkins,core/src/main/java/jenkins/util/VirtualFile.java,java/sensitive-log,WARNING,CWE-532,This [potentially sensitive information](1) is written to a log file.
jenkinsci/jenkins,core/src/main/java/hudson/ProxyConfiguration.java,java/user-controlled-bypass,ERROR,CWE-807; CWE-290,"Sensitive method may not be executed depending on a [this condition](1), which flows from [user-controlled value](2)."
jenkinsci/jenkins,core/src/main/java/hudson/ProxyConfiguration.java,java/user-controlled-bypass,ERROR,CWE-807; CWE-290,"Sensitive method may not be executed depending on a [this condition](1), which flows from [user-controlled value](2)."
jenkinsci/jenkins,core/src/main/java/hudson/security/BasicAuthenticationFilter.java,java/user-controlled-bypass,ERROR,CWE-807; CWE-290,"Sensitive method may not be executed depending on a [this condition](1), which flows from [user-controlled value](2)."
jenkinsci/jenkins,core/src/main/java/jenkins/security/BasicHeaderProcessor.java,java/user-controlled-bypass,ERROR,CWE-807; CWE-290,"Sensitive method may not be executed depending on a [this condition](1), which flows from [user-controlled value](2)."
jenkinsci/jenkins,core/src/main/java/jenkins/security/BasicHeaderProcessor.java,java/user-controlled-bypass,ERROR,CWE-807; CWE-290,"Sensitive method may not be executed depending on a [this condition](1), which flows from [user-controlled value](2)."
netty/netty,codec-http/src/main/java/io/netty/handler/codec/http/multipart/AbstractDiskHttpData.java,java/path-injection,ERROR,CWE-022; CWE-023; CWE-036; CWE-073,"This path depends on a [user-provided value](1).
This path depends on a [user-provided value](2).
This path depends on a [user-provided value](3).
This path depends on a [user-provided value](4).
This path depends on a [user-provided value](5).
This path depends on a [user-provided value](6).
This path depends on a [user-provided value](7).
This path depends on a [user-provided value](8).
This path depends on a [user-provided value](9).
This path depends on a [user-provided value](10).
This path"
netty/netty,codec-http/src/main/java/io/netty/handler/codec/http/multipart/AbstractDiskHttpData.java,java/path-injection,ERROR,CWE-022; CWE-023; CWE-036; CWE-073,"This path depends on a [user-provided value](1).
This path depends on a [user-provided value](2).
This path depends on a [user-provided value](3).
This path depends on a [user-provided value](4).
This path depends on a [user-provided value](5).
This path depends on a [user-provided value](6).
This path depends on a [user-provided value](7).
This path depends on a [user-provided value](8).
This path depends on a [user-provided value](9).
This path depends on a [user-provided value](10).
This path"
netty/netty,codec-http/src/main/java/io/netty/handler/codec/http/multipart/AbstractDiskHttpData.java,java/path-injection,ERROR,CWE-022; CWE-023; CWE-036; CWE-073,"This path depends on a [user-provided value](1).
This path depends on a [user-provided value](2).
This path depends on a [user-provided value](3).
This path depends on a [user-provided value](4).
This path depends on a [user-provided value](5).
This path depends on a [user-provided value](6).
This path depends on a [user-provided value](7).
This path depends on a [user-provided value](8).
This path depends on a [user-provided value](9).
This path depends on a [user-provided value](10).
This path"
netty/netty,codec-http/src/main/java/io/netty/handler/codec/http/multipart/AbstractDiskHttpData.java,java/path-injection,ERROR,CWE-022; CWE-023; CWE-036; CWE-073,"This path depends on a [user-provided value](1).
This path depends on a [user-provided value](2).
This path depends on a [user-provided value](3).
This path depends on a [user-provided value](4).
This path depends on a [user-provided value](5).
This path depends on a [user-provided value](6).
This path depends on a [user-provided value](7).
This path depends on a [user-provided value](8).
This path depends on a [user-provided value](9).
This path depends on a [user-provided value](10).
This path"
netty/netty,codec-http/src/main/java/io/netty/handler/codec/http/multipart/AbstractDiskHttpData.java,java/path-injection,ERROR,CWE-022; CWE-023; CWE-036; CWE-073,"This path depends on a [user-provided value](1).
This path depends on a [user-provided value](2).
This path depends on a [user-provided value](3).
This path depends on a [user-provided value](4).
This path depends on a [user-provided value](5).
This path depends on a [user-provided value](6).
This path depends on a [user-provided value](7).
This path depends on a [user-provided value](8).
This path depends on a [user-provided value](9).
This path depends on a [user-provided value](10).
This path"
netty/netty,codec-http/src/main/java/io/netty/handler/codec/http/multipart/AbstractDiskHttpData.java,java/path-injection,ERROR,CWE-022; CWE-023; CWE-036; CWE-073,"This path depends on a [user-provided value](1).
This path depends on a [user-provided value](2).
This path depends on a [user-provided value](3).
This path depends on a [user-provided value](4).
This path depends on a [user-provided value](5).
This path depends on a [user-provided value](6).
This path depends on a [user-provided value](7).
This path depends on a [user-provided value](8).
This path depends on a [user-provided value](9).
This path depends on a [user-provided value](10).
This path"
netty/netty,codec-http/src/main/java/io/netty/handler/codec/http/multipart/AbstractDiskHttpData.java,java/path-injection,ERROR,CWE-022; CWE-023; CWE-036; CWE-073,"This path depends on a [user-provided value](1).
This path depends on a [user-provided value](2).
This path depends on a [user-provided value](3).
This path depends on a [user-provided value](4).
This path depends on a [user-provided value](5).
This path depends on a [user-provided value](6).
This path depends on a [user-provided value](7).
This path depends on a [user-provided value](8).
This path depends on a [user-provided value](9).
This path depends on a [user-provided value](10).
This path"
netty/netty,codec-http/src/main/java/io/netty/handler/codec/http/multipart/AbstractDiskHttpData.java,java/path-injection,ERROR,CWE-022; CWE-023; CWE-036; CWE-073,"This path depends on a [user-provided value](1).
This path depends on a [user-provided value](2).
This path depends on a [user-provided value](3).
This path depends on a [user-provided value](4).
This path depends on a [user-provided value](5).
This path depends on a [user-provided value](6).
This path depends on a [user-provided value](7).
This path depends on a [user-provided value](8).
This path depends on a [user-provided value](9).
This path depends on a [user-provided value](10).
This path"
netty/netty,codec-http/src/main/java/io/netty/handler/codec/http/multipart/AbstractDiskHttpData.java,java/path-injection,ERROR,CWE-022; CWE-023; CWE-036; CWE-073,"This path depends on a [user-provided value](1).
This path depends on a [user-provided value](2).
This path depends on a [user-provided value](3).
This path depends on a [user-provided value](4).
This path depends on a [user-provided value](5).
This path depends on a [user-provided value](6).
This path depends on a [user-provided value](7).
This path depends on a [user-provided value](8).
This path depends on a [user-provided value](9).
This path depends on a [user-provided value](10).
This path"
netty/netty,codec-http/src/main/java/io/netty/handler/codec/http/multipart/AbstractDiskHttpData.java,java/path-injection,ERROR,CWE-022; CWE-023; CWE-036; CWE-073,"This path depends on a [user-provided value](1).
This path depends on a [user-provided value](2).
This path depends on a [user-provided value](3).
This path depends on a [user-provided value](4).
This path depends on a [user-provided value](5).
This path depends on a [user-provided value](6).
This path depends on a [user-provided value](7).
This path depends on a [user-provided value](8).
This path depends on a [user-provided value](9).
This path depends on a [user-provided value](10).
This path"
netty/netty,common/src/main/java/io/netty/util/internal/PlatformDependent.java,java/path-injection,ERROR,CWE-022; CWE-023; CWE-036; CWE-073,"This path depends on a [user-provided value](1).
This path depends on a [user-provided value](2).
This path depends on a [user-provided value](3).
This path depends on a [user-provided value](4).
This path depends on a [user-provided value](5).
This path depends on a [user-provided value](6).
This path depends on a [user-provided value](7).
This path depends on a [user-provided value](8).
This path depends on a [user-provided value](9).
This path depends on a [user-provided value](10).
This path"
netty/netty,example/src/main/java/io/netty/example/file/FileServerHandler.java,java/path-injection,ERROR,CWE-022; CWE-023; CWE-036; CWE-073,"This path depends on a [user-provided value](1).
This path depends on a [user-provided value](2).
This path depends on a [user-provided value](3).
This path depends on a [user-provided value](4).
This path depends on a [user-provided value](5).
This path depends on a [user-provided value](6).
This path depends on a [user-provided value](7).
This path depends on a [user-provided value](8).
This path depends on a [user-provided value](9).
This path depends on a [user-provided value](10).
This path"
netty/netty,example/src/main/java/io/netty/example/http/file/HttpStaticFileServerHandler.java,java/path-injection,ERROR,CWE-022; CWE-023; CWE-036; CWE-073,"This path depends on a [user-provided value](1).
This path depends on a [user-provided value](2).
This path depends on a [user-provided value](3).
This path depends on a [user-provided value](4).
This path depends on a [user-provided value](5).
This path depends on a [user-provided value](6).
This path depends on a [user-provided value](7).
This path depends on a [user-provided value](8).
This path depends on a [user-provided value](9).
This path depends on a [user-provided value](10).
This path"
netty/netty,example/src/main/java/io/netty/example/http/file/HttpStaticFileServerHandler.java,java/path-injection,ERROR,CWE-022; CWE-023; CWE-036; CWE-073,"This path depends on a [user-provided value](1).
This path depends on a [user-provided value](2).
This path depends on a [user-provided value](3).
This path depends on a [user-provided value](4).
This path depends on a [user-provided value](5).
This path depends on a [user-provided value](6).
This path depends on a [user-provided value](7).
This path depends on a [user-provided value](8).
This path depends on a [user-provided value](9).
This path depends on a [user-provided value](10).
This path"
netty/netty,example/src/main/java/io/netty/example/http/file/HttpStaticFileServerHandler.java,java/path-injection,ERROR,CWE-022; CWE-023; CWE-036; CWE-073,"This path depends on a [user-provided value](1).
This path depends on a [user-provided value](2).
This path depends on a [user-provided value](3).
This path depends on a [user-provided value](4).
This path depends on a [user-provided value](5).
This path depends on a [user-provided value](6).
This path depends on a [user-provided value](7).
This path depends on a [user-provided value](8).
This path depends on a [user-provided value](9).
This path depends on a [user-provided value](10).
This path"
netty/netty,example/src/main/java/io/netty/example/http/file/HttpStaticFileServerHandler.java,java/path-injection,ERROR,CWE-022; CWE-023; CWE-036; CWE-073,"This path depends on a [user-provided value](1).
This path depends on a [user-provided value](2).
This path depends on a [user-provided value](3).
This path depends on a [user-provided value](4).
This path depends on a [user-provided value](5).
This path depends on a [user-provided value](6).
This path depends on a [user-provided value](7).
This path depends on a [user-provided value](8).
This path depends on a [user-provided value](9).
This path depends on a [user-provided value](10).
This path"
netty/netty,example/src/main/java/io/netty/example/http/file/HttpStaticFileServerHandler.java,java/path-injection,ERROR,CWE-022; CWE-023; CWE-036; CWE-073,"This path depends on a [user-provided value](1).
This path depends on a [user-provided value](2).
This path depends on a [user-provided value](3).
This path depends on a [user-provided value](4).
This path depends on a [user-provided value](5).
This path depends on a [user-provided value](6).
This path depends on a [user-provided value](7).
This path depends on a [user-provided value](8).
This path depends on a [user-provided value](9).
This path depends on a [user-provided value](10).
This path"
netty/netty,example/src/main/java/io/netty/example/http/file/HttpStaticFileServerHandler.java,java/path-injection,ERROR,CWE-022; CWE-023; CWE-036; CWE-073,"This path depends on a [user-provided value](1).
This path depends on a [user-provided value](2).
This path depends on a [user-provided value](3).
This path depends on a [user-provided value](4).
This path depends on a [user-provided value](5).
This path depends on a [user-provided value](6).
This path depends on a [user-provided value](7).
This path depends on a [user-provided value](8).
This path depends on a [user-provided value](9).
This path depends on a [user-provided value](10).
This path"
netty/netty,example/src/main/java/io/netty/example/http2/file/Http2StaticFileServerHandler.java,java/path-injection,ERROR,CWE-022; CWE-023; CWE-036; CWE-073,"This path depends on a [user-provided value](1).
This path depends on a [user-provided value](2).
This path depends on a [user-provided value](3).
This path depends on a [user-provided value](4).
This path depends on a [user-provided value](5).
This path depends on a [user-provided value](6).
This path depends on a [user-provided value](7).
This path depends on a [user-provided value](8).
This path depends on a [user-provided value](9).
This path depends on a [user-provided value](10).
This path"
netty/netty,example/src/main/java/io/netty/example/http2/file/Http2StaticFileServerHandler.java,java/path-injection,ERROR,CWE-022; CWE-023; CWE-036; CWE-073,"This path depends on a [user-provided value](1).
This path depends on a [user-provided value](2).
This path depends on a [user-provided value](3).
This path depends on a [user-provided value](4).
This path depends on a [user-provided value](5).
This path depends on a [user-provided value](6).
This path depends on a [user-provided value](7).
This path depends on a [user-provided value](8).
This path depends on a [user-provided value](9).
This path depends on a [user-provided value](10).
This path"
netty/netty,example/src/main/java/io/netty/example/http2/file/Http2StaticFileServerHandler.java,java/path-injection,ERROR,CWE-022; CWE-023; CWE-036; CWE-073,"This path depends on a [user-provided value](1).
This path depends on a [user-provided value](2).
This path depends on a [user-provided value](3).
This path depends on a [user-provided value](4).
This path depends on a [user-provided value](5).
This path depends on a [user-provided value](6).
This path depends on a [user-provided value](7).
This path depends on a [user-provided value](8).
This path depends on a [user-provided value](9).
This path depends on a [user-provided value](10).
This path"
netty/netty,example/src/main/java/io/netty/example/http2/file/Http2StaticFileServerHandler.java,java/path-injection,ERROR,CWE-022; CWE-023; CWE-036; CWE-073,"This path depends on a [user-provided value](1).
This path depends on a [user-provided value](2).
This path depends on a [user-provided value](3).
This path depends on a [user-provided value](4).
This path depends on a [user-provided value](5).
This path depends on a [user-provided value](6).
This path depends on a [user-provided value](7).
This path depends on a [user-provided value](8).
This path depends on a [user-provided value](9).
This path depends on a [user-provided value](10).
This path"
netty/netty,example/src/main/java/io/netty/example/http2/file/Http2StaticFileServerHandler.java,java/path-injection,ERROR,CWE-022; CWE-023; CWE-036; CWE-073,"This path depends on a [user-provided value](1).
This path depends on a [user-provided value](2).
This path depends on a [user-provided value](3).
This path depends on a [user-provided value](4).
This path depends on a [user-provided value](5).
This path depends on a [user-provided value](6).
This path depends on a [user-provided value](7).
This path depends on a [user-provided value](8).
This path depends on a [user-provided value](9).
This path depends on a [user-provided value](10).
This path"
netty/netty,example/src/main/java/io/netty/example/http2/file/Http2StaticFileServerHandler.java,java/path-injection,ERROR,CWE-022; CWE-023; CWE-036; CWE-073,"This path depends on a [user-provided value](1).
This path depends on a [user-provided value](2).
This path depends on a [user-provided value](3).
This path depends on a [user-provided value](4).
This path depends on a [user-provided value](5).
This path depends on a [user-provided value](6).
This path depends on a [user-provided value](7).
This path depends on a [user-provided value](8).
This path depends on a [user-provided value](9).
This path depends on a [user-provided value](10).
This path"
netty/netty,example/src/main/java/io/netty/example/stomp/websocket/StompWebSocketClientPageHandler.java,java/path-injection,ERROR,CWE-022; CWE-023; CWE-036; CWE-073,"This path depends on a [user-provided value](1).
This path depends on a [user-provided value](2).
This path depends on a [user-provided value](3).
This path depends on a [user-provided value](4).
This path depends on a [user-provided value](5).
This path depends on a [user-provided value](6).
This path depends on a [user-provided value](7).
This path depends on a [user-provided value](8).
This path depends on a [user-provided value](9).
This path depends on a [user-provided value](10).
This path"
netty/netty,handler/src/main/java/io/netty/handler/stream/ChunkedFile.java,java/path-injection,ERROR,CWE-022; CWE-023; CWE-036; CWE-073,"This path depends on a [user-provided value](1).
This path depends on a [user-provided value](2).
This path depends on a [user-provided value](3).
This path depends on a [user-provided value](4).
This path depends on a [user-provided value](5).
This path depends on a [user-provided value](6).
This path depends on a [user-provided value](7).
This path depends on a [user-provided value](8).
This path depends on a [user-provided value](9).
This path depends on a [user-provided value](10).
This path"
netty/netty,codec-http/src/test/java/io/netty/handler/codec/http/DefaultHttpHeadersTest.java,java/netty-http-request-or-response-splitting,ERROR,CWE-093; CWE-113,Request splitting or response splitting vulnerability due to header value verification being disabled.
netty/netty,codec-http/src/test/java/io/netty/handler/codec/http/DefaultHttpHeadersTest.java,java/netty-http-request-or-response-splitting,ERROR,CWE-093; CWE-113,Request splitting or response splitting vulnerability due to header value verification being disabled.
netty/netty,codec-http/src/test/java/io/netty/handler/codec/http/DefaultHttpHeadersTest.java,java/netty-http-request-or-response-splitting,ERROR,CWE-093; CWE-113,Request splitting or response splitting vulnerability due to header value verification being disabled.
netty/netty,codec-http/src/test/java/io/netty/handler/codec/http/HttpHeadersTest.java,java/netty-http-request-or-response-splitting,ERROR,CWE-093; CWE-113,Request splitting or response splitting vulnerability due to header value verification being disabled.
netty/netty,codec-http/src/test/java/io/netty/handler/codec/http/HttpHeadersTest.java,java/netty-http-request-or-response-splitting,ERROR,CWE-093; CWE-113,Request splitting or response splitting vulnerability due to header value verification being disabled.
netty/netty,codec-http/src/test/java/io/netty/handler/codec/http/HttpHeadersTest.java,java/netty-http-request-or-response-splitting,ERROR,CWE-093; CWE-113,Request splitting or response splitting vulnerability due to header value verification being disabled.
netty/netty,codec-http2/src/test/java/io/netty/handler/codec/http2/HttpConversionUtilTest.java,java/netty-http-request-or-response-splitting,ERROR,CWE-093; CWE-113,Request splitting or response splitting vulnerability due to header value verification being disabled.
netty/netty,codec-http3/src/test/java/io/netty/handler/codec/http3/HttpConversionUtilTest.java,java/netty-http-request-or-response-splitting,ERROR,CWE-093; CWE-113,Request splitting or response splitting vulnerability due to header value verification being disabled.
netty/netty,handler-proxy/src/test/java/io/netty/handler/proxy/HttpProxyHandlerTest.java,java/netty-http-request-or-response-splitting,ERROR,CWE-093; CWE-113,Request splitting or response splitting vulnerability due to header value verification being disabled.
netty/netty,microbench/src/main/java/io/netty/microbench/headers/HeadersBenchmark.java,java/netty-http-request-or-response-splitting,ERROR,CWE-093; CWE-113,Request splitting or response splitting vulnerability due to header value verification being disabled.
netty/netty,microbench/src/main/java/io/netty/microbench/headers/HeadersBenchmark.java,java/netty-http-request-or-response-splitting,ERROR,CWE-093; CWE-113,Request splitting or response splitting vulnerability due to header value verification being disabled.
netty/netty,microbench/src/main/java/io/netty/microbench/headers/HeadersBenchmark.java,java/netty-http-request-or-response-splitting,ERROR,CWE-093; CWE-113,Request splitting or response splitting vulnerability due to header value verification being disabled.
netty/netty,buffer/src/main/java/io/netty/buffer/AbstractByteBuf.java,java/insecure-randomness,WARNING,CWE-330; CWE-338,"Potential Insecure randomness due to a [Insecure randomness source.](1).
Potential Insecure randomness due to a [Insecure randomness source.](2)."
netty/netty,codec-base/src/main/java/io/netty/handler/codec/serialization/ObjectDecoder.java,java/unsafe-deserialization,ERROR,CWE-502,"Unsafe deserialization depends on a [user-provided value](1).
Unsafe deserialization depends on a [user-provided value](2).
Unsafe deserialization depends on a [user-provided value](3).
Unsafe deserialization depends on a [user-provided value](4).
Unsafe deserialization depends on a [user-provided value](5).
Unsafe deserialization depends on a [user-provided value](6).
Unsafe deserialization depends on a [user-provided value](7).
Unsafe deserialization depends on a [user-provided value](8).
Unsa"
netty/netty,buffer/src/main/java/io/netty/buffer/AbstractUnsafeSwappedByteBuf.java,java/tainted-numeric-cast,ERROR,CWE-197; CWE-681,"This cast to a narrower type depends on a [user-provided value](1), potentially causing truncation.
This cast to a narrower type depends on a [user-provided value](2), potentially causing truncation.
This cast to a narrower type depends on a [user-provided value](3), potentially causing truncation.
This cast to a narrower type depends on a [user-provided value](4), potentially causing truncation.
This cast to a narrower type depends on a [user-provided value](5), potentially causing truncation.
"
netty/netty,buffer/src/main/java/io/netty/buffer/AbstractUnsafeSwappedByteBuf.java,java/tainted-numeric-cast,ERROR,CWE-197; CWE-681,"This cast to a narrower type depends on a [user-provided value](1), potentially causing truncation.
This cast to a narrower type depends on a [user-provided value](2), potentially causing truncation.
This cast to a narrower type depends on a [user-provided value](3), potentially causing truncation.
This cast to a narrower type depends on a [user-provided value](4), potentially causing truncation.
This cast to a narrower type depends on a [user-provided value](5), potentially causing truncation.
"
netty/netty,buffer/src/main/java/io/netty/buffer/AbstractUnsafeSwappedByteBuf.java,java/tainted-numeric-cast,ERROR,CWE-197; CWE-681,"This cast to a narrower type depends on a [user-provided value](1), potentially causing truncation.
This cast to a narrower type depends on a [user-provided value](2), potentially causing truncation.
This cast to a narrower type depends on a [user-provided value](3), potentially causing truncation.
This cast to a narrower type depends on a [user-provided value](4), potentially causing truncation.
This cast to a narrower type depends on a [user-provided value](5), potentially causing truncation.
"
netty/netty,buffer/src/main/java/io/netty/buffer/AbstractUnsafeSwappedByteBuf.java,java/tainted-numeric-cast,ERROR,CWE-197; CWE-681,"This cast to a narrower type depends on a [user-provided value](1), potentially causing truncation.
This cast to a narrower type depends on a [user-provided value](2), potentially causing truncation.
This cast to a narrower type depends on a [user-provided value](3), potentially causing truncation.
This cast to a narrower type depends on a [user-provided value](4), potentially causing truncation.
This cast to a narrower type depends on a [user-provided value](5), potentially causing truncation.
"
netty/netty,buffer/src/main/java/io/netty/buffer/PoolChunk.java,java/tainted-numeric-cast,ERROR,CWE-197; CWE-681,"This cast to a narrower type depends on a [user-provided value](1), potentially causing truncation.
This cast to a narrower type depends on a [user-provided value](2), potentially causing truncation.
This cast to a narrower type depends on a [user-provided value](3), potentially causing truncation.
This cast to a narrower type depends on a [user-provided value](4), potentially causing truncation.
This cast to a narrower type depends on a [user-provided value](5), potentially causing truncation.
"
netty/netty,buffer/src/main/java/io/netty/buffer/PooledDirectByteBuf.java,java/tainted-numeric-cast,ERROR,CWE-197; CWE-681,"This cast to a narrower type depends on a [user-provided value](1), potentially causing truncation.
This cast to a narrower type depends on a [user-provided value](2), potentially causing truncation.
This cast to a narrower type depends on a [user-provided value](3), potentially causing truncation.
This cast to a narrower type depends on a [user-provided value](4), potentially causing truncation.
This cast to a narrower type depends on a [user-provided value](5), potentially causing truncation.
"
netty/netty,buffer/src/main/java/io/netty/buffer/PooledDirectByteBuf.java,java/tainted-numeric-cast,ERROR,CWE-197; CWE-681,"This cast to a narrower type depends on a [user-provided value](1), potentially causing truncation.
This cast to a narrower type depends on a [user-provided value](2), potentially causing truncation.
This cast to a narrower type depends on a [user-provided value](3), potentially causing truncation.
This cast to a narrower type depends on a [user-provided value](4), potentially causing truncation.
This cast to a narrower type depends on a [user-provided value](5), potentially causing truncation.
"
netty/netty,buffer/src/main/java/io/netty/buffer/PooledUnsafeDirectByteBuf.java,java/tainted-numeric-cast,ERROR,CWE-197; CWE-681,"This cast to a narrower type depends on a [user-provided value](1), potentially causing truncation.
This cast to a narrower type depends on a [user-provided value](2), potentially causing truncation.
This cast to a narrower type depends on a [user-provided value](3), potentially causing truncation.
This cast to a narrower type depends on a [user-provided value](4), potentially causing truncation.
This cast to a narrower type depends on a [user-provided value](5), potentially causing truncation.
"
netty/netty,buffer/src/main/java/io/netty/buffer/SwappedByteBuf.java,java/tainted-numeric-cast,ERROR,CWE-197; CWE-681,"This cast to a narrower type depends on a [user-provided value](1), potentially causing truncation.
This cast to a narrower type depends on a [user-provided value](2), potentially causing truncation.
This cast to a narrower type depends on a [user-provided value](3), potentially causing truncation.
This cast to a narrower type depends on a [user-provided value](4), potentially causing truncation.
This cast to a narrower type depends on a [user-provided value](5), potentially causing truncation.
"
netty/netty,buffer/src/main/java/io/netty/buffer/SwappedByteBuf.java,java/tainted-numeric-cast,ERROR,CWE-197; CWE-681,"This cast to a narrower type depends on a [user-provided value](1), potentially causing truncation.
This cast to a narrower type depends on a [user-provided value](2), potentially causing truncation.
This cast to a narrower type depends on a [user-provided value](3), potentially causing truncation.
This cast to a narrower type depends on a [user-provided value](4), potentially causing truncation.
This cast to a narrower type depends on a [user-provided value](5), potentially causing truncation.
"
netty/netty,buffer/src/main/java/io/netty/buffer/UnsafeByteBufUtil.java,java/tainted-numeric-cast,ERROR,CWE-197; CWE-681,"This cast to a narrower type depends on a [user-provided value](1), potentially causing truncation.
This cast to a narrower type depends on a [user-provided value](2), potentially causing truncation.
This cast to a narrower type depends on a [user-provided value](3), potentially causing truncation.
This cast to a narrower type depends on a [user-provided value](4), potentially causing truncation.
This cast to a narrower type depends on a [user-provided value](5), potentially causing truncation.
"
netty/netty,buffer/src/main/java/io/netty/buffer/UnsafeByteBufUtil.java,java/tainted-numeric-cast,ERROR,CWE-197; CWE-681,"This cast to a narrower type depends on a [user-provided value](1), potentially causing truncation.
This cast to a narrower type depends on a [user-provided value](2), potentially causing truncation.
This cast to a narrower type depends on a [user-provided value](3), potentially causing truncation.
This cast to a narrower type depends on a [user-provided value](4), potentially causing truncation.
This cast to a narrower type depends on a [user-provided value](5), potentially causing truncation.
"
netty/netty,buffer/src/main/java/io/netty/buffer/VarHandleByteBufferAccess.java,java/tainted-numeric-cast,ERROR,CWE-197; CWE-681,"This cast to a narrower type depends on a [user-provided value](1), potentially causing truncation.
This cast to a narrower type depends on a [user-provided value](2), potentially causing truncation.
This cast to a narrower type depends on a [user-provided value](3), potentially causing truncation.
This cast to a narrower type depends on a [user-provided value](4), potentially causing truncation.
This cast to a narrower type depends on a [user-provided value](5), potentially causing truncation.
"
netty/netty,codec-http3/src/main/java/io/netty/handler/codec/http3/Http3CodecUtils.java,java/tainted-numeric-cast,ERROR,CWE-197; CWE-681,"This cast to a narrower type depends on a [user-provided value](1), potentially causing truncation.
This cast to a narrower type depends on a [user-provided value](2), potentially causing truncation.
This cast to a narrower type depends on a [user-provided value](3), potentially causing truncation.
This cast to a narrower type depends on a [user-provided value](4), potentially causing truncation.
This cast to a narrower type depends on a [user-provided value](5), potentially causing truncation.
"
netty/netty,codec-http3/src/main/java/io/netty/handler/codec/http3/Http3CodecUtils.java,java/tainted-numeric-cast,ERROR,CWE-197; CWE-681,"This cast to a narrower type depends on a [user-provided value](1), potentially causing truncation.
This cast to a narrower type depends on a [user-provided value](2), potentially causing truncation.
This cast to a narrower type depends on a [user-provided value](3), potentially causing truncation.
This cast to a narrower type depends on a [user-provided value](4), potentially causing truncation.
This cast to a narrower type depends on a [user-provided value](5), potentially causing truncation.
"
netty/netty,codec-http3/src/main/java/io/netty/handler/codec/http3/Http3CodecUtils.java,java/tainted-numeric-cast,ERROR,CWE-197; CWE-681,"This cast to a narrower type depends on a [user-provided value](1), potentially causing truncation.
This cast to a narrower type depends on a [user-provided value](2), potentially causing truncation.
This cast to a narrower type depends on a [user-provided value](3), potentially causing truncation.
This cast to a narrower type depends on a [user-provided value](4), potentially causing truncation.
This cast to a narrower type depends on a [user-provided value](5), potentially causing truncation.
"
netty/netty,codec-http3/src/main/java/io/netty/handler/codec/http3/Http3CodecUtils.java,java/tainted-numeric-cast,ERROR,CWE-197; CWE-681,"This cast to a narrower type depends on a [user-provided value](1), potentially causing truncation.
This cast to a narrower type depends on a [user-provided value](2), potentially causing truncation.
This cast to a narrower type depends on a [user-provided value](3), potentially causing truncation.
This cast to a narrower type depends on a [user-provided value](4), potentially causing truncation.
This cast to a narrower type depends on a [user-provided value](5), potentially causing truncation.
"
netty/netty,example/src/main/java/io/netty/example/http/file/HttpStaticFileServerHandler.java,java/polynomial-redos,WARNING,CWE-1333; CWE-730; CWE-400,"This [regular expression](1) that depends on a [user-provided value](2) may run slow on strings starting with '""' and with many repetitions of '""'.
This [regular expression](1) that depends on a [user-provided value](3) may run slow on strings starting with '""' and with many repetitions of '""'.
This [regular expression](1) that depends on a [user-provided value](4) may run slow on strings starting with '""' and with many repetitions of '""'.
This [regular expression](1) that depends on a [user-pro"
netty/netty,handler/src/main/java/io/netty/handler/ssl/CipherSuiteConverter.java,java/polynomial-redos,WARNING,CWE-1333; CWE-730; CWE-400,"This [regular expression](1) that depends on a [user-provided value](2) may run slow on strings starting with 'TLS_a_WITH_' and with many repetitions of 'a_WITH_a'.
This [regular expression](3) that depends on a [user-provided value](2) may run slow on strings starting with 'TLS_a_WITH__' and with many repetitions of '_a'.
This [regular expression](1) that depends on a [user-provided value](4) may run slow on strings starting with 'TLS_a_WITH_' and with many repetitions of 'a_WITH_a'.
This [regu"
netty/netty,codec-http/src/main/java/io/netty/handler/codec/http/HttpObjectDecoder.java,java/tainted-permissions-check,ERROR,CWE-807; CWE-290,"Permissions check depends on a [user-controlled value](1).
Permissions check depends on a [user-controlled value](2).
Permissions check depends on a [user-controlled value](3).
Permissions check depends on a [user-controlled value](4).
Permissions check depends on a [user-controlled value](5).
Permissions check depends on a [user-controlled value](6).
Permissions check depends on a [user-controlled value](7).
Permissions check depends on a [user-controlled value](8).
Permissions check depends on"
netty/netty,codec-http/src/main/java/io/netty/handler/codec/http/HttpObjectDecoder.java,java/tainted-permissions-check,ERROR,CWE-807; CWE-290,"Permissions check depends on a [user-controlled value](1).
Permissions check depends on a [user-controlled value](2).
Permissions check depends on a [user-controlled value](3).
Permissions check depends on a [user-controlled value](4).
Permissions check depends on a [user-controlled value](5).
Permissions check depends on a [user-controlled value](6).
Permissions check depends on a [user-controlled value](7).
Permissions check depends on a [user-controlled value](8).
Permissions check depends on"
netty/netty,codec-http/src/main/java/io/netty/handler/codec/http/HttpContentDecoder.java,java/ssrf,ERROR,CWE-918,Potential server-side request forgery due to a [user-provided value](1).
netty/netty,codec-http/src/main/java/io/netty/handler/codec/spdy/SpdyHttpDecoder.java,java/ssrf,ERROR,CWE-918,Potential server-side request forgery due to a [user-provided value](1).
netty/netty,example/src/main/java/io/netty/example/socksproxy/SocksServerConnectHandler.java,java/ssrf,ERROR,CWE-918,Potential server-side request forgery due to a [user-provided value](1).
netty/netty,example/src/main/java/io/netty/example/socksproxy/SocksServerConnectHandler.java,java/ssrf,ERROR,CWE-918,Potential server-side request forgery due to a [user-provided value](1).
netty/netty,transport/src/main/java/io/netty/bootstrap/Bootstrap.java,java/ssrf,ERROR,CWE-918,Potential server-side request forgery due to a [user-provided value](1).
netty/netty,common/src/main/java/io/netty/util/concurrent/SingleThreadEventExecutor.java,java/unreleased-lock,ERROR,CWE-764; CWE-833,This lock might not be unlocked or might be locked more times than it is unlocked.
netty/netty,common/src/main/java/io/netty/util/NetUtil.java,java/relative-path-command,WARNING,CWE-078; CWE-088,Command with a relative path 'sysctl' is executed.
netty/netty,common/src/main/java/io/netty/util/internal/logging/CommonsLogger.java,java/log-injection,ERROR,CWE-117,"This log entry depends on a [user-provided value](1).
This log entry depends on a [user-provided value](2).
This log entry depends on a [user-provided value](3).
This log entry depends on a [user-provided value](4).
This log entry depends on a [user-provided value](5).
This log entry depends on a [user-provided value](6).
This log entry depends on a [user-provided value](7).
This log entry depends on a [user-provided value](8).
This log entry depends on a [user-provided value](9).
This log entry"
netty/netty,common/src/main/java/io/netty/util/internal/logging/CommonsLogger.java,java/log-injection,ERROR,CWE-117,"This log entry depends on a [user-provided value](1).
This log entry depends on a [user-provided value](2).
This log entry depends on a [user-provided value](3).
This log entry depends on a [user-provided value](4).
This log entry depends on a [user-provided value](5).
This log entry depends on a [user-provided value](6).
This log entry depends on a [user-provided value](7).
This log entry depends on a [user-provided value](8).
This log entry depends on a [user-provided value](9).
This log entry"
netty/netty,common/src/main/java/io/netty/util/internal/logging/CommonsLogger.java,java/log-injection,ERROR,CWE-117,"This log entry depends on a [user-provided value](1).
This log entry depends on a [user-provided value](2).
This log entry depends on a [user-provided value](3).
This log entry depends on a [user-provided value](4).
This log entry depends on a [user-provided value](5).
This log entry depends on a [user-provided value](6).
This log entry depends on a [user-provided value](7).
This log entry depends on a [user-provided value](8).
This log entry depends on a [user-provided value](9).
This log entry"
netty/netty,common/src/main/java/io/netty/util/internal/logging/CommonsLogger.java,java/log-injection,ERROR,CWE-117,"This log entry depends on a [user-provided value](1).
This log entry depends on a [user-provided value](2).
This log entry depends on a [user-provided value](3).
This log entry depends on a [user-provided value](4).
This log entry depends on a [user-provided value](5).
This log entry depends on a [user-provided value](6).
This log entry depends on a [user-provided value](7).
This log entry depends on a [user-provided value](8).
This log entry depends on a [user-provided value](9).
This log entry"
netty/netty,common/src/main/java/io/netty/util/internal/logging/CommonsLogger.java,java/log-injection,ERROR,CWE-117,"This log entry depends on a [user-provided value](1).
This log entry depends on a [user-provided value](2).
This log entry depends on a [user-provided value](3).
This log entry depends on a [user-provided value](4).
This log entry depends on a [user-provided value](5).
This log entry depends on a [user-provided value](6).
This log entry depends on a [user-provided value](7).
This log entry depends on a [user-provided value](8).
This log entry depends on a [user-provided value](9).
This log entry"
netty/netty,common/src/main/java/io/netty/util/internal/logging/JdkLogger.java,java/log-injection,ERROR,CWE-117,"This log entry depends on a [user-provided value](1).
This log entry depends on a [user-provided value](2).
This log entry depends on a [user-provided value](3).
This log entry depends on a [user-provided value](4).
This log entry depends on a [user-provided value](5).
This log entry depends on a [user-provided value](6).
This log entry depends on a [user-provided value](7).
This log entry depends on a [user-provided value](8).
This log entry depends on a [user-provided value](9).
This log entry"
netty/netty,common/src/main/java/io/netty/util/internal/logging/Log4J2Logger.java,java/log-injection,ERROR,CWE-117,"This log entry depends on a [user-provided value](1).
This log entry depends on a [user-provided value](2).
This log entry depends on a [user-provided value](3).
This log entry depends on a [user-provided value](4).
This log entry depends on a [user-provided value](5).
This log entry depends on a [user-provided value](6).
This log entry depends on a [user-provided value](7).
This log entry depends on a [user-provided value](8).
This log entry depends on a [user-provided value](9).
This log entry"
netty/netty,common/src/main/java/io/netty/util/internal/logging/Log4J2Logger.java,java/log-injection,ERROR,CWE-117,"This log entry depends on a [user-provided value](1).
This log entry depends on a [user-provided value](2).
This log entry depends on a [user-provided value](3).
This log entry depends on a [user-provided value](4).
This log entry depends on a [user-provided value](5).
This log entry depends on a [user-provided value](6).
This log entry depends on a [user-provided value](7).
This log entry depends on a [user-provided value](8).
This log entry depends on a [user-provided value](9).
This log entry"
netty/netty,common/src/main/java/io/netty/util/internal/logging/Log4JLogger.java,java/log-injection,ERROR,CWE-117,"This log entry depends on a [user-provided value](1).
This log entry depends on a [user-provided value](2).
This log entry depends on a [user-provided value](3).
This log entry depends on a [user-provided value](4).
This log entry depends on a [user-provided value](5).
This log entry depends on a [user-provided value](6).
This log entry depends on a [user-provided value](7).
This log entry depends on a [user-provided value](8).
This log entry depends on a [user-provided value](9).
This log entry"
netty/netty,common/src/main/java/io/netty/util/internal/logging/Log4JLogger.java,java/log-injection,ERROR,CWE-117,"This log entry depends on a [user-provided value](1).
This log entry depends on a [user-provided value](2).
This log entry depends on a [user-provided value](3).
This log entry depends on a [user-provided value](4).
This log entry depends on a [user-provided value](5).
This log entry depends on a [user-provided value](6).
This log entry depends on a [user-provided value](7).
This log entry depends on a [user-provided value](8).
This log entry depends on a [user-provided value](9).
This log entry"
netty/netty,common/src/main/java/io/netty/util/internal/logging/Log4JLogger.java,java/log-injection,ERROR,CWE-117,"This log entry depends on a [user-provided value](1).
This log entry depends on a [user-provided value](2).
This log entry depends on a [user-provided value](3).
This log entry depends on a [user-provided value](4).
This log entry depends on a [user-provided value](5).
This log entry depends on a [user-provided value](6).
This log entry depends on a [user-provided value](7).
This log entry depends on a [user-provided value](8).
This log entry depends on a [user-provided value](9).
This log entry"
netty/netty,common/src/main/java/io/netty/util/internal/logging/Log4JLogger.java,java/log-injection,ERROR,CWE-117,"This log entry depends on a [user-provided value](1).
This log entry depends on a [user-provided value](2).
This log entry depends on a [user-provided value](3).
This log entry depends on a [user-provided value](4).
This log entry depends on a [user-provided value](5).
This log entry depends on a [user-provided value](6).
This log entry depends on a [user-provided value](7).
This log entry depends on a [user-provided value](8).
This log entry depends on a [user-provided value](9).
This log entry"
netty/netty,common/src/main/java/io/netty/util/internal/logging/Log4JLogger.java,java/log-injection,ERROR,CWE-117,"This log entry depends on a [user-provided value](1).
This log entry depends on a [user-provided value](2).
This log entry depends on a [user-provided value](3).
This log entry depends on a [user-provided value](4).
This log entry depends on a [user-provided value](5).
This log entry depends on a [user-provided value](6).
This log entry depends on a [user-provided value](7).
This log entry depends on a [user-provided value](8).
This log entry depends on a [user-provided value](9).
This log entry"
netty/netty,common/src/main/java/io/netty/util/internal/logging/Slf4JLogger.java,java/log-injection,ERROR,CWE-117,"This log entry depends on a [user-provided value](1).
This log entry depends on a [user-provided value](2).
This log entry depends on a [user-provided value](3).
This log entry depends on a [user-provided value](4).
This log entry depends on a [user-provided value](5).
This log entry depends on a [user-provided value](6).
This log entry depends on a [user-provided value](7).
This log entry depends on a [user-provided value](8).
This log entry depends on a [user-provided value](9).
This log entry"
netty/netty,common/src/main/java/io/netty/util/internal/logging/Slf4JLogger.java,java/log-injection,ERROR,CWE-117,"This log entry depends on a [user-provided value](1).
This log entry depends on a [user-provided value](2).
This log entry depends on a [user-provided value](3).
This log entry depends on a [user-provided value](4).
This log entry depends on a [user-provided value](5).
This log entry depends on a [user-provided value](6).
This log entry depends on a [user-provided value](7).
This log entry depends on a [user-provided value](8).
This log entry depends on a [user-provided value](9).
This log entry"
netty/netty,common/src/main/java/io/netty/util/internal/logging/Slf4JLogger.java,java/log-injection,ERROR,CWE-117,"This log entry depends on a [user-provided value](1).
This log entry depends on a [user-provided value](2).
This log entry depends on a [user-provided value](3).
This log entry depends on a [user-provided value](4).
This log entry depends on a [user-provided value](5).
This log entry depends on a [user-provided value](6).
This log entry depends on a [user-provided value](7).
This log entry depends on a [user-provided value](8).
This log entry depends on a [user-provided value](9).
This log entry"
netty/netty,common/src/main/java/io/netty/util/internal/logging/Slf4JLogger.java,java/log-injection,ERROR,CWE-117,"This log entry depends on a [user-provided value](1).
This log entry depends on a [user-provided value](2).
This log entry depends on a [user-provided value](3).
This log entry depends on a [user-provided value](4).
This log entry depends on a [user-provided value](5).
This log entry depends on a [user-provided value](6).
This log entry depends on a [user-provided value](7).
This log entry depends on a [user-provided value](8).
This log entry depends on a [user-provided value](9).
This log entry"
netty/netty,common/src/main/java/io/netty/util/internal/logging/Slf4JLogger.java,java/log-injection,ERROR,CWE-117,"This log entry depends on a [user-provided value](1).
This log entry depends on a [user-provided value](2).
This log entry depends on a [user-provided value](3).
This log entry depends on a [user-provided value](4).
This log entry depends on a [user-provided value](5).
This log entry depends on a [user-provided value](6).
This log entry depends on a [user-provided value](7)."
netty/netty,common/src/main/java/io/netty/util/internal/logging/Slf4JLogger.java,java/log-injection,ERROR,CWE-117,"This log entry depends on a [user-provided value](1).
This log entry depends on a [user-provided value](2)."
netty/netty,common/src/main/java/io/netty/util/internal/logging/Slf4JLogger.java,java/log-injection,ERROR,CWE-117,"This log entry depends on a [user-provided value](1).
This log entry depends on a [user-provided value](2).
This log entry depends on a [user-provided value](3).
This log entry depends on a [user-provided value](4).
This log entry depends on a [user-provided value](5).
This log entry depends on a [user-provided value](6).
This log entry depends on a [user-provided value](7).
This log entry depends on a [user-provided value](8).
This log entry depends on a [user-provided value](9).
This log entry"
netty/netty,common/src/main/java/io/netty/util/internal/logging/Slf4JLogger.java,java/log-injection,ERROR,CWE-117,"This log entry depends on a [user-provided value](1).
This log entry depends on a [user-provided value](2)."
netty/netty,common/src/main/java/io/netty/util/internal/logging/Slf4JLogger.java,java/log-injection,ERROR,CWE-117,"This log entry depends on a [user-provided value](1).
This log entry depends on a [user-provided value](2).
This log entry depends on a [user-provided value](3).
This log entry depends on a [user-provided value](4).
This log entry depends on a [user-provided value](5).
This log entry depends on a [user-provided value](6).
This log entry depends on a [user-provided value](7).
This log entry depends on a [user-provided value](8).
This log entry depends on a [user-provided value](9).
This log entry"
netty/netty,common/src/main/java/io/netty/util/internal/logging/Slf4JLogger.java,java/log-injection,ERROR,CWE-117,"This log entry depends on a [user-provided value](1).
This log entry depends on a [user-provided value](2).
This log entry depends on a [user-provided value](3).
This log entry depends on a [user-provided value](4).
This log entry depends on a [user-provided value](5).
This log entry depends on a [user-provided value](6).
This log entry depends on a [user-provided value](7).
This log entry depends on a [user-provided value](8).
This log entry depends on a [user-provided value](9).
This log entry"
netty/netty,common/src/main/java/io/netty/util/internal/logging/Slf4JLogger.java,java/log-injection,ERROR,CWE-117,"This log entry depends on a [user-provided value](1).
This log entry depends on a [user-provided value](2).
This log entry depends on a [user-provided value](3).
This log entry depends on a [user-provided value](4).
This log entry depends on a [user-provided value](5).
This log entry depends on a [user-provided value](6).
This log entry depends on a [user-provided value](7).
This log entry depends on a [user-provided value](8).
This log entry depends on a [user-provided value](9).
This log entry"
netty/netty,common/src/main/java/io/netty/util/internal/logging/Slf4JLogger.java,java/log-injection,ERROR,CWE-117,This log entry depends on a [user-provided value](1).
netty/netty,common/src/main/java/io/netty/util/internal/logging/Slf4JLogger.java,java/log-injection,ERROR,CWE-117,"This log entry depends on a [user-provided value](1).
This log entry depends on a [user-provided value](2).
This log entry depends on a [user-provided value](3).
This log entry depends on a [user-provided value](4).
This log entry depends on a [user-provided value](5).
This log entry depends on a [user-provided value](6).
This log entry depends on a [user-provided value](7).
This log entry depends on a [user-provided value](8).
This log entry depends on a [user-provided value](9).
This log entry"
netty/netty,common/src/main/java/io/netty/util/internal/logging/Slf4JLogger.java,java/log-injection,ERROR,CWE-117,"This log entry depends on a [user-provided value](1).
This log entry depends on a [user-provided value](2).
This log entry depends on a [user-provided value](3).
This log entry depends on a [user-provided value](4).
This log entry depends on a [user-provided value](5).
This log entry depends on a [user-provided value](6).
This log entry depends on a [user-provided value](7).
This log entry depends on a [user-provided value](8).
This log entry depends on a [user-provided value](9).
This log entry"
netty/netty,example/src/main/java/io/netty/example/http/upload/HttpUploadServerHandler.java,java/log-injection,ERROR,CWE-117,This log entry depends on a [user-provided value](1).
netty/netty,example/src/main/java/io/netty/example/http/upload/HttpUploadServerHandler.java,java/log-injection,ERROR,CWE-117,This log entry depends on a [user-provided value](1).
netty/netty,buffer/src/main/java/io/netty/buffer/CompositeByteBuf.java,java/improper-validation-of-array-index,WARNING,CWE-129,"This index depends on a [user-provided value](1) which can cause an ArrayIndexOutOfBoundsException.
This index depends on a [user-provided value](2) which can cause an ArrayIndexOutOfBoundsException.
This index depends on a [user-provided value](3) which can cause an ArrayIndexOutOfBoundsException.
This index depends on a [user-provided value](4) which can cause an ArrayIndexOutOfBoundsException.
This index depends on a [user-provided value](5) which can cause an ArrayIndexOutOfBoundsException.
"
netty/netty,buffer/src/main/java/io/netty/buffer/HeapByteBufUtil.java,java/improper-validation-of-array-index,WARNING,CWE-129,"This index depends on a [user-provided value](1) which can cause an ArrayIndexOutOfBoundsException.
This index depends on a [user-provided value](2) which can cause an ArrayIndexOutOfBoundsException.
This index depends on a [user-provided value](3) which can cause an ArrayIndexOutOfBoundsException.
This index depends on a [user-provided value](4) which can cause an ArrayIndexOutOfBoundsException.
This index depends on a [user-provided value](5) which can cause an ArrayIndexOutOfBoundsException.
"
netty/netty,buffer/src/main/java/io/netty/buffer/HeapByteBufUtil.java,java/improper-validation-of-array-index,WARNING,CWE-129,"This index depends on a [user-provided value](1) which can cause an ArrayIndexOutOfBoundsException.
This index depends on a [user-provided value](2) which can cause an ArrayIndexOutOfBoundsException.
This index depends on a [user-provided value](3) which can cause an ArrayIndexOutOfBoundsException.
This index depends on a [user-provided value](4) which can cause an ArrayIndexOutOfBoundsException.
This index depends on a [user-provided value](5) which can cause an ArrayIndexOutOfBoundsException.
"
netty/netty,buffer/src/main/java/io/netty/buffer/HeapByteBufUtil.java,java/improper-validation-of-array-index,WARNING,CWE-129,"This index depends on a [user-provided value](1) which can cause an ArrayIndexOutOfBoundsException.
This index depends on a [user-provided value](2) which can cause an ArrayIndexOutOfBoundsException.
This index depends on a [user-provided value](3) which can cause an ArrayIndexOutOfBoundsException."
netty/netty,buffer/src/main/java/io/netty/buffer/HeapByteBufUtil.java,java/improper-validation-of-array-index,WARNING,CWE-129,"This index depends on a [user-provided value](1) which can cause an ArrayIndexOutOfBoundsException.
This index depends on a [user-provided value](2) which can cause an ArrayIndexOutOfBoundsException.
This index depends on a [user-provided value](3) which can cause an ArrayIndexOutOfBoundsException.
This index depends on a [user-provided value](4) which can cause an ArrayIndexOutOfBoundsException.
This index depends on a [user-provided value](5) which can cause an ArrayIndexOutOfBoundsException."
netty/netty,buffer/src/main/java/io/netty/buffer/HeapByteBufUtil.java,java/improper-validation-of-array-index,WARNING,CWE-129,"This index depends on a [user-provided value](1) which can cause an ArrayIndexOutOfBoundsException.
This index depends on a [user-provided value](2) which can cause an ArrayIndexOutOfBoundsException."
netty/netty,buffer/src/main/java/io/netty/buffer/HeapByteBufUtil.java,java/improper-validation-of-array-index,WARNING,CWE-129,"This index depends on a [user-provided value](1) which can cause an ArrayIndexOutOfBoundsException.
This index depends on a [user-provided value](2) which can cause an ArrayIndexOutOfBoundsException.
This index depends on a [user-provided value](3) which can cause an ArrayIndexOutOfBoundsException.
This index depends on a [user-provided value](4) which can cause an ArrayIndexOutOfBoundsException.
This index depends on a [user-provided value](5) which can cause an ArrayIndexOutOfBoundsException.
"
netty/netty,buffer/src/main/java/io/netty/buffer/HeapByteBufUtil.java,java/improper-validation-of-array-index,WARNING,CWE-129,"This index depends on a [user-provided value](1) which can cause an ArrayIndexOutOfBoundsException.
This index depends on a [user-provided value](2) which can cause an ArrayIndexOutOfBoundsException.
This index depends on a [user-provided value](3) which can cause an ArrayIndexOutOfBoundsException.
This index depends on a [user-provided value](4) which can cause an ArrayIndexOutOfBoundsException."
netty/netty,buffer/src/main/java/io/netty/buffer/HeapByteBufUtil.java,java/improper-validation-of-array-index,WARNING,CWE-129,"This index depends on a [user-provided value](1) which can cause an ArrayIndexOutOfBoundsException.
This index depends on a [user-provided value](2) which can cause an ArrayIndexOutOfBoundsException.
This index depends on a [user-provided value](3) which can cause an ArrayIndexOutOfBoundsException.
This index depends on a [user-provided value](4) which can cause an ArrayIndexOutOfBoundsException.
This index depends on a [user-provided value](5) which can cause an ArrayIndexOutOfBoundsException.
"
netty/netty,buffer/src/main/java/io/netty/buffer/HeapByteBufUtil.java,java/improper-validation-of-array-index,WARNING,CWE-129,"This index depends on a [user-provided value](1) which can cause an ArrayIndexOutOfBoundsException.
This index depends on a [user-provided value](2) which can cause an ArrayIndexOutOfBoundsException.
This index depends on a [user-provided value](3) which can cause an ArrayIndexOutOfBoundsException.
This index depends on a [user-provided value](4) which can cause an ArrayIndexOutOfBoundsException.
This index depends on a [user-provided value](5) which can cause an ArrayIndexOutOfBoundsException.
"
netty/netty,buffer/src/main/java/io/netty/buffer/HeapByteBufUtil.java,java/improper-validation-of-array-index,WARNING,CWE-129,"This index depends on a [user-provided value](1) which can cause an ArrayIndexOutOfBoundsException.
This index depends on a [user-provided value](2) which can cause an ArrayIndexOutOfBoundsException.
This index depends on a [user-provided value](3) which can cause an ArrayIndexOutOfBoundsException.
This index depends on a [user-provided value](4) which can cause an ArrayIndexOutOfBoundsException.
This index depends on a [user-provided value](5) which can cause an ArrayIndexOutOfBoundsException.
"
netty/netty,buffer/src/main/java/io/netty/buffer/HeapByteBufUtil.java,java/improper-validation-of-array-index,WARNING,CWE-129,"This index depends on a [user-provided value](1) which can cause an ArrayIndexOutOfBoundsException.
This index depends on a [user-provided value](2) which can cause an ArrayIndexOutOfBoundsException.
This index depends on a [user-provided value](3) which can cause an ArrayIndexOutOfBoundsException.
This index depends on a [user-provided value](4) which can cause an ArrayIndexOutOfBoundsException.
This index depends on a [user-provided value](5) which can cause an ArrayIndexOutOfBoundsException.
"
netty/netty,buffer/src/main/java/io/netty/buffer/HeapByteBufUtil.java,java/improper-validation-of-array-index,WARNING,CWE-129,"This index depends on a [user-provided value](1) which can cause an ArrayIndexOutOfBoundsException.
This index depends on a [user-provided value](2) which can cause an ArrayIndexOutOfBoundsException.
This index depends on a [user-provided value](3) which can cause an ArrayIndexOutOfBoundsException.
This index depends on a [user-provided value](4) which can cause an ArrayIndexOutOfBoundsException.
This index depends on a [user-provided value](5) which can cause an ArrayIndexOutOfBoundsException.
"
netty/netty,buffer/src/main/java/io/netty/buffer/HeapByteBufUtil.java,java/improper-validation-of-array-index,WARNING,CWE-129,"This index depends on a [user-provided value](1) which can cause an ArrayIndexOutOfBoundsException.
This index depends on a [user-provided value](2) which can cause an ArrayIndexOutOfBoundsException.
This index depends on a [user-provided value](3) which can cause an ArrayIndexOutOfBoundsException.
This index depends on a [user-provided value](4) which can cause an ArrayIndexOutOfBoundsException.
This index depends on a [user-provided value](5) which can cause an ArrayIndexOutOfBoundsException.
"
netty/netty,buffer/src/main/java/io/netty/buffer/HeapByteBufUtil.java,java/improper-validation-of-array-index,WARNING,CWE-129,"This index depends on a [user-provided value](1) which can cause an ArrayIndexOutOfBoundsException.
This index depends on a [user-provided value](2) which can cause an ArrayIndexOutOfBoundsException.
This index depends on a [user-provided value](3) which can cause an ArrayIndexOutOfBoundsException.
This index depends on a [user-provided value](4) which can cause an ArrayIndexOutOfBoundsException.
This index depends on a [user-provided value](5) which can cause an ArrayIndexOutOfBoundsException.
"
netty/netty,buffer/src/main/java/io/netty/buffer/HeapByteBufUtil.java,java/improper-validation-of-array-index,WARNING,CWE-129,"This index depends on a [user-provided value](1) which can cause an ArrayIndexOutOfBoundsException.
This index depends on a [user-provided value](2) which can cause an ArrayIndexOutOfBoundsException.
This index depends on a [user-provided value](3) which can cause an ArrayIndexOutOfBoundsException.
This index depends on a [user-provided value](4) which can cause an ArrayIndexOutOfBoundsException.
This index depends on a [user-provided value](5) which can cause an ArrayIndexOutOfBoundsException.
"
netty/netty,buffer/src/main/java/io/netty/buffer/IntPriorityQueue.java,java/improper-validation-of-array-index,WARNING,CWE-129,"This index depends on a [user-provided value](1) which can cause an ArrayIndexOutOfBoundsException.
This index depends on a [user-provided value](2) which can cause an ArrayIndexOutOfBoundsException.
This index depends on a [user-provided value](3) which can cause an ArrayIndexOutOfBoundsException.
This index depends on a [user-provided value](4) which can cause an ArrayIndexOutOfBoundsException.
This index depends on a [user-provided value](5) which can cause an ArrayIndexOutOfBoundsException.
"
netty/netty,buffer/src/main/java/io/netty/buffer/IntPriorityQueue.java,java/improper-validation-of-array-index,WARNING,CWE-129,"This index depends on a [user-provided value](1) which can cause an ArrayIndexOutOfBoundsException.
This index depends on a [user-provided value](2) which can cause an ArrayIndexOutOfBoundsException.
This index depends on a [user-provided value](3) which can cause an ArrayIndexOutOfBoundsException.
This index depends on a [user-provided value](4) which can cause an ArrayIndexOutOfBoundsException.
This index depends on a [user-provided value](5) which can cause an ArrayIndexOutOfBoundsException.
"
netty/netty,buffer/src/main/java/io/netty/buffer/IntPriorityQueue.java,java/improper-validation-of-array-index,WARNING,CWE-129,"This index depends on a [user-provided value](1) which can cause an ArrayIndexOutOfBoundsException.
This index depends on a [user-provided value](2) which can cause an ArrayIndexOutOfBoundsException.
This index depends on a [user-provided value](3) which can cause an ArrayIndexOutOfBoundsException.
This index depends on a [user-provided value](4) which can cause an ArrayIndexOutOfBoundsException.
This index depends on a [user-provided value](5) which can cause an ArrayIndexOutOfBoundsException.
"
netty/netty,buffer/src/main/java/io/netty/buffer/IntPriorityQueue.java,java/improper-validation-of-array-index,WARNING,CWE-129,"This index depends on a [user-provided value](1) which can cause an ArrayIndexOutOfBoundsException.
This index depends on a [user-provided value](2) which can cause an ArrayIndexOutOfBoundsException.
This index depends on a [user-provided value](3) which can cause an ArrayIndexOutOfBoundsException.
This index depends on a [user-provided value](4) which can cause an ArrayIndexOutOfBoundsException.
This index depends on a [user-provided value](5) which can cause an ArrayIndexOutOfBoundsException.
"
netty/netty,buffer/src/main/java/io/netty/buffer/IntPriorityQueue.java,java/improper-validation-of-array-index,WARNING,CWE-129,"This index depends on a [user-provided value](1) which can cause an ArrayIndexOutOfBoundsException.
This index depends on a [user-provided value](2) which can cause an ArrayIndexOutOfBoundsException.
This index depends on a [user-provided value](3) which can cause an ArrayIndexOutOfBoundsException.
This index depends on a [user-provided value](4) which can cause an ArrayIndexOutOfBoundsException.
This index depends on a [user-provided value](5) which can cause an ArrayIndexOutOfBoundsException.
"
netty/netty,buffer/src/main/java/io/netty/buffer/IntPriorityQueue.java,java/improper-validation-of-array-index,WARNING,CWE-129,"This index depends on a [user-provided value](1) which can cause an ArrayIndexOutOfBoundsException.
This index depends on a [user-provided value](2) which can cause an ArrayIndexOutOfBoundsException.
This index depends on a [user-provided value](3) which can cause an ArrayIndexOutOfBoundsException.
This index depends on a [user-provided value](4) which can cause an ArrayIndexOutOfBoundsException.
This index depends on a [user-provided value](5) which can cause an ArrayIndexOutOfBoundsException.
"
netty/netty,buffer/src/main/java/io/netty/buffer/PoolArena.java,java/improper-validation-of-array-index,WARNING,CWE-129,"This index depends on a [user-provided value](1) which can cause an ArrayIndexOutOfBoundsException.
This index depends on a [user-provided value](2) which can cause an ArrayIndexOutOfBoundsException.
This index depends on a [user-provided value](3) which can cause an ArrayIndexOutOfBoundsException.
This index depends on a [user-provided value](4) which can cause an ArrayIndexOutOfBoundsException.
This index depends on a [user-provided value](5) which can cause an ArrayIndexOutOfBoundsException.
"
netty/netty,buffer/src/main/java/io/netty/buffer/PoolChunk.java,java/improper-validation-of-array-index,WARNING,CWE-129,"This index depends on a [user-provided value](1) which can cause an ArrayIndexOutOfBoundsException.
This index depends on a [user-provided value](2) which can cause an ArrayIndexOutOfBoundsException.
This index depends on a [user-provided value](3) which can cause an ArrayIndexOutOfBoundsException.
This index depends on a [user-provided value](4) which can cause an ArrayIndexOutOfBoundsException.
This index depends on a [user-provided value](5) which can cause an ArrayIndexOutOfBoundsException.
"
netty/netty,buffer/src/main/java/io/netty/buffer/PoolChunk.java,java/improper-validation-of-array-index,WARNING,CWE-129,"This index depends on a [user-provided value](1) which can cause an ArrayIndexOutOfBoundsException.
This index depends on a [user-provided value](2) which can cause an ArrayIndexOutOfBoundsException.
This index depends on a [user-provided value](3) which can cause an ArrayIndexOutOfBoundsException.
This index depends on a [user-provided value](4) which can cause an ArrayIndexOutOfBoundsException.
This index depends on a [user-provided value](5) which can cause an ArrayIndexOutOfBoundsException.
"
netty/netty,buffer/src/main/java/io/netty/buffer/PoolChunk.java,java/improper-validation-of-array-index,WARNING,CWE-129,"This index depends on a [user-provided value](1) which can cause an ArrayIndexOutOfBoundsException.
This index depends on a [user-provided value](2) which can cause an ArrayIndexOutOfBoundsException.
This index depends on a [user-provided value](3) which can cause an ArrayIndexOutOfBoundsException.
This index depends on a [user-provided value](4) which can cause an ArrayIndexOutOfBoundsException.
This index depends on a [user-provided value](5) which can cause an ArrayIndexOutOfBoundsException.
"
netty/netty,buffer/src/main/java/io/netty/buffer/PoolChunk.java,java/improper-validation-of-array-index,WARNING,CWE-129,"This index depends on a [user-provided value](1) which can cause an ArrayIndexOutOfBoundsException.
This index depends on a [user-provided value](2) which can cause an ArrayIndexOutOfBoundsException.
This index depends on a [user-provided value](3) which can cause an ArrayIndexOutOfBoundsException.
This index depends on a [user-provided value](4) which can cause an ArrayIndexOutOfBoundsException.
This index depends on a [user-provided value](5) which can cause an ArrayIndexOutOfBoundsException.
"
netty/netty,buffer/src/main/java/io/netty/buffer/PoolChunk.java,java/improper-validation-of-array-index,WARNING,CWE-129,"This index depends on a [user-provided value](1) which can cause an ArrayIndexOutOfBoundsException.
This index depends on a [user-provided value](2) which can cause an ArrayIndexOutOfBoundsException.
This index depends on a [user-provided value](3) which can cause an ArrayIndexOutOfBoundsException.
This index depends on a [user-provided value](4) which can cause an ArrayIndexOutOfBoundsException.
This index depends on a [user-provided value](5) which can cause an ArrayIndexOutOfBoundsException.
"
netty/netty,buffer/src/main/java/io/netty/buffer/PoolSubpage.java,java/improper-validation-of-array-index,WARNING,CWE-129,"This index depends on a [user-provided value](1) which can cause an ArrayIndexOutOfBoundsException.
This index depends on a [user-provided value](2) which can cause an ArrayIndexOutOfBoundsException.
This index depends on a [user-provided value](3) which can cause an ArrayIndexOutOfBoundsException.
This index depends on a [user-provided value](4) which can cause an ArrayIndexOutOfBoundsException.
This index depends on a [user-provided value](5) which can cause an ArrayIndexOutOfBoundsException.
"
netty/netty,buffer/src/main/java/io/netty/buffer/PoolThreadCache.java,java/improper-validation-of-array-index,WARNING,CWE-129,"This index depends on a [user-provided value](1) which can cause an ArrayIndexOutOfBoundsException.
This index depends on a [user-provided value](2) which can cause an ArrayIndexOutOfBoundsException.
This index depends on a [user-provided value](3) which can cause an ArrayIndexOutOfBoundsException.
This index depends on a [user-provided value](4) which can cause an ArrayIndexOutOfBoundsException.
This index depends on a [user-provided value](5) which can cause an ArrayIndexOutOfBoundsException.
"
netty/netty,buffer/src/main/java/io/netty/buffer/SizeClasses.java,java/improper-validation-of-array-index,WARNING,CWE-129,"This index depends on a [user-provided value](1) which can cause an ArrayIndexOutOfBoundsException.
This index depends on a [user-provided value](2) which can cause an ArrayIndexOutOfBoundsException.
This index depends on a [user-provided value](3) which can cause an ArrayIndexOutOfBoundsException.
This index depends on a [user-provided value](4) which can cause an ArrayIndexOutOfBoundsException.
This index depends on a [user-provided value](5) which can cause an ArrayIndexOutOfBoundsException.
"
netty/netty,codec-base/src/main/java/io/netty/handler/codec/base64/Base64.java,java/improper-validation-of-array-index,WARNING,CWE-129,"This index depends on a [user-provided value](1) which can cause an ArrayIndexOutOfBoundsException.
This index depends on a [user-provided value](2) which can cause an ArrayIndexOutOfBoundsException.
This index depends on a [user-provided value](3) which can cause an ArrayIndexOutOfBoundsException.
This index depends on a [user-provided value](4) which can cause an ArrayIndexOutOfBoundsException.
This index depends on a [user-provided value](5) which can cause an ArrayIndexOutOfBoundsException.
"
netty/netty,codec-base/src/main/java/io/netty/handler/codec/base64/Base64.java,java/improper-validation-of-array-index,WARNING,CWE-129,"This index depends on a [user-provided value](1) which can cause an ArrayIndexOutOfBoundsException.
This index depends on a [user-provided value](2) which can cause an ArrayIndexOutOfBoundsException.
This index depends on a [user-provided value](3) which can cause an ArrayIndexOutOfBoundsException.
This index depends on a [user-provided value](4) which can cause an ArrayIndexOutOfBoundsException.
This index depends on a [user-provided value](5) which can cause an ArrayIndexOutOfBoundsException.
"
netty/netty,codec-base/src/main/java/io/netty/handler/codec/base64/Base64.java,java/improper-validation-of-array-index,WARNING,CWE-129,"This index depends on a [user-provided value](1) which can cause an ArrayIndexOutOfBoundsException.
This index depends on a [user-provided value](2) which can cause an ArrayIndexOutOfBoundsException.
This index depends on a [user-provided value](3) which can cause an ArrayIndexOutOfBoundsException.
This index depends on a [user-provided value](4) which can cause an ArrayIndexOutOfBoundsException.
This index depends on a [user-provided value](5) which can cause an ArrayIndexOutOfBoundsException.
"
netty/netty,codec-base/src/main/java/io/netty/handler/codec/base64/Base64.java,java/improper-validation-of-array-index,WARNING,CWE-129,"This index depends on a [user-provided value](1) which can cause an ArrayIndexOutOfBoundsException.
This index depends on a [user-provided value](2) which can cause an ArrayIndexOutOfBoundsException.
This index depends on a [user-provided value](3) which can cause an ArrayIndexOutOfBoundsException.
This index depends on a [user-provided value](4) which can cause an ArrayIndexOutOfBoundsException.
This index depends on a [user-provided value](5) which can cause an ArrayIndexOutOfBoundsException.
"
netty/netty,codec-base/src/main/java/io/netty/handler/codec/base64/Base64.java,java/improper-validation-of-array-index,WARNING,CWE-129,"This index depends on a [user-provided value](1) which can cause an ArrayIndexOutOfBoundsException.
This index depends on a [user-provided value](2) which can cause an ArrayIndexOutOfBoundsException.
This index depends on a [user-provided value](3) which can cause an ArrayIndexOutOfBoundsException.
This index depends on a [user-provided value](4) which can cause an ArrayIndexOutOfBoundsException.
This index depends on a [user-provided value](5) which can cause an ArrayIndexOutOfBoundsException.
"
netty/netty,codec-base/src/main/java/io/netty/handler/codec/base64/Base64.java,java/improper-validation-of-array-index,WARNING,CWE-129,"This index depends on a [user-provided value](1) which can cause an ArrayIndexOutOfBoundsException.
This index depends on a [user-provided value](2) which can cause an ArrayIndexOutOfBoundsException.
This index depends on a [user-provided value](3) which can cause an ArrayIndexOutOfBoundsException.
This index depends on a [user-provided value](4) which can cause an ArrayIndexOutOfBoundsException.
This index depends on a [user-provided value](5) which can cause an ArrayIndexOutOfBoundsException.
"
netty/netty,codec-base/src/main/java/io/netty/handler/codec/base64/Base64.java,java/improper-validation-of-array-index,WARNING,CWE-129,"This index depends on a [user-provided value](1) which can cause an ArrayIndexOutOfBoundsException.
This index depends on a [user-provided value](2) which can cause an ArrayIndexOutOfBoundsException.
This index depends on a [user-provided value](3) which can cause an ArrayIndexOutOfBoundsException.
This index depends on a [user-provided value](4) which can cause an ArrayIndexOutOfBoundsException.
This index depends on a [user-provided value](5) which can cause an ArrayIndexOutOfBoundsException.
"
netty/netty,codec-base/src/main/java/io/netty/handler/codec/base64/Base64.java,java/improper-validation-of-array-index,WARNING,CWE-129,"This index depends on a [user-provided value](1) which can cause an ArrayIndexOutOfBoundsException.
This index depends on a [user-provided value](2) which can cause an ArrayIndexOutOfBoundsException.
This index depends on a [user-provided value](3) which can cause an ArrayIndexOutOfBoundsException.
This index depends on a [user-provided value](4) which can cause an ArrayIndexOutOfBoundsException.
This index depends on a [user-provided value](5) which can cause an ArrayIndexOutOfBoundsException.
"
netty/netty,codec-base/src/main/java/io/netty/handler/codec/base64/Base64.java,java/improper-validation-of-array-index,WARNING,CWE-129,"This index depends on a [user-provided value](1) which can cause an ArrayIndexOutOfBoundsException.
This index depends on a [user-provided value](2) which can cause an ArrayIndexOutOfBoundsException.
This index depends on a [user-provided value](3) which can cause an ArrayIndexOutOfBoundsException.
This index depends on a [user-provided value](4) which can cause an ArrayIndexOutOfBoundsException.
This index depends on a [user-provided value](5) which can cause an ArrayIndexOutOfBoundsException.
"
netty/netty,codec-base/src/main/java/io/netty/handler/codec/base64/Base64.java,java/improper-validation-of-array-index,WARNING,CWE-129,"This index depends on a [user-provided value](1) which can cause an ArrayIndexOutOfBoundsException.
This index depends on a [user-provided value](2) which can cause an ArrayIndexOutOfBoundsException.
This index depends on a [user-provided value](3) which can cause an ArrayIndexOutOfBoundsException.
This index depends on a [user-provided value](4) which can cause an ArrayIndexOutOfBoundsException.
This index depends on a [user-provided value](5) which can cause an ArrayIndexOutOfBoundsException.
"
netty/netty,codec-base/src/main/java/io/netty/handler/codec/base64/Base64.java,java/improper-validation-of-array-index,WARNING,CWE-129,"This index depends on a [user-provided value](1) which can cause an ArrayIndexOutOfBoundsException.
This index depends on a [user-provided value](2) which can cause an ArrayIndexOutOfBoundsException.
This index depends on a [user-provided value](3) which can cause an ArrayIndexOutOfBoundsException.
This index depends on a [user-provided value](4) which can cause an ArrayIndexOutOfBoundsException.
This index depends on a [user-provided value](5) which can cause an ArrayIndexOutOfBoundsException.
"
netty/netty,codec-base/src/main/java/io/netty/handler/codec/base64/Base64.java,java/improper-validation-of-array-index,WARNING,CWE-129,"This index depends on a [user-provided value](1) which can cause an ArrayIndexOutOfBoundsException.
This index depends on a [user-provided value](2) which can cause an ArrayIndexOutOfBoundsException.
This index depends on a [user-provided value](3) which can cause an ArrayIndexOutOfBoundsException.
This index depends on a [user-provided value](4) which can cause an ArrayIndexOutOfBoundsException.
This index depends on a [user-provided value](5) which can cause an ArrayIndexOutOfBoundsException.
"
netty/netty,codec-base/src/main/java/io/netty/handler/codec/base64/Base64.java,java/improper-validation-of-array-index,WARNING,CWE-129,"This index depends on a [user-provided value](1) which can cause an ArrayIndexOutOfBoundsException.
This index depends on a [user-provided value](2) which can cause an ArrayIndexOutOfBoundsException.
This index depends on a [user-provided value](3) which can cause an ArrayIndexOutOfBoundsException.
This index depends on a [user-provided value](4) which can cause an ArrayIndexOutOfBoundsException.
This index depends on a [user-provided value](5) which can cause an ArrayIndexOutOfBoundsException.
"
netty/netty,codec-base/src/main/java/io/netty/handler/codec/base64/Base64.java,java/improper-validation-of-array-index,WARNING,CWE-129,"This index depends on a [user-provided value](1) which can cause an ArrayIndexOutOfBoundsException.
This index depends on a [user-provided value](2) which can cause an ArrayIndexOutOfBoundsException.
This index depends on a [user-provided value](3) which can cause an ArrayIndexOutOfBoundsException.
This index depends on a [user-provided value](4) which can cause an ArrayIndexOutOfBoundsException.
This index depends on a [user-provided value](5) which can cause an ArrayIndexOutOfBoundsException.
"
netty/netty,codec-base/src/main/java/io/netty/handler/codec/base64/Base64.java,java/improper-validation-of-array-index,WARNING,CWE-129,"This index depends on a [user-provided value](1) which can cause an ArrayIndexOutOfBoundsException.
This index depends on a [user-provided value](2) which can cause an ArrayIndexOutOfBoundsException.
This index depends on a [user-provided value](3) which can cause an ArrayIndexOutOfBoundsException.
This index depends on a [user-provided value](4) which can cause an ArrayIndexOutOfBoundsException.
This index depends on a [user-provided value](5) which can cause an ArrayIndexOutOfBoundsException.
"
netty/netty,codec-base/src/main/java/io/netty/handler/codec/base64/Base64.java,java/improper-validation-of-array-index,WARNING,CWE-129,"This index depends on a [user-provided value](1) which can cause an ArrayIndexOutOfBoundsException.
This index depends on a [user-provided value](2) which can cause an ArrayIndexOutOfBoundsException.
This index depends on a [user-provided value](3) which can cause an ArrayIndexOutOfBoundsException.
This index depends on a [user-provided value](4) which can cause an ArrayIndexOutOfBoundsException.
This index depends on a [user-provided value](5) which can cause an ArrayIndexOutOfBoundsException.
"
netty/netty,common/src/main/java/io/netty/util/internal/InternalThreadLocalMap.java,java/improper-validation-of-array-index,WARNING,CWE-129,"This index depends on a [user-provided value](1) which can cause an ArrayIndexOutOfBoundsException.
This index depends on a [user-provided value](2) which can cause an ArrayIndexOutOfBoundsException.
This index depends on a [user-provided value](3) which can cause an ArrayIndexOutOfBoundsException.
This index depends on a [user-provided value](4) which can cause an ArrayIndexOutOfBoundsException.
This index depends on a [user-provided value](5) which can cause an ArrayIndexOutOfBoundsException.
"
netty/netty,common/src/main/java/io/netty/util/internal/InternalThreadLocalMap.java,java/improper-validation-of-array-index,WARNING,CWE-129,"This index depends on a [user-provided value](1) which can cause an ArrayIndexOutOfBoundsException.
This index depends on a [user-provided value](2) which can cause an ArrayIndexOutOfBoundsException.
This index depends on a [user-provided value](3) which can cause an ArrayIndexOutOfBoundsException.
This index depends on a [user-provided value](4) which can cause an ArrayIndexOutOfBoundsException.
This index depends on a [user-provided value](5) which can cause an ArrayIndexOutOfBoundsException.
"
netty/netty,common/src/main/java/io/netty/util/internal/InternalThreadLocalMap.java,java/improper-validation-of-array-index,WARNING,CWE-129,"This index depends on a [user-provided value](1) which can cause an ArrayIndexOutOfBoundsException.
This index depends on a [user-provided value](2) which can cause an ArrayIndexOutOfBoundsException.
This index depends on a [user-provided value](3) which can cause an ArrayIndexOutOfBoundsException.
This index depends on a [user-provided value](4) which can cause an ArrayIndexOutOfBoundsException.
This index depends on a [user-provided value](5) which can cause an ArrayIndexOutOfBoundsException.
"
netty/netty,common/src/main/java/io/netty/util/internal/InternalThreadLocalMap.java,java/improper-validation-of-array-index,WARNING,CWE-129,"This index depends on a [user-provided value](1) which can cause an ArrayIndexOutOfBoundsException.
This index depends on a [user-provided value](2) which can cause an ArrayIndexOutOfBoundsException.
This index depends on a [user-provided value](3) which can cause an ArrayIndexOutOfBoundsException.
This index depends on a [user-provided value](4) which can cause an ArrayIndexOutOfBoundsException.
This index depends on a [user-provided value](5) which can cause an ArrayIndexOutOfBoundsException.
"
netty/netty,common/src/main/java/io/netty/util/internal/PlatformDependent.java,java/improper-validation-of-array-index,WARNING,CWE-129,"This index depends on a [user-provided value](1) which can cause an ArrayIndexOutOfBoundsException.
This index depends on a [user-provided value](2) which can cause an ArrayIndexOutOfBoundsException.
This index depends on a [user-provided value](3) which can cause an ArrayIndexOutOfBoundsException.
This index depends on a [user-provided value](4) which can cause an ArrayIndexOutOfBoundsException.
This index depends on a [user-provided value](5) which can cause an ArrayIndexOutOfBoundsException.
"
netty/netty,common/src/main/java/io/netty/util/internal/PlatformDependent.java,java/improper-validation-of-array-index,WARNING,CWE-129,"This index depends on a [user-provided value](1) which can cause an ArrayIndexOutOfBoundsException.
This index depends on a [user-provided value](2) which can cause an ArrayIndexOutOfBoundsException.
This index depends on a [user-provided value](3) which can cause an ArrayIndexOutOfBoundsException.
This index depends on a [user-provided value](4) which can cause an ArrayIndexOutOfBoundsException.
This index depends on a [user-provided value](5) which can cause an ArrayIndexOutOfBoundsException.
"
netty/netty,common/src/main/java/io/netty/util/internal/PlatformDependent.java,java/improper-validation-of-array-index,WARNING,CWE-129,"This index depends on a [user-provided value](1) which can cause an ArrayIndexOutOfBoundsException.
This index depends on a [user-provided value](2) which can cause an ArrayIndexOutOfBoundsException.
This index depends on a [user-provided value](3) which can cause an ArrayIndexOutOfBoundsException.
This index depends on a [user-provided value](4) which can cause an ArrayIndexOutOfBoundsException.
This index depends on a [user-provided value](5) which can cause an ArrayIndexOutOfBoundsException.
"
netty/netty,common/src/main/java/io/netty/util/internal/PlatformDependent.java,java/improper-validation-of-array-index,WARNING,CWE-129,"This index depends on a [user-provided value](1) which can cause an ArrayIndexOutOfBoundsException.
This index depends on a [user-provided value](2) which can cause an ArrayIndexOutOfBoundsException.
This index depends on a [user-provided value](3) which can cause an ArrayIndexOutOfBoundsException.
This index depends on a [user-provided value](4) which can cause an ArrayIndexOutOfBoundsException.
This index depends on a [user-provided value](5) which can cause an ArrayIndexOutOfBoundsException.
"
netty/netty,common/src/main/java/io/netty/util/internal/PlatformDependent.java,java/improper-validation-of-array-index,WARNING,CWE-129,"This index depends on a [user-provided value](1) which can cause an ArrayIndexOutOfBoundsException.
This index depends on a [user-provided value](2) which can cause an ArrayIndexOutOfBoundsException.
This index depends on a [user-provided value](3) which can cause an ArrayIndexOutOfBoundsException.
This index depends on a [user-provided value](4) which can cause an ArrayIndexOutOfBoundsException.
This index depends on a [user-provided value](5) which can cause an ArrayIndexOutOfBoundsException.
"
netty/netty,common/src/main/java/io/netty/util/internal/PlatformDependent.java,java/improper-validation-of-array-index,WARNING,CWE-129,"This index depends on a [user-provided value](1) which can cause an ArrayIndexOutOfBoundsException.
This index depends on a [user-provided value](2) which can cause an ArrayIndexOutOfBoundsException.
This index depends on a [user-provided value](3) which can cause an ArrayIndexOutOfBoundsException.
This index depends on a [user-provided value](4) which can cause an ArrayIndexOutOfBoundsException.
This index depends on a [user-provided value](5) which can cause an ArrayIndexOutOfBoundsException.
"
netty/netty,common/src/main/java/io/netty/util/internal/PlatformDependent.java,java/improper-validation-of-array-index,WARNING,CWE-129,"This index depends on a [user-provided value](1) which can cause an ArrayIndexOutOfBoundsException.
This index depends on a [user-provided value](2) which can cause an ArrayIndexOutOfBoundsException.
This index depends on a [user-provided value](3) which can cause an ArrayIndexOutOfBoundsException.
This index depends on a [user-provided value](4) which can cause an ArrayIndexOutOfBoundsException.
This index depends on a [user-provided value](5) which can cause an ArrayIndexOutOfBoundsException.
"
netty/netty,common/src/main/java/io/netty/util/internal/PlatformDependent.java,java/improper-validation-of-array-index,WARNING,CWE-129,"This index depends on a [user-provided value](1) which can cause an ArrayIndexOutOfBoundsException.
This index depends on a [user-provided value](2) which can cause an ArrayIndexOutOfBoundsException.
This index depends on a [user-provided value](3) which can cause an ArrayIndexOutOfBoundsException.
This index depends on a [user-provided value](4) which can cause an ArrayIndexOutOfBoundsException.
This index depends on a [user-provided value](5) which can cause an ArrayIndexOutOfBoundsException.
"
netty/netty,common/src/main/java/io/netty/util/internal/PlatformDependent.java,java/improper-validation-of-array-index,WARNING,CWE-129,"This index depends on a [user-provided value](1) which can cause an ArrayIndexOutOfBoundsException.
This index depends on a [user-provided value](2) which can cause an ArrayIndexOutOfBoundsException.
This index depends on a [user-provided value](3) which can cause an ArrayIndexOutOfBoundsException.
This index depends on a [user-provided value](4) which can cause an ArrayIndexOutOfBoundsException.
This index depends on a [user-provided value](5) which can cause an ArrayIndexOutOfBoundsException.
"
netty/netty,common/src/main/java/io/netty/util/internal/PlatformDependent.java,java/improper-validation-of-array-index,WARNING,CWE-129,"This index depends on a [user-provided value](1) which can cause an ArrayIndexOutOfBoundsException.
This index depends on a [user-provided value](2) which can cause an ArrayIndexOutOfBoundsException.
This index depends on a [user-provided value](3) which can cause an ArrayIndexOutOfBoundsException.
This index depends on a [user-provided value](4) which can cause an ArrayIndexOutOfBoundsException.
This index depends on a [user-provided value](5) which can cause an ArrayIndexOutOfBoundsException.
"
netty/netty,common/src/main/java/io/netty/util/internal/PlatformDependent.java,java/improper-validation-of-array-index,WARNING,CWE-129,"This index depends on a [user-provided value](1) which can cause an ArrayIndexOutOfBoundsException.
This index depends on a [user-provided value](2) which can cause an ArrayIndexOutOfBoundsException.
This index depends on a [user-provided value](3) which can cause an ArrayIndexOutOfBoundsException.
This index depends on a [user-provided value](4) which can cause an ArrayIndexOutOfBoundsException.
This index depends on a [user-provided value](5) which can cause an ArrayIndexOutOfBoundsException.
"
netty/netty,common/src/main/java/io/netty/util/internal/PlatformDependent.java,java/improper-validation-of-array-index,WARNING,CWE-129,"This index depends on a [user-provided value](1) which can cause an ArrayIndexOutOfBoundsException.
This index depends on a [user-provided value](2) which can cause an ArrayIndexOutOfBoundsException.
This index depends on a [user-provided value](3) which can cause an ArrayIndexOutOfBoundsException.
This index depends on a [user-provided value](4) which can cause an ArrayIndexOutOfBoundsException.
This index depends on a [user-provided value](5) which can cause an ArrayIndexOutOfBoundsException.
"
netty/netty,common/src/main/java/io/netty/util/internal/StringUtil.java,java/improper-validation-of-array-index,WARNING,CWE-129,"This index depends on a [user-provided value](1) which can cause an ArrayIndexOutOfBoundsException.
This index depends on a [user-provided value](2) which can cause an ArrayIndexOutOfBoundsException.
This index depends on a [user-provided value](3) which can cause an ArrayIndexOutOfBoundsException.
This index depends on a [user-provided value](4) which can cause an ArrayIndexOutOfBoundsException.
This index depends on a [user-provided value](5) which can cause an ArrayIndexOutOfBoundsException.
"
netty/netty,buffer/src/main/java/io/netty/buffer/AbstractByteBuf.java,java/tainted-arithmetic,WARNING,CWE-190; CWE-191,"This arithmetic expression depends on a [user-provided value](1), potentially causing an underflow.
This arithmetic expression depends on a [user-provided value](2), potentially causing an underflow."
netty/netty,buffer/src/main/java/io/netty/buffer/AbstractByteBuf.java,java/tainted-arithmetic,WARNING,CWE-190; CWE-191,"This arithmetic expression depends on a [user-provided value](1), potentially causing an underflow.
This arithmetic expression depends on a [user-provided value](2), potentially causing an underflow.
This arithmetic expression depends on a [user-provided value](3), potentially causing an underflow.
This arithmetic expression depends on a [user-provided value](4), potentially causing an underflow.
This arithmetic expression depends on a [user-provided value](5), potentially causing an underflow.
"
netty/netty,buffer/src/main/java/io/netty/buffer/AbstractByteBuf.java,java/tainted-arithmetic,WARNING,CWE-190; CWE-191,"This arithmetic expression depends on a [user-provided value](1), potentially causing an underflow.
This arithmetic expression depends on a [user-provided value](2), potentially causing an underflow."
netty/netty,buffer/src/main/java/io/netty/buffer/AbstractByteBuf.java,java/tainted-arithmetic,WARNING,CWE-190; CWE-191,"This arithmetic expression depends on a [user-provided value](1), potentially causing an overflow.
This arithmetic expression depends on a [user-provided value](2), potentially causing an overflow.
This arithmetic expression depends on a [user-provided value](3), potentially causing an overflow.
This arithmetic expression depends on a [user-provided value](4), potentially causing an overflow.
This arithmetic expression depends on a [user-provided value](5), potentially causing an overflow.
This "
netty/netty,buffer/src/main/java/io/netty/buffer/AbstractByteBuf.java,java/tainted-arithmetic,WARNING,CWE-190; CWE-191,"This arithmetic expression depends on a [user-provided value](1), potentially causing an overflow.
This arithmetic expression depends on a [user-provided value](2), potentially causing an overflow.
This arithmetic expression depends on a [user-provided value](3), potentially causing an overflow.
This arithmetic expression depends on a [user-provided value](4), potentially causing an overflow."
netty/netty,buffer/src/main/java/io/netty/buffer/AbstractByteBuf.java,java/tainted-arithmetic,WARNING,CWE-190; CWE-191,"This arithmetic expression depends on a [user-provided value](1), potentially causing an overflow.
This arithmetic expression depends on a [user-provided value](2), potentially causing an overflow.
This arithmetic expression depends on a [user-provided value](3), potentially causing an overflow.
This arithmetic expression depends on a [user-provided value](4), potentially causing an overflow.
This arithmetic expression depends on a [user-provided value](5), potentially causing an overflow.
This "
netty/netty,buffer/src/main/java/io/netty/buffer/AbstractByteBuf.java,java/tainted-arithmetic,WARNING,CWE-190; CWE-191,"This arithmetic expression depends on a [user-provided value](1), potentially causing an overflow."
netty/netty,buffer/src/main/java/io/netty/buffer/AbstractByteBuf.java,java/tainted-arithmetic,WARNING,CWE-190; CWE-191,"This arithmetic expression depends on a [user-provided value](1), potentially causing an overflow.
This arithmetic expression depends on a [user-provided value](2), potentially causing an overflow.
This arithmetic expression depends on a [user-provided value](3), potentially causing an overflow."
netty/netty,buffer/src/main/java/io/netty/buffer/AbstractByteBuf.java,java/tainted-arithmetic,WARNING,CWE-190; CWE-191,"This arithmetic expression depends on a [user-provided value](1), potentially causing an overflow.
This arithmetic expression depends on a [user-provided value](2), potentially causing an overflow.
This arithmetic expression depends on a [user-provided value](3), potentially causing an overflow.
This arithmetic expression depends on a [user-provided value](4), potentially causing an overflow.
This arithmetic expression depends on a [user-provided value](4), potentially causing an overflow.
This "
netty/netty,buffer/src/main/java/io/netty/buffer/AbstractByteBuf.java,java/tainted-arithmetic,WARNING,CWE-190; CWE-191,"This arithmetic expression depends on a [user-provided value](1), potentially causing an overflow.
This arithmetic expression depends on a [user-provided value](2), potentially causing an overflow.
This arithmetic expression depends on a [user-provided value](3), potentially causing an overflow.
This arithmetic expression depends on a [user-provided value](3), potentially causing an overflow.
This arithmetic expression depends on a [user-provided value](4), potentially causing an overflow.
This "
netty/netty,buffer/src/main/java/io/netty/buffer/AbstractUnpooledSlicedByteBuf.java,java/tainted-arithmetic,WARNING,CWE-190; CWE-191,"This arithmetic expression depends on a [user-provided value](1), potentially causing an overflow.
This arithmetic expression depends on a [user-provided value](1), potentially causing an overflow.
This arithmetic expression depends on a [user-provided value](2), potentially causing an overflow.
This arithmetic expression depends on a [user-provided value](2), potentially causing an overflow.
This arithmetic expression depends on a [user-provided value](3), potentially causing an overflow.
This "
netty/netty,buffer/src/main/java/io/netty/buffer/AbstractUnpooledSlicedByteBuf.java,java/tainted-arithmetic,WARNING,CWE-190; CWE-191,"This arithmetic expression depends on a [user-provided value](1), potentially causing an overflow.
This arithmetic expression depends on a [user-provided value](1), potentially causing an overflow.
This arithmetic expression depends on a [user-provided value](2), potentially causing an overflow.
This arithmetic expression depends on a [user-provided value](2), potentially causing an overflow.
This arithmetic expression depends on a [user-provided value](3), potentially causing an overflow.
This "
netty/netty,buffer/src/main/java/io/netty/buffer/AdaptivePoolingAllocator.java,java/tainted-arithmetic,WARNING,CWE-190; CWE-191,"This arithmetic expression depends on a [user-provided value](1), potentially causing an overflow.
This arithmetic expression depends on a [user-provided value](1), potentially causing an overflow.
This arithmetic expression depends on a [user-provided value](2), potentially causing an overflow.
This arithmetic expression depends on a [user-provided value](2), potentially causing an overflow.
This arithmetic expression depends on a [user-provided value](3), potentially causing an overflow.
This "
netty/netty,buffer/src/main/java/io/netty/buffer/AdaptivePoolingAllocator.java,java/tainted-arithmetic,WARNING,CWE-190; CWE-191,"This arithmetic expression depends on a [user-provided value](1), potentially causing an underflow.
This arithmetic expression depends on a [user-provided value](2), potentially causing an underflow.
This arithmetic expression depends on a [user-provided value](3), potentially causing an underflow.
This arithmetic expression depends on a [user-provided value](4), potentially causing an underflow."
netty/netty,buffer/src/main/java/io/netty/buffer/AdaptivePoolingAllocator.java,java/tainted-arithmetic,WARNING,CWE-190; CWE-191,"This arithmetic expression depends on a [user-provided value](1), potentially causing an overflow.
This arithmetic expression depends on a [user-provided value](1), potentially causing an overflow.
This arithmetic expression depends on a [user-provided value](2), potentially causing an overflow.
This arithmetic expression depends on a [user-provided value](3), potentially causing an overflow.
This arithmetic expression depends on a [user-provided value](4), potentially causing an overflow.
This "
netty/netty,buffer/src/main/java/io/netty/buffer/AdaptivePoolingAllocator.java,java/tainted-arithmetic,WARNING,CWE-190; CWE-191,"This arithmetic expression depends on a [user-provided value](1), potentially causing an overflow."
netty/netty,buffer/src/main/java/io/netty/buffer/AdaptivePoolingAllocator.java,java/tainted-arithmetic,WARNING,CWE-190; CWE-191,"This arithmetic expression depends on a [user-provided value](1), potentially causing an overflow.
This arithmetic expression depends on a [user-provided value](2), potentially causing an overflow.
This arithmetic expression depends on a [user-provided value](2), potentially causing an overflow.
This arithmetic expression depends on a [user-provided value](3), potentially causing an overflow.
This arithmetic expression depends on a [user-provided value](3), potentially causing an overflow.
This "
netty/netty,buffer/src/main/java/io/netty/buffer/ByteBuf.java,java/tainted-arithmetic,WARNING,CWE-190; CWE-191,"This arithmetic expression depends on a [user-provided value](1), potentially causing an overflow.
This arithmetic expression depends on a [user-provided value](2), potentially causing an overflow.
This arithmetic expression depends on a [user-provided value](3), potentially causing an overflow.
This arithmetic expression depends on a [user-provided value](4), potentially causing an overflow."
netty/netty,buffer/src/main/java/io/netty/buffer/ByteBufUtil.java,java/tainted-arithmetic,WARNING,CWE-190; CWE-191,"This arithmetic expression depends on a [user-provided value](1), potentially causing an overflow.
This arithmetic expression depends on a [user-provided value](2), potentially causing an overflow."
netty/netty,buffer/src/main/java/io/netty/buffer/ByteBufUtil.java,java/tainted-arithmetic,WARNING,CWE-190; CWE-191,"This arithmetic expression depends on a [user-provided value](1), potentially causing an overflow.
This arithmetic expression depends on a [user-provided value](2), potentially causing an overflow."
netty/netty,buffer/src/main/java/io/netty/buffer/ByteBufUtil.java,java/tainted-arithmetic,WARNING,CWE-190; CWE-191,"This arithmetic expression depends on a [user-provided value](1), potentially causing an overflow.
This arithmetic expression depends on a [user-provided value](2), potentially causing an overflow."
netty/netty,buffer/src/main/java/io/netty/buffer/ByteBufUtil.java,java/tainted-arithmetic,WARNING,CWE-190; CWE-191,"This arithmetic expression depends on a [user-provided value](1), potentially causing an overflow.
This arithmetic expression depends on a [user-provided value](2), potentially causing an overflow."
netty/netty,buffer/src/main/java/io/netty/buffer/ByteBufUtil.java,java/tainted-arithmetic,WARNING,CWE-190; CWE-191,"This arithmetic expression depends on a [user-provided value](1), potentially causing an overflow.
This arithmetic expression depends on a [user-provided value](2), potentially causing an overflow."
netty/netty,buffer/src/main/java/io/netty/buffer/ByteBufUtil.java,java/tainted-arithmetic,WARNING,CWE-190; CWE-191,"This arithmetic expression depends on a [user-provided value](1), potentially causing an overflow.
This arithmetic expression depends on a [user-provided value](2), potentially causing an overflow."
netty/netty,buffer/src/main/java/io/netty/buffer/ByteBufUtil.java,java/tainted-arithmetic,WARNING,CWE-190; CWE-191,"This arithmetic expression depends on a [user-provided value](1), potentially causing an overflow.
This arithmetic expression depends on a [user-provided value](2), potentially causing an overflow.
This arithmetic expression depends on a [user-provided value](3), potentially causing an overflow.
This arithmetic expression depends on a [user-provided value](4), potentially causing an overflow.
This arithmetic expression depends on a [user-provided value](5), potentially causing an overflow.
This "
netty/netty,buffer/src/main/java/io/netty/buffer/ByteBufUtil.java,java/tainted-arithmetic,WARNING,CWE-190; CWE-191,"This arithmetic expression depends on a [user-provided value](1), potentially causing an overflow.
This arithmetic expression depends on a [user-provided value](2), potentially causing an overflow.
This arithmetic expression depends on a [user-provided value](3), potentially causing an overflow.
This arithmetic expression depends on a [user-provided value](4), potentially causing an overflow.
This arithmetic expression depends on a [user-provided value](5), potentially causing an overflow.
This "
netty/netty,buffer/src/main/java/io/netty/buffer/CompositeByteBuf.java,java/tainted-arithmetic,WARNING,CWE-190; CWE-191,"This arithmetic expression depends on a [user-provided value](1), potentially causing an underflow.
This arithmetic expression depends on a [user-provided value](2), potentially causing an underflow.
This arithmetic expression depends on a [user-provided value](3), potentially causing an underflow.
This arithmetic expression depends on a [user-provided value](4), potentially causing an underflow.
This arithmetic expression depends on a [user-provided value](5), potentially causing an underflow.
"
netty/netty,buffer/src/main/java/io/netty/buffer/CompositeByteBuf.java,java/tainted-arithmetic,WARNING,CWE-190; CWE-191,"This arithmetic expression depends on a [user-provided value](1), potentially causing an underflow.
This arithmetic expression depends on a [user-provided value](2), potentially causing an underflow.
This arithmetic expression depends on a [user-provided value](3), potentially causing an underflow.
This arithmetic expression depends on a [user-provided value](4), potentially causing an underflow."
netty/netty,buffer/src/main/java/io/netty/buffer/CompositeByteBuf.java,java/tainted-arithmetic,WARNING,CWE-190; CWE-191,"This arithmetic expression depends on a [user-provided value](1), potentially causing an overflow.
This arithmetic expression depends on a [user-provided value](2), potentially causing an overflow.
This arithmetic expression depends on a [user-provided value](3), potentially causing an overflow.
This arithmetic expression depends on a [user-provided value](4), potentially causing an overflow.
This arithmetic expression depends on a [user-provided value](5), potentially causing an overflow.
This "
netty/netty,buffer/src/main/java/io/netty/buffer/CompositeByteBuf.java,java/tainted-arithmetic,WARNING,CWE-190; CWE-191,"This arithmetic expression depends on a [user-provided value](1), potentially causing an overflow.
This arithmetic expression depends on a [user-provided value](2), potentially causing an overflow.
This arithmetic expression depends on a [user-provided value](3), potentially causing an overflow.
This arithmetic expression depends on a [user-provided value](4), potentially causing an overflow.
This arithmetic expression depends on a [user-provided value](5), potentially causing an overflow.
This "
netty/netty,buffer/src/main/java/io/netty/buffer/CompositeByteBuf.java,java/tainted-arithmetic,WARNING,CWE-190; CWE-191,"This arithmetic expression depends on a [user-provided value](1), potentially causing an overflow.
This arithmetic expression depends on a [user-provided value](2), potentially causing an overflow.
This arithmetic expression depends on a [user-provided value](3), potentially causing an overflow.
This arithmetic expression depends on a [user-provided value](4), potentially causing an overflow.
This arithmetic expression depends on a [user-provided value](5), potentially causing an overflow.
This "
netty/netty,buffer/src/main/java/io/netty/buffer/CompositeByteBuf.java,java/tainted-arithmetic,WARNING,CWE-190; CWE-191,"This arithmetic expression depends on a [user-provided value](1), potentially causing an overflow.
This arithmetic expression depends on a [user-provided value](2), potentially causing an overflow.
This arithmetic expression depends on a [user-provided value](3), potentially causing an overflow."
netty/netty,buffer/src/main/java/io/netty/buffer/CompositeByteBuf.java,java/tainted-arithmetic,WARNING,CWE-190; CWE-191,"This arithmetic expression depends on a [user-provided value](1), potentially causing an overflow.
This arithmetic expression depends on a [user-provided value](2), potentially causing an overflow.
This arithmetic expression depends on a [user-provided value](3), potentially causing an overflow."
netty/netty,buffer/src/main/java/io/netty/buffer/CompositeByteBuf.java,java/tainted-arithmetic,WARNING,CWE-190; CWE-191,"This arithmetic expression depends on a [user-provided value](1), potentially causing an overflow.
This arithmetic expression depends on a [user-provided value](2), potentially causing an overflow.
This arithmetic expression depends on a [user-provided value](3), potentially causing an overflow.
This arithmetic expression depends on a [user-provided value](4), potentially causing an overflow."
netty/netty,buffer/src/main/java/io/netty/buffer/CompositeByteBuf.java,java/tainted-arithmetic,WARNING,CWE-190; CWE-191,"This arithmetic expression depends on a [user-provided value](1), potentially causing an overflow.
This arithmetic expression depends on a [user-provided value](2), potentially causing an overflow.
This arithmetic expression depends on a [user-provided value](3), potentially causing an overflow.
This arithmetic expression depends on a [user-provided value](4), potentially causing an overflow."
netty/netty,buffer/src/main/java/io/netty/buffer/CompositeByteBuf.java,java/tainted-arithmetic,WARNING,CWE-190; CWE-191,"This arithmetic expression depends on a [user-provided value](1), potentially causing an overflow."
netty/netty,buffer/src/main/java/io/netty/buffer/CompositeByteBuf.java,java/tainted-arithmetic,WARNING,CWE-190; CWE-191,"This arithmetic expression depends on a [user-provided value](1), potentially causing an overflow."
netty/netty,buffer/src/main/java/io/netty/buffer/CompositeByteBuf.java,java/tainted-arithmetic,WARNING,CWE-190; CWE-191,"This arithmetic expression depends on a [user-provided value](1), potentially causing an overflow.
This arithmetic expression depends on a [user-provided value](2), potentially causing an overflow.
This arithmetic expression depends on a [user-provided value](3), potentially causing an overflow.
This arithmetic expression depends on a [user-provided value](4), potentially causing an overflow.
This arithmetic expression depends on a [user-provided value](5), potentially causing an overflow.
This "
netty/netty,buffer/src/main/java/io/netty/buffer/CompositeByteBuf.java,java/tainted-arithmetic,WARNING,CWE-190; CWE-191,"This arithmetic expression depends on a [user-provided value](1), potentially causing an overflow.
This arithmetic expression depends on a [user-provided value](2), potentially causing an overflow.
This arithmetic expression depends on a [user-provided value](3), potentially causing an overflow.
This arithmetic expression depends on a [user-provided value](4), potentially causing an overflow.
This arithmetic expression depends on a [user-provided value](5), potentially causing an overflow.
This "
netty/netty,buffer/src/main/java/io/netty/buffer/CompositeByteBuf.java,java/tainted-arithmetic,WARNING,CWE-190; CWE-191,"This arithmetic expression depends on a [user-provided value](1), potentially causing an overflow.
This arithmetic expression depends on a [user-provided value](2), potentially causing an overflow.
This arithmetic expression depends on a [user-provided value](3), potentially causing an overflow."
netty/netty,buffer/src/main/java/io/netty/buffer/CompositeByteBuf.java,java/tainted-arithmetic,WARNING,CWE-190; CWE-191,"This arithmetic expression depends on a [user-provided value](1), potentially causing an overflow.
This arithmetic expression depends on a [user-provided value](2), potentially causing an overflow.
This arithmetic expression depends on a [user-provided value](3), potentially causing an overflow."
netty/netty,buffer/src/main/java/io/netty/buffer/CompositeByteBuf.java,java/tainted-arithmetic,WARNING,CWE-190; CWE-191,"This arithmetic expression depends on a [user-provided value](1), potentially causing an overflow.
This arithmetic expression depends on a [user-provided value](2), potentially causing an overflow.
This arithmetic expression depends on a [user-provided value](3), potentially causing an overflow.
This arithmetic expression depends on a [user-provided value](4), potentially causing an overflow.
This arithmetic expression depends on a [user-provided value](5), potentially causing an overflow.
This "
netty/netty,buffer/src/main/java/io/netty/buffer/CompositeByteBuf.java,java/tainted-arithmetic,WARNING,CWE-190; CWE-191,"This arithmetic expression depends on a [user-provided value](1), potentially causing an overflow.
This arithmetic expression depends on a [user-provided value](2), potentially causing an overflow.
This arithmetic expression depends on a [user-provided value](3), potentially causing an overflow.
This arithmetic expression depends on a [user-provided value](4), potentially causing an overflow.
This arithmetic expression depends on a [user-provided value](5), potentially causing an overflow.
This "
netty/netty,buffer/src/main/java/io/netty/buffer/CompositeByteBuf.java,java/tainted-arithmetic,WARNING,CWE-190; CWE-191,"This arithmetic expression depends on a [user-provided value](1), potentially causing an underflow.
This arithmetic expression depends on a [user-provided value](2), potentially causing an underflow.
This arithmetic expression depends on a [user-provided value](3), potentially causing an underflow.
This arithmetic expression depends on a [user-provided value](4), potentially causing an underflow.
This arithmetic expression depends on a [user-provided value](5), potentially causing an underflow.
"
netty/netty,buffer/src/main/java/io/netty/buffer/CompositeByteBuf.java,java/tainted-arithmetic,WARNING,CWE-190; CWE-191,"This arithmetic expression depends on a [user-provided value](1), potentially causing an underflow."
netty/netty,buffer/src/main/java/io/netty/buffer/CompositeByteBuf.java,java/tainted-arithmetic,WARNING,CWE-190; CWE-191,"This arithmetic expression depends on a [user-provided value](1), potentially causing an underflow.
This arithmetic expression depends on a [user-provided value](2), potentially causing an underflow.
This arithmetic expression depends on a [user-provided value](3), potentially causing an underflow.
This arithmetic expression depends on a [user-provided value](4), potentially causing an underflow.
This arithmetic expression depends on a [user-provided value](5), potentially causing an underflow.
"
netty/netty,buffer/src/main/java/io/netty/buffer/CompositeByteBuf.java,java/tainted-arithmetic,WARNING,CWE-190; CWE-191,"This arithmetic expression depends on a [user-provided value](1), potentially causing an underflow.
This arithmetic expression depends on a [user-provided value](2), potentially causing an underflow.
This arithmetic expression depends on a [user-provided value](3), potentially causing an underflow.
This arithmetic expression depends on a [user-provided value](4), potentially causing an underflow.
This arithmetic expression depends on a [user-provided value](5), potentially causing an underflow.
"
netty/netty,buffer/src/main/java/io/netty/buffer/CompositeByteBuf.java,java/tainted-arithmetic,WARNING,CWE-190; CWE-191,"This arithmetic expression depends on a [user-provided value](1), potentially causing an underflow.
This arithmetic expression depends on a [user-provided value](2), potentially causing an underflow.
This arithmetic expression depends on a [user-provided value](3), potentially causing an underflow.
This arithmetic expression depends on a [user-provided value](4), potentially causing an underflow.
This arithmetic expression depends on a [user-provided value](5), potentially causing an underflow.
"
netty/netty,buffer/src/main/java/io/netty/buffer/CompositeByteBuf.java,java/tainted-arithmetic,WARNING,CWE-190; CWE-191,"This arithmetic expression depends on a [user-provided value](1), potentially causing an underflow.
This arithmetic expression depends on a [user-provided value](2), potentially causing an underflow.
This arithmetic expression depends on a [user-provided value](3), potentially causing an underflow."
netty/netty,buffer/src/main/java/io/netty/buffer/CompositeByteBuf.java,java/tainted-arithmetic,WARNING,CWE-190; CWE-191,"This arithmetic expression depends on a [user-provided value](1), potentially causing an overflow.
This arithmetic expression depends on a [user-provided value](2), potentially causing an overflow.
This arithmetic expression depends on a [user-provided value](3), potentially causing an overflow.
This arithmetic expression depends on a [user-provided value](4), potentially causing an overflow.
This arithmetic expression depends on a [user-provided value](5), potentially causing an overflow.
This "
netty/netty,buffer/src/main/java/io/netty/buffer/CompositeByteBuf.java,java/tainted-arithmetic,WARNING,CWE-190; CWE-191,"This arithmetic expression depends on a [user-provided value](1), potentially causing an underflow.
This arithmetic expression depends on a [user-provided value](2), potentially causing an underflow.
This arithmetic expression depends on a [user-provided value](3), potentially causing an underflow.
This arithmetic expression depends on a [user-provided value](4), potentially causing an underflow.
This arithmetic expression depends on a [user-provided value](5), potentially causing an underflow.
"
netty/netty,buffer/src/main/java/io/netty/buffer/CompositeByteBuf.java,java/tainted-arithmetic,WARNING,CWE-190; CWE-191,"This arithmetic expression depends on a [user-provided value](1), potentially causing an overflow.
This arithmetic expression depends on a [user-provided value](2), potentially causing an overflow.
This arithmetic expression depends on a [user-provided value](3), potentially causing an overflow.
This arithmetic expression depends on a [user-provided value](4), potentially causing an overflow."
netty/netty,buffer/src/main/java/io/netty/buffer/CompositeByteBuf.java,java/tainted-arithmetic,WARNING,CWE-190; CWE-191,"This arithmetic expression depends on a [user-provided value](1), potentially causing an underflow.
This arithmetic expression depends on a [user-provided value](2), potentially causing an underflow.
This arithmetic expression depends on a [user-provided value](3), potentially causing an underflow.
This arithmetic expression depends on a [user-provided value](4), potentially causing an underflow."
netty/netty,buffer/src/main/java/io/netty/buffer/CompositeByteBuf.java,java/tainted-arithmetic,WARNING,CWE-190; CWE-191,"This arithmetic expression depends on a [user-provided value](1), potentially causing an underflow.
This arithmetic expression depends on a [user-provided value](2), potentially causing an underflow."
netty/netty,buffer/src/main/java/io/netty/buffer/CompositeByteBuf.java,java/tainted-arithmetic,WARNING,CWE-190; CWE-191,"This arithmetic expression depends on a [user-provided value](1), potentially causing an underflow.
This arithmetic expression depends on a [user-provided value](2), potentially causing an underflow."
netty/netty,buffer/src/main/java/io/netty/buffer/CompositeByteBuf.java,java/tainted-arithmetic,WARNING,CWE-190; CWE-191,"This arithmetic expression depends on a [user-provided value](1), potentially causing an underflow.
This arithmetic expression depends on a [user-provided value](2), potentially causing an underflow.
This arithmetic expression depends on a [user-provided value](3), potentially causing an underflow.
This arithmetic expression depends on a [user-provided value](4), potentially causing an underflow."
netty/netty,buffer/src/main/java/io/netty/buffer/CompositeByteBuf.java,java/tainted-arithmetic,WARNING,CWE-190; CWE-191,"This arithmetic expression depends on a [user-provided value](1), potentially causing an underflow.
This arithmetic expression depends on a [user-provided value](2), potentially causing an underflow.
This arithmetic expression depends on a [user-provided value](3), potentially causing an underflow.
This arithmetic expression depends on a [user-provided value](4), potentially causing an underflow."
netty/netty,buffer/src/main/java/io/netty/buffer/CompositeByteBuf.java,java/tainted-arithmetic,WARNING,CWE-190; CWE-191,"This arithmetic expression depends on a [user-provided value](1), potentially causing an overflow.
This arithmetic expression depends on a [user-provided value](1), potentially causing an overflow.
This arithmetic expression depends on a [user-provided value](2), potentially causing an overflow.
This arithmetic expression depends on a [user-provided value](2), potentially causing an overflow.
This arithmetic expression depends on a [user-provided value](3), potentially causing an overflow.
This "
netty/netty,buffer/src/main/java/io/netty/buffer/CompositeByteBuf.java,java/tainted-arithmetic,WARNING,CWE-190; CWE-191,"This arithmetic expression depends on a [user-provided value](1), potentially causing an overflow.
This arithmetic expression depends on a [user-provided value](2), potentially causing an overflow.
This arithmetic expression depends on a [user-provided value](2), potentially causing an overflow.
This arithmetic expression depends on a [user-provided value](3), potentially causing an overflow.
This arithmetic expression depends on a [user-provided value](3), potentially causing an overflow.
This "
netty/netty,buffer/src/main/java/io/netty/buffer/CompositeByteBuf.java,java/tainted-arithmetic,WARNING,CWE-190; CWE-191,"This arithmetic expression depends on a [user-provided value](1), potentially causing an underflow.
This arithmetic expression depends on a [user-provided value](2), potentially causing an underflow.
This arithmetic expression depends on a [user-provided value](3), potentially causing an underflow.
This arithmetic expression depends on a [user-provided value](4), potentially causing an underflow.
This arithmetic expression depends on a [user-provided value](5), potentially causing an underflow.
"
netty/netty,buffer/src/main/java/io/netty/buffer/CompositeByteBuf.java,java/tainted-arithmetic,WARNING,CWE-190; CWE-191,"This arithmetic expression depends on a [user-provided value](1), potentially causing an underflow.
This arithmetic expression depends on a [user-provided value](2), potentially causing an underflow.
This arithmetic expression depends on a [user-provided value](3), potentially causing an underflow.
This arithmetic expression depends on a [user-provided value](4), potentially causing an underflow.
This arithmetic expression depends on a [user-provided value](5), potentially causing an underflow.
"
netty/netty,buffer/src/main/java/io/netty/buffer/CompositeByteBuf.java,java/tainted-arithmetic,WARNING,CWE-190; CWE-191,"This arithmetic expression depends on a [user-provided value](1), potentially causing an overflow."
netty/netty,buffer/src/main/java/io/netty/buffer/CompositeByteBuf.java,java/tainted-arithmetic,WARNING,CWE-190; CWE-191,"This arithmetic expression depends on a [user-provided value](1), potentially causing an overflow.
This arithmetic expression depends on a [user-provided value](2), potentially causing an overflow.
This arithmetic expression depends on a [user-provided value](3), potentially causing an overflow.
This arithmetic expression depends on a [user-provided value](4), potentially causing an overflow."
netty/netty,buffer/src/main/java/io/netty/buffer/CompositeByteBuf.java,java/tainted-arithmetic,WARNING,CWE-190; CWE-191,"This arithmetic expression depends on a [user-provided value](1), potentially causing an overflow.
This arithmetic expression depends on a [user-provided value](2), potentially causing an overflow.
This arithmetic expression depends on a [user-provided value](3), potentially causing an overflow.
This arithmetic expression depends on a [user-provided value](4), potentially causing an overflow."
netty/netty,buffer/src/main/java/io/netty/buffer/FixedCompositeByteBuf.java,java/tainted-arithmetic,WARNING,CWE-190; CWE-191,"This arithmetic expression depends on a [user-provided value](1), potentially causing an underflow.
This arithmetic expression depends on a [user-provided value](2), potentially causing an underflow.
This arithmetic expression depends on a [user-provided value](3), potentially causing an underflow.
This arithmetic expression depends on a [user-provided value](4), potentially causing an underflow.
This arithmetic expression depends on a [user-provided value](5), potentially causing an underflow.
"
netty/netty,buffer/src/main/java/io/netty/buffer/FixedCompositeByteBuf.java,java/tainted-arithmetic,WARNING,CWE-190; CWE-191,"This arithmetic expression depends on a [user-provided value](1), potentially causing an underflow.
This arithmetic expression depends on a [user-provided value](2), potentially causing an underflow.
This arithmetic expression depends on a [user-provided value](3), potentially causing an underflow.
This arithmetic expression depends on a [user-provided value](4), potentially causing an underflow.
This arithmetic expression depends on a [user-provided value](5), potentially causing an underflow.
"
netty/netty,buffer/src/main/java/io/netty/buffer/FixedCompositeByteBuf.java,java/tainted-arithmetic,WARNING,CWE-190; CWE-191,"This arithmetic expression depends on a [user-provided value](1), potentially causing an underflow.
This arithmetic expression depends on a [user-provided value](2), potentially causing an underflow.
This arithmetic expression depends on a [user-provided value](3), potentially causing an underflow."
netty/netty,buffer/src/main/java/io/netty/buffer/FixedCompositeByteBuf.java,java/tainted-arithmetic,WARNING,CWE-190; CWE-191,"This arithmetic expression depends on a [user-provided value](1), potentially causing an underflow.
This arithmetic expression depends on a [user-provided value](2), potentially causing an underflow.
This arithmetic expression depends on a [user-provided value](3), potentially causing an underflow.
This arithmetic expression depends on a [user-provided value](4), potentially causing an underflow."
netty/netty,buffer/src/main/java/io/netty/buffer/FixedCompositeByteBuf.java,java/tainted-arithmetic,WARNING,CWE-190; CWE-191,"This arithmetic expression depends on a [user-provided value](1), potentially causing an underflow."
netty/netty,buffer/src/main/java/io/netty/buffer/FixedCompositeByteBuf.java,java/tainted-arithmetic,WARNING,CWE-190; CWE-191,"This arithmetic expression depends on a [user-provided value](1), potentially causing an underflow.
This arithmetic expression depends on a [user-provided value](2), potentially causing an underflow.
This arithmetic expression depends on a [user-provided value](3), potentially causing an underflow.
This arithmetic expression depends on a [user-provided value](4), potentially causing an underflow.
This arithmetic expression depends on a [user-provided value](5), potentially causing an underflow.
"
netty/netty,buffer/src/main/java/io/netty/buffer/FixedCompositeByteBuf.java,java/tainted-arithmetic,WARNING,CWE-190; CWE-191,"This arithmetic expression depends on a [user-provided value](1), potentially causing an underflow.
This arithmetic expression depends on a [user-provided value](2), potentially causing an underflow.
This arithmetic expression depends on a [user-provided value](3), potentially causing an underflow."
netty/netty,buffer/src/main/java/io/netty/buffer/FixedCompositeByteBuf.java,java/tainted-arithmetic,WARNING,CWE-190; CWE-191,"This arithmetic expression depends on a [user-provided value](1), potentially causing an underflow.
This arithmetic expression depends on a [user-provided value](2), potentially causing an underflow.
This arithmetic expression depends on a [user-provided value](3), potentially causing an underflow.
This arithmetic expression depends on a [user-provided value](4), potentially causing an underflow.
This arithmetic expression depends on a [user-provided value](5), potentially causing an underflow.
"
netty/netty,buffer/src/main/java/io/netty/buffer/FixedCompositeByteBuf.java,java/tainted-arithmetic,WARNING,CWE-190; CWE-191,"This arithmetic expression depends on a [user-provided value](1), potentially causing an underflow.
This arithmetic expression depends on a [user-provided value](2), potentially causing an underflow.
This arithmetic expression depends on a [user-provided value](3), potentially causing an underflow.
This arithmetic expression depends on a [user-provided value](4), potentially causing an underflow.
This arithmetic expression depends on a [user-provided value](5), potentially causing an underflow.
"
netty/netty,buffer/src/main/java/io/netty/buffer/FixedCompositeByteBuf.java,java/tainted-arithmetic,WARNING,CWE-190; CWE-191,"This arithmetic expression depends on a [user-provided value](1), potentially causing an underflow.
This arithmetic expression depends on a [user-provided value](2), potentially causing an underflow.
This arithmetic expression depends on a [user-provided value](3), potentially causing an underflow.
This arithmetic expression depends on a [user-provided value](4), potentially causing an underflow.
This arithmetic expression depends on a [user-provided value](5), potentially causing an underflow.
"
netty/netty,buffer/src/main/java/io/netty/buffer/FixedCompositeByteBuf.java,java/tainted-arithmetic,WARNING,CWE-190; CWE-191,"This arithmetic expression depends on a [user-provided value](1), potentially causing an overflow.
This arithmetic expression depends on a [user-provided value](2), potentially causing an overflow.
This arithmetic expression depends on a [user-provided value](3), potentially causing an overflow.
This arithmetic expression depends on a [user-provided value](4), potentially causing an overflow.
This arithmetic expression depends on a [user-provided value](5), potentially causing an overflow.
This "
netty/netty,buffer/src/main/java/io/netty/buffer/FixedCompositeByteBuf.java,java/tainted-arithmetic,WARNING,CWE-190; CWE-191,"This arithmetic expression depends on a [user-provided value](1), potentially causing an underflow."
netty/netty,buffer/src/main/java/io/netty/buffer/FixedCompositeByteBuf.java,java/tainted-arithmetic,WARNING,CWE-190; CWE-191,"This arithmetic expression depends on a [user-provided value](1), potentially causing an underflow."
netty/netty,buffer/src/main/java/io/netty/buffer/FixedCompositeByteBuf.java,java/tainted-arithmetic,WARNING,CWE-190; CWE-191,"This arithmetic expression depends on a [user-provided value](1), potentially causing an overflow."
netty/netty,buffer/src/main/java/io/netty/buffer/FixedCompositeByteBuf.java,java/tainted-arithmetic,WARNING,CWE-190; CWE-191,"This arithmetic expression depends on a [user-provided value](1), potentially causing an underflow.
This arithmetic expression depends on a [user-provided value](2), potentially causing an underflow.
This arithmetic expression depends on a [user-provided value](3), potentially causing an underflow.
This arithmetic expression depends on a [user-provided value](4), potentially causing an underflow.
This arithmetic expression depends on a [user-provided value](5), potentially causing an underflow.
"
netty/netty,buffer/src/main/java/io/netty/buffer/FixedCompositeByteBuf.java,java/tainted-arithmetic,WARNING,CWE-190; CWE-191,"This arithmetic expression depends on a [user-provided value](1), potentially causing an underflow.
This arithmetic expression depends on a [user-provided value](2), potentially causing an underflow.
This arithmetic expression depends on a [user-provided value](3), potentially causing an underflow.
This arithmetic expression depends on a [user-provided value](4), potentially causing an underflow.
This arithmetic expression depends on a [user-provided value](5), potentially causing an underflow.
"
netty/netty,buffer/src/main/java/io/netty/buffer/FixedCompositeByteBuf.java,java/tainted-arithmetic,WARNING,CWE-190; CWE-191,"This arithmetic expression depends on a [user-provided value](1), potentially causing an overflow.
This arithmetic expression depends on a [user-provided value](2), potentially causing an overflow.
This arithmetic expression depends on a [user-provided value](3), potentially causing an overflow.
This arithmetic expression depends on a [user-provided value](4), potentially causing an overflow.
This arithmetic expression depends on a [user-provided value](5), potentially causing an overflow.
This "
netty/netty,buffer/src/main/java/io/netty/buffer/FixedCompositeByteBuf.java,java/tainted-arithmetic,WARNING,CWE-190; CWE-191,"This arithmetic expression depends on a [user-provided value](1), potentially causing an underflow.
This arithmetic expression depends on a [user-provided value](2), potentially causing an underflow.
This arithmetic expression depends on a [user-provided value](3), potentially causing an underflow.
This arithmetic expression depends on a [user-provided value](4), potentially causing an underflow.
This arithmetic expression depends on a [user-provided value](5), potentially causing an underflow.
"
netty/netty,buffer/src/main/java/io/netty/buffer/FixedCompositeByteBuf.java,java/tainted-arithmetic,WARNING,CWE-190; CWE-191,"This arithmetic expression depends on a [user-provided value](1), potentially causing an underflow.
This arithmetic expression depends on a [user-provided value](2), potentially causing an underflow.
This arithmetic expression depends on a [user-provided value](3), potentially causing an underflow.
This arithmetic expression depends on a [user-provided value](4), potentially causing an underflow.
This arithmetic expression depends on a [user-provided value](5), potentially causing an underflow.
"
netty/netty,buffer/src/main/java/io/netty/buffer/FixedCompositeByteBuf.java,java/tainted-arithmetic,WARNING,CWE-190; CWE-191,"This arithmetic expression depends on a [user-provided value](1), potentially causing an underflow.
This arithmetic expression depends on a [user-provided value](2), potentially causing an underflow.
This arithmetic expression depends on a [user-provided value](3), potentially causing an underflow.
This arithmetic expression depends on a [user-provided value](4), potentially causing an underflow.
This arithmetic expression depends on a [user-provided value](5), potentially causing an underflow.
"
netty/netty,buffer/src/main/java/io/netty/buffer/FixedCompositeByteBuf.java,java/tainted-arithmetic,WARNING,CWE-190; CWE-191,"This arithmetic expression depends on a [user-provided value](1), potentially causing an overflow.
This arithmetic expression depends on a [user-provided value](2), potentially causing an overflow.
This arithmetic expression depends on a [user-provided value](3), potentially causing an overflow.
This arithmetic expression depends on a [user-provided value](4), potentially causing an overflow.
This arithmetic expression depends on a [user-provided value](5), potentially causing an overflow.
This "
netty/netty,buffer/src/main/java/io/netty/buffer/HeapByteBufUtil.java,java/tainted-arithmetic,WARNING,CWE-190; CWE-191,"This arithmetic expression depends on a [user-provided value](1), potentially causing an overflow.
This arithmetic expression depends on a [user-provided value](2), potentially causing an overflow.
This arithmetic expression depends on a [user-provided value](3), potentially causing an overflow.
This arithmetic expression depends on a [user-provided value](4), potentially causing an overflow.
This arithmetic expression depends on a [user-provided value](5), potentially causing an overflow.
This "
netty/netty,buffer/src/main/java/io/netty/buffer/HeapByteBufUtil.java,java/tainted-arithmetic,WARNING,CWE-190; CWE-191,"This arithmetic expression depends on a [user-provided value](1), potentially causing an overflow.
This arithmetic expression depends on a [user-provided value](2), potentially causing an overflow."
netty/netty,buffer/src/main/java/io/netty/buffer/HeapByteBufUtil.java,java/tainted-arithmetic,WARNING,CWE-190; CWE-191,"This arithmetic expression depends on a [user-provided value](1), potentially causing an overflow.
This arithmetic expression depends on a [user-provided value](2), potentially causing an overflow.
This arithmetic expression depends on a [user-provided value](3), potentially causing an overflow.
This arithmetic expression depends on a [user-provided value](4), potentially causing an overflow."
netty/netty,buffer/src/main/java/io/netty/buffer/HeapByteBufUtil.java,java/tainted-arithmetic,WARNING,CWE-190; CWE-191,"This arithmetic expression depends on a [user-provided value](1), potentially causing an overflow.
This arithmetic expression depends on a [user-provided value](2), potentially causing an overflow.
This arithmetic expression depends on a [user-provided value](3), potentially causing an overflow.
This arithmetic expression depends on a [user-provided value](4), potentially causing an overflow."
netty/netty,buffer/src/main/java/io/netty/buffer/HeapByteBufUtil.java,java/tainted-arithmetic,WARNING,CWE-190; CWE-191,"This arithmetic expression depends on a [user-provided value](1), potentially causing an overflow."
netty/netty,buffer/src/main/java/io/netty/buffer/HeapByteBufUtil.java,java/tainted-arithmetic,WARNING,CWE-190; CWE-191,"This arithmetic expression depends on a [user-provided value](1), potentially causing an overflow."
netty/netty,buffer/src/main/java/io/netty/buffer/HeapByteBufUtil.java,java/tainted-arithmetic,WARNING,CWE-190; CWE-191,"This arithmetic expression depends on a [user-provided value](1), potentially causing an overflow.
This arithmetic expression depends on a [user-provided value](2), potentially causing an overflow.
This arithmetic expression depends on a [user-provided value](3), potentially causing an overflow.
This arithmetic expression depends on a [user-provided value](4), potentially causing an overflow.
This arithmetic expression depends on a [user-provided value](5), potentially causing an overflow.
This "
netty/netty,buffer/src/main/java/io/netty/buffer/HeapByteBufUtil.java,java/tainted-arithmetic,WARNING,CWE-190; CWE-191,"This arithmetic expression depends on a [user-provided value](1), potentially causing an overflow.
This arithmetic expression depends on a [user-provided value](2), potentially causing an overflow.
This arithmetic expression depends on a [user-provided value](3), potentially causing an overflow.
This arithmetic expression depends on a [user-provided value](4), potentially causing an overflow.
This arithmetic expression depends on a [user-provided value](5), potentially causing an overflow.
This "
netty/netty,buffer/src/main/java/io/netty/buffer/HeapByteBufUtil.java,java/tainted-arithmetic,WARNING,CWE-190; CWE-191,"This arithmetic expression depends on a [user-provided value](1), potentially causing an overflow.
This arithmetic expression depends on a [user-provided value](2), potentially causing an overflow.
This arithmetic expression depends on a [user-provided value](3), potentially causing an overflow.
This arithmetic expression depends on a [user-provided value](4), potentially causing an overflow.
This arithmetic expression depends on a [user-provided value](5), potentially causing an overflow.
This "
netty/netty,buffer/src/main/java/io/netty/buffer/HeapByteBufUtil.java,java/tainted-arithmetic,WARNING,CWE-190; CWE-191,"This arithmetic expression depends on a [user-provided value](1), potentially causing an overflow.
This arithmetic expression depends on a [user-provided value](2), potentially causing an overflow.
This arithmetic expression depends on a [user-provided value](3), potentially causing an overflow."
netty/netty,buffer/src/main/java/io/netty/buffer/HeapByteBufUtil.java,java/tainted-arithmetic,WARNING,CWE-190; CWE-191,"This arithmetic expression depends on a [user-provided value](1), potentially causing an overflow.
This arithmetic expression depends on a [user-provided value](2), potentially causing an overflow.
This arithmetic expression depends on a [user-provided value](3), potentially causing an overflow."
netty/netty,buffer/src/main/java/io/netty/buffer/HeapByteBufUtil.java,java/tainted-arithmetic,WARNING,CWE-190; CWE-191,"This arithmetic expression depends on a [user-provided value](1), potentially causing an overflow.
This arithmetic expression depends on a [user-provided value](2), potentially causing an overflow.
This arithmetic expression depends on a [user-provided value](3), potentially causing an overflow."
netty/netty,buffer/src/main/java/io/netty/buffer/HeapByteBufUtil.java,java/tainted-arithmetic,WARNING,CWE-190; CWE-191,"This arithmetic expression depends on a [user-provided value](1), potentially causing an overflow.
This arithmetic expression depends on a [user-provided value](2), potentially causing an overflow.
This arithmetic expression depends on a [user-provided value](3), potentially causing an overflow.
This arithmetic expression depends on a [user-provided value](4), potentially causing an overflow.
This arithmetic expression depends on a [user-provided value](5), potentially causing an overflow.
This "
netty/netty,buffer/src/main/java/io/netty/buffer/HeapByteBufUtil.java,java/tainted-arithmetic,WARNING,CWE-190; CWE-191,"This arithmetic expression depends on a [user-provided value](1), potentially causing an overflow.
This arithmetic expression depends on a [user-provided value](2), potentially causing an overflow.
This arithmetic expression depends on a [user-provided value](3), potentially causing an overflow.
This arithmetic expression depends on a [user-provided value](4), potentially causing an overflow.
This arithmetic expression depends on a [user-provided value](5), potentially causing an overflow.
This "
netty/netty,buffer/src/main/java/io/netty/buffer/HeapByteBufUtil.java,java/tainted-arithmetic,WARNING,CWE-190; CWE-191,"This arithmetic expression depends on a [user-provided value](1), potentially causing an overflow.
This arithmetic expression depends on a [user-provided value](2), potentially causing an overflow.
This arithmetic expression depends on a [user-provided value](3), potentially causing an overflow.
This arithmetic expression depends on a [user-provided value](4), potentially causing an overflow.
This arithmetic expression depends on a [user-provided value](5), potentially causing an overflow.
This "
netty/netty,buffer/src/main/java/io/netty/buffer/HeapByteBufUtil.java,java/tainted-arithmetic,WARNING,CWE-190; CWE-191,"This arithmetic expression depends on a [user-provided value](1), potentially causing an overflow.
This arithmetic expression depends on a [user-provided value](2), potentially causing an overflow.
This arithmetic expression depends on a [user-provided value](3), potentially causing an overflow.
This arithmetic expression depends on a [user-provided value](4), potentially causing an overflow.
This arithmetic expression depends on a [user-provided value](5), potentially causing an overflow.
This "
netty/netty,buffer/src/main/java/io/netty/buffer/HeapByteBufUtil.java,java/tainted-arithmetic,WARNING,CWE-190; CWE-191,"This arithmetic expression depends on a [user-provided value](1), potentially causing an overflow.
This arithmetic expression depends on a [user-provided value](2), potentially causing an overflow.
This arithmetic expression depends on a [user-provided value](3), potentially causing an overflow.
This arithmetic expression depends on a [user-provided value](4), potentially causing an overflow.
This arithmetic expression depends on a [user-provided value](5), potentially causing an overflow.
This "
netty/netty,buffer/src/main/java/io/netty/buffer/HeapByteBufUtil.java,java/tainted-arithmetic,WARNING,CWE-190; CWE-191,"This arithmetic expression depends on a [user-provided value](1), potentially causing an overflow.
This arithmetic expression depends on a [user-provided value](2), potentially causing an overflow.
This arithmetic expression depends on a [user-provided value](3), potentially causing an overflow.
This arithmetic expression depends on a [user-provided value](4), potentially causing an overflow.
This arithmetic expression depends on a [user-provided value](5), potentially causing an overflow.
This "
netty/netty,buffer/src/main/java/io/netty/buffer/HeapByteBufUtil.java,java/tainted-arithmetic,WARNING,CWE-190; CWE-191,"This arithmetic expression depends on a [user-provided value](1), potentially causing an overflow.
This arithmetic expression depends on a [user-provided value](2), potentially causing an overflow.
This arithmetic expression depends on a [user-provided value](3), potentially causing an overflow.
This arithmetic expression depends on a [user-provided value](4), potentially causing an overflow.
This arithmetic expression depends on a [user-provided value](5), potentially causing an overflow.
This "
netty/netty,buffer/src/main/java/io/netty/buffer/IntPriorityQueue.java,java/tainted-arithmetic,WARNING,CWE-190; CWE-191,"This arithmetic expression depends on a [user-provided value](1), potentially causing an overflow.
This arithmetic expression depends on a [user-provided value](2), potentially causing an overflow.
This arithmetic expression depends on a [user-provided value](3), potentially causing an overflow.
This arithmetic expression depends on a [user-provided value](4), potentially causing an overflow.
This arithmetic expression depends on a [user-provided value](5), potentially causing an overflow.
This "
netty/netty,buffer/src/main/java/io/netty/buffer/IntPriorityQueue.java,java/tainted-arithmetic,WARNING,CWE-190; CWE-191,"This arithmetic expression depends on a [user-provided value](1), potentially causing an underflow.
This arithmetic expression depends on a [user-provided value](2), potentially causing an underflow.
This arithmetic expression depends on a [user-provided value](3), potentially causing an underflow.
This arithmetic expression depends on a [user-provided value](4), potentially causing an underflow."
netty/netty,buffer/src/main/java/io/netty/buffer/PoolArena.java,java/tainted-arithmetic,WARNING,CWE-190; CWE-191,"This arithmetic expression depends on a [user-provided value](1), potentially causing an overflow.
This arithmetic expression depends on a [user-provided value](2), potentially causing an overflow.
This arithmetic expression depends on a [user-provided value](3), potentially causing an overflow.
This arithmetic expression depends on a [user-provided value](4), potentially causing an overflow."
netty/netty,buffer/src/main/java/io/netty/buffer/PoolArena.java,java/tainted-arithmetic,WARNING,CWE-190; CWE-191,"This arithmetic expression depends on a [user-provided value](1), potentially causing an overflow.
This arithmetic expression depends on a [user-provided value](2), potentially causing an overflow.
This arithmetic expression depends on a [user-provided value](3), potentially causing an overflow.
This arithmetic expression depends on a [user-provided value](4), potentially causing an overflow."
netty/netty,buffer/src/main/java/io/netty/buffer/PoolArena.java,java/tainted-arithmetic,WARNING,CWE-190; CWE-191,"This arithmetic expression depends on a [user-provided value](1), potentially causing an overflow.
This arithmetic expression depends on a [user-provided value](2), potentially causing an overflow.
This arithmetic expression depends on a [user-provided value](3), potentially causing an overflow.
This arithmetic expression depends on a [user-provided value](4), potentially causing an overflow.
This arithmetic expression depends on a [user-provided value](5), potentially causing an overflow.
This "
netty/netty,buffer/src/main/java/io/netty/buffer/PoolArena.java,java/tainted-arithmetic,WARNING,CWE-190; CWE-191,"This arithmetic expression depends on a [user-provided value](1), potentially causing an overflow.
This arithmetic expression depends on a [user-provided value](2), potentially causing an overflow.
This arithmetic expression depends on a [user-provided value](3), potentially causing an overflow.
This arithmetic expression depends on a [user-provided value](4), potentially causing an overflow.
This arithmetic expression depends on a [user-provided value](5), potentially causing an overflow.
This "
netty/netty,buffer/src/main/java/io/netty/buffer/PoolArena.java,java/tainted-arithmetic,WARNING,CWE-190; CWE-191,"This arithmetic expression depends on a [user-provided value](1), potentially causing an overflow.
This arithmetic expression depends on a [user-provided value](2), potentially causing an overflow.
This arithmetic expression depends on a [user-provided value](3), potentially causing an overflow.
This arithmetic expression depends on a [user-provided value](4), potentially causing an overflow.
This arithmetic expression depends on a [user-provided value](5), potentially causing an overflow.
This "
netty/netty,buffer/src/main/java/io/netty/buffer/PoolArena.java,java/tainted-arithmetic,WARNING,CWE-190; CWE-191,"This arithmetic expression depends on a [user-provided value](1), potentially causing an overflow.
This arithmetic expression depends on a [user-provided value](2), potentially causing an overflow.
This arithmetic expression depends on a [user-provided value](3), potentially causing an overflow.
This arithmetic expression depends on a [user-provided value](4), potentially causing an overflow."
netty/netty,buffer/src/main/java/io/netty/buffer/PoolArena.java,java/tainted-arithmetic,WARNING,CWE-190; CWE-191,"This arithmetic expression depends on a [user-provided value](1), potentially causing an overflow.
This arithmetic expression depends on a [user-provided value](2), potentially causing an overflow.
This arithmetic expression depends on a [user-provided value](3), potentially causing an overflow.
This arithmetic expression depends on a [user-provided value](4), potentially causing an overflow."
netty/netty,buffer/src/main/java/io/netty/buffer/PoolChunk.java,java/tainted-arithmetic,WARNING,CWE-190; CWE-191,"This arithmetic expression depends on a [user-provided value](1), potentially causing an underflow.
This arithmetic expression depends on a [user-provided value](2), potentially causing an underflow.
This arithmetic expression depends on a [user-provided value](3), potentially causing an underflow.
This arithmetic expression depends on a [user-provided value](4), potentially causing an underflow."
netty/netty,buffer/src/main/java/io/netty/buffer/PoolChunk.java,java/tainted-arithmetic,WARNING,CWE-190; CWE-191,"This arithmetic expression depends on a [user-provided value](1), potentially causing an overflow.
This arithmetic expression depends on a [user-provided value](2), potentially causing an overflow.
This arithmetic expression depends on a [user-provided value](3), potentially causing an overflow.
This arithmetic expression depends on a [user-provided value](4), potentially causing an overflow."
netty/netty,buffer/src/main/java/io/netty/buffer/PoolSubpage.java,java/tainted-arithmetic,WARNING,CWE-190; CWE-191,"This arithmetic expression depends on a [user-provided value](1), potentially causing an underflow.
This arithmetic expression depends on a [user-provided value](2), potentially causing an underflow.
This arithmetic expression depends on a [user-provided value](3), potentially causing an underflow.
This arithmetic expression depends on a [user-provided value](4), potentially causing an underflow."
netty/netty,buffer/src/main/java/io/netty/buffer/PoolSubpage.java,java/tainted-arithmetic,WARNING,CWE-190; CWE-191,"This arithmetic expression depends on a [user-provided value](1), potentially causing an overflow.
This arithmetic expression depends on a [user-provided value](2), potentially causing an overflow.
This arithmetic expression depends on a [user-provided value](3), potentially causing an overflow.
This arithmetic expression depends on a [user-provided value](4), potentially causing an overflow.
This arithmetic expression depends on a [user-provided value](5), potentially causing an overflow.
This "
netty/netty,buffer/src/main/java/io/netty/buffer/PooledByteBuf.java,java/tainted-arithmetic,WARNING,CWE-190; CWE-191,"This arithmetic expression depends on a [user-provided value](1), potentially causing an overflow.
This arithmetic expression depends on a [user-provided value](2), potentially causing an overflow.
This arithmetic expression depends on a [user-provided value](2), potentially causing an overflow.
This arithmetic expression depends on a [user-provided value](3), potentially causing an overflow.
This arithmetic expression depends on a [user-provided value](3), potentially causing an overflow.
This "
netty/netty,buffer/src/main/java/io/netty/buffer/PooledByteBuf.java,java/tainted-arithmetic,WARNING,CWE-190; CWE-191,"This arithmetic expression depends on a [user-provided value](1), potentially causing an overflow.
This arithmetic expression depends on a [user-provided value](2), potentially causing an overflow.
This arithmetic expression depends on a [user-provided value](3), potentially causing an overflow.
This arithmetic expression depends on a [user-provided value](4), potentially causing an overflow.
This arithmetic expression depends on a [user-provided value](5), potentially causing an overflow.
This "
netty/netty,buffer/src/main/java/io/netty/buffer/PooledDirectByteBuf.java,java/tainted-arithmetic,WARNING,CWE-190; CWE-191,"This arithmetic expression depends on a [user-provided value](1), potentially causing an overflow.
This arithmetic expression depends on a [user-provided value](2), potentially causing an overflow.
This arithmetic expression depends on a [user-provided value](3), potentially causing an overflow.
This arithmetic expression depends on a [user-provided value](4), potentially causing an overflow.
This arithmetic expression depends on a [user-provided value](5), potentially causing an overflow."
netty/netty,buffer/src/main/java/io/netty/buffer/PooledDirectByteBuf.java,java/tainted-arithmetic,WARNING,CWE-190; CWE-191,"This arithmetic expression depends on a [user-provided value](1), potentially causing an overflow.
This arithmetic expression depends on a [user-provided value](2), potentially causing an overflow.
This arithmetic expression depends on a [user-provided value](3), potentially causing an overflow.
This arithmetic expression depends on a [user-provided value](4), potentially causing an overflow.
This arithmetic expression depends on a [user-provided value](5), potentially causing an overflow.
This "
netty/netty,buffer/src/main/java/io/netty/buffer/PooledHeapByteBuf.java,java/tainted-arithmetic,WARNING,CWE-190; CWE-191,"This arithmetic expression depends on a [user-provided value](1), potentially causing an overflow.
This arithmetic expression depends on a [user-provided value](2), potentially causing an overflow.
This arithmetic expression depends on a [user-provided value](3), potentially causing an overflow.
This arithmetic expression depends on a [user-provided value](4), potentially causing an overflow.
This arithmetic expression depends on a [user-provided value](5), potentially causing an overflow."
netty/netty,buffer/src/main/java/io/netty/buffer/PooledHeapByteBuf.java,java/tainted-arithmetic,WARNING,CWE-190; CWE-191,"This arithmetic expression depends on a [user-provided value](1), potentially causing an overflow.
This arithmetic expression depends on a [user-provided value](2), potentially causing an overflow.
This arithmetic expression depends on a [user-provided value](3), potentially causing an overflow.
This arithmetic expression depends on a [user-provided value](4), potentially causing an overflow.
This arithmetic expression depends on a [user-provided value](5), potentially causing an overflow.
This "
netty/netty,buffer/src/main/java/io/netty/buffer/PooledSlicedByteBuf.java,java/tainted-arithmetic,WARNING,CWE-190; CWE-191,"This arithmetic expression depends on a [user-provided value](1), potentially causing an overflow.
This arithmetic expression depends on a [user-provided value](1), potentially causing an overflow.
This arithmetic expression depends on a [user-provided value](2), potentially causing an overflow.
This arithmetic expression depends on a [user-provided value](2), potentially causing an overflow.
This arithmetic expression depends on a [user-provided value](3), potentially causing an overflow.
This "
netty/netty,buffer/src/main/java/io/netty/buffer/PooledUnsafeDirectByteBuf.java,java/tainted-arithmetic,WARNING,CWE-190; CWE-191,"This arithmetic expression depends on a [user-provided value](1), potentially causing an overflow.
This arithmetic expression depends on a [user-provided value](2), potentially causing an overflow.
This arithmetic expression depends on a [user-provided value](3), potentially causing an overflow.
This arithmetic expression depends on a [user-provided value](4), potentially causing an overflow.
This arithmetic expression depends on a [user-provided value](5), potentially causing an overflow.
This "
netty/netty,buffer/src/main/java/io/netty/buffer/ReadOnlyByteBufferBuf.java,java/tainted-arithmetic,WARNING,CWE-190; CWE-191,"This arithmetic expression depends on a [user-provided value](1), potentially causing an overflow.
This arithmetic expression depends on a [user-provided value](2), potentially causing an overflow.
This arithmetic expression depends on a [user-provided value](3), potentially causing an overflow.
This arithmetic expression depends on a [user-provided value](4), potentially causing an overflow."
netty/netty,buffer/src/main/java/io/netty/buffer/ReadOnlyByteBufferBuf.java,java/tainted-arithmetic,WARNING,CWE-190; CWE-191,"This arithmetic expression depends on a [user-provided value](1), potentially causing an overflow.
This arithmetic expression depends on a [user-provided value](2), potentially causing an overflow.
This arithmetic expression depends on a [user-provided value](3), potentially causing an overflow.
This arithmetic expression depends on a [user-provided value](4), potentially causing an overflow."
netty/netty,buffer/src/main/java/io/netty/buffer/ReadOnlyByteBufferBuf.java,java/tainted-arithmetic,WARNING,CWE-190; CWE-191,"This arithmetic expression depends on a [user-provided value](1), potentially causing an overflow."
netty/netty,buffer/src/main/java/io/netty/buffer/ReadOnlyByteBufferBuf.java,java/tainted-arithmetic,WARNING,CWE-190; CWE-191,"This arithmetic expression depends on a [user-provided value](1), potentially causing an overflow."
netty/netty,buffer/src/main/java/io/netty/buffer/ReadOnlyByteBufferBuf.java,java/tainted-arithmetic,WARNING,CWE-190; CWE-191,"This arithmetic expression depends on a [user-provided value](1), potentially causing an overflow.
This arithmetic expression depends on a [user-provided value](2), potentially causing an overflow.
This arithmetic expression depends on a [user-provided value](3), potentially causing an overflow.
This arithmetic expression depends on a [user-provided value](4), potentially causing an overflow.
This arithmetic expression depends on a [user-provided value](5), potentially causing an overflow."
netty/netty,buffer/src/main/java/io/netty/buffer/ReadOnlyByteBufferBuf.java,java/tainted-arithmetic,WARNING,CWE-190; CWE-191,"This arithmetic expression depends on a [user-provided value](1), potentially causing an overflow.
This arithmetic expression depends on a [user-provided value](1), potentially causing an overflow.
This arithmetic expression depends on a [user-provided value](2), potentially causing an overflow.
This arithmetic expression depends on a [user-provided value](3), potentially causing an overflow.
This arithmetic expression depends on a [user-provided value](4), potentially causing an overflow.
This "
netty/netty,buffer/src/main/java/io/netty/buffer/ReadOnlyByteBufferBuf.java,java/tainted-arithmetic,WARNING,CWE-190; CWE-191,"This arithmetic expression depends on a [user-provided value](1), potentially causing an overflow.
This arithmetic expression depends on a [user-provided value](2), potentially causing an overflow.
This arithmetic expression depends on a [user-provided value](3), potentially causing an overflow.
This arithmetic expression depends on a [user-provided value](4), potentially causing an overflow.
This arithmetic expression depends on a [user-provided value](5), potentially causing an overflow.
This "
netty/netty,buffer/src/main/java/io/netty/buffer/ReadOnlyByteBufferBuf.java,java/tainted-arithmetic,WARNING,CWE-190; CWE-191,"This arithmetic expression depends on a [user-provided value](1), potentially causing an overflow."
netty/netty,buffer/src/main/java/io/netty/buffer/ReadOnlyByteBufferBuf.java,java/tainted-arithmetic,WARNING,CWE-190; CWE-191,"This arithmetic expression depends on a [user-provided value](1), potentially causing an overflow.
This arithmetic expression depends on a [user-provided value](2), potentially causing an overflow."
netty/netty,buffer/src/main/java/io/netty/buffer/ReadOnlyByteBufferBuf.java,java/tainted-arithmetic,WARNING,CWE-190; CWE-191,"This arithmetic expression depends on a [user-provided value](1), potentially causing an overflow.
This arithmetic expression depends on a [user-provided value](2), potentially causing an overflow."
netty/netty,buffer/src/main/java/io/netty/buffer/ReadOnlyByteBufferBuf.java,java/tainted-arithmetic,WARNING,CWE-190; CWE-191,"This arithmetic expression depends on a [user-provided value](1), potentially causing an overflow.
This arithmetic expression depends on a [user-provided value](1), potentially causing an overflow.
This arithmetic expression depends on a [user-provided value](2), potentially causing an overflow.
This arithmetic expression depends on a [user-provided value](3), potentially causing an overflow.
This arithmetic expression depends on a [user-provided value](4), potentially causing an overflow.
This "
netty/netty,buffer/src/main/java/io/netty/buffer/ReadOnlyByteBufferBuf.java,java/tainted-arithmetic,WARNING,CWE-190; CWE-191,"This arithmetic expression depends on a [user-provided value](1), potentially causing an overflow.
This arithmetic expression depends on a [user-provided value](1), potentially causing an overflow.
This arithmetic expression depends on a [user-provided value](2), potentially causing an overflow.
This arithmetic expression depends on a [user-provided value](3), potentially causing an overflow.
This arithmetic expression depends on a [user-provided value](4), potentially causing an overflow.
This "
netty/netty,buffer/src/main/java/io/netty/buffer/ReadOnlyUnsafeDirectByteBuf.java,java/tainted-arithmetic,WARNING,CWE-190; CWE-191,"This arithmetic expression depends on a [user-provided value](1), potentially causing an overflow.
This arithmetic expression depends on a [user-provided value](2), potentially causing an overflow.
This arithmetic expression depends on a [user-provided value](3), potentially causing an overflow.
This arithmetic expression depends on a [user-provided value](4), potentially causing an overflow.
This arithmetic expression depends on a [user-provided value](5), potentially causing an overflow.
This "
netty/netty,buffer/src/main/java/io/netty/buffer/SizeClasses.java,java/tainted-arithmetic,WARNING,CWE-190; CWE-191,"This arithmetic expression depends on a [user-provided value](1), potentially causing an underflow.
This arithmetic expression depends on a [user-provided value](2), potentially causing an underflow.
This arithmetic expression depends on a [user-provided value](3), potentially causing an underflow.
This arithmetic expression depends on a [user-provided value](4), potentially causing an underflow.
This arithmetic expression depends on a [user-provided value](5), potentially causing an underflow.
"
netty/netty,buffer/src/main/java/io/netty/buffer/SizeClasses.java,java/tainted-arithmetic,WARNING,CWE-190; CWE-191,"This arithmetic expression depends on a [user-provided value](1), potentially causing an overflow.
This arithmetic expression depends on a [user-provided value](2), potentially causing an overflow.
This arithmetic expression depends on a [user-provided value](3), potentially causing an overflow.
This arithmetic expression depends on a [user-provided value](4), potentially causing an overflow.
This arithmetic expression depends on a [user-provided value](5), potentially causing an overflow.
This "
netty/netty,buffer/src/main/java/io/netty/buffer/SizeClasses.java,java/tainted-arithmetic,WARNING,CWE-190; CWE-191,"This arithmetic expression depends on a [user-provided value](1), potentially causing an overflow.
This arithmetic expression depends on a [user-provided value](2), potentially causing an overflow.
This arithmetic expression depends on a [user-provided value](3), potentially causing an overflow.
This arithmetic expression depends on a [user-provided value](4), potentially causing an overflow.
This arithmetic expression depends on a [user-provided value](5), potentially causing an overflow.
This "
netty/netty,buffer/src/main/java/io/netty/buffer/SizeClasses.java,java/tainted-arithmetic,WARNING,CWE-190; CWE-191,"This arithmetic expression depends on a [user-provided value](1), potentially causing an overflow.
This arithmetic expression depends on a [user-provided value](2), potentially causing an overflow.
This arithmetic expression depends on a [user-provided value](3), potentially causing an overflow.
This arithmetic expression depends on a [user-provided value](4), potentially causing an overflow.
This arithmetic expression depends on a [user-provided value](5), potentially causing an overflow.
This "
netty/netty,buffer/src/main/java/io/netty/buffer/SizeClasses.java,java/tainted-arithmetic,WARNING,CWE-190; CWE-191,"This arithmetic expression depends on a [user-provided value](1), potentially causing an overflow.
This arithmetic expression depends on a [user-provided value](2), potentially causing an overflow.
This arithmetic expression depends on a [user-provided value](3), potentially causing an overflow.
This arithmetic expression depends on a [user-provided value](4), potentially causing an overflow.
This arithmetic expression depends on a [user-provided value](5), potentially causing an overflow.
This "
netty/netty,buffer/src/main/java/io/netty/buffer/UnpooledDirectByteBuf.java,java/tainted-arithmetic,WARNING,CWE-190; CWE-191,"This arithmetic expression depends on a [user-provided value](1), potentially causing an overflow.
This arithmetic expression depends on a [user-provided value](2), potentially causing an overflow.
This arithmetic expression depends on a [user-provided value](3), potentially causing an overflow.
This arithmetic expression depends on a [user-provided value](4), potentially causing an overflow."
netty/netty,buffer/src/main/java/io/netty/buffer/UnpooledDirectByteBuf.java,java/tainted-arithmetic,WARNING,CWE-190; CWE-191,"This arithmetic expression depends on a [user-provided value](1), potentially causing an overflow.
This arithmetic expression depends on a [user-provided value](2), potentially causing an overflow.
This arithmetic expression depends on a [user-provided value](3), potentially causing an overflow.
This arithmetic expression depends on a [user-provided value](4), potentially causing an overflow."
netty/netty,buffer/src/main/java/io/netty/buffer/UnpooledDirectByteBuf.java,java/tainted-arithmetic,WARNING,CWE-190; CWE-191,"This arithmetic expression depends on a [user-provided value](1), potentially causing an overflow."
netty/netty,buffer/src/main/java/io/netty/buffer/UnpooledDirectByteBuf.java,java/tainted-arithmetic,WARNING,CWE-190; CWE-191,"This arithmetic expression depends on a [user-provided value](1), potentially causing an overflow."
netty/netty,buffer/src/main/java/io/netty/buffer/UnpooledDirectByteBuf.java,java/tainted-arithmetic,WARNING,CWE-190; CWE-191,"This arithmetic expression depends on a [user-provided value](1), potentially causing an overflow.
This arithmetic expression depends on a [user-provided value](2), potentially causing an overflow.
This arithmetic expression depends on a [user-provided value](3), potentially causing an overflow.
This arithmetic expression depends on a [user-provided value](4), potentially causing an overflow.
This arithmetic expression depends on a [user-provided value](5), potentially causing an overflow."
netty/netty,buffer/src/main/java/io/netty/buffer/UnpooledDirectByteBuf.java,java/tainted-arithmetic,WARNING,CWE-190; CWE-191,"This arithmetic expression depends on a [user-provided value](1), potentially causing an overflow.
This arithmetic expression depends on a [user-provided value](1), potentially causing an overflow.
This arithmetic expression depends on a [user-provided value](2), potentially causing an overflow.
This arithmetic expression depends on a [user-provided value](3), potentially causing an overflow.
This arithmetic expression depends on a [user-provided value](4), potentially causing an overflow.
This "
netty/netty,buffer/src/main/java/io/netty/buffer/UnpooledDirectByteBuf.java,java/tainted-arithmetic,WARNING,CWE-190; CWE-191,"This arithmetic expression depends on a [user-provided value](1), potentially causing an overflow.
This arithmetic expression depends on a [user-provided value](2), potentially causing an overflow.
This arithmetic expression depends on a [user-provided value](3), potentially causing an overflow.
This arithmetic expression depends on a [user-provided value](4), potentially causing an overflow.
This arithmetic expression depends on a [user-provided value](5), potentially causing an overflow.
This "
netty/netty,buffer/src/main/java/io/netty/buffer/UnpooledDirectByteBuf.java,java/tainted-arithmetic,WARNING,CWE-190; CWE-191,"This arithmetic expression depends on a [user-provided value](1), potentially causing an overflow."
netty/netty,buffer/src/main/java/io/netty/buffer/UnpooledDirectByteBuf.java,java/tainted-arithmetic,WARNING,CWE-190; CWE-191,"This arithmetic expression depends on a [user-provided value](1), potentially causing an overflow.
This arithmetic expression depends on a [user-provided value](2), potentially causing an overflow."
netty/netty,buffer/src/main/java/io/netty/buffer/UnpooledDirectByteBuf.java,java/tainted-arithmetic,WARNING,CWE-190; CWE-191,"This arithmetic expression depends on a [user-provided value](1), potentially causing an overflow.
This arithmetic expression depends on a [user-provided value](2), potentially causing an overflow."
netty/netty,buffer/src/main/java/io/netty/buffer/UnpooledDirectByteBuf.java,java/tainted-arithmetic,WARNING,CWE-190; CWE-191,"This arithmetic expression depends on a [user-provided value](1), potentially causing an overflow.
This arithmetic expression depends on a [user-provided value](1), potentially causing an overflow.
This arithmetic expression depends on a [user-provided value](2), potentially causing an overflow.
This arithmetic expression depends on a [user-provided value](3), potentially causing an overflow.
This arithmetic expression depends on a [user-provided value](4), potentially causing an overflow.
This "
netty/netty,buffer/src/main/java/io/netty/buffer/UnpooledHeapByteBuf.java,java/tainted-arithmetic,WARNING,CWE-190; CWE-191,"This arithmetic expression depends on a [user-provided value](1), potentially causing an overflow.
This arithmetic expression depends on a [user-provided value](2), potentially causing an overflow.
This arithmetic expression depends on a [user-provided value](3), potentially causing an overflow.
This arithmetic expression depends on a [user-provided value](4), potentially causing an overflow.
This arithmetic expression depends on a [user-provided value](5), potentially causing an overflow."
netty/netty,buffer/src/main/java/io/netty/buffer/UnpooledHeapByteBuf.java,java/tainted-arithmetic,WARNING,CWE-190; CWE-191,"This arithmetic expression depends on a [user-provided value](1), potentially causing an overflow."
netty/netty,buffer/src/main/java/io/netty/buffer/UnpooledHeapByteBuf.java,java/tainted-arithmetic,WARNING,CWE-190; CWE-191,"This arithmetic expression depends on a [user-provided value](1), potentially causing an overflow.
This arithmetic expression depends on a [user-provided value](2), potentially causing an overflow.
This arithmetic expression depends on a [user-provided value](3), potentially causing an overflow.
This arithmetic expression depends on a [user-provided value](4), potentially causing an overflow.
This arithmetic expression depends on a [user-provided value](5), potentially causing an overflow.
This "
netty/netty,buffer/src/main/java/io/netty/buffer/UnpooledHeapByteBuf.java,java/tainted-arithmetic,WARNING,CWE-190; CWE-191,"This arithmetic expression depends on a [user-provided value](1), potentially causing an overflow.
This arithmetic expression depends on a [user-provided value](1), potentially causing an overflow.
This arithmetic expression depends on a [user-provided value](2), potentially causing an overflow.
This arithmetic expression depends on a [user-provided value](3), potentially causing an overflow.
This arithmetic expression depends on a [user-provided value](4), potentially causing an overflow.
This "
netty/netty,buffer/src/main/java/io/netty/buffer/UnpooledUnsafeDirectByteBuf.java,java/tainted-arithmetic,WARNING,CWE-190; CWE-191,"This arithmetic expression depends on a [user-provided value](1), potentially causing an overflow.
This arithmetic expression depends on a [user-provided value](2), potentially causing an overflow.
This arithmetic expression depends on a [user-provided value](3), potentially causing an overflow.
This arithmetic expression depends on a [user-provided value](4), potentially causing an overflow.
This arithmetic expression depends on a [user-provided value](5), potentially causing an overflow.
This "
netty/netty,buffer/src/main/java/io/netty/buffer/UnsafeByteBufUtil.java,java/tainted-arithmetic,WARNING,CWE-190; CWE-191,"This arithmetic expression depends on a [user-provided value](1), potentially causing an overflow.
This arithmetic expression depends on a [user-provided value](2), potentially causing an overflow.
This arithmetic expression depends on a [user-provided value](3), potentially causing an overflow.
This arithmetic expression depends on a [user-provided value](4), potentially causing an overflow.
This arithmetic expression depends on a [user-provided value](5), potentially causing an overflow.
This "
netty/netty,buffer/src/main/java/io/netty/buffer/UnsafeByteBufUtil.java,java/tainted-arithmetic,WARNING,CWE-190; CWE-191,"This arithmetic expression depends on a [user-provided value](1), potentially causing an overflow.
This arithmetic expression depends on a [user-provided value](2), potentially causing an overflow."
netty/netty,buffer/src/main/java/io/netty/buffer/UnsafeByteBufUtil.java,java/tainted-arithmetic,WARNING,CWE-190; CWE-191,"This arithmetic expression depends on a [user-provided value](1), potentially causing an overflow.
This arithmetic expression depends on a [user-provided value](2), potentially causing an overflow.
This arithmetic expression depends on a [user-provided value](3), potentially causing an overflow.
This arithmetic expression depends on a [user-provided value](4), potentially causing an overflow."
netty/netty,buffer/src/main/java/io/netty/buffer/UnsafeByteBufUtil.java,java/tainted-arithmetic,WARNING,CWE-190; CWE-191,"This arithmetic expression depends on a [user-provided value](1), potentially causing an overflow.
This arithmetic expression depends on a [user-provided value](2), potentially causing an overflow.
This arithmetic expression depends on a [user-provided value](3), potentially causing an overflow.
This arithmetic expression depends on a [user-provided value](4), potentially causing an overflow."
netty/netty,buffer/src/main/java/io/netty/buffer/UnsafeByteBufUtil.java,java/tainted-arithmetic,WARNING,CWE-190; CWE-191,"This arithmetic expression depends on a [user-provided value](1), potentially causing an overflow.
This arithmetic expression depends on a [user-provided value](2), potentially causing an overflow.
This arithmetic expression depends on a [user-provided value](3), potentially causing an overflow.
This arithmetic expression depends on a [user-provided value](4), potentially causing an overflow."
netty/netty,buffer/src/main/java/io/netty/buffer/UnsafeByteBufUtil.java,java/tainted-arithmetic,WARNING,CWE-190; CWE-191,"This arithmetic expression depends on a [user-provided value](1), potentially causing an overflow.
This arithmetic expression depends on a [user-provided value](2), potentially causing an overflow.
This arithmetic expression depends on a [user-provided value](3), potentially causing an overflow.
This arithmetic expression depends on a [user-provided value](4), potentially causing an overflow."
netty/netty,buffer/src/main/java/io/netty/buffer/UnsafeByteBufUtil.java,java/tainted-arithmetic,WARNING,CWE-190; CWE-191,"This arithmetic expression depends on a [user-provided value](1), potentially causing an overflow."
netty/netty,buffer/src/main/java/io/netty/buffer/UnsafeByteBufUtil.java,java/tainted-arithmetic,WARNING,CWE-190; CWE-191,"This arithmetic expression depends on a [user-provided value](1), potentially causing an overflow."
netty/netty,buffer/src/main/java/io/netty/buffer/UnsafeByteBufUtil.java,java/tainted-arithmetic,WARNING,CWE-190; CWE-191,"This arithmetic expression depends on a [user-provided value](1), potentially causing an overflow."
netty/netty,buffer/src/main/java/io/netty/buffer/UnsafeByteBufUtil.java,java/tainted-arithmetic,WARNING,CWE-190; CWE-191,"This arithmetic expression depends on a [user-provided value](1), potentially causing an overflow."
netty/netty,buffer/src/main/java/io/netty/buffer/UnsafeByteBufUtil.java,java/tainted-arithmetic,WARNING,CWE-190; CWE-191,"This arithmetic expression depends on a [user-provided value](1), potentially causing an overflow.
This arithmetic expression depends on a [user-provided value](2), potentially causing an overflow.
This arithmetic expression depends on a [user-provided value](3), potentially causing an overflow.
This arithmetic expression depends on a [user-provided value](4), potentially causing an overflow.
This arithmetic expression depends on a [user-provided value](5), potentially causing an overflow.
This "
netty/netty,buffer/src/main/java/io/netty/buffer/UnsafeByteBufUtil.java,java/tainted-arithmetic,WARNING,CWE-190; CWE-191,"This arithmetic expression depends on a [user-provided value](1), potentially causing an overflow.
This arithmetic expression depends on a [user-provided value](2), potentially causing an overflow.
This arithmetic expression depends on a [user-provided value](3), potentially causing an overflow.
This arithmetic expression depends on a [user-provided value](4), potentially causing an overflow.
This arithmetic expression depends on a [user-provided value](5), potentially causing an overflow.
This "
netty/netty,buffer/src/main/java/io/netty/buffer/UnsafeByteBufUtil.java,java/tainted-arithmetic,WARNING,CWE-190; CWE-191,"This arithmetic expression depends on a [user-provided value](1), potentially causing an overflow.
This arithmetic expression depends on a [user-provided value](2), potentially causing an overflow.
This arithmetic expression depends on a [user-provided value](3), potentially causing an overflow.
This arithmetic expression depends on a [user-provided value](4), potentially causing an overflow.
This arithmetic expression depends on a [user-provided value](5), potentially causing an overflow.
This "
netty/netty,buffer/src/main/java/io/netty/buffer/UnsafeByteBufUtil.java,java/tainted-arithmetic,WARNING,CWE-190; CWE-191,"This arithmetic expression depends on a [user-provided value](1), potentially causing an overflow.
This arithmetic expression depends on a [user-provided value](2), potentially causing an overflow.
This arithmetic expression depends on a [user-provided value](3), potentially causing an overflow."
netty/netty,buffer/src/main/java/io/netty/buffer/UnsafeByteBufUtil.java,java/tainted-arithmetic,WARNING,CWE-190; CWE-191,"This arithmetic expression depends on a [user-provided value](1), potentially causing an overflow.
This arithmetic expression depends on a [user-provided value](2), potentially causing an overflow.
This arithmetic expression depends on a [user-provided value](3), potentially causing an overflow."
netty/netty,buffer/src/main/java/io/netty/buffer/UnsafeByteBufUtil.java,java/tainted-arithmetic,WARNING,CWE-190; CWE-191,"This arithmetic expression depends on a [user-provided value](1), potentially causing an overflow.
This arithmetic expression depends on a [user-provided value](2), potentially causing an overflow.
This arithmetic expression depends on a [user-provided value](3), potentially causing an overflow."
netty/netty,buffer/src/main/java/io/netty/buffer/UnsafeByteBufUtil.java,java/tainted-arithmetic,WARNING,CWE-190; CWE-191,"This arithmetic expression depends on a [user-provided value](1), potentially causing an overflow.
This arithmetic expression depends on a [user-provided value](2), potentially causing an overflow.
This arithmetic expression depends on a [user-provided value](3), potentially causing an overflow.
This arithmetic expression depends on a [user-provided value](4), potentially causing an overflow.
This arithmetic expression depends on a [user-provided value](5), potentially causing an overflow.
This "
netty/netty,buffer/src/main/java/io/netty/buffer/UnsafeByteBufUtil.java,java/tainted-arithmetic,WARNING,CWE-190; CWE-191,"This arithmetic expression depends on a [user-provided value](1), potentially causing an overflow.
This arithmetic expression depends on a [user-provided value](2), potentially causing an overflow.
This arithmetic expression depends on a [user-provided value](3), potentially causing an overflow.
This arithmetic expression depends on a [user-provided value](4), potentially causing an overflow.
This arithmetic expression depends on a [user-provided value](5), potentially causing an overflow.
This "
netty/netty,buffer/src/main/java/io/netty/buffer/UnsafeByteBufUtil.java,java/tainted-arithmetic,WARNING,CWE-190; CWE-191,"This arithmetic expression depends on a [user-provided value](1), potentially causing an overflow.
This arithmetic expression depends on a [user-provided value](2), potentially causing an overflow.
This arithmetic expression depends on a [user-provided value](3), potentially causing an overflow.
This arithmetic expression depends on a [user-provided value](4), potentially causing an overflow.
This arithmetic expression depends on a [user-provided value](5), potentially causing an overflow.
This "
netty/netty,buffer/src/main/java/io/netty/buffer/UnsafeByteBufUtil.java,java/tainted-arithmetic,WARNING,CWE-190; CWE-191,"This arithmetic expression depends on a [user-provided value](1), potentially causing an overflow.
This arithmetic expression depends on a [user-provided value](2), potentially causing an overflow.
This arithmetic expression depends on a [user-provided value](3), potentially causing an overflow.
This arithmetic expression depends on a [user-provided value](4), potentially causing an overflow.
This arithmetic expression depends on a [user-provided value](5), potentially causing an overflow.
This "
netty/netty,buffer/src/main/java/io/netty/buffer/UnsafeByteBufUtil.java,java/tainted-arithmetic,WARNING,CWE-190; CWE-191,"This arithmetic expression depends on a [user-provided value](1), potentially causing an overflow.
This arithmetic expression depends on a [user-provided value](2), potentially causing an overflow.
This arithmetic expression depends on a [user-provided value](3), potentially causing an overflow.
This arithmetic expression depends on a [user-provided value](4), potentially causing an overflow.
This arithmetic expression depends on a [user-provided value](5), potentially causing an overflow.
This "
netty/netty,buffer/src/main/java/io/netty/buffer/UnsafeByteBufUtil.java,java/tainted-arithmetic,WARNING,CWE-190; CWE-191,"This arithmetic expression depends on a [user-provided value](1), potentially causing an overflow.
This arithmetic expression depends on a [user-provided value](2), potentially causing an overflow.
This arithmetic expression depends on a [user-provided value](3), potentially causing an overflow.
This arithmetic expression depends on a [user-provided value](4), potentially causing an overflow.
This arithmetic expression depends on a [user-provided value](5), potentially causing an overflow.
This "
netty/netty,buffer/src/main/java/io/netty/buffer/UnsafeByteBufUtil.java,java/tainted-arithmetic,WARNING,CWE-190; CWE-191,"This arithmetic expression depends on a [user-provided value](1), potentially causing an overflow.
This arithmetic expression depends on a [user-provided value](2), potentially causing an overflow.
This arithmetic expression depends on a [user-provided value](3), potentially causing an overflow.
This arithmetic expression depends on a [user-provided value](4), potentially causing an overflow.
This arithmetic expression depends on a [user-provided value](5), potentially causing an overflow.
This "
netty/netty,buffer/src/main/java/io/netty/buffer/UnsafeByteBufUtil.java,java/tainted-arithmetic,WARNING,CWE-190; CWE-191,"This arithmetic expression depends on a [user-provided value](1), potentially causing an overflow.
This arithmetic expression depends on a [user-provided value](2), potentially causing an overflow.
This arithmetic expression depends on a [user-provided value](3), potentially causing an overflow.
This arithmetic expression depends on a [user-provided value](4), potentially causing an overflow.
This arithmetic expression depends on a [user-provided value](5), potentially causing an overflow."
netty/netty,buffer/src/main/java/io/netty/buffer/UnsafeByteBufUtil.java,java/tainted-arithmetic,WARNING,CWE-190; CWE-191,"This arithmetic expression depends on a [user-provided value](1), potentially causing an overflow.
This arithmetic expression depends on a [user-provided value](2), potentially causing an overflow.
This arithmetic expression depends on a [user-provided value](3), potentially causing an overflow.
This arithmetic expression depends on a [user-provided value](4), potentially causing an overflow.
This arithmetic expression depends on a [user-provided value](5), potentially causing an overflow.
This "
netty/netty,buffer/src/main/java/io/netty/buffer/UnsafeHeapSwappedByteBuf.java,java/tainted-arithmetic,WARNING,CWE-190; CWE-191,"This arithmetic expression depends on a [user-provided value](1), potentially causing an overflow.
This arithmetic expression depends on a [user-provided value](2), potentially causing an overflow.
This arithmetic expression depends on a [user-provided value](3), potentially causing an overflow.
This arithmetic expression depends on a [user-provided value](4), potentially causing an overflow.
This arithmetic expression depends on a [user-provided value](5), potentially causing an overflow.
This "
netty/netty,codec-base/src/main/java/io/netty/handler/codec/LengthFieldBasedFrameDecoder.java,java/tainted-arithmetic,WARNING,CWE-190; CWE-191,"This arithmetic expression depends on a [user-provided value](1), potentially causing an overflow."
netty/netty,codec-base/src/main/java/io/netty/handler/codec/json/JsonObjectDecoder.java,java/tainted-arithmetic,WARNING,CWE-190; CWE-191,"This arithmetic expression depends on a [user-provided value](1), potentially causing an overflow."
netty/netty,codec-compression/src/main/java/io/netty/handler/codec/compression/ByteBufChecksum.java,java/tainted-arithmetic,WARNING,CWE-190; CWE-191,"This arithmetic expression depends on a [user-provided value](1), potentially causing an overflow.
This arithmetic expression depends on a [user-provided value](2), potentially causing an overflow.
This arithmetic expression depends on a [user-provided value](3), potentially causing an overflow.
This arithmetic expression depends on a [user-provided value](4), potentially causing an overflow."
netty/netty,codec-compression/src/main/java/io/netty/handler/codec/compression/ByteBufChecksum.java,java/tainted-arithmetic,WARNING,CWE-190; CWE-191,"This arithmetic expression depends on a [user-provided value](1), potentially causing an overflow.
This arithmetic expression depends on a [user-provided value](2), potentially causing an overflow.
This arithmetic expression depends on a [user-provided value](3), potentially causing an overflow."
netty/netty,codec-compression/src/main/java/io/netty/handler/codec/compression/Crc32c.java,java/tainted-arithmetic,WARNING,CWE-190; CWE-191,"This arithmetic expression depends on a [user-provided value](1), potentially causing an overflow."
netty/netty,codec-compression/src/main/java/io/netty/handler/codec/compression/FastLz.java,java/tainted-arithmetic,WARNING,CWE-190; CWE-191,"This arithmetic expression depends on a [user-provided value](1), potentially causing an overflow."
netty/netty,codec-compression/src/main/java/io/netty/handler/codec/compression/FastLz.java,java/tainted-arithmetic,WARNING,CWE-190; CWE-191,"This arithmetic expression depends on a [user-provided value](1), potentially causing an overflow."
netty/netty,codec-compression/src/main/java/io/netty/handler/codec/compression/FastLz.java,java/tainted-arithmetic,WARNING,CWE-190; CWE-191,"This arithmetic expression depends on a [user-provided value](1), potentially causing an overflow."
netty/netty,codec-compression/src/main/java/io/netty/handler/codec/compression/FastLz.java,java/tainted-arithmetic,WARNING,CWE-190; CWE-191,"This arithmetic expression depends on a [user-provided value](1), potentially causing an overflow."
netty/netty,codec-compression/src/main/java/io/netty/handler/codec/compression/FastLz.java,java/tainted-arithmetic,WARNING,CWE-190; CWE-191,"This arithmetic expression depends on a [user-provided value](1), potentially causing an overflow."
netty/netty,codec-compression/src/main/java/io/netty/handler/codec/compression/FastLz.java,java/tainted-arithmetic,WARNING,CWE-190; CWE-191,"This arithmetic expression depends on a [user-provided value](1), potentially causing an overflow."
netty/netty,codec-compression/src/main/java/io/netty/handler/codec/compression/FastLz.java,java/tainted-arithmetic,WARNING,CWE-190; CWE-191,"This arithmetic expression depends on a [user-provided value](1), potentially causing an overflow."
netty/netty,codec-compression/src/main/java/io/netty/handler/codec/compression/FastLz.java,java/tainted-arithmetic,WARNING,CWE-190; CWE-191,"This arithmetic expression depends on a [user-provided value](1), potentially causing an overflow."
netty/netty,codec-compression/src/main/java/io/netty/handler/codec/compression/FastLz.java,java/tainted-arithmetic,WARNING,CWE-190; CWE-191,"This arithmetic expression depends on a [user-provided value](1), potentially causing an overflow."
netty/netty,codec-compression/src/main/java/io/netty/handler/codec/compression/FastLz.java,java/tainted-arithmetic,WARNING,CWE-190; CWE-191,"This arithmetic expression depends on a [user-provided value](1), potentially causing an overflow."
netty/netty,codec-compression/src/main/java/io/netty/handler/codec/compression/FastLz.java,java/tainted-arithmetic,WARNING,CWE-190; CWE-191,"This arithmetic expression depends on a [user-provided value](1), potentially causing an overflow."
netty/netty,codec-compression/src/main/java/io/netty/handler/codec/compression/Lz4XXHash32.java,java/tainted-arithmetic,WARNING,CWE-190; CWE-191,"This arithmetic expression depends on a [user-provided value](1), potentially causing an overflow.
This arithmetic expression depends on a [user-provided value](2), potentially causing an overflow.
This arithmetic expression depends on a [user-provided value](3), potentially causing an overflow."
netty/netty,codec-compression/src/main/java/io/netty/handler/codec/compression/LzfDecoder.java,java/tainted-arithmetic,WARNING,CWE-190; CWE-191,"This arithmetic expression depends on a [user-provided value](1), potentially causing an overflow."
netty/netty,codec-compression/src/main/java/io/netty/handler/codec/compression/Snappy.java,java/tainted-arithmetic,WARNING,CWE-190; CWE-191,"This arithmetic expression depends on a [user-provided value](1), potentially causing an underflow."
netty/netty,codec-compression/src/main/java/io/netty/handler/codec/compression/Snappy.java,java/tainted-arithmetic,WARNING,CWE-190; CWE-191,"This arithmetic expression depends on a [user-provided value](1), potentially causing an underflow."
netty/netty,codec-compression/src/main/java/io/netty/handler/codec/compression/Snappy.java,java/tainted-arithmetic,WARNING,CWE-190; CWE-191,"This arithmetic expression depends on a [user-provided value](1), potentially causing an underflow."
netty/netty,codec-compression/src/main/java/io/netty/handler/codec/compression/Snappy.java,java/tainted-arithmetic,WARNING,CWE-190; CWE-191,"This arithmetic expression depends on a [user-provided value](1), potentially causing an underflow."
netty/netty,codec-compression/src/main/java/io/netty/handler/codec/compression/Snappy.java,java/tainted-arithmetic,WARNING,CWE-190; CWE-191,"This arithmetic expression depends on a [user-provided value](1), potentially causing an underflow."
netty/netty,codec-compression/src/main/java/io/netty/handler/codec/compression/Snappy.java,java/tainted-arithmetic,WARNING,CWE-190; CWE-191,"This arithmetic expression depends on a [user-provided value](1), potentially causing an underflow."
netty/netty,codec-compression/src/main/java/io/netty/handler/codec/compression/Snappy.java,java/tainted-arithmetic,WARNING,CWE-190; CWE-191,"This arithmetic expression depends on a [user-provided value](1), potentially causing an underflow."
netty/netty,codec-compression/src/main/java/io/netty/handler/codec/compression/Snappy.java,java/tainted-arithmetic,WARNING,CWE-190; CWE-191,"This arithmetic expression depends on a [user-provided value](1), potentially causing an underflow."
netty/netty,codec-compression/src/main/java/io/netty/handler/codec/compression/Snappy.java,java/tainted-arithmetic,WARNING,CWE-190; CWE-191,"This arithmetic expression depends on a [user-provided value](1), potentially causing an underflow."
netty/netty,codec-compression/src/main/java/io/netty/handler/codec/compression/SnappyFrameDecoder.java,java/tainted-arithmetic,WARNING,CWE-190; CWE-191,"This arithmetic expression depends on a [user-provided value](1), potentially causing an overflow."
netty/netty,codec-compression/src/main/java/io/netty/handler/codec/compression/SnappyFrameDecoder.java,java/tainted-arithmetic,WARNING,CWE-190; CWE-191,"This arithmetic expression depends on a [user-provided value](1), potentially causing an overflow."
netty/netty,codec-dns/src/main/java/io/netty/handler/codec/dns/DefaultDnsRecordDecoder.java,java/tainted-arithmetic,WARNING,CWE-190; CWE-191,"This arithmetic expression depends on a [user-provided value](1), potentially causing an overflow."
netty/netty,codec-dns/src/main/java/io/netty/handler/codec/dns/DefaultDnsRecordDecoder.java,java/tainted-arithmetic,WARNING,CWE-190; CWE-191,"This arithmetic expression depends on a [user-provided value](1), potentially causing an overflow."
netty/netty,codec-dns/src/main/java/io/netty/handler/codec/dns/DefaultDnsRecordDecoder.java,java/tainted-arithmetic,WARNING,CWE-190; CWE-191,"This arithmetic expression depends on a [user-provided value](1), potentially causing an overflow."
netty/netty,codec-dns/src/main/java/io/netty/handler/codec/dns/DefaultDnsRecordDecoder.java,java/tainted-arithmetic,WARNING,CWE-190; CWE-191,"This arithmetic expression depends on a [user-provided value](1), potentially causing an overflow."
netty/netty,codec-dns/src/main/java/io/netty/handler/codec/dns/DefaultDnsRecordDecoder.java,java/tainted-arithmetic,WARNING,CWE-190; CWE-191,"This arithmetic expression depends on a [user-provided value](1), potentially causing an overflow."
netty/netty,codec-dns/src/main/java/io/netty/handler/codec/dns/DefaultDnsRecordDecoder.java,java/tainted-arithmetic,WARNING,CWE-190; CWE-191,"This arithmetic expression depends on a [user-provided value](1), potentially causing an overflow."
netty/netty,codec-haproxy/src/main/java/io/netty/handler/codec/haproxy/HAProxyMessage.java,java/tainted-arithmetic,WARNING,CWE-190; CWE-191,"This arithmetic expression depends on a [user-provided value](1), potentially causing an overflow."
netty/netty,codec-haproxy/src/main/java/io/netty/handler/codec/haproxy/HAProxyMessageDecoder.java,java/tainted-arithmetic,WARNING,CWE-190; CWE-191,"This arithmetic expression depends on a [user-provided value](1), potentially causing an overflow."
netty/netty,codec-haproxy/src/main/java/io/netty/handler/codec/haproxy/HAProxyMessageDecoder.java,java/tainted-arithmetic,WARNING,CWE-190; CWE-191,"This arithmetic expression depends on a [user-provided value](1), potentially causing an overflow."
netty/netty,codec-http/src/main/java/io/netty/handler/codec/http/HttpObjectDecoder.java,java/tainted-arithmetic,WARNING,CWE-190; CWE-191,"This arithmetic expression depends on a [user-provided value](1), potentially causing an overflow."
netty/netty,codec-http/src/main/java/io/netty/handler/codec/http/HttpObjectDecoder.java,java/tainted-arithmetic,WARNING,CWE-190; CWE-191,"This arithmetic expression depends on a [user-provided value](1), potentially causing an overflow."
netty/netty,codec-http/src/main/java/io/netty/handler/codec/http/HttpObjectDecoder.java,java/tainted-arithmetic,WARNING,CWE-190; CWE-191,"This arithmetic expression depends on a [user-provided value](1), potentially causing an overflow."
netty/netty,codec-http/src/main/java/io/netty/handler/codec/http/multipart/AbstractDiskHttpData.java,java/tainted-arithmetic,WARNING,CWE-190; CWE-191,"This arithmetic expression depends on a [user-provided value](1), potentially causing an overflow."
netty/netty,codec-http/src/main/java/io/netty/handler/codec/http/multipart/AbstractDiskHttpData.java,java/tainted-arithmetic,WARNING,CWE-190; CWE-191,"This arithmetic expression depends on a [user-provided value](1), potentially causing an overflow."
netty/netty,codec-http/src/main/java/io/netty/handler/codec/http/multipart/AbstractMemoryHttpData.java,java/tainted-arithmetic,WARNING,CWE-190; CWE-191,"This arithmetic expression depends on a [user-provided value](1), potentially causing an overflow."
netty/netty,codec-http/src/main/java/io/netty/handler/codec/http/multipart/AbstractMemoryHttpData.java,java/tainted-arithmetic,WARNING,CWE-190; CWE-191,"This arithmetic expression depends on a [user-provided value](1), potentially causing an overflow."
netty/netty,codec-http/src/main/java/io/netty/handler/codec/http/multipart/DiskAttribute.java,java/tainted-arithmetic,WARNING,CWE-190; CWE-191,"This arithmetic expression depends on a [user-provided value](1), potentially causing an overflow."
netty/netty,codec-http/src/main/java/io/netty/handler/codec/http/multipart/HttpPostBodyUtil.java,java/tainted-arithmetic,WARNING,CWE-190; CWE-191,"This arithmetic expression depends on a [user-provided value](1), potentially causing an overflow."
netty/netty,codec-http/src/main/java/io/netty/handler/codec/http/multipart/HttpPostBodyUtil.java,java/tainted-arithmetic,WARNING,CWE-190; CWE-191,"This arithmetic expression depends on a [user-provided value](1), potentially causing an overflow."
netty/netty,codec-http/src/main/java/io/netty/handler/codec/http/multipart/HttpPostBodyUtil.java,java/tainted-arithmetic,WARNING,CWE-190; CWE-191,"This arithmetic expression depends on a [user-provided value](1), potentially causing an underflow."
netty/netty,codec-http/src/main/java/io/netty/handler/codec/http/multipart/HttpPostBodyUtil.java,java/tainted-arithmetic,WARNING,CWE-190; CWE-191,"This arithmetic expression depends on a [user-provided value](1), potentially causing an overflow."
netty/netty,codec-http/src/main/java/io/netty/handler/codec/http/multipart/HttpPostBodyUtil.java,java/tainted-arithmetic,WARNING,CWE-190; CWE-191,"This arithmetic expression depends on a [user-provided value](1), potentially causing an underflow."
netty/netty,codec-http/src/main/java/io/netty/handler/codec/http/multipart/HttpPostMultipartRequestDecoder.java,java/tainted-arithmetic,WARNING,CWE-190; CWE-191,"This arithmetic expression depends on a [user-provided value](1), potentially causing an overflow."
netty/netty,codec-http/src/main/java/io/netty/handler/codec/http/multipart/HttpPostMultipartRequestDecoder.java,java/tainted-arithmetic,WARNING,CWE-190; CWE-191,"This arithmetic expression depends on a [user-provided value](1), potentially causing an overflow."
netty/netty,codec-http/src/main/java/io/netty/handler/codec/http/multipart/HttpPostMultipartRequestDecoder.java,java/tainted-arithmetic,WARNING,CWE-190; CWE-191,"This arithmetic expression depends on a [user-provided value](1), potentially causing an overflow."
netty/netty,codec-http/src/main/java/io/netty/handler/codec/http/multipart/HttpPostMultipartRequestDecoder.java,java/tainted-arithmetic,WARNING,CWE-190; CWE-191,"This arithmetic expression depends on a [user-provided value](1), potentially causing an overflow."
netty/netty,codec-http/src/main/java/io/netty/handler/codec/http/multipart/HttpPostMultipartRequestDecoder.java,java/tainted-arithmetic,WARNING,CWE-190; CWE-191,"This arithmetic expression depends on a [user-provided value](1), potentially causing an overflow."
netty/netty,codec-http/src/main/java/io/netty/handler/codec/http/multipart/HttpPostMultipartRequestDecoder.java,java/tainted-arithmetic,WARNING,CWE-190; CWE-191,"This arithmetic expression depends on a [user-provided value](1), potentially causing an overflow."
netty/netty,codec-http/src/main/java/io/netty/handler/codec/http/multipart/HttpPostStandardRequestDecoder.java,java/tainted-arithmetic,WARNING,CWE-190; CWE-191,"This arithmetic expression depends on a [user-provided value](1), potentially causing an overflow."
netty/netty,codec-http/src/main/java/io/netty/handler/codec/http/multipart/HttpPostStandardRequestDecoder.java,java/tainted-arithmetic,WARNING,CWE-190; CWE-191,"This arithmetic expression depends on a [user-provided value](1), potentially causing an underflow."
netty/netty,codec-http/src/main/java/io/netty/handler/codec/http/multipart/MemoryAttribute.java,java/tainted-arithmetic,WARNING,CWE-190; CWE-191,"This arithmetic expression depends on a [user-provided value](1), potentially causing an overflow."
netty/netty,codec-http/src/main/java/io/netty/handler/codec/http/multipart/MemoryAttribute.java,java/tainted-arithmetic,WARNING,CWE-190; CWE-191,"This arithmetic expression depends on a [user-provided value](1), potentially causing an overflow."
netty/netty,codec-http/src/main/java/io/netty/handler/codec/http/websocketx/WebSocket00FrameDecoder.java,java/tainted-arithmetic,WARNING,CWE-190; CWE-191,"This arithmetic expression depends on a [user-provided value](1), potentially causing an overflow."
netty/netty,codec-http/src/main/java/io/netty/handler/codec/http/websocketx/WebSocket08FrameDecoder.java,java/tainted-arithmetic,WARNING,CWE-190; CWE-191,"This arithmetic expression depends on a [user-provided value](1), potentially causing an underflow."
netty/netty,codec-http/src/main/java/io/netty/handler/codec/spdy/SpdyCodecUtil.java,java/tainted-arithmetic,WARNING,CWE-190; CWE-191,"This arithmetic expression depends on a [user-provided value](1), potentially causing an overflow."
netty/netty,codec-http/src/main/java/io/netty/handler/codec/spdy/SpdyCodecUtil.java,java/tainted-arithmetic,WARNING,CWE-190; CWE-191,"This arithmetic expression depends on a [user-provided value](1), potentially causing an overflow."
netty/netty,codec-http/src/main/java/io/netty/handler/codec/spdy/SpdyCodecUtil.java,java/tainted-arithmetic,WARNING,CWE-190; CWE-191,"This arithmetic expression depends on a [user-provided value](1), potentially causing an overflow."
netty/netty,codec-http/src/main/java/io/netty/handler/codec/spdy/SpdyCodecUtil.java,java/tainted-arithmetic,WARNING,CWE-190; CWE-191,"This arithmetic expression depends on a [user-provided value](1), potentially causing an overflow."
netty/netty,codec-http/src/main/java/io/netty/handler/codec/spdy/SpdyCodecUtil.java,java/tainted-arithmetic,WARNING,CWE-190; CWE-191,"This arithmetic expression depends on a [user-provided value](1), potentially causing an overflow."
netty/netty,codec-http/src/main/java/io/netty/handler/codec/spdy/SpdyCodecUtil.java,java/tainted-arithmetic,WARNING,CWE-190; CWE-191,"This arithmetic expression depends on a [user-provided value](1), potentially causing an overflow."
netty/netty,codec-http/src/main/java/io/netty/handler/codec/spdy/SpdyCodecUtil.java,java/tainted-arithmetic,WARNING,CWE-190; CWE-191,"This arithmetic expression depends on a [user-provided value](1), potentially causing an overflow."
netty/netty,codec-http/src/main/java/io/netty/handler/codec/spdy/SpdyFrameDecoder.java,java/tainted-arithmetic,WARNING,CWE-190; CWE-191,"This arithmetic expression depends on a [user-provided value](1), potentially causing an overflow."
netty/netty,codec-http/src/main/java/io/netty/handler/codec/spdy/SpdyFrameDecoder.java,java/tainted-arithmetic,WARNING,CWE-190; CWE-191,"This arithmetic expression depends on a [user-provided value](1), potentially causing an overflow."
netty/netty,codec-http/src/main/java/io/netty/handler/codec/spdy/SpdyFrameDecoder.java,java/tainted-arithmetic,WARNING,CWE-190; CWE-191,"This arithmetic expression depends on a [user-provided value](1), potentially causing an overflow."
netty/netty,codec-http/src/main/java/io/netty/handler/codec/spdy/SpdyFrameDecoder.java,java/tainted-arithmetic,WARNING,CWE-190; CWE-191,"This arithmetic expression depends on a [user-provided value](1), potentially causing an overflow."
netty/netty,codec-http/src/main/java/io/netty/handler/codec/spdy/SpdyFrameDecoder.java,java/tainted-arithmetic,WARNING,CWE-190; CWE-191,"This arithmetic expression depends on a [user-provided value](1), potentially causing an overflow."
netty/netty,codec-http2/src/main/java/io/netty/handler/codec/http2/ReadOnlyHttp2Headers.java,java/tainted-arithmetic,WARNING,CWE-190; CWE-191,"This arithmetic expression depends on a [user-provided value](1), potentially causing an overflow.
This arithmetic expression depends on a [user-provided value](1), potentially causing an overflow."
netty/netty,codec-http3/src/main/java/io/netty/handler/codec/http3/QpackHuffmanDecoder.java,java/tainted-arithmetic,WARNING,CWE-190; CWE-191,"This arithmetic expression depends on a [user-provided value](1), potentially causing an overflow.
This arithmetic expression depends on a [user-provided value](2), potentially causing an overflow."
netty/netty,codec-http3/src/main/java/io/netty/handler/codec/http3/QpackUtil.java,java/tainted-arithmetic,WARNING,CWE-190; CWE-191,"This arithmetic expression depends on a [user-provided value](1), potentially causing an overflow.
This arithmetic expression depends on a [user-provided value](2), potentially causing an overflow.
This arithmetic expression depends on a [user-provided value](3), potentially causing an overflow."
netty/netty,codec-mqtt/src/main/java/io/netty/handler/codec/mqtt/MqttDecoder.java,java/tainted-arithmetic,WARNING,CWE-190; CWE-191,"This arithmetic expression depends on a [user-provided value](1), potentially causing an overflow."
netty/netty,codec-mqtt/src/main/java/io/netty/handler/codec/mqtt/MqttDecoder.java,java/tainted-arithmetic,WARNING,CWE-190; CWE-191,"This arithmetic expression depends on a [user-provided value](1), potentially causing an overflow."
netty/netty,codec-mqtt/src/main/java/io/netty/handler/codec/mqtt/MqttDecoder.java,java/tainted-arithmetic,WARNING,CWE-190; CWE-191,"This arithmetic expression depends on a [user-provided value](1), potentially causing an overflow."
netty/netty,codec-mqtt/src/main/java/io/netty/handler/codec/mqtt/MqttDecoder.java,java/tainted-arithmetic,WARNING,CWE-190; CWE-191,"This arithmetic expression depends on a [user-provided value](1), potentially causing an overflow."
netty/netty,codec-mqtt/src/main/java/io/netty/handler/codec/mqtt/MqttDecoder.java,java/tainted-arithmetic,WARNING,CWE-190; CWE-191,"This arithmetic expression depends on a [user-provided value](1), potentially causing an overflow."
netty/netty,codec-socks/src/main/java/io/netty/handler/codec/socksx/v5/Socks5AddressDecoder.java,java/tainted-arithmetic,WARNING,CWE-190; CWE-191,"This arithmetic expression depends on a [user-provided value](1), potentially causing an overflow.
This arithmetic expression depends on a [user-provided value](2), potentially causing an overflow."
netty/netty,codec-socks/src/main/java/io/netty/handler/codec/socksx/v5/Socks5AddressDecoder.java,java/tainted-arithmetic,WARNING,CWE-190; CWE-191,"This arithmetic expression depends on a [user-provided value](1), potentially causing an overflow.
This arithmetic expression depends on a [user-provided value](2), potentially causing an overflow."
netty/netty,codec-socks/src/main/java/io/netty/handler/codec/socksx/v5/Socks5PasswordAuthRequestDecoder.java,java/tainted-arithmetic,WARNING,CWE-190; CWE-191,"This arithmetic expression depends on a [user-provided value](1), potentially causing an overflow."
netty/netty,codec-socks/src/main/java/io/netty/handler/codec/socksx/v5/Socks5PasswordAuthRequestDecoder.java,java/tainted-arithmetic,WARNING,CWE-190; CWE-191,"This arithmetic expression depends on a [user-provided value](1), potentially causing an overflow."
netty/netty,codec-socks/src/main/java/io/netty/handler/codec/socksx/v5/Socks5PasswordAuthRequestDecoder.java,java/tainted-arithmetic,WARNING,CWE-190; CWE-191,"This arithmetic expression depends on a [user-provided value](1), potentially causing an overflow."
netty/netty,codec-socks/src/main/java/io/netty/handler/codec/socksx/v5/Socks5PasswordAuthRequestDecoder.java,java/tainted-arithmetic,WARNING,CWE-190; CWE-191,"This arithmetic expression depends on a [user-provided value](1), potentially causing an overflow."
netty/netty,codec-socks/src/main/java/io/netty/handler/codec/socksx/v5/Socks5PrivateAuthRequestDecoder.java,java/tainted-arithmetic,WARNING,CWE-190; CWE-191,"This arithmetic expression depends on a [user-provided value](1), potentially causing an overflow."
netty/netty,codec-xml/src/main/java/io/netty/handler/codec/xml/XmlFrameDecoder.java,java/tainted-arithmetic,WARNING,CWE-190; CWE-191,"This arithmetic expression depends on a [user-provided value](1), potentially causing an underflow."
netty/netty,codec-xml/src/main/java/io/netty/handler/codec/xml/XmlFrameDecoder.java,java/tainted-arithmetic,WARNING,CWE-190; CWE-191,"This arithmetic expression depends on a [user-provided value](1), potentially causing an underflow."
netty/netty,codec-xml/src/main/java/io/netty/handler/codec/xml/XmlFrameDecoder.java,java/tainted-arithmetic,WARNING,CWE-190; CWE-191,"This arithmetic expression depends on a [user-provided value](1), potentially causing an underflow."
netty/netty,codec-xml/src/main/java/io/netty/handler/codec/xml/XmlFrameDecoder.java,java/tainted-arithmetic,WARNING,CWE-190; CWE-191,"This arithmetic expression depends on a [user-provided value](1), potentially causing an underflow."
netty/netty,codec-xml/src/main/java/io/netty/handler/codec/xml/XmlFrameDecoder.java,java/tainted-arithmetic,WARNING,CWE-190; CWE-191,"This arithmetic expression depends on a [user-provided value](1), potentially causing an overflow."
netty/netty,common/src/main/java/io/netty/util/AsciiString.java,java/tainted-arithmetic,WARNING,CWE-190; CWE-191,"This arithmetic expression depends on a [user-provided value](1), potentially causing an overflow."
netty/netty,common/src/main/java/io/netty/util/AsciiString.java,java/tainted-arithmetic,WARNING,CWE-190; CWE-191,"This arithmetic expression depends on a [user-provided value](1), potentially causing an overflow."
netty/netty,common/src/main/java/io/netty/util/AsciiString.java,java/tainted-arithmetic,WARNING,CWE-190; CWE-191,"This arithmetic expression depends on a [user-provided value](1), potentially causing an overflow."
netty/netty,common/src/main/java/io/netty/util/AsciiString.java,java/tainted-arithmetic,WARNING,CWE-190; CWE-191,"This arithmetic expression depends on a [user-provided value](1), potentially causing an overflow.
This arithmetic expression depends on a [user-provided value](2), potentially causing an overflow.
This arithmetic expression depends on a [user-provided value](3), potentially causing an overflow.
This arithmetic expression depends on a [user-provided value](4), potentially causing an overflow."
netty/netty,common/src/main/java/io/netty/util/AsciiString.java,java/tainted-arithmetic,WARNING,CWE-190; CWE-191,"This arithmetic expression depends on a [user-provided value](1), potentially causing an overflow.
This arithmetic expression depends on a [user-provided value](2), potentially causing an overflow.
This arithmetic expression depends on a [user-provided value](3), potentially causing an overflow.
This arithmetic expression depends on a [user-provided value](4), potentially causing an overflow."
netty/netty,common/src/main/java/io/netty/util/AsciiString.java,java/tainted-arithmetic,WARNING,CWE-190; CWE-191,"This arithmetic expression depends on a [user-provided value](1), potentially causing an overflow.
This arithmetic expression depends on a [user-provided value](2), potentially causing an overflow.
This arithmetic expression depends on a [user-provided value](3), potentially causing an overflow.
This arithmetic expression depends on a [user-provided value](4), potentially causing an overflow.
This arithmetic expression depends on a [user-provided value](5), potentially causing an overflow.
This "
netty/netty,common/src/main/java/io/netty/util/AsciiString.java,java/tainted-arithmetic,WARNING,CWE-190; CWE-191,"This arithmetic expression depends on a [user-provided value](1), potentially causing an overflow.
This arithmetic expression depends on a [user-provided value](1), potentially causing an overflow.
This arithmetic expression depends on a [user-provided value](2), potentially causing an overflow.
This arithmetic expression depends on a [user-provided value](2), potentially causing an overflow.
This arithmetic expression depends on a [user-provided value](3), potentially causing an overflow.
This "
netty/netty,common/src/main/java/io/netty/util/AsciiString.java,java/tainted-arithmetic,WARNING,CWE-190; CWE-191,"This arithmetic expression depends on a [user-provided value](1), potentially causing an overflow.
This arithmetic expression depends on a [user-provided value](2), potentially causing an overflow.
This arithmetic expression depends on a [user-provided value](3), potentially causing an overflow.
This arithmetic expression depends on a [user-provided value](4), potentially causing an overflow.
This arithmetic expression depends on a [user-provided value](5), potentially causing an overflow.
This "
netty/netty,common/src/main/java/io/netty/util/AsciiString.java,java/tainted-arithmetic,WARNING,CWE-190; CWE-191,"This arithmetic expression depends on a [user-provided value](1), potentially causing an overflow.
This arithmetic expression depends on a [user-provided value](1), potentially causing an overflow.
This arithmetic expression depends on a [user-provided value](2), potentially causing an overflow.
This arithmetic expression depends on a [user-provided value](2), potentially causing an overflow.
This arithmetic expression depends on a [user-provided value](3), potentially causing an overflow.
This "
netty/netty,common/src/main/java/io/netty/util/AsciiString.java,java/tainted-arithmetic,WARNING,CWE-190; CWE-191,"This arithmetic expression depends on a [user-provided value](1), potentially causing an overflow.
This arithmetic expression depends on a [user-provided value](2), potentially causing an overflow.
This arithmetic expression depends on a [user-provided value](3), potentially causing an overflow.
This arithmetic expression depends on a [user-provided value](4), potentially causing an overflow.
This arithmetic expression depends on a [user-provided value](5), potentially causing an overflow.
This "
netty/netty,common/src/main/java/io/netty/util/AsciiString.java,java/tainted-arithmetic,WARNING,CWE-190; CWE-191,"This arithmetic expression depends on a [user-provided value](1), potentially causing an overflow.
This arithmetic expression depends on a [user-provided value](2), potentially causing an overflow.
This arithmetic expression depends on a [user-provided value](3), potentially causing an overflow.
This arithmetic expression depends on a [user-provided value](4), potentially causing an overflow.
This arithmetic expression depends on a [user-provided value](5), potentially causing an overflow.
This "
netty/netty,common/src/main/java/io/netty/util/AsciiString.java,java/tainted-arithmetic,WARNING,CWE-190; CWE-191,"This arithmetic expression depends on a [user-provided value](1), potentially causing an overflow."
netty/netty,common/src/main/java/io/netty/util/Recycler.java,java/tainted-arithmetic,WARNING,CWE-190; CWE-191,"This arithmetic expression depends on a [user-provided value](1), potentially causing an underflow.
This arithmetic expression depends on a [user-provided value](2), potentially causing an underflow.
This arithmetic expression depends on a [user-provided value](3), potentially causing an underflow.
This arithmetic expression depends on a [user-provided value](4), potentially causing an underflow."
netty/netty,common/src/main/java/io/netty/util/internal/LongLongHashMap.java,java/tainted-arithmetic,WARNING,CWE-190; CWE-191,"This arithmetic expression depends on a [user-provided value](1), potentially causing an overflow.
This arithmetic expression depends on a [user-provided value](2), potentially causing an overflow.
This arithmetic expression depends on a [user-provided value](3), potentially causing an overflow.
This arithmetic expression depends on a [user-provided value](4), potentially causing an overflow.
This arithmetic expression depends on a [user-provided value](5), potentially causing an overflow.
This "
netty/netty,common/src/main/java/io/netty/util/internal/MathUtil.java,java/tainted-arithmetic,WARNING,CWE-190; CWE-191,"This arithmetic expression depends on a [user-provided value](1), potentially causing an overflow.
This arithmetic expression depends on a [user-provided value](2), potentially causing an overflow.
This arithmetic expression depends on a [user-provided value](3), potentially causing an overflow.
This arithmetic expression depends on a [user-provided value](3), potentially causing an overflow.
This arithmetic expression depends on a [user-provided value](4), potentially causing an overflow.
This "
netty/netty,common/src/main/java/io/netty/util/internal/MathUtil.java,java/tainted-arithmetic,WARNING,CWE-190; CWE-191,"This arithmetic expression depends on a [user-provided value](1), potentially causing an overflow.
This arithmetic expression depends on a [user-provided value](2), potentially causing an overflow.
This arithmetic expression depends on a [user-provided value](3), potentially causing an overflow.
This arithmetic expression depends on a [user-provided value](3), potentially causing an overflow.
This arithmetic expression depends on a [user-provided value](4), potentially causing an overflow.
This "
netty/netty,common/src/main/java/io/netty/util/internal/PlatformDependent.java,java/tainted-arithmetic,WARNING,CWE-190; CWE-191,"This arithmetic expression depends on a [user-provided value](1), potentially causing an overflow.
This arithmetic expression depends on a [user-provided value](1), potentially causing an overflow.
This arithmetic expression depends on a [user-provided value](2), potentially causing an overflow.
This arithmetic expression depends on a [user-provided value](3), potentially causing an overflow.
This arithmetic expression depends on a [user-provided value](3), potentially causing an overflow.
This "
netty/netty,common/src/main/java/io/netty/util/internal/PlatformDependent.java,java/tainted-arithmetic,WARNING,CWE-190; CWE-191,"This arithmetic expression depends on a [user-provided value](1), potentially causing an overflow.
This arithmetic expression depends on a [user-provided value](2), potentially causing an overflow.
This arithmetic expression depends on a [user-provided value](3), potentially causing an overflow.
This arithmetic expression depends on a [user-provided value](4), potentially causing an overflow.
This arithmetic expression depends on a [user-provided value](5), potentially causing an overflow.
This "
netty/netty,common/src/main/java/io/netty/util/internal/PlatformDependent.java,java/tainted-arithmetic,WARNING,CWE-190; CWE-191,"This arithmetic expression depends on a [user-provided value](1), potentially causing an overflow.
This arithmetic expression depends on a [user-provided value](2), potentially causing an overflow.
This arithmetic expression depends on a [user-provided value](3), potentially causing an overflow.
This arithmetic expression depends on a [user-provided value](4), potentially causing an overflow."
netty/netty,common/src/main/java/io/netty/util/internal/PlatformDependent.java,java/tainted-arithmetic,WARNING,CWE-190; CWE-191,"This arithmetic expression depends on a [user-provided value](1), potentially causing an overflow.
This arithmetic expression depends on a [user-provided value](1), potentially causing an overflow.
This arithmetic expression depends on a [user-provided value](2), potentially causing an overflow.
This arithmetic expression depends on a [user-provided value](2), potentially causing an overflow.
This arithmetic expression depends on a [user-provided value](3), potentially causing an overflow.
This "
netty/netty,common/src/main/java/io/netty/util/internal/PlatformDependent.java,java/tainted-arithmetic,WARNING,CWE-190; CWE-191,"This arithmetic expression depends on a [user-provided value](1), potentially causing an overflow.
This arithmetic expression depends on a [user-provided value](1), potentially causing an overflow.
This arithmetic expression depends on a [user-provided value](2), potentially causing an overflow.
This arithmetic expression depends on a [user-provided value](2), potentially causing an overflow.
This arithmetic expression depends on a [user-provided value](3), potentially causing an overflow.
This "
netty/netty,handler/src/main/java/io/netty/handler/ssl/SslUtils.java,java/tainted-arithmetic,WARNING,CWE-190; CWE-191,"This arithmetic expression depends on a [user-provided value](1), potentially causing an overflow.
This arithmetic expression depends on a [user-provided value](2), potentially causing an overflow.
This arithmetic expression depends on a [user-provided value](3), potentially causing an overflow."
netty/netty,handler/src/main/java/io/netty/handler/ssl/SslUtils.java,java/tainted-arithmetic,WARNING,CWE-190; CWE-191,"This arithmetic expression depends on a [user-provided value](1), potentially causing an overflow.
This arithmetic expression depends on a [user-provided value](2), potentially causing an overflow.
This arithmetic expression depends on a [user-provided value](3), potentially causing an overflow."
netty/netty,handler/src/main/java/io/netty/handler/ssl/SslUtils.java,java/tainted-arithmetic,WARNING,CWE-190; CWE-191,"This arithmetic expression depends on a [user-provided value](1), potentially causing an overflow.
This arithmetic expression depends on a [user-provided value](2), potentially causing an overflow.
This arithmetic expression depends on a [user-provided value](3), potentially causing an overflow."
netty/netty,handler/src/main/java/io/netty/handler/ssl/SslUtils.java,java/tainted-arithmetic,WARNING,CWE-190; CWE-191,"This arithmetic expression depends on a [user-provided value](1), potentially causing an overflow.
This arithmetic expression depends on a [user-provided value](2), potentially causing an overflow.
This arithmetic expression depends on a [user-provided value](3), potentially causing an overflow."
netty/netty,handler/src/main/java/io/netty/handler/ssl/SslUtils.java,java/tainted-arithmetic,WARNING,CWE-190; CWE-191,"This arithmetic expression depends on a [user-provided value](1), potentially causing an overflow.
This arithmetic expression depends on a [user-provided value](2), potentially causing an overflow.
This arithmetic expression depends on a [user-provided value](3), potentially causing an overflow."
netty/netty,buffer/src/main/java/io/netty/buffer/AbstractByteBuf.java,java/uncontrolled-arithmetic,WARNING,CWE-190; CWE-191,"This arithmetic expression depends on an [uncontrolled value](1), potentially causing an underflow.
This arithmetic expression depends on an [uncontrolled value](2), potentially causing an underflow."
netty/netty,buffer/src/main/java/io/netty/buffer/AbstractByteBuf.java,java/uncontrolled-arithmetic,WARNING,CWE-190; CWE-191,"This arithmetic expression depends on an [uncontrolled value](1), potentially causing an overflow."
netty/netty,buffer/src/main/java/io/netty/buffer/AbstractByteBuf.java,java/uncontrolled-arithmetic,WARNING,CWE-190; CWE-191,"This arithmetic expression depends on an [uncontrolled value](1), potentially causing an overflow."
netty/netty,buffer/src/main/java/io/netty/buffer/AbstractByteBuf.java,java/uncontrolled-arithmetic,WARNING,CWE-190; CWE-191,"This arithmetic expression depends on an [uncontrolled value](1), potentially causing an overflow.
This arithmetic expression depends on an [uncontrolled value](1), potentially causing an overflow.
This arithmetic expression depends on an [uncontrolled value](2), potentially causing an overflow."
netty/netty,buffer/src/main/java/io/netty/buffer/AbstractUnpooledSlicedByteBuf.java,java/uncontrolled-arithmetic,WARNING,CWE-190; CWE-191,"This arithmetic expression depends on an [uncontrolled value](1), potentially causing an overflow.
This arithmetic expression depends on an [uncontrolled value](2), potentially causing an overflow.
This arithmetic expression depends on an [uncontrolled value](2), potentially causing an overflow."
netty/netty,buffer/src/main/java/io/netty/buffer/AbstractUnpooledSlicedByteBuf.java,java/uncontrolled-arithmetic,WARNING,CWE-190; CWE-191,"This arithmetic expression depends on an [uncontrolled value](1), potentially causing an overflow.
This arithmetic expression depends on an [uncontrolled value](1), potentially causing an overflow.
This arithmetic expression depends on an [uncontrolled value](2), potentially causing an overflow.
This arithmetic expression depends on an [uncontrolled value](2), potentially causing an overflow."
netty/netty,buffer/src/main/java/io/netty/buffer/AdaptivePoolingAllocator.java,java/uncontrolled-arithmetic,WARNING,CWE-190; CWE-191,"This arithmetic expression depends on an [uncontrolled value](1), potentially causing an overflow.
This arithmetic expression depends on an [uncontrolled value](1), potentially causing an overflow."
netty/netty,buffer/src/main/java/io/netty/buffer/AdaptivePoolingAllocator.java,java/uncontrolled-arithmetic,WARNING,CWE-190; CWE-191,"This arithmetic expression depends on an [uncontrolled value](1), potentially causing an underflow."
netty/netty,buffer/src/main/java/io/netty/buffer/AdaptivePoolingAllocator.java,java/uncontrolled-arithmetic,WARNING,CWE-190; CWE-191,"This arithmetic expression depends on an [uncontrolled value](1), potentially causing an overflow.
This arithmetic expression depends on an [uncontrolled value](1), potentially causing an overflow."
netty/netty,buffer/src/main/java/io/netty/buffer/AdaptivePoolingAllocator.java,java/uncontrolled-arithmetic,WARNING,CWE-190; CWE-191,"This arithmetic expression depends on an [uncontrolled value](1), potentially causing an overflow.
This arithmetic expression depends on an [uncontrolled value](1), potentially causing an overflow."
netty/netty,buffer/src/main/java/io/netty/buffer/ByteBufUtil.java,java/uncontrolled-arithmetic,WARNING,CWE-190; CWE-191,"This arithmetic expression depends on an [uncontrolled value](1), potentially causing an overflow."
netty/netty,buffer/src/main/java/io/netty/buffer/CompositeByteBuf.java,java/uncontrolled-arithmetic,WARNING,CWE-190; CWE-191,"This arithmetic expression depends on an [uncontrolled value](1), potentially causing an underflow."
netty/netty,buffer/src/main/java/io/netty/buffer/CompositeByteBuf.java,java/uncontrolled-arithmetic,WARNING,CWE-190; CWE-191,"This arithmetic expression depends on an [uncontrolled value](1), potentially causing an overflow."
netty/netty,buffer/src/main/java/io/netty/buffer/CompositeByteBuf.java,java/uncontrolled-arithmetic,WARNING,CWE-190; CWE-191,"This arithmetic expression depends on an [uncontrolled value](1), potentially causing an underflow."
netty/netty,buffer/src/main/java/io/netty/buffer/CompositeByteBuf.java,java/uncontrolled-arithmetic,WARNING,CWE-190; CWE-191,"This arithmetic expression depends on an [uncontrolled value](1), potentially causing an underflow."
netty/netty,buffer/src/main/java/io/netty/buffer/CompositeByteBuf.java,java/uncontrolled-arithmetic,WARNING,CWE-190; CWE-191,"This arithmetic expression depends on an [uncontrolled value](1), potentially causing an underflow."
netty/netty,buffer/src/main/java/io/netty/buffer/CompositeByteBuf.java,java/uncontrolled-arithmetic,WARNING,CWE-190; CWE-191,"This arithmetic expression depends on an [uncontrolled value](1), potentially causing an underflow."
netty/netty,buffer/src/main/java/io/netty/buffer/CompositeByteBuf.java,java/uncontrolled-arithmetic,WARNING,CWE-190; CWE-191,"This arithmetic expression depends on an [uncontrolled value](1), potentially causing an overflow."
netty/netty,buffer/src/main/java/io/netty/buffer/CompositeByteBuf.java,java/uncontrolled-arithmetic,WARNING,CWE-190; CWE-191,"This arithmetic expression depends on an [uncontrolled value](1), potentially causing an underflow."
netty/netty,buffer/src/main/java/io/netty/buffer/CompositeByteBuf.java,java/uncontrolled-arithmetic,WARNING,CWE-190; CWE-191,"This arithmetic expression depends on an [uncontrolled value](1), potentially causing an overflow."
netty/netty,buffer/src/main/java/io/netty/buffer/CompositeByteBuf.java,java/uncontrolled-arithmetic,WARNING,CWE-190; CWE-191,"This arithmetic expression depends on an [uncontrolled value](1), potentially causing an underflow."
netty/netty,buffer/src/main/java/io/netty/buffer/CompositeByteBuf.java,java/uncontrolled-arithmetic,WARNING,CWE-190; CWE-191,"This arithmetic expression depends on an [uncontrolled value](1), potentially causing an underflow."
netty/netty,buffer/src/main/java/io/netty/buffer/CompositeByteBuf.java,java/uncontrolled-arithmetic,WARNING,CWE-190; CWE-191,"This arithmetic expression depends on an [uncontrolled value](1), potentially causing an underflow."
netty/netty,buffer/src/main/java/io/netty/buffer/CompositeByteBuf.java,java/uncontrolled-arithmetic,WARNING,CWE-190; CWE-191,"This arithmetic expression depends on an [uncontrolled value](1), potentially causing an overflow.
This arithmetic expression depends on an [uncontrolled value](1), potentially causing an overflow."
netty/netty,buffer/src/main/java/io/netty/buffer/CompositeByteBuf.java,java/uncontrolled-arithmetic,WARNING,CWE-190; CWE-191,"This arithmetic expression depends on an [uncontrolled value](1), potentially causing an overflow.
This arithmetic expression depends on an [uncontrolled value](1), potentially causing an overflow."
netty/netty,buffer/src/main/java/io/netty/buffer/CompositeByteBuf.java,java/uncontrolled-arithmetic,WARNING,CWE-190; CWE-191,"This arithmetic expression depends on an [uncontrolled value](1), potentially causing an underflow."
netty/netty,buffer/src/main/java/io/netty/buffer/CompositeByteBuf.java,java/uncontrolled-arithmetic,WARNING,CWE-190; CWE-191,"This arithmetic expression depends on an [uncontrolled value](1), potentially causing an underflow."
netty/netty,buffer/src/main/java/io/netty/buffer/CompositeByteBuf.java,java/uncontrolled-arithmetic,WARNING,CWE-190; CWE-191,"This arithmetic expression depends on an [uncontrolled value](1), potentially causing an overflow."
netty/netty,buffer/src/main/java/io/netty/buffer/CompositeByteBuf.java,java/uncontrolled-arithmetic,WARNING,CWE-190; CWE-191,"This arithmetic expression depends on an [uncontrolled value](1), potentially causing an overflow."
netty/netty,buffer/src/main/java/io/netty/buffer/FixedCompositeByteBuf.java,java/uncontrolled-arithmetic,WARNING,CWE-190; CWE-191,"This arithmetic expression depends on an [uncontrolled value](1), potentially causing an underflow."
netty/netty,buffer/src/main/java/io/netty/buffer/FixedCompositeByteBuf.java,java/uncontrolled-arithmetic,WARNING,CWE-190; CWE-191,"This arithmetic expression depends on an [uncontrolled value](1), potentially causing an overflow."
netty/netty,buffer/src/main/java/io/netty/buffer/FixedCompositeByteBuf.java,java/uncontrolled-arithmetic,WARNING,CWE-190; CWE-191,"This arithmetic expression depends on an [uncontrolled value](1), potentially causing an underflow."
netty/netty,buffer/src/main/java/io/netty/buffer/FixedCompositeByteBuf.java,java/uncontrolled-arithmetic,WARNING,CWE-190; CWE-191,"This arithmetic expression depends on an [uncontrolled value](1), potentially causing an underflow."
netty/netty,buffer/src/main/java/io/netty/buffer/FixedCompositeByteBuf.java,java/uncontrolled-arithmetic,WARNING,CWE-190; CWE-191,"This arithmetic expression depends on an [uncontrolled value](1), potentially causing an overflow."
netty/netty,buffer/src/main/java/io/netty/buffer/FixedCompositeByteBuf.java,java/uncontrolled-arithmetic,WARNING,CWE-190; CWE-191,"This arithmetic expression depends on an [uncontrolled value](1), potentially causing an underflow."
netty/netty,buffer/src/main/java/io/netty/buffer/FixedCompositeByteBuf.java,java/uncontrolled-arithmetic,WARNING,CWE-190; CWE-191,"This arithmetic expression depends on an [uncontrolled value](1), potentially causing an underflow."
netty/netty,buffer/src/main/java/io/netty/buffer/FixedCompositeByteBuf.java,java/uncontrolled-arithmetic,WARNING,CWE-190; CWE-191,"This arithmetic expression depends on an [uncontrolled value](1), potentially causing an underflow."
netty/netty,buffer/src/main/java/io/netty/buffer/FixedCompositeByteBuf.java,java/uncontrolled-arithmetic,WARNING,CWE-190; CWE-191,"This arithmetic expression depends on an [uncontrolled value](1), potentially causing an overflow."
netty/netty,buffer/src/main/java/io/netty/buffer/IntPriorityQueue.java,java/uncontrolled-arithmetic,WARNING,CWE-190; CWE-191,"This arithmetic expression depends on an [uncontrolled value](1), potentially causing an overflow.
This arithmetic expression depends on an [uncontrolled value](2), potentially causing an overflow."
netty/netty,buffer/src/main/java/io/netty/buffer/IntPriorityQueue.java,java/uncontrolled-arithmetic,WARNING,CWE-190; CWE-191,"This arithmetic expression depends on an [uncontrolled value](1), potentially causing an underflow."
netty/netty,buffer/src/main/java/io/netty/buffer/PoolArena.java,java/uncontrolled-arithmetic,WARNING,CWE-190; CWE-191,"This arithmetic expression depends on an [uncontrolled value](1), potentially causing an overflow."
netty/netty,buffer/src/main/java/io/netty/buffer/PoolArena.java,java/uncontrolled-arithmetic,WARNING,CWE-190; CWE-191,"This arithmetic expression depends on an [uncontrolled value](1), potentially causing an overflow."
netty/netty,buffer/src/main/java/io/netty/buffer/PoolArena.java,java/uncontrolled-arithmetic,WARNING,CWE-190; CWE-191,"This arithmetic expression depends on an [uncontrolled value](1), potentially causing an overflow.
This arithmetic expression depends on an [uncontrolled value](2), potentially causing an overflow."
netty/netty,buffer/src/main/java/io/netty/buffer/PoolArena.java,java/uncontrolled-arithmetic,WARNING,CWE-190; CWE-191,"This arithmetic expression depends on an [uncontrolled value](1), potentially causing an overflow.
This arithmetic expression depends on an [uncontrolled value](2), potentially causing an overflow."
netty/netty,buffer/src/main/java/io/netty/buffer/PoolArena.java,java/uncontrolled-arithmetic,WARNING,CWE-190; CWE-191,"This arithmetic expression depends on an [uncontrolled value](1), potentially causing an overflow.
This arithmetic expression depends on an [uncontrolled value](2), potentially causing an overflow."
netty/netty,buffer/src/main/java/io/netty/buffer/PoolArena.java,java/uncontrolled-arithmetic,WARNING,CWE-190; CWE-191,"This arithmetic expression depends on an [uncontrolled value](1), potentially causing an overflow."
netty/netty,buffer/src/main/java/io/netty/buffer/PoolArena.java,java/uncontrolled-arithmetic,WARNING,CWE-190; CWE-191,"This arithmetic expression depends on an [uncontrolled value](1), potentially causing an overflow."
netty/netty,buffer/src/main/java/io/netty/buffer/PoolChunk.java,java/uncontrolled-arithmetic,WARNING,CWE-190; CWE-191,"This arithmetic expression depends on an [uncontrolled value](1), potentially causing an underflow."
netty/netty,buffer/src/main/java/io/netty/buffer/PoolChunk.java,java/uncontrolled-arithmetic,WARNING,CWE-190; CWE-191,"This arithmetic expression depends on an [uncontrolled value](1), potentially causing an overflow."
netty/netty,buffer/src/main/java/io/netty/buffer/PoolSubpage.java,java/uncontrolled-arithmetic,WARNING,CWE-190; CWE-191,"This arithmetic expression depends on an [uncontrolled value](1), potentially causing an underflow."
netty/netty,buffer/src/main/java/io/netty/buffer/PoolSubpage.java,java/uncontrolled-arithmetic,WARNING,CWE-190; CWE-191,"This arithmetic expression depends on an [uncontrolled value](1), potentially causing an overflow.
This arithmetic expression depends on an [uncontrolled value](2), potentially causing an overflow."
netty/netty,buffer/src/main/java/io/netty/buffer/PooledByteBuf.java,java/uncontrolled-arithmetic,WARNING,CWE-190; CWE-191,"This arithmetic expression depends on an [uncontrolled value](1), potentially causing an overflow.
This arithmetic expression depends on an [uncontrolled value](1), potentially causing an overflow."
netty/netty,buffer/src/main/java/io/netty/buffer/PooledByteBuf.java,java/uncontrolled-arithmetic,WARNING,CWE-190; CWE-191,"This arithmetic expression depends on an [uncontrolled value](1), potentially causing an overflow."
netty/netty,buffer/src/main/java/io/netty/buffer/PooledDirectByteBuf.java,java/uncontrolled-arithmetic,WARNING,CWE-190; CWE-191,"This arithmetic expression depends on an [uncontrolled value](1), potentially causing an overflow."
netty/netty,buffer/src/main/java/io/netty/buffer/PooledDirectByteBuf.java,java/uncontrolled-arithmetic,WARNING,CWE-190; CWE-191,"This arithmetic expression depends on an [uncontrolled value](1), potentially causing an overflow."
netty/netty,buffer/src/main/java/io/netty/buffer/PooledHeapByteBuf.java,java/uncontrolled-arithmetic,WARNING,CWE-190; CWE-191,"This arithmetic expression depends on an [uncontrolled value](1), potentially causing an overflow."
netty/netty,buffer/src/main/java/io/netty/buffer/PooledSlicedByteBuf.java,java/uncontrolled-arithmetic,WARNING,CWE-190; CWE-191,"This arithmetic expression depends on an [uncontrolled value](1), potentially causing an overflow.
This arithmetic expression depends on an [uncontrolled value](1), potentially causing an overflow.
This arithmetic expression depends on an [uncontrolled value](2), potentially causing an overflow.
This arithmetic expression depends on an [uncontrolled value](2), potentially causing an overflow."
netty/netty,buffer/src/main/java/io/netty/buffer/PooledUnsafeDirectByteBuf.java,java/uncontrolled-arithmetic,WARNING,CWE-190; CWE-191,"This arithmetic expression depends on an [uncontrolled value](1), potentially causing an overflow."
netty/netty,buffer/src/main/java/io/netty/buffer/ReadOnlyByteBufferBuf.java,java/uncontrolled-arithmetic,WARNING,CWE-190; CWE-191,"This arithmetic expression depends on an [uncontrolled value](1), potentially causing an overflow."
netty/netty,buffer/src/main/java/io/netty/buffer/ReadOnlyByteBufferBuf.java,java/uncontrolled-arithmetic,WARNING,CWE-190; CWE-191,"This arithmetic expression depends on an [uncontrolled value](1), potentially causing an overflow.
This arithmetic expression depends on an [uncontrolled value](1), potentially causing an overflow."
netty/netty,buffer/src/main/java/io/netty/buffer/ReadOnlyByteBufferBuf.java,java/uncontrolled-arithmetic,WARNING,CWE-190; CWE-191,"This arithmetic expression depends on an [uncontrolled value](1), potentially causing an overflow."
netty/netty,buffer/src/main/java/io/netty/buffer/ReadOnlyByteBufferBuf.java,java/uncontrolled-arithmetic,WARNING,CWE-190; CWE-191,"This arithmetic expression depends on an [uncontrolled value](1), potentially causing an overflow.
This arithmetic expression depends on an [uncontrolled value](1), potentially causing an overflow."
netty/netty,buffer/src/main/java/io/netty/buffer/ReadOnlyByteBufferBuf.java,java/uncontrolled-arithmetic,WARNING,CWE-190; CWE-191,"This arithmetic expression depends on an [uncontrolled value](1), potentially causing an overflow.
This arithmetic expression depends on an [uncontrolled value](1), potentially causing an overflow."
netty/netty,buffer/src/main/java/io/netty/buffer/ReadOnlyUnsafeDirectByteBuf.java,java/uncontrolled-arithmetic,WARNING,CWE-190; CWE-191,"This arithmetic expression depends on an [uncontrolled value](1), potentially causing an overflow."
netty/netty,buffer/src/main/java/io/netty/buffer/SizeClasses.java,java/uncontrolled-arithmetic,WARNING,CWE-190; CWE-191,"This arithmetic expression depends on an [uncontrolled value](1), potentially causing an underflow.
This arithmetic expression depends on an [uncontrolled value](2), potentially causing an underflow."
netty/netty,buffer/src/main/java/io/netty/buffer/SizeClasses.java,java/uncontrolled-arithmetic,WARNING,CWE-190; CWE-191,"This arithmetic expression depends on an [uncontrolled value](1), potentially causing an overflow.
This arithmetic expression depends on an [uncontrolled value](2), potentially causing an overflow."
netty/netty,buffer/src/main/java/io/netty/buffer/SizeClasses.java,java/uncontrolled-arithmetic,WARNING,CWE-190; CWE-191,"This arithmetic expression depends on an [uncontrolled value](1), potentially causing an overflow.
This arithmetic expression depends on an [uncontrolled value](2), potentially causing an overflow."
netty/netty,buffer/src/main/java/io/netty/buffer/SizeClasses.java,java/uncontrolled-arithmetic,WARNING,CWE-190; CWE-191,"This arithmetic expression depends on an [uncontrolled value](1), potentially causing an overflow.
This arithmetic expression depends on an [uncontrolled value](2), potentially causing an overflow."
netty/netty,buffer/src/main/java/io/netty/buffer/SizeClasses.java,java/uncontrolled-arithmetic,WARNING,CWE-190; CWE-191,"This arithmetic expression depends on an [uncontrolled value](1), potentially causing an overflow.
This arithmetic expression depends on an [uncontrolled value](2), potentially causing an overflow."
netty/netty,buffer/src/main/java/io/netty/buffer/UnpooledDirectByteBuf.java,java/uncontrolled-arithmetic,WARNING,CWE-190; CWE-191,"This arithmetic expression depends on an [uncontrolled value](1), potentially causing an overflow."
netty/netty,buffer/src/main/java/io/netty/buffer/UnpooledDirectByteBuf.java,java/uncontrolled-arithmetic,WARNING,CWE-190; CWE-191,"This arithmetic expression depends on an [uncontrolled value](1), potentially causing an overflow.
This arithmetic expression depends on an [uncontrolled value](1), potentially causing an overflow."
netty/netty,buffer/src/main/java/io/netty/buffer/UnpooledDirectByteBuf.java,java/uncontrolled-arithmetic,WARNING,CWE-190; CWE-191,"This arithmetic expression depends on an [uncontrolled value](1), potentially causing an overflow."
netty/netty,buffer/src/main/java/io/netty/buffer/UnpooledDirectByteBuf.java,java/uncontrolled-arithmetic,WARNING,CWE-190; CWE-191,"This arithmetic expression depends on an [uncontrolled value](1), potentially causing an overflow.
This arithmetic expression depends on an [uncontrolled value](1), potentially causing an overflow."
netty/netty,buffer/src/main/java/io/netty/buffer/UnpooledHeapByteBuf.java,java/uncontrolled-arithmetic,WARNING,CWE-190; CWE-191,"This arithmetic expression depends on an [uncontrolled value](1), potentially causing an overflow."
netty/netty,buffer/src/main/java/io/netty/buffer/UnpooledHeapByteBuf.java,java/uncontrolled-arithmetic,WARNING,CWE-190; CWE-191,"This arithmetic expression depends on an [uncontrolled value](1), potentially causing an overflow.
This arithmetic expression depends on an [uncontrolled value](1), potentially causing an overflow."
netty/netty,buffer/src/main/java/io/netty/buffer/UnpooledUnsafeDirectByteBuf.java,java/uncontrolled-arithmetic,WARNING,CWE-190; CWE-191,"This arithmetic expression depends on an [uncontrolled value](1), potentially causing an overflow."
netty/netty,buffer/src/main/java/io/netty/buffer/UnsafeByteBufUtil.java,java/uncontrolled-arithmetic,WARNING,CWE-190; CWE-191,"This arithmetic expression depends on an [uncontrolled value](1), potentially causing an overflow."
netty/netty,buffer/src/main/java/io/netty/buffer/UnsafeByteBufUtil.java,java/uncontrolled-arithmetic,WARNING,CWE-190; CWE-191,"This arithmetic expression depends on an [uncontrolled value](1), potentially causing an overflow."
netty/netty,common/src/main/java/io/netty/util/AsciiString.java,java/uncontrolled-arithmetic,WARNING,CWE-190; CWE-191,"This arithmetic expression depends on an [uncontrolled value](1), potentially causing an overflow."
netty/netty,common/src/main/java/io/netty/util/AsciiString.java,java/uncontrolled-arithmetic,WARNING,CWE-190; CWE-191,"This arithmetic expression depends on an [uncontrolled value](1), potentially causing an overflow."
netty/netty,common/src/main/java/io/netty/util/AsciiString.java,java/uncontrolled-arithmetic,WARNING,CWE-190; CWE-191,"This arithmetic expression depends on an [uncontrolled value](1), potentially causing an overflow."
netty/netty,common/src/main/java/io/netty/util/AsciiString.java,java/uncontrolled-arithmetic,WARNING,CWE-190; CWE-191,"This arithmetic expression depends on an [uncontrolled value](1), potentially causing an overflow.
This arithmetic expression depends on an [uncontrolled value](1), potentially causing an overflow."
netty/netty,common/src/main/java/io/netty/util/AsciiString.java,java/uncontrolled-arithmetic,WARNING,CWE-190; CWE-191,"This arithmetic expression depends on an [uncontrolled value](1), potentially causing an overflow."
netty/netty,common/src/main/java/io/netty/util/AsciiString.java,java/uncontrolled-arithmetic,WARNING,CWE-190; CWE-191,"This arithmetic expression depends on an [uncontrolled value](1), potentially causing an overflow."
netty/netty,common/src/main/java/io/netty/util/Recycler.java,java/uncontrolled-arithmetic,WARNING,CWE-190; CWE-191,"This arithmetic expression depends on an [uncontrolled value](1), potentially causing an underflow."
netty/netty,common/src/main/java/io/netty/util/internal/LongLongHashMap.java,java/uncontrolled-arithmetic,WARNING,CWE-190; CWE-191,"This arithmetic expression depends on an [uncontrolled value](1), potentially causing an overflow.
This arithmetic expression depends on an [uncontrolled value](2), potentially causing an overflow."
netty/netty,common/src/main/java/io/netty/util/internal/MathUtil.java,java/uncontrolled-arithmetic,WARNING,CWE-190; CWE-191,"This arithmetic expression depends on an [uncontrolled value](1), potentially causing an overflow.
This arithmetic expression depends on an [uncontrolled value](1), potentially causing an overflow.
This arithmetic expression depends on an [uncontrolled value](2), potentially causing an overflow."
netty/netty,common/src/main/java/io/netty/util/internal/MathUtil.java,java/uncontrolled-arithmetic,WARNING,CWE-190; CWE-191,"This arithmetic expression depends on an [uncontrolled value](1), potentially causing an overflow.
This arithmetic expression depends on an [uncontrolled value](1), potentially causing an overflow.
This arithmetic expression depends on an [uncontrolled value](2), potentially causing an overflow."
netty/netty,common/src/main/java/io/netty/util/internal/PlatformDependent.java,java/uncontrolled-arithmetic,WARNING,CWE-190; CWE-191,"This arithmetic expression depends on an [uncontrolled value](1), potentially causing an overflow.
This arithmetic expression depends on an [uncontrolled value](1), potentially causing an overflow."
netty/netty,common/src/main/java/io/netty/util/internal/PlatformDependent.java,java/uncontrolled-arithmetic,WARNING,CWE-190; CWE-191,"This arithmetic expression depends on an [uncontrolled value](1), potentially causing an overflow."
netty/netty,common/src/main/java/io/netty/util/internal/PlatformDependent.java,java/uncontrolled-arithmetic,WARNING,CWE-190; CWE-191,"This arithmetic expression depends on an [uncontrolled value](1), potentially causing an overflow.
This arithmetic expression depends on an [uncontrolled value](1), potentially causing an overflow."
netty/netty,common/src/main/java/io/netty/util/internal/PlatformDependent.java,java/uncontrolled-arithmetic,WARNING,CWE-190; CWE-191,"This arithmetic expression depends on an [uncontrolled value](1), potentially causing an overflow.
This arithmetic expression depends on an [uncontrolled value](1), potentially causing an overflow."
netty/netty,common/src/main/java/io/netty/util/internal/PlatformDependent.java,java/uncontrolled-arithmetic,WARNING,CWE-190; CWE-191,"This arithmetic expression depends on an [uncontrolled value](1), potentially causing an overflow.
This arithmetic expression depends on an [uncontrolled value](1), potentially causing an overflow."
netty/netty,transport/src/main/java/io/netty/channel/DefaultChannelId.java,java/uncontrolled-arithmetic,WARNING,CWE-190; CWE-191,"This arithmetic expression depends on an [uncontrolled value](1), potentially causing an overflow."
netty/netty,transport/src/main/java/io/netty/channel/DefaultChannelId.java,java/uncontrolled-arithmetic,WARNING,CWE-190; CWE-191,"This arithmetic expression depends on an [uncontrolled value](1), potentially causing an overflow."
netty/netty,buffer/src/test/java/io/netty/buffer/AbstractCompositeByteBufTest.java,java/comparison-with-wider-type,WARNING,CWE-190; CWE-197,Comparison between [expression](1) of type byte and [expression](2) of wider type int.
netty/netty,buffer/src/test/java/io/netty/buffer/AbstractCompositeByteBufTest.java,java/comparison-with-wider-type,WARNING,CWE-190; CWE-197,Comparison between [expression](1) of type byte and [expression](2) of wider type int.
netty/netty,codec-compression/src/main/java/io/netty/handler/codec/compression/Bzip2HuffmanStageEncoder.java,java/comparison-with-wider-type,WARNING,CWE-190; CWE-197,Comparison between [expression](1) of type byte and [expression](2) of wider type int.
netty/netty,codec-http/src/main/java/io/netty/handler/codec/http/multipart/AbstractDiskHttpData.java,java/comparison-with-wider-type,WARNING,CWE-190; CWE-197,Comparison between [expression](1) of type int and [expression](2) of wider type long.
netty/netty,codec-http/src/main/java/io/netty/handler/codec/http/multipart/AbstractDiskHttpData.java,java/comparison-with-wider-type,WARNING,CWE-190; CWE-197,Comparison between [expression](1) of type int and [expression](2) of wider type long.
netty/netty,codec-http/src/main/java/io/netty/handler/codec/http/multipart/AbstractMemoryHttpData.java,java/comparison-with-wider-type,WARNING,CWE-190; CWE-197,Comparison between [expression](1) of type int and [expression](2) of wider type long.
netty/netty,codec-http/src/test/java/io/netty/handler/codec/http/HttpUtilTest.java,java/comparison-with-wider-type,WARNING,CWE-190; CWE-197,Comparison between [expression](1) of type int and [expression](2) of wider type double.
netty/netty,common/src/main/java/io/netty/util/internal/ThreadLocalRandom.java,java/comparison-with-wider-type,WARNING,CWE-190; CWE-197,Comparison between [expression](1) of type int and [expression](2) of wider type long.
netty/netty,handler/src/test/java/io/netty/handler/pcap/PcapWriteHandlerTest.java,java/comparison-with-wider-type,WARNING,CWE-190; CWE-197,Comparison between [expression](1) of type int and [expression](2) of wider type long.
netty/netty,handler/src/test/java/io/netty/handler/pcap/PcapWriteHandlerTest.java,java/comparison-with-wider-type,WARNING,CWE-190; CWE-197,Comparison between [expression](1) of type int and [expression](2) of wider type long.
netty/netty,transport-native-io_uring/src/test/java/io/netty/channel/uring/IoUringFileRegionTest.java,java/local-temp-file-or-directory-information-disclosure,WARNING,CWE-200; CWE-732,Local information disclosure vulnerability due to use of file readable by other local users.
netty/netty,transport-native-io_uring/src/test/java/io/netty/channel/uring/IoUringFileTest.java,java/local-temp-file-or-directory-information-disclosure,WARNING,CWE-200; CWE-732,Local information disclosure vulnerability due to use of file readable by other local users.
netty/netty,codec-http/src/main/java/io/netty/handler/codec/http/websocketx/WebSocketUtil.java,java/potentially-weak-cryptographic-algorithm,WARNING,CWE-327; CWE-328,Cryptographic algorithm [MD5](1) may not be secure. Consider using a different algorithm.
netty/netty,codec-http/src/main/java/io/netty/handler/codec/http/websocketx/WebSocketUtil.java,java/potentially-weak-cryptographic-algorithm,WARNING,CWE-327; CWE-328,Cryptographic algorithm [SHA1](1) may not be secure. Consider using a different algorithm.
netty/netty,handler/src/main/java/io/netty/handler/ssl/util/FingerprintTrustManagerFactory.java,java/potentially-weak-cryptographic-algorithm,WARNING,CWE-327; CWE-328,"Cryptographic algorithm [SHA1](1) may not be secure. Consider using a different algorithm.
Cryptographic algorithm [SHA1](2) may not be secure. Consider using a different algorithm.
Cryptographic algorithm [SHA1](3) may not be secure. Consider using a different algorithm."
netty/netty,handler/src/test/java/io/netty/handler/ssl/MockAlternativeKeyProvider.java,java/potentially-weak-cryptographic-algorithm,WARNING,CWE-327; CWE-328,Cryptographic algorithm [RSASSA-PSS](1) may not be secure. Consider using a different algorithm.
netty/netty,common/src/main/java/io/netty/util/internal/logging/Slf4JLogger.java,java/sensitive-log,WARNING,CWE-532,"This [potentially sensitive information](1) is written to a log file.
This [potentially sensitive information](2) is written to a log file.
This [potentially sensitive information](3) is written to a log file.
This [potentially sensitive information](4) is written to a log file.
This [potentially sensitive information](5) is written to a log file."
netty/netty,common/src/main/java/io/netty/util/internal/logging/Slf4JLogger.java,java/sensitive-log,WARNING,CWE-532,"This [potentially sensitive information](1) is written to a log file.
This [potentially sensitive information](2) is written to a log file.
This [potentially sensitive information](3) is written to a log file."
netty/netty,common/src/main/java/io/netty/util/internal/logging/Slf4JLogger.java,java/sensitive-log,WARNING,CWE-532,"This [potentially sensitive information](1) is written to a log file.
This [potentially sensitive information](2) is written to a log file.
This [potentially sensitive information](3) is written to a log file.
This [potentially sensitive information](4) is written to a log file."
netty/netty,codec-http2/src/main/java/io/netty/handler/codec/http2/DefaultHttp2ConnectionDecoder.java,java/user-controlled-bypass,ERROR,CWE-807; CWE-290,"Sensitive method may not be executed depending on a [this condition](1), which flows from [user-controlled value](2).
Sensitive method may not be executed depending on a [this condition](1), which flows from [user-controlled value](3).
Sensitive method may not be executed depending on a [this condition](1), which flows from [user-controlled value](4).
Sensitive method may not be executed depending on a [this condition](1), which flows from [user-controlled value](5).
Sensitive method may not be "
netty/netty,codec-http2/src/main/java/io/netty/handler/codec/http2/HttpConversionUtil.java,java/user-controlled-bypass,ERROR,CWE-807; CWE-290,"Sensitive method may not be executed depending on a [this condition](1), which flows from [user-controlled value](2).
Sensitive method may not be executed depending on a [this condition](1), which flows from [user-controlled value](3).
Sensitive method may not be executed depending on a [this condition](1), which flows from [user-controlled value](4).
Sensitive method may not be executed depending on a [this condition](1), which flows from [user-controlled value](5).
Sensitive method may not be "
netty/netty,codec-http2/src/main/java/io/netty/handler/codec/http2/HttpConversionUtil.java,java/user-controlled-bypass,ERROR,CWE-807; CWE-290,"Sensitive method may not be executed depending on a [this condition](1), which flows from [user-controlled value](2).
Sensitive method may not be executed depending on a [this condition](1), which flows from [user-controlled value](3).
Sensitive method may not be executed depending on a [this condition](1), which flows from [user-controlled value](4).
Sensitive method may not be executed depending on a [this condition](1), which flows from [user-controlled value](5).
Sensitive method may not be "
netty/netty,codec-http2/src/main/java/io/netty/handler/codec/http2/HttpConversionUtil.java,java/user-controlled-bypass,ERROR,CWE-807; CWE-290,"Sensitive method may not be executed depending on a [this condition](1), which flows from [user-controlled value](2).
Sensitive method may not be executed depending on a [this condition](1), which flows from [user-controlled value](3).
Sensitive method may not be executed depending on a [this condition](1), which flows from [user-controlled value](4).
Sensitive method may not be executed depending on a [this condition](1), which flows from [user-controlled value](5).
Sensitive method may not be "
netty/netty,codec-http2/src/main/java/io/netty/handler/codec/http2/HttpConversionUtil.java,java/user-controlled-bypass,ERROR,CWE-807; CWE-290,"Sensitive method may not be executed depending on a [this condition](1), which flows from [user-controlled value](2).
Sensitive method may not be executed depending on a [this condition](1), which flows from [user-controlled value](3).
Sensitive method may not be executed depending on a [this condition](1), which flows from [user-controlled value](4).
Sensitive method may not be executed depending on a [this condition](1), which flows from [user-controlled value](5).
Sensitive method may not be "
netty/netty,codec-http3/src/main/java/io/netty/handler/codec/http3/HttpConversionUtil.java,java/user-controlled-bypass,ERROR,CWE-807; CWE-290,"Sensitive method may not be executed depending on a [this condition](1), which flows from [user-controlled value](2).
Sensitive method may not be executed depending on a [this condition](1), which flows from [user-controlled value](3).
Sensitive method may not be executed depending on a [this condition](1), which flows from [user-controlled value](4).
Sensitive method may not be executed depending on a [this condition](1), which flows from [user-controlled value](5).
Sensitive method may not be "
netty/netty,codec-http3/src/main/java/io/netty/handler/codec/http3/HttpConversionUtil.java,java/user-controlled-bypass,ERROR,CWE-807; CWE-290,"Sensitive method may not be executed depending on a [this condition](1), which flows from [user-controlled value](2).
Sensitive method may not be executed depending on a [this condition](1), which flows from [user-controlled value](3).
Sensitive method may not be executed depending on a [this condition](1), which flows from [user-controlled value](4).
Sensitive method may not be executed depending on a [this condition](1), which flows from [user-controlled value](5).
Sensitive method may not be "
netty/netty,codec-http3/src/main/java/io/netty/handler/codec/http3/HttpConversionUtil.java,java/user-controlled-bypass,ERROR,CWE-807; CWE-290,"Sensitive method may not be executed depending on a [this condition](1), which flows from [user-controlled value](2).
Sensitive method may not be executed depending on a [this condition](1), which flows from [user-controlled value](3).
Sensitive method may not be executed depending on a [this condition](1), which flows from [user-controlled value](4).
Sensitive method may not be executed depending on a [this condition](1), which flows from [user-controlled value](5).
Sensitive method may not be "
netty/netty,codec-http3/src/main/java/io/netty/handler/codec/http3/HttpConversionUtil.java,java/user-controlled-bypass,ERROR,CWE-807; CWE-290,"Sensitive method may not be executed depending on a [this condition](1), which flows from [user-controlled value](2).
Sensitive method may not be executed depending on a [this condition](1), which flows from [user-controlled value](3).
Sensitive method may not be executed depending on a [this condition](1), which flows from [user-controlled value](4).
Sensitive method may not be executed depending on a [this condition](1), which flows from [user-controlled value](5).
Sensitive method may not be "
thingsboard/thingsboard,application/src/main/java/org/thingsboard/server/service/edge/instructions/BaseEdgeInstallUpgradeInstructionsService.java,java/path-injection,ERROR,CWE-022; CWE-023; CWE-036; CWE-073,"This path depends on a [user-provided value](1).
This path depends on a [user-provided value](2)."
thingsboard/thingsboard,dao/src/main/java/org/thingsboard/server/dao/sql/query/DefaultAlarmQueryRepository.java,java/sql-injection,ERROR,CWE-089; CWE-564,"This query depends on a [user-provided value](1).
This query depends on a [user-provided value](2)."
thingsboard/thingsboard,common/transport/mqtt/src/test/java/org/thingsboard/server/transport/mqtt/MqttSslCertificateReloadIntegrationTest.java,java/insecure-trustmanager,ERROR,CWE-295,"This uses [TrustManager](1), which is defined in [MqttSslCertificateReloadIntegrationTest$TrustAllManager](2) and trusts any certificate."
thingsboard/thingsboard,application/src/main/java/org/thingsboard/server/config/TbRuleEngineSecurityConfiguration.java,java/spring-disabled-csrf-protection,ERROR,CWE-352,CSRF vulnerability due to protection being disabled.
thingsboard/thingsboard,application/src/main/java/org/thingsboard/server/config/ThingsboardSecurityConfiguration.java,java/spring-disabled-csrf-protection,ERROR,CWE-352,CSRF vulnerability due to protection being disabled.
thingsboard/thingsboard,common/transport/http/src/main/java/org/thingsboard/server/transport/http/config/TransportSecurityConfiguration.java,java/spring-disabled-csrf-protection,ERROR,CWE-352,CSRF vulnerability due to protection being disabled.
thingsboard/thingsboard,application/src/main/java/org/thingsboard/server/config/WebConfig.java,java/unvalidated-url-redirection,ERROR,CWE-601,Untrusted URL redirection depends on a [user-provided value](1).
thingsboard/thingsboard,application/src/main/java/org/thingsboard/server/controller/AdminController.java,java/unvalidated-url-redirection,ERROR,CWE-601,Untrusted URL redirection depends on a [user-provided value](1).
thingsboard/thingsboard,application/src/main/java/org/thingsboard/server/service/security/auth/oauth2/CookieUtils.java,java/insecure-cookie,ERROR,CWE-614,Cookie is added to response without the 'secure' flag being set.
thingsboard/thingsboard,application/src/main/java/org/thingsboard/server/service/security/auth/oauth2/CookieUtils.java,java/insecure-cookie,ERROR,CWE-614,Cookie is added to response without the 'secure' flag being set.
thingsboard/thingsboard,application/src/test/java/org/thingsboard/server/service/security/auth/oauth2/HttpCookieOAuth2AuthorizationRequestRepositoryTest.java,java/insecure-cookie,ERROR,CWE-614,Cookie is added to response without the 'secure' flag being set.
thingsboard/thingsboard,application/src/test/java/org/thingsboard/server/service/security/auth/oauth2/Oauth2AuthenticationSuccessHandlerTest.java,java/insecure-cookie,ERROR,CWE-614,Cookie is added to response without the 'secure' flag being set.
thingsboard/thingsboard,dao/src/main/java/org/thingsboard/server/dao/timeseries/CassandraBaseTimeseriesDao.java,java/tainted-numeric-cast,ERROR,CWE-197; CWE-681,"This cast to a narrower type depends on a [user-provided value](1), potentially causing truncation."
thingsboard/thingsboard,dao/src/main/java/org/thingsboard/server/dao/timeseries/CassandraBaseTimeseriesDao.java,java/tainted-numeric-cast,ERROR,CWE-197; CWE-681,"This cast to a narrower type depends on a [user-provided value](1), potentially causing truncation."
thingsboard/thingsboard,common/data/src/main/java/org/thingsboard/server/common/data/StringUtils.java,java/polynomial-redos,WARNING,CWE-1333; CWE-730; CWE-400,"This [regular expression](1) that depends on a [user-provided value](2) may run slow on strings with many repetitions of ' '.
This [regular expression](1) that depends on a [user-provided value](3) may run slow on strings with many repetitions of ' '.
This [regular expression](1) that depends on a [user-provided value](4) may run slow on strings with many repetitions of ' '.
This [regular expression](1) that depends on a [user-provided value](5) may run slow on strings with many repetitions of '"
thingsboard/thingsboard,common/util/src/main/java/org/thingsboard/common/util/RegexUtils.java,java/polynomial-redos,WARNING,CWE-1333; CWE-730; CWE-400,"This [regular expression](1) that depends on a [user-provided value](2) may run slow on strings starting with 'Id' and with many repetitions of 'Id'.
This [regular expression](3) that depends on a [user-provided value](2) may run slow on strings starting with 'Id' and with many repetitions of 'id'.
This [regular expression](1) that depends on a [user-provided value](4) may run slow on strings starting with 'Id' and with many repetitions of 'Id'.
This [regular expression](3) that depends on a [us"
thingsboard/thingsboard,dao/src/main/java/org/thingsboard/server/dao/device/DeviceProfileServiceImpl.java,java/polynomial-redos,WARNING,CWE-1333; CWE-730; CWE-400,This [regular expression](1) that depends on a [user-provided value](2) may run slow on strings starting with '-----BEGIN CERTIFICATE-----' and with many repetitions of ' '.
thingsboard/thingsboard,dao/src/main/java/org/thingsboard/server/dao/resource/BaseImageService.java,java/polynomial-redos,WARNING,CWE-1333; CWE-730; CWE-400,"This [regular expression](1) that depends on a [user-provided value](2) may run slow on strings starting with 'tb-image::;data:;' and with many repetitions of ';'.
This [regular expression](1) that depends on a [user-provided value](3) may run slow on strings starting with 'tb-image::;data:;' and with many repetitions of ';'.
This [regular expression](1) that depends on a [user-provided value](4) may run slow on strings starting with 'tb-image::;data:;' and with many repetitions of ';'.
This [re"
thingsboard/thingsboard,dao/src/main/java/org/thingsboard/server/dao/util/ImageUtils.java,java/polynomial-redos,WARNING,CWE-1333; CWE-730; CWE-400,"This [regular expression](1) that depends on a [user-provided value](2) may run slow on strings starting with '<tb:metadata' and with many repetitions of '<tb:metadata'.
This [regular expression](3) that depends on a [user-provided value](2) may run slow on strings starting with '<tb:metadata>' and with many repetitions of '<tb:metadata>'.
This [regular expression](1) that depends on a [user-provided value](4) may run slow on strings starting with '<tb:metadata' and with many repetitions of '<tb"
thingsboard/thingsboard,common/transport/lwm2m/src/main/java/org/thingsboard/server/transport/lwm2m/server/store/TbInMemoryRegistrationStore.java,java/unreleased-lock,ERROR,CWE-764; CWE-833,This lock might not be unlocked or might be locked more times than it is unlocked.
thingsboard/thingsboard,common/transport/lwm2m/src/main/java/org/thingsboard/server/transport/lwm2m/server/store/TbLwM2mRedisRegistrationStore.java,java/unreleased-lock,ERROR,CWE-764; CWE-833,This lock might not be unlocked or might be locked more times than it is unlocked.
thingsboard/thingsboard,common/transport/lwm2m/src/main/java/org/thingsboard/server/transport/lwm2m/server/store/TbLwM2mRedisRegistrationStore.java,java/unreleased-lock,ERROR,CWE-764; CWE-833,This lock might not be unlocked or might be locked more times than it is unlocked.
thingsboard/thingsboard,common/transport/lwm2m/src/main/java/org/thingsboard/server/transport/lwm2m/server/store/TbLwM2mRedisRegistrationStore.java,java/unreleased-lock,ERROR,CWE-764; CWE-833,This lock might not be unlocked or might be locked more times than it is unlocked.
thingsboard/thingsboard,common/transport/lwm2m/src/main/java/org/thingsboard/server/transport/lwm2m/server/store/TbLwM2mRedisRegistrationStore.java,java/unreleased-lock,ERROR,CWE-764; CWE-833,This lock might not be unlocked or might be locked more times than it is unlocked.
thingsboard/thingsboard,common/transport/lwm2m/src/main/java/org/thingsboard/server/transport/lwm2m/server/store/TbLwM2mRedisRegistrationStore.java,java/unreleased-lock,ERROR,CWE-764; CWE-833,This lock might not be unlocked or might be locked more times than it is unlocked.
thingsboard/thingsboard,common/transport/lwm2m/src/main/java/org/thingsboard/server/transport/lwm2m/server/store/TbLwM2mRedisSecurityStore.java,java/unreleased-lock,ERROR,CWE-764; CWE-833,This lock might not be unlocked or might be locked more times than it is unlocked.
thingsboard/thingsboard,common/transport/lwm2m/src/main/java/org/thingsboard/server/transport/lwm2m/server/store/TbLwM2mRedisSecurityStore.java,java/unreleased-lock,ERROR,CWE-764; CWE-833,This lock might not be unlocked or might be locked more times than it is unlocked.
thingsboard/thingsboard,common/transport/lwm2m/src/main/java/org/thingsboard/server/transport/lwm2m/server/store/TbLwM2mRedisSecurityStore.java,java/unreleased-lock,ERROR,CWE-764; CWE-833,This lock might not be unlocked or might be locked more times than it is unlocked.
thingsboard/thingsboard,common/transport/lwm2m/src/main/java/org/thingsboard/server/transport/lwm2m/server/store/TbLwM2mRedisSecurityStore.java,java/unreleased-lock,ERROR,CWE-764; CWE-833,This lock might not be unlocked or might be locked more times than it is unlocked.
thingsboard/thingsboard,common/transport/lwm2m/src/main/java/org/thingsboard/server/transport/lwm2m/server/store/TbLwM2mRedisSecurityStore.java,java/unreleased-lock,ERROR,CWE-764; CWE-833,This lock might not be unlocked or might be locked more times than it is unlocked.
thingsboard/thingsboard,application/src/main/java/org/thingsboard/server/service/install/DefaultDatabaseSchemaSettingsService.java,java/concatenated-sql-query,ERROR,CWE-089; CWE-564,"Query built by concatenation with [this expression](1), which may be untrusted."
thingsboard/thingsboard,application/src/test/java/org/thingsboard/server/controller/EdqsControllerTest.java,java/concatenated-sql-query,ERROR,CWE-089; CWE-564,"Query built by concatenation with [this expression](1), which may be untrusted."
thingsboard/thingsboard,application/src/main/java/org/thingsboard/server/config/CustomOAuth2AuthorizationRequestResolver.java,java/log-injection,ERROR,CWE-117,This log entry depends on a [user-provided value](1).
thingsboard/thingsboard,application/src/main/java/org/thingsboard/server/controller/BaseController.java,java/log-injection,ERROR,CWE-117,This log entry depends on a [user-provided value](1).
thingsboard/thingsboard,application/src/main/java/org/thingsboard/server/controller/BaseController.java,java/log-injection,ERROR,CWE-117,"This log entry depends on a [user-provided value](1).
This log entry depends on a [user-provided value](2)."
thingsboard/thingsboard,application/src/main/java/org/thingsboard/server/controller/OAuth2Controller.java,java/log-injection,ERROR,CWE-117,This log entry depends on a [user-provided value](1).
thingsboard/thingsboard,application/src/main/java/org/thingsboard/server/controller/OAuth2Controller.java,java/log-injection,ERROR,CWE-117,This log entry depends on a [user-provided value](1).
thingsboard/thingsboard,application/src/main/java/org/thingsboard/server/controller/plugin/TbWebSocketHandler.java,java/log-injection,ERROR,CWE-117,This log entry depends on a [user-provided value](1).
thingsboard/thingsboard,application/src/main/java/org/thingsboard/server/controller/plugin/TbWebSocketHandler.java,java/log-injection,ERROR,CWE-117,This log entry depends on a [user-provided value](1).
thingsboard/thingsboard,application/src/main/java/org/thingsboard/server/service/apiusage/DefaultTbApiUsageStateService.java,java/log-injection,ERROR,CWE-117,This log entry depends on a [user-provided value](1).
thingsboard/thingsboard,application/src/main/java/org/thingsboard/server/service/edge/instructions/BaseEdgeInstallUpgradeInstructionsService.java,java/log-injection,ERROR,CWE-117,"This log entry depends on a [user-provided value](1).
This log entry depends on a [user-provided value](2)."
thingsboard/thingsboard,application/src/main/java/org/thingsboard/server/service/edqs/DefaultEdqsService.java,java/log-injection,ERROR,CWE-117,This log entry depends on a [user-provided value](1).
thingsboard/thingsboard,application/src/main/java/org/thingsboard/server/service/entitiy/tenant/profile/DefaultTbTenantProfileService.java,java/log-injection,ERROR,CWE-117,This log entry depends on a [user-provided value](1).
thingsboard/thingsboard,application/src/main/java/org/thingsboard/server/service/entitiy/tenant/profile/DefaultTbTenantProfileService.java,java/log-injection,ERROR,CWE-117,This log entry depends on a [user-provided value](1).
thingsboard/thingsboard,application/src/main/java/org/thingsboard/server/service/entitiy/tenant/profile/DefaultTbTenantProfileService.java,java/log-injection,ERROR,CWE-117,This log entry depends on a [user-provided value](1).
thingsboard/thingsboard,application/src/main/java/org/thingsboard/server/service/iot_hub/DefaultIotHubService.java,java/log-injection,ERROR,CWE-117,This log entry depends on a [user-provided value](1).
thingsboard/thingsboard,application/src/main/java/org/thingsboard/server/service/iot_hub/DefaultIotHubService.java,java/log-injection,ERROR,CWE-117,This log entry depends on a [user-provided value](1).
thingsboard/thingsboard,application/src/main/java/org/thingsboard/server/service/iot_hub/DefaultIotHubService.java,java/log-injection,ERROR,CWE-117,This log entry depends on a [user-provided value](1).
thingsboard/thingsboard,application/src/main/java/org/thingsboard/server/service/iot_hub/IotHubRestClient.java,java/log-injection,ERROR,CWE-117,"This log entry depends on a [user-provided value](1).
This log entry depends on a [user-provided value](2).
This log entry depends on a [user-provided value](3).
This log entry depends on a [user-provided value](4)."
thingsboard/thingsboard,application/src/main/java/org/thingsboard/server/service/iot_hub/IotHubRestClient.java,java/log-injection,ERROR,CWE-117,"This log entry depends on a [user-provided value](1).
This log entry depends on a [user-provided value](2)."
thingsboard/thingsboard,application/src/main/java/org/thingsboard/server/service/iot_hub/IotHubRestClient.java,java/log-injection,ERROR,CWE-117,"This log entry depends on a [user-provided value](1).
This log entry depends on a [user-provided value](2)."
thingsboard/thingsboard,application/src/main/java/org/thingsboard/server/service/notification/DefaultNotificationCenter.java,java/log-injection,ERROR,CWE-117,This log entry depends on a [user-provided value](1).
thingsboard/thingsboard,application/src/main/java/org/thingsboard/server/service/notification/DefaultNotificationCenter.java,java/log-injection,ERROR,CWE-117,This log entry depends on a [user-provided value](1).
thingsboard/thingsboard,application/src/main/java/org/thingsboard/server/service/notification/DefaultNotificationCenter.java,java/log-injection,ERROR,CWE-117,This log entry depends on a [user-provided value](1).
thingsboard/thingsboard,application/src/main/java/org/thingsboard/server/service/profile/DefaultTbAssetProfileCache.java,java/log-injection,ERROR,CWE-117,"This log entry depends on a [user-provided value](1).
This log entry depends on a [user-provided value](2).
This log entry depends on a [user-provided value](3).
This log entry depends on a [user-provided value](4).
This log entry depends on a [user-provided value](5).
This log entry depends on a [user-provided value](6).
This log entry depends on a [user-provided value](7).
This log entry depends on a [user-provided value](8).
This log entry depends on a [user-provided value](9).
This log entry"
thingsboard/thingsboard,application/src/main/java/org/thingsboard/server/service/profile/DefaultTbDeviceProfileCache.java,java/log-injection,ERROR,CWE-117,"This log entry depends on a [user-provided value](1).
This log entry depends on a [user-provided value](2).
This log entry depends on a [user-provided value](3).
This log entry depends on a [user-provided value](4).
This log entry depends on a [user-provided value](5).
This log entry depends on a [user-provided value](6).
This log entry depends on a [user-provided value](7).
This log entry depends on a [user-provided value](8).
This log entry depends on a [user-provided value](9).
This log entry"
thingsboard/thingsboard,application/src/main/java/org/thingsboard/server/service/rule/DefaultTbRuleChainService.java,java/log-injection,ERROR,CWE-117,This log entry depends on a [user-provided value](1).
thingsboard/thingsboard,application/src/main/java/org/thingsboard/server/service/security/auth/oauth2/GithubOAuth2ClientMapper.java,java/log-injection,ERROR,CWE-117,This log entry depends on a [user-provided value](1).
thingsboard/thingsboard,application/src/main/java/org/thingsboard/server/service/sms/DefaultSmsService.java,java/log-injection,ERROR,CWE-117,This log entry depends on a [user-provided value](1).
thingsboard/thingsboard,application/src/main/java/org/thingsboard/server/service/sync/vc/DefaultGitVersionControlQueueService.java,java/log-injection,ERROR,CWE-117,This log entry depends on a [user-provided value](1).
thingsboard/thingsboard,application/src/main/java/org/thingsboard/server/service/sync/vc/DefaultGitVersionControlQueueService.java,java/log-injection,ERROR,CWE-117,This log entry depends on a [user-provided value](1).
thingsboard/thingsboard,application/src/main/java/org/thingsboard/server/service/telemetry/AbstractSubscriptionService.java,java/log-injection,ERROR,CWE-117,"This log entry depends on a [user-provided value](1).
This log entry depends on a [user-provided value](2).
This log entry depends on a [user-provided value](3)."
thingsboard/thingsboard,application/src/main/java/org/thingsboard/server/utils/LwM2mObjectModelUtils.java,java/log-injection,ERROR,CWE-117,"This log entry depends on a [user-provided value](1).
This log entry depends on a [user-provided value](2).
This log entry depends on a [user-provided value](3).
This log entry depends on a [user-provided value](4).
This log entry depends on a [user-provided value](5).
This log entry depends on a [user-provided value](6)."
thingsboard/thingsboard,application/src/main/java/org/thingsboard/server/utils/LwM2mObjectModelUtils.java,java/log-injection,ERROR,CWE-117,"This log entry depends on a [user-provided value](1).
This log entry depends on a [user-provided value](2).
This log entry depends on a [user-provided value](3).
This log entry depends on a [user-provided value](4).
This log entry depends on a [user-provided value](5).
This log entry depends on a [user-provided value](6)."
thingsboard/thingsboard,common/cache/src/main/java/org/thingsboard/server/cache/RedisTbTransactionalCache.java,java/log-injection,ERROR,CWE-117,"This log entry depends on a [user-provided value](1).
This log entry depends on a [user-provided value](2).
This log entry depends on a [user-provided value](3).
This log entry depends on a [user-provided value](4).
This log entry depends on a [user-provided value](5).
This log entry depends on a [user-provided value](6).
This log entry depends on a [user-provided value](7).
This log entry depends on a [user-provided value](8).
This log entry depends on a [user-provided value](9).
This log entry"
thingsboard/thingsboard,common/cache/src/main/java/org/thingsboard/server/cache/RedisTbTransactionalCache.java,java/log-injection,ERROR,CWE-117,"This log entry depends on a [user-provided value](1).
This log entry depends on a [user-provided value](2).
This log entry depends on a [user-provided value](3).
This log entry depends on a [user-provided value](4).
This log entry depends on a [user-provided value](5).
This log entry depends on a [user-provided value](6).
This log entry depends on a [user-provided value](7).
This log entry depends on a [user-provided value](8).
This log entry depends on a [user-provided value](9).
This log entry"
thingsboard/thingsboard,common/data/src/main/java/org/thingsboard/server/common/data/kv/AggregationParams.java,java/log-injection,ERROR,CWE-117,This log entry depends on a [user-provided value](1).
thingsboard/thingsboard,common/data/src/main/java/org/thingsboard/server/common/data/util/TbDDFFileParser.java,java/log-injection,ERROR,CWE-117,"This log entry depends on a [user-provided value](1).
This log entry depends on a [user-provided value](2).
This log entry depends on a [user-provided value](3).
This log entry depends on a [user-provided value](4).
This log entry depends on a [user-provided value](5).
This log entry depends on a [user-provided value](6)."
thingsboard/thingsboard,common/transport/mqtt/src/main/java/org/thingsboard/server/transport/mqtt/MqttTransportHandler.java,java/log-injection,ERROR,CWE-117,This log entry depends on a [user-provided value](1).
thingsboard/thingsboard,common/transport/mqtt/src/main/java/org/thingsboard/server/transport/mqtt/MqttTransportHandler.java,java/log-injection,ERROR,CWE-117,This log entry depends on a [user-provided value](1).
thingsboard/thingsboard,common/transport/mqtt/src/main/java/org/thingsboard/server/transport/mqtt/limits/ProxyIpFilter.java,java/log-injection,ERROR,CWE-117,This log entry depends on a [user-provided value](1).
thingsboard/thingsboard,common/transport/mqtt/src/main/java/org/thingsboard/server/transport/mqtt/limits/ProxyIpFilter.java,java/log-injection,ERROR,CWE-117,This log entry depends on a [user-provided value](1).
thingsboard/thingsboard,common/util/src/main/java/org/thingsboard/common/util/SsrfProtectionValidator.java,java/log-injection,ERROR,CWE-117,This log entry depends on a [user-provided value](1).
thingsboard/thingsboard,dao/src/main/java/org/thingsboard/server/dao/alarm/BaseAlarmCommentService.java,java/log-injection,ERROR,CWE-117,This log entry depends on a [user-provided value](1).
thingsboard/thingsboard,dao/src/main/java/org/thingsboard/server/dao/alarm/BaseAlarmCommentService.java,java/log-injection,ERROR,CWE-117,This log entry depends on a [user-provided value](1).
thingsboard/thingsboard,dao/src/main/java/org/thingsboard/server/dao/asset/AssetProfileServiceImpl.java,java/log-injection,ERROR,CWE-117,"This log entry depends on a [user-provided value](1).
This log entry depends on a [user-provided value](2).
This log entry depends on a [user-provided value](3).
This log entry depends on a [user-provided value](4).
This log entry depends on a [user-provided value](5).
This log entry depends on a [user-provided value](6).
This log entry depends on a [user-provided value](7).
This log entry depends on a [user-provided value](8).
This log entry depends on a [user-provided value](9).
This log entry"
thingsboard/thingsboard,dao/src/main/java/org/thingsboard/server/dao/asset/AssetProfileServiceImpl.java,java/log-injection,ERROR,CWE-117,This log entry depends on a [user-provided value](1).
thingsboard/thingsboard,dao/src/main/java/org/thingsboard/server/dao/asset/AssetProfileServiceImpl.java,java/log-injection,ERROR,CWE-117,"This log entry depends on a [user-provided value](1).
This log entry depends on a [user-provided value](2)."
thingsboard/thingsboard,dao/src/main/java/org/thingsboard/server/dao/asset/AssetProfileServiceImpl.java,java/log-injection,ERROR,CWE-117,This log entry depends on a [user-provided value](1).
thingsboard/thingsboard,dao/src/main/java/org/thingsboard/server/dao/asset/AssetProfileServiceImpl.java,java/log-injection,ERROR,CWE-117,"This log entry depends on a [user-provided value](1).
This log entry depends on a [user-provided value](2)."
thingsboard/thingsboard,dao/src/main/java/org/thingsboard/server/dao/asset/BaseAssetService.java,java/log-injection,ERROR,CWE-117,This log entry depends on a [user-provided value](1).
thingsboard/thingsboard,dao/src/main/java/org/thingsboard/server/dao/asset/BaseAssetService.java,java/log-injection,ERROR,CWE-117,This log entry depends on a [user-provided value](1).
thingsboard/thingsboard,dao/src/main/java/org/thingsboard/server/dao/cf/BaseCalculatedFieldService.java,java/log-injection,ERROR,CWE-117,This log entry depends on a [user-provided value](1).
thingsboard/thingsboard,dao/src/main/java/org/thingsboard/server/dao/cf/BaseCalculatedFieldService.java,java/log-injection,ERROR,CWE-117,"This log entry depends on a [user-provided value](1).
This log entry depends on a [user-provided value](2).
This log entry depends on a [user-provided value](3)."
thingsboard/thingsboard,dao/src/main/java/org/thingsboard/server/dao/cf/BaseCalculatedFieldService.java,java/log-injection,ERROR,CWE-117,This log entry depends on a [user-provided value](1).
thingsboard/thingsboard,dao/src/main/java/org/thingsboard/server/dao/customer/CustomerServiceImpl.java,java/log-injection,ERROR,CWE-117,This log entry depends on a [user-provided value](1).
thingsboard/thingsboard,dao/src/main/java/org/thingsboard/server/dao/customer/CustomerServiceImpl.java,java/log-injection,ERROR,CWE-117,"This log entry depends on a [user-provided value](1).
This log entry depends on a [user-provided value](2)."
thingsboard/thingsboard,dao/src/main/java/org/thingsboard/server/dao/customer/CustomerServiceImpl.java,java/log-injection,ERROR,CWE-117,This log entry depends on a [user-provided value](1).
thingsboard/thingsboard,dao/src/main/java/org/thingsboard/server/dao/dashboard/DashboardServiceImpl.java,java/log-injection,ERROR,CWE-117,This log entry depends on a [user-provided value](1).
thingsboard/thingsboard,dao/src/main/java/org/thingsboard/server/dao/dashboard/DashboardServiceImpl.java,java/log-injection,ERROR,CWE-117,"This log entry depends on a [user-provided value](1).
This log entry depends on a [user-provided value](2)."
thingsboard/thingsboard,dao/src/main/java/org/thingsboard/server/dao/dashboard/DashboardServiceImpl.java,java/log-injection,ERROR,CWE-117,This log entry depends on a [user-provided value](1).
thingsboard/thingsboard,dao/src/main/java/org/thingsboard/server/dao/dashboard/DashboardServiceImpl.java,java/log-injection,ERROR,CWE-117,This log entry depends on a [user-provided value](1).
thingsboard/thingsboard,dao/src/main/java/org/thingsboard/server/dao/dashboard/DashboardServiceImpl.java,java/log-injection,ERROR,CWE-117,This log entry depends on a [user-provided value](1).
thingsboard/thingsboard,dao/src/main/java/org/thingsboard/server/dao/device/DeviceConnectivityServiceImpl.java,java/log-injection,ERROR,CWE-117,This log entry depends on a [user-provided value](1).
thingsboard/thingsboard,dao/src/main/java/org/thingsboard/server/dao/device/DeviceConnectivityServiceImpl.java,java/log-injection,ERROR,CWE-117,This log entry depends on a [user-provided value](1).
thingsboard/thingsboard,dao/src/main/java/org/thingsboard/server/dao/device/DeviceCredentialsServiceImpl.java,java/log-injection,ERROR,CWE-117,"This log entry depends on a [user-provided value](1).
This log entry depends on a [user-provided value](2)."
thingsboard/thingsboard,dao/src/main/java/org/thingsboard/server/dao/device/DeviceProfileServiceImpl.java,java/log-injection,ERROR,CWE-117,"This log entry depends on a [user-provided value](1).
This log entry depends on a [user-provided value](2).
This log entry depends on a [user-provided value](3).
This log entry depends on a [user-provided value](4).
This log entry depends on a [user-provided value](5).
This log entry depends on a [user-provided value](6).
This log entry depends on a [user-provided value](7).
This log entry depends on a [user-provided value](8).
This log entry depends on a [user-provided value](9).
This log entry"
thingsboard/thingsboard,dao/src/main/java/org/thingsboard/server/dao/device/DeviceProfileServiceImpl.java,java/log-injection,ERROR,CWE-117,"This log entry depends on a [user-provided value](1).
This log entry depends on a [user-provided value](2)."
thingsboard/thingsboard,dao/src/main/java/org/thingsboard/server/dao/device/DeviceProfileServiceImpl.java,java/log-injection,ERROR,CWE-117,"This log entry depends on a [user-provided value](1).
This log entry depends on a [user-provided value](2).
This log entry depends on a [user-provided value](3)."
thingsboard/thingsboard,dao/src/main/java/org/thingsboard/server/dao/device/DeviceProfileServiceImpl.java,java/log-injection,ERROR,CWE-117,This log entry depends on a [user-provided value](1).
thingsboard/thingsboard,dao/src/main/java/org/thingsboard/server/dao/device/DeviceProfileServiceImpl.java,java/log-injection,ERROR,CWE-117,"This log entry depends on a [user-provided value](1).
This log entry depends on a [user-provided value](2).
This log entry depends on a [user-provided value](3)."
thingsboard/thingsboard,dao/src/main/java/org/thingsboard/server/dao/device/DeviceServiceImpl.java,java/log-injection,ERROR,CWE-117,"This log entry depends on a [user-provided value](1).
This log entry depends on a [user-provided value](2)."
thingsboard/thingsboard,dao/src/main/java/org/thingsboard/server/dao/device/DeviceServiceImpl.java,java/log-injection,ERROR,CWE-117,"This log entry depends on a [user-provided value](1).
This log entry depends on a [user-provided value](2).
This log entry depends on a [user-provided value](3)."
thingsboard/thingsboard,dao/src/main/java/org/thingsboard/server/dao/device/DeviceServiceImpl.java,java/log-injection,ERROR,CWE-117,"This log entry depends on a [user-provided value](1).
This log entry depends on a [user-provided value](2)."
thingsboard/thingsboard,dao/src/main/java/org/thingsboard/server/dao/domain/DomainServiceImpl.java,java/log-injection,ERROR,CWE-117,This log entry depends on a [user-provided value](1).
thingsboard/thingsboard,dao/src/main/java/org/thingsboard/server/dao/domain/DomainServiceImpl.java,java/log-injection,ERROR,CWE-117,"This log entry depends on a [user-provided value](1).
This log entry depends on a [user-provided value](2).
This log entry depends on a [user-provided value](3)."
thingsboard/thingsboard,dao/src/main/java/org/thingsboard/server/dao/edge/EdgeServiceImpl.java,java/log-injection,ERROR,CWE-117,This log entry depends on a [user-provided value](1).
thingsboard/thingsboard,dao/src/main/java/org/thingsboard/server/dao/edge/EdgeServiceImpl.java,java/log-injection,ERROR,CWE-117,This log entry depends on a [user-provided value](1).
thingsboard/thingsboard,dao/src/main/java/org/thingsboard/server/dao/edge/EdgeServiceImpl.java,java/log-injection,ERROR,CWE-117,This log entry depends on a [user-provided value](1).
thingsboard/thingsboard,dao/src/main/java/org/thingsboard/server/dao/edge/EdgeServiceImpl.java,java/log-injection,ERROR,CWE-117,This log entry depends on a [user-provided value](1).
thingsboard/thingsboard,dao/src/main/java/org/thingsboard/server/dao/entity/BaseEntityService.java,java/log-injection,ERROR,CWE-117,"This log entry depends on a [user-provided value](1).
This log entry depends on a [user-provided value](2).
This log entry depends on a [user-provided value](3).
This log entry depends on a [user-provided value](4).
This log entry depends on a [user-provided value](5).
This log entry depends on a [user-provided value](6).
This log entry depends on a [user-provided value](7).
This log entry depends on a [user-provided value](8).
This log entry depends on a [user-provided value](9)."
thingsboard/thingsboard,dao/src/main/java/org/thingsboard/server/dao/entity/BaseEntityService.java,java/log-injection,ERROR,CWE-117,"This log entry depends on a [user-provided value](1).
This log entry depends on a [user-provided value](2).
This log entry depends on a [user-provided value](3).
This log entry depends on a [user-provided value](4).
This log entry depends on a [user-provided value](5).
This log entry depends on a [user-provided value](6).
This log entry depends on a [user-provided value](7).
This log entry depends on a [user-provided value](8).
This log entry depends on a [user-provided value](9)."
thingsboard/thingsboard,dao/src/main/java/org/thingsboard/server/dao/entity/BaseEntityService.java,java/log-injection,ERROR,CWE-117,"This log entry depends on a [user-provided value](1).
This log entry depends on a [user-provided value](2).
This log entry depends on a [user-provided value](3)."
thingsboard/thingsboard,dao/src/main/java/org/thingsboard/server/dao/entity/BaseEntityService.java,java/log-injection,ERROR,CWE-117,This log entry depends on a [user-provided value](1).
thingsboard/thingsboard,dao/src/main/java/org/thingsboard/server/dao/entityview/EntityViewServiceImpl.java,java/log-injection,ERROR,CWE-117,This log entry depends on a [user-provided value](1).
thingsboard/thingsboard,dao/src/main/java/org/thingsboard/server/dao/entityview/EntityViewServiceImpl.java,java/log-injection,ERROR,CWE-117,This log entry depends on a [user-provided value](1).
thingsboard/thingsboard,dao/src/main/java/org/thingsboard/server/dao/entityview/EntityViewServiceImpl.java,java/log-injection,ERROR,CWE-117,This log entry depends on a [user-provided value](1).
thingsboard/thingsboard,dao/src/main/java/org/thingsboard/server/dao/mobile/MobileAppBundleServiceImpl.java,java/log-injection,ERROR,CWE-117,This log entry depends on a [user-provided value](1).
thingsboard/thingsboard,dao/src/main/java/org/thingsboard/server/dao/mobile/MobileAppBundleServiceImpl.java,java/log-injection,ERROR,CWE-117,"This log entry depends on a [user-provided value](1).
This log entry depends on a [user-provided value](2).
This log entry depends on a [user-provided value](3)."
thingsboard/thingsboard,dao/src/main/java/org/thingsboard/server/dao/mobile/MobileAppServiceImpl.java,java/log-injection,ERROR,CWE-117,This log entry depends on a [user-provided value](1).
thingsboard/thingsboard,dao/src/main/java/org/thingsboard/server/dao/mobile/MobileAppServiceImpl.java,java/log-injection,ERROR,CWE-117,"This log entry depends on a [user-provided value](1).
This log entry depends on a [user-provided value](2).
This log entry depends on a [user-provided value](3)."
thingsboard/thingsboard,dao/src/main/java/org/thingsboard/server/dao/mobile/MobileAppServiceImpl.java,java/log-injection,ERROR,CWE-117,"This log entry depends on a [user-provided value](1).
This log entry depends on a [user-provided value](2)."
thingsboard/thingsboard,dao/src/main/java/org/thingsboard/server/dao/oauth2/OAuth2ClientServiceImpl.java,java/log-injection,ERROR,CWE-117,"This log entry depends on a [user-provided value](1).
This log entry depends on a [user-provided value](2)."
thingsboard/thingsboard,dao/src/main/java/org/thingsboard/server/dao/oauth2/OAuth2ClientServiceImpl.java,java/log-injection,ERROR,CWE-117,This log entry depends on a [user-provided value](1).
thingsboard/thingsboard,dao/src/main/java/org/thingsboard/server/dao/oauth2/OAuth2ConfigTemplateServiceImpl.java,java/log-injection,ERROR,CWE-117,This log entry depends on a [user-provided value](1).
thingsboard/thingsboard,dao/src/main/java/org/thingsboard/server/dao/ota/BaseOtaPackageService.java,java/log-injection,ERROR,CWE-117,"This log entry depends on a [user-provided value](1).
This log entry depends on a [user-provided value](2).
This log entry depends on a [user-provided value](3)."
thingsboard/thingsboard,dao/src/main/java/org/thingsboard/server/dao/pat/ApiKeyServiceImpl.java,java/log-injection,ERROR,CWE-117,This log entry depends on a [user-provided value](1).
thingsboard/thingsboard,dao/src/main/java/org/thingsboard/server/dao/pat/ApiKeyServiceImpl.java,java/log-injection,ERROR,CWE-117,"This log entry depends on a [user-provided value](1).
This log entry depends on a [user-provided value](2).
This log entry depends on a [user-provided value](3)."
thingsboard/thingsboard,dao/src/main/java/org/thingsboard/server/dao/pat/ApiKeyServiceImpl.java,java/log-injection,ERROR,CWE-117,This log entry depends on a [user-provided value](1).
thingsboard/thingsboard,dao/src/main/java/org/thingsboard/server/dao/queue/BaseQueueService.java,java/log-injection,ERROR,CWE-117,This log entry depends on a [user-provided value](1).
thingsboard/thingsboard,dao/src/main/java/org/thingsboard/server/dao/queue/BaseQueueService.java,java/log-injection,ERROR,CWE-117,"This log entry depends on a [user-provided value](1).
This log entry depends on a [user-provided value](2)."
thingsboard/thingsboard,dao/src/main/java/org/thingsboard/server/dao/queue/BaseQueueService.java,java/log-injection,ERROR,CWE-117,"This log entry depends on a [user-provided value](1).
This log entry depends on a [user-provided value](2).
This log entry depends on a [user-provided value](3)."
thingsboard/thingsboard,dao/src/main/java/org/thingsboard/server/dao/relation/BaseRelationService.java,java/log-injection,ERROR,CWE-117,"This log entry depends on a [user-provided value](1).
This log entry depends on a [user-provided value](2)."
thingsboard/thingsboard,dao/src/main/java/org/thingsboard/server/dao/relation/BaseRelationService.java,java/log-injection,ERROR,CWE-117,"This log entry depends on a [user-provided value](1).
This log entry depends on a [user-provided value](2)."
thingsboard/thingsboard,dao/src/main/java/org/thingsboard/server/dao/relation/BaseRelationService.java,java/log-injection,ERROR,CWE-117,"This log entry depends on a [user-provided value](1).
This log entry depends on a [user-provided value](2)."
thingsboard/thingsboard,dao/src/main/java/org/thingsboard/server/dao/relation/BaseRelationService.java,java/log-injection,ERROR,CWE-117,"This log entry depends on a [user-provided value](1).
This log entry depends on a [user-provided value](2)."
thingsboard/thingsboard,dao/src/main/java/org/thingsboard/server/dao/relation/BaseRelationService.java,java/log-injection,ERROR,CWE-117,This log entry depends on a [user-provided value](1).
thingsboard/thingsboard,dao/src/main/java/org/thingsboard/server/dao/resource/BaseImageService.java,java/log-injection,ERROR,CWE-117,"This log entry depends on a [user-provided value](1).
This log entry depends on a [user-provided value](2).
This log entry depends on a [user-provided value](3).
This log entry depends on a [user-provided value](4).
This log entry depends on a [user-provided value](5).
This log entry depends on a [user-provided value](6).
This log entry depends on a [user-provided value](7).
This log entry depends on a [user-provided value](8).
This log entry depends on a [user-provided value](9).
This log entry"
thingsboard/thingsboard,dao/src/main/java/org/thingsboard/server/dao/resource/BaseImageService.java,java/log-injection,ERROR,CWE-117,"This log entry depends on a [user-provided value](1).
This log entry depends on a [user-provided value](2)."
thingsboard/thingsboard,dao/src/main/java/org/thingsboard/server/dao/resource/BaseImageService.java,java/log-injection,ERROR,CWE-117,"This log entry depends on a [user-provided value](1).
This log entry depends on a [user-provided value](2)."
thingsboard/thingsboard,dao/src/main/java/org/thingsboard/server/dao/resource/BaseImageService.java,java/log-injection,ERROR,CWE-117,"This log entry depends on a [user-provided value](1).
This log entry depends on a [user-provided value](2).
This log entry depends on a [user-provided value](3)."
thingsboard/thingsboard,dao/src/main/java/org/thingsboard/server/dao/resource/BaseImageService.java,java/log-injection,ERROR,CWE-117,This log entry depends on a [user-provided value](1).
thingsboard/thingsboard,dao/src/main/java/org/thingsboard/server/dao/resource/BaseImageService.java,java/log-injection,ERROR,CWE-117,This log entry depends on a [user-provided value](1).
thingsboard/thingsboard,dao/src/main/java/org/thingsboard/server/dao/resource/BaseResourceService.java,java/log-injection,ERROR,CWE-117,This log entry depends on a [user-provided value](1).
thingsboard/thingsboard,dao/src/main/java/org/thingsboard/server/dao/resource/BaseResourceService.java,java/log-injection,ERROR,CWE-117,"This log entry depends on a [user-provided value](1).
This log entry depends on a [user-provided value](2)."
thingsboard/thingsboard,dao/src/main/java/org/thingsboard/server/dao/resource/BaseResourceService.java,java/log-injection,ERROR,CWE-117,"This log entry depends on a [user-provided value](1).
This log entry depends on a [user-provided value](2)."
thingsboard/thingsboard,dao/src/main/java/org/thingsboard/server/dao/resource/BaseResourceService.java,java/log-injection,ERROR,CWE-117,"This log entry depends on a [user-provided value](1).
This log entry depends on a [user-provided value](2)."
thingsboard/thingsboard,dao/src/main/java/org/thingsboard/server/dao/resource/BaseResourceService.java,java/log-injection,ERROR,CWE-117,"This log entry depends on a [user-provided value](1).
This log entry depends on a [user-provided value](2)."
thingsboard/thingsboard,dao/src/main/java/org/thingsboard/server/dao/resource/BaseResourceService.java,java/log-injection,ERROR,CWE-117,"This log entry depends on a [user-provided value](1).
This log entry depends on a [user-provided value](2).
This log entry depends on a [user-provided value](3).
This log entry depends on a [user-provided value](4).
This log entry depends on a [user-provided value](5)."
thingsboard/thingsboard,dao/src/main/java/org/thingsboard/server/dao/resource/BaseResourceService.java,java/log-injection,ERROR,CWE-117,"This log entry depends on a [user-provided value](1).
This log entry depends on a [user-provided value](2)."
thingsboard/thingsboard,dao/src/main/java/org/thingsboard/server/dao/rpc/BaseRpcService.java,java/log-injection,ERROR,CWE-117,"This log entry depends on a [user-provided value](1).
This log entry depends on a [user-provided value](2).
This log entry depends on a [user-provided value](3)."
thingsboard/thingsboard,dao/src/main/java/org/thingsboard/server/dao/rule/BaseRuleChainService.java,java/log-injection,ERROR,CWE-117,"This log entry depends on a [user-provided value](1).
This log entry depends on a [user-provided value](2)."
thingsboard/thingsboard,dao/src/main/java/org/thingsboard/server/dao/settings/AdminSettingsServiceImpl.java,java/log-injection,ERROR,CWE-117,This log entry depends on a [user-provided value](1).
thingsboard/thingsboard,dao/src/main/java/org/thingsboard/server/dao/settings/AdminSettingsServiceImpl.java,java/log-injection,ERROR,CWE-117,This log entry depends on a [user-provided value](1).
thingsboard/thingsboard,dao/src/main/java/org/thingsboard/server/dao/sql/JpaAbstractDao.java,java/log-injection,ERROR,CWE-117,"This log entry depends on a [user-provided value](1).
This log entry depends on a [user-provided value](2).
This log entry depends on a [user-provided value](3).
This log entry depends on a [user-provided value](4).
This log entry depends on a [user-provided value](5).
This log entry depends on a [user-provided value](6).
This log entry depends on a [user-provided value](7).
This log entry depends on a [user-provided value](8).
This log entry depends on a [user-provided value](9).
This log entry"
thingsboard/thingsboard,dao/src/main/java/org/thingsboard/server/dao/sql/device/JpaDeviceCredentialsDao.java,java/log-injection,ERROR,CWE-117,"This log entry depends on a [user-provided value](1).
This log entry depends on a [user-provided value](2).
This log entry depends on a [user-provided value](3)."
thingsboard/thingsboard,dao/src/main/java/org/thingsboard/server/dao/sql/query/DefaultQueryLogComponent.java,java/log-injection,ERROR,CWE-117,"This log entry depends on a [user-provided value](1).
This log entry depends on a [user-provided value](2).
This log entry depends on a [user-provided value](3).
This log entry depends on a [user-provided value](4).
This log entry depends on a [user-provided value](5).
This log entry depends on a [user-provided value](6).
This log entry depends on a [user-provided value](7).
This log entry depends on a [user-provided value](8).
This log entry depends on a [user-provided value](9)."
thingsboard/thingsboard,dao/src/main/java/org/thingsboard/server/dao/sql/user/JpaUserSettingsDao.java,java/log-injection,ERROR,CWE-117,"This log entry depends on a [user-provided value](1).
This log entry depends on a [user-provided value](2).
This log entry depends on a [user-provided value](3)."
thingsboard/thingsboard,dao/src/main/java/org/thingsboard/server/dao/sqlts/CachedRedisSqlTimeseriesLatestDao.java,java/log-injection,ERROR,CWE-117,This log entry depends on a [user-provided value](1).
thingsboard/thingsboard,dao/src/main/java/org/thingsboard/server/dao/sqlts/CachedRedisSqlTimeseriesLatestDao.java,java/log-injection,ERROR,CWE-117,This log entry depends on a [user-provided value](1).
thingsboard/thingsboard,dao/src/main/java/org/thingsboard/server/dao/sqlts/dictionary/JpaKeyDictionaryDao.java,java/log-injection,ERROR,CWE-117,"This log entry depends on a [user-provided value](1).
This log entry depends on a [user-provided value](2).
This log entry depends on a [user-provided value](3)."
thingsboard/thingsboard,dao/src/main/java/org/thingsboard/server/dao/tenant/TenantProfileServiceImpl.java,java/log-injection,ERROR,CWE-117,This log entry depends on a [user-provided value](1).
thingsboard/thingsboard,dao/src/main/java/org/thingsboard/server/dao/tenant/TenantServiceImpl.java,java/log-injection,ERROR,CWE-117,"This log entry depends on a [user-provided value](1).
This log entry depends on a [user-provided value](2).
This log entry depends on a [user-provided value](3).
This log entry depends on a [user-provided value](4).
This log entry depends on a [user-provided value](5).
This log entry depends on a [user-provided value](6).
This log entry depends on a [user-provided value](7).
This log entry depends on a [user-provided value](8).
This log entry depends on a [user-provided value](9).
This log entry"
thingsboard/thingsboard,dao/src/main/java/org/thingsboard/server/dao/tenant/TenantServiceImpl.java,java/log-injection,ERROR,CWE-117,This log entry depends on a [user-provided value](1).
thingsboard/thingsboard,dao/src/main/java/org/thingsboard/server/dao/tenant/TenantServiceImpl.java,java/log-injection,ERROR,CWE-117,This log entry depends on a [user-provided value](1).
thingsboard/thingsboard,dao/src/main/java/org/thingsboard/server/dao/usagerecord/ApiUsageStateServiceImpl.java,java/log-injection,ERROR,CWE-117,This log entry depends on a [user-provided value](1).
thingsboard/thingsboard,dao/src/main/java/org/thingsboard/server/dao/usagerecord/ApiUsageStateServiceImpl.java,java/log-injection,ERROR,CWE-117,This log entry depends on a [user-provided value](1).
thingsboard/thingsboard,dao/src/main/java/org/thingsboard/server/dao/usagerecord/ApiUsageStateServiceImpl.java,java/log-injection,ERROR,CWE-117,"This log entry depends on a [user-provided value](1).
This log entry depends on a [user-provided value](2).
This log entry depends on a [user-provided value](3)."
thingsboard/thingsboard,dao/src/main/java/org/thingsboard/server/dao/user/UserServiceImpl.java,java/log-injection,ERROR,CWE-117,"This log entry depends on a [user-provided value](1).
This log entry depends on a [user-provided value](2).
This log entry depends on a [user-provided value](3)."
thingsboard/thingsboard,dao/src/main/java/org/thingsboard/server/dao/user/UserServiceImpl.java,java/log-injection,ERROR,CWE-117,"This log entry depends on a [user-provided value](1).
This log entry depends on a [user-provided value](2).
This log entry depends on a [user-provided value](3).
This log entry depends on a [user-provided value](4)."
thingsboard/thingsboard,dao/src/main/java/org/thingsboard/server/dao/user/UserServiceImpl.java,java/log-injection,ERROR,CWE-117,This log entry depends on a [user-provided value](1).
thingsboard/thingsboard,dao/src/main/java/org/thingsboard/server/dao/user/UserServiceImpl.java,java/log-injection,ERROR,CWE-117,This log entry depends on a [user-provided value](1).
thingsboard/thingsboard,dao/src/main/java/org/thingsboard/server/dao/user/UserServiceImpl.java,java/log-injection,ERROR,CWE-117,"This log entry depends on a [user-provided value](1).
This log entry depends on a [user-provided value](2)."
thingsboard/thingsboard,dao/src/main/java/org/thingsboard/server/dao/user/UserServiceImpl.java,java/log-injection,ERROR,CWE-117,This log entry depends on a [user-provided value](1).
thingsboard/thingsboard,dao/src/main/java/org/thingsboard/server/dao/user/UserServiceImpl.java,java/log-injection,ERROR,CWE-117,This log entry depends on a [user-provided value](1).
thingsboard/thingsboard,dao/src/main/java/org/thingsboard/server/dao/user/UserServiceImpl.java,java/log-injection,ERROR,CWE-117,"This log entry depends on a [user-provided value](1).
This log entry depends on a [user-provided value](2)."
thingsboard/thingsboard,dao/src/main/java/org/thingsboard/server/dao/user/UserServiceImpl.java,java/log-injection,ERROR,CWE-117,"This log entry depends on a [user-provided value](1).
This log entry depends on a [user-provided value](2)."
thingsboard/thingsboard,dao/src/main/java/org/thingsboard/server/dao/user/UserSettingsServiceImpl.java,java/log-injection,ERROR,CWE-117,"This log entry depends on a [user-provided value](1).
This log entry depends on a [user-provided value](2)."
thingsboard/thingsboard,dao/src/main/java/org/thingsboard/server/dao/widget/WidgetTypeServiceImpl.java,java/log-injection,ERROR,CWE-117,This log entry depends on a [user-provided value](1).
thingsboard/thingsboard,dao/src/main/java/org/thingsboard/server/dao/widget/WidgetTypeServiceImpl.java,java/log-injection,ERROR,CWE-117,This log entry depends on a [user-provided value](1).
thingsboard/thingsboard,dao/src/main/java/org/thingsboard/server/dao/widget/WidgetTypeServiceImpl.java,java/log-injection,ERROR,CWE-117,"This log entry depends on a [user-provided value](1).
This log entry depends on a [user-provided value](2).
This log entry depends on a [user-provided value](3).
This log entry depends on a [user-provided value](4)."
thingsboard/thingsboard,dao/src/main/java/org/thingsboard/server/dao/widget/WidgetsBundleServiceImpl.java,java/log-injection,ERROR,CWE-117,This log entry depends on a [user-provided value](1).
thingsboard/thingsboard,dao/src/main/java/org/thingsboard/server/dao/widget/WidgetsBundleServiceImpl.java,java/log-injection,ERROR,CWE-117,"This log entry depends on a [user-provided value](1).
This log entry depends on a [user-provided value](2).
This log entry depends on a [user-provided value](3)."
thingsboard/thingsboard,monitoring/src/main/java/org/thingsboard/monitoring/service/MonitoringEntityService.java,java/log-injection,ERROR,CWE-117,"This log entry depends on a [user-provided value](1).
This log entry depends on a [user-provided value](2)."
thingsboard/thingsboard,monitoring/src/main/java/org/thingsboard/monitoring/service/MonitoringEntityService.java,java/log-injection,ERROR,CWE-117,This log entry depends on a [user-provided value](1).
thingsboard/thingsboard,monitoring/src/main/java/org/thingsboard/monitoring/service/MonitoringEntityService.java,java/log-injection,ERROR,CWE-117,This log entry depends on a [user-provided value](1).
thingsboard/thingsboard,application/src/main/java/org/thingsboard/server/config/CustomOAuth2AuthorizationRequestResolver.java,java/log-injection,ERROR,CWE-117,"This log entry depends on a [user-provided value](1).
This log entry depends on a [user-provided value](2)."
thingsboard/thingsboard,application/src/main/java/org/thingsboard/server/service/action/EntityActionService.java,java/log-injection,ERROR,CWE-117,"This log entry depends on a [user-provided value](1).
This log entry depends on a [user-provided value](2).
This log entry depends on a [user-provided value](3)."
thingsboard/thingsboard,application/src/main/java/org/thingsboard/server/service/apiusage/DefaultTbApiUsageStateService.java,java/log-injection,ERROR,CWE-117,This log entry depends on a [user-provided value](1).
thingsboard/thingsboard,application/src/main/java/org/thingsboard/server/service/iot_hub/DefaultIotHubService.java,java/log-injection,ERROR,CWE-117,This log entry depends on a [user-provided value](1).
thingsboard/thingsboard,application/src/main/java/org/thingsboard/server/service/iot_hub/DefaultIotHubService.java,java/log-injection,ERROR,CWE-117,This log entry depends on a [user-provided value](1).
thingsboard/thingsboard,application/src/main/java/org/thingsboard/server/service/iot_hub/DefaultIotHubService.java,java/log-injection,ERROR,CWE-117,This log entry depends on a [user-provided value](1).
thingsboard/thingsboard,application/src/main/java/org/thingsboard/server/service/iot_hub/DefaultIotHubService.java,java/log-injection,ERROR,CWE-117,This log entry depends on a [user-provided value](1).
thingsboard/thingsboard,application/src/main/java/org/thingsboard/server/service/iot_hub/DefaultIotHubService.java,java/log-injection,ERROR,CWE-117,This log entry depends on a [user-provided value](1).
thingsboard/thingsboard,application/src/main/java/org/thingsboard/server/service/iot_hub/DefaultIotHubService.java,java/log-injection,ERROR,CWE-117,This log entry depends on a [user-provided value](1).
thingsboard/thingsboard,application/src/main/java/org/thingsboard/server/service/notification/DefaultNotificationCenter.java,java/log-injection,ERROR,CWE-117,This log entry depends on a [user-provided value](1).
thingsboard/thingsboard,application/src/main/java/org/thingsboard/server/service/queue/DefaultTbClusterService.java,java/log-injection,ERROR,CWE-117,"This log entry depends on a [user-provided value](1).
This log entry depends on a [user-provided value](2).
This log entry depends on a [user-provided value](3).
This log entry depends on a [user-provided value](4).
This log entry depends on a [user-provided value](5).
This log entry depends on a [user-provided value](6).
This log entry depends on a [user-provided value](7).
This log entry depends on a [user-provided value](8).
This log entry depends on a [user-provided value](9).
This log entry"
thingsboard/thingsboard,application/src/main/java/org/thingsboard/server/service/queue/DefaultTbClusterService.java,java/log-injection,ERROR,CWE-117,"This log entry depends on a [user-provided value](1).
This log entry depends on a [user-provided value](2).
This log entry depends on a [user-provided value](3).
This log entry depends on a [user-provided value](4).
This log entry depends on a [user-provided value](5).
This log entry depends on a [user-provided value](6).
This log entry depends on a [user-provided value](7).
This log entry depends on a [user-provided value](8).
This log entry depends on a [user-provided value](9).
This log entry"
thingsboard/thingsboard,application/src/main/java/org/thingsboard/server/service/queue/DefaultTbClusterService.java,java/log-injection,ERROR,CWE-117,"This log entry depends on a [user-provided value](1).
This log entry depends on a [user-provided value](2).
This log entry depends on a [user-provided value](3).
This log entry depends on a [user-provided value](4).
This log entry depends on a [user-provided value](5).
This log entry depends on a [user-provided value](6).
This log entry depends on a [user-provided value](7).
This log entry depends on a [user-provided value](8).
This log entry depends on a [user-provided value](9).
This log entry"
thingsboard/thingsboard,application/src/main/java/org/thingsboard/server/service/rule/DefaultTbRuleChainService.java,java/log-injection,ERROR,CWE-117,This log entry depends on a [user-provided value](1).
thingsboard/thingsboard,application/src/main/java/org/thingsboard/server/service/rule/DefaultTbRuleChainService.java,java/log-injection,ERROR,CWE-117,This log entry depends on a [user-provided value](1).
thingsboard/thingsboard,application/src/main/java/org/thingsboard/server/service/rule/DefaultTbRuleChainService.java,java/log-injection,ERROR,CWE-117,This log entry depends on a [user-provided value](1).
thingsboard/thingsboard,application/src/main/java/org/thingsboard/server/service/rule/DefaultTbRuleChainService.java,java/log-injection,ERROR,CWE-117,"This log entry depends on a [user-provided value](1).
This log entry depends on a [user-provided value](2)."
thingsboard/thingsboard,application/src/main/java/org/thingsboard/server/service/rule/DefaultTbRuleChainService.java,java/log-injection,ERROR,CWE-117,"This log entry depends on a [user-provided value](1).
This log entry depends on a [user-provided value](2)."
thingsboard/thingsboard,application/src/main/java/org/thingsboard/server/service/rule/DefaultTbRuleChainService.java,java/log-injection,ERROR,CWE-117,"This log entry depends on a [user-provided value](1).
This log entry depends on a [user-provided value](2)."
thingsboard/thingsboard,application/src/main/java/org/thingsboard/server/service/rule/DefaultTbRuleChainService.java,java/log-injection,ERROR,CWE-117,"This log entry depends on a [user-provided value](1).
This log entry depends on a [user-provided value](2)."
thingsboard/thingsboard,application/src/main/java/org/thingsboard/server/service/security/auth/oauth2/AbstractOAuth2ClientMapper.java,java/log-injection,ERROR,CWE-117,This log entry depends on a [user-provided value](1).
thingsboard/thingsboard,application/src/main/java/org/thingsboard/server/service/subscription/DefaultSubscriptionManagerService.java,java/log-injection,ERROR,CWE-117,This log entry depends on a [user-provided value](1).
thingsboard/thingsboard,application/src/main/java/org/thingsboard/server/service/subscription/DefaultSubscriptionManagerService.java,java/log-injection,ERROR,CWE-117,This log entry depends on a [user-provided value](1).
thingsboard/thingsboard,application/src/main/java/org/thingsboard/server/service/subscription/DefaultSubscriptionManagerService.java,java/log-injection,ERROR,CWE-117,This log entry depends on a [user-provided value](1).
thingsboard/thingsboard,application/src/main/java/org/thingsboard/server/service/subscription/DefaultSubscriptionManagerService.java,java/log-injection,ERROR,CWE-117,"This log entry depends on a [user-provided value](1).
This log entry depends on a [user-provided value](2).
This log entry depends on a [user-provided value](3)."
thingsboard/thingsboard,application/src/main/java/org/thingsboard/server/service/subscription/DefaultTbEntityDataSubscriptionService.java,java/log-injection,ERROR,CWE-117,This log entry depends on a [user-provided value](1).
thingsboard/thingsboard,application/src/main/java/org/thingsboard/server/service/subscription/DefaultTbEntityDataSubscriptionService.java,java/log-injection,ERROR,CWE-117,This log entry depends on a [user-provided value](1).
thingsboard/thingsboard,application/src/main/java/org/thingsboard/server/service/subscription/DefaultTbEntityDataSubscriptionService.java,java/log-injection,ERROR,CWE-117,This log entry depends on a [user-provided value](1).
thingsboard/thingsboard,application/src/main/java/org/thingsboard/server/service/subscription/DefaultTbEntityDataSubscriptionService.java,java/log-injection,ERROR,CWE-117,This log entry depends on a [user-provided value](1).
thingsboard/thingsboard,application/src/main/java/org/thingsboard/server/service/subscription/DefaultTbEntityDataSubscriptionService.java,java/log-injection,ERROR,CWE-117,This log entry depends on a [user-provided value](1).
thingsboard/thingsboard,application/src/main/java/org/thingsboard/server/service/subscription/DefaultTbEntityDataSubscriptionService.java,java/log-injection,ERROR,CWE-117,This log entry depends on a [user-provided value](1).
thingsboard/thingsboard,application/src/main/java/org/thingsboard/server/service/subscription/DefaultTbEntityDataSubscriptionService.java,java/log-injection,ERROR,CWE-117,This log entry depends on a [user-provided value](1).
thingsboard/thingsboard,application/src/main/java/org/thingsboard/server/service/subscription/DefaultTbEntityDataSubscriptionService.java,java/log-injection,ERROR,CWE-117,This log entry depends on a [user-provided value](1).
thingsboard/thingsboard,application/src/main/java/org/thingsboard/server/service/subscription/DefaultTbEntityDataSubscriptionService.java,java/log-injection,ERROR,CWE-117,This log entry depends on a [user-provided value](1).
thingsboard/thingsboard,application/src/main/java/org/thingsboard/server/service/subscription/DefaultTbEntityDataSubscriptionService.java,java/log-injection,ERROR,CWE-117,This log entry depends on a [user-provided value](1).
thingsboard/thingsboard,application/src/main/java/org/thingsboard/server/service/subscription/DefaultTbEntityDataSubscriptionService.java,java/log-injection,ERROR,CWE-117,This log entry depends on a [user-provided value](1).
thingsboard/thingsboard,application/src/main/java/org/thingsboard/server/service/subscription/DefaultTbEntityDataSubscriptionService.java,java/log-injection,ERROR,CWE-117,This log entry depends on a [user-provided value](1).
thingsboard/thingsboard,application/src/main/java/org/thingsboard/server/service/subscription/DefaultTbEntityDataSubscriptionService.java,java/log-injection,ERROR,CWE-117,This log entry depends on a [user-provided value](1).
thingsboard/thingsboard,application/src/main/java/org/thingsboard/server/service/subscription/DefaultTbEntityDataSubscriptionService.java,java/log-injection,ERROR,CWE-117,This log entry depends on a [user-provided value](1).
thingsboard/thingsboard,application/src/main/java/org/thingsboard/server/service/subscription/DefaultTbLocalSubscriptionService.java,java/log-injection,ERROR,CWE-117,This log entry depends on a [user-provided value](1).
thingsboard/thingsboard,application/src/main/java/org/thingsboard/server/service/subscription/DefaultTbLocalSubscriptionService.java,java/log-injection,ERROR,CWE-117,This log entry depends on a [user-provided value](1).
thingsboard/thingsboard,application/src/main/java/org/thingsboard/server/service/subscription/DefaultTbLocalSubscriptionService.java,java/log-injection,ERROR,CWE-117,This log entry depends on a [user-provided value](1).
thingsboard/thingsboard,application/src/main/java/org/thingsboard/server/service/subscription/DefaultTbLocalSubscriptionService.java,java/log-injection,ERROR,CWE-117,This log entry depends on a [user-provided value](1).
thingsboard/thingsboard,application/src/main/java/org/thingsboard/server/service/subscription/DefaultTbLocalSubscriptionService.java,java/log-injection,ERROR,CWE-117,This log entry depends on a [user-provided value](1).
thingsboard/thingsboard,application/src/main/java/org/thingsboard/server/service/subscription/DefaultTbLocalSubscriptionService.java,java/log-injection,ERROR,CWE-117,This log entry depends on a [user-provided value](1).
thingsboard/thingsboard,application/src/main/java/org/thingsboard/server/service/subscription/DefaultTbLocalSubscriptionService.java,java/log-injection,ERROR,CWE-117,This log entry depends on a [user-provided value](1).
thingsboard/thingsboard,application/src/main/java/org/thingsboard/server/service/subscription/DefaultTbLocalSubscriptionService.java,java/log-injection,ERROR,CWE-117,This log entry depends on a [user-provided value](1).
thingsboard/thingsboard,application/src/main/java/org/thingsboard/server/service/subscription/TbAlarmDataSubCtx.java,java/log-injection,ERROR,CWE-117,This log entry depends on a [user-provided value](1).
thingsboard/thingsboard,application/src/main/java/org/thingsboard/server/service/subscription/TbEntityLocalSubsInfo.java,java/log-injection,ERROR,CWE-117,This log entry depends on a [user-provided value](1).
thingsboard/thingsboard,application/src/main/java/org/thingsboard/server/service/subscription/TbEntityLocalSubsInfo.java,java/log-injection,ERROR,CWE-117,This log entry depends on a [user-provided value](1).
thingsboard/thingsboard,application/src/main/java/org/thingsboard/server/service/subscription/TbEntityLocalSubsInfo.java,java/log-injection,ERROR,CWE-117,This log entry depends on a [user-provided value](1).
thingsboard/thingsboard,application/src/main/java/org/thingsboard/server/service/subscription/TbEntityLocalSubsInfo.java,java/log-injection,ERROR,CWE-117,This log entry depends on a [user-provided value](1).
thingsboard/thingsboard,application/src/main/java/org/thingsboard/server/service/subscription/TbEntityLocalSubsInfo.java,java/log-injection,ERROR,CWE-117,This log entry depends on a [user-provided value](1).
thingsboard/thingsboard,application/src/main/java/org/thingsboard/server/service/subscription/TbEntityRemoteSubsInfo.java,java/log-injection,ERROR,CWE-117,This log entry depends on a [user-provided value](1).
thingsboard/thingsboard,application/src/main/java/org/thingsboard/server/service/sync/vc/DefaultEntitiesVersionControlService.java,java/log-injection,ERROR,CWE-117,This log entry depends on a [user-provided value](1).
thingsboard/thingsboard,application/src/main/java/org/thingsboard/server/service/sync/vc/DefaultEntitiesVersionControlService.java,java/log-injection,ERROR,CWE-117,This log entry depends on a [user-provided value](1).
thingsboard/thingsboard,application/src/main/java/org/thingsboard/server/service/sync/vc/DefaultGitVersionControlQueueService.java,java/log-injection,ERROR,CWE-117,"This log entry depends on a [user-provided value](1).
This log entry depends on a [user-provided value](2).
This log entry depends on a [user-provided value](3)."
thingsboard/thingsboard,application/src/main/java/org/thingsboard/server/service/sync/vc/DefaultGitVersionControlQueueService.java,java/log-injection,ERROR,CWE-117,This log entry depends on a [user-provided value](1).
thingsboard/thingsboard,application/src/main/java/org/thingsboard/server/service/ws/DefaultWebSocketService.java,java/log-injection,ERROR,CWE-117,This log entry depends on a [user-provided value](1).
thingsboard/thingsboard,application/src/main/java/org/thingsboard/server/service/ws/DefaultWebSocketService.java,java/log-injection,ERROR,CWE-117,This log entry depends on a [user-provided value](1).
thingsboard/thingsboard,application/src/main/java/org/thingsboard/server/service/ws/DefaultWebSocketService.java,java/log-injection,ERROR,CWE-117,This log entry depends on a [user-provided value](1).
thingsboard/thingsboard,application/src/main/java/org/thingsboard/server/service/ws/DefaultWebSocketService.java,java/log-injection,ERROR,CWE-117,This log entry depends on a [user-provided value](1).
thingsboard/thingsboard,application/src/main/java/org/thingsboard/server/service/ws/DefaultWebSocketService.java,java/log-injection,ERROR,CWE-117,This log entry depends on a [user-provided value](1).
thingsboard/thingsboard,application/src/main/java/org/thingsboard/server/service/ws/DefaultWebSocketService.java,java/log-injection,ERROR,CWE-117,This log entry depends on a [user-provided value](1).
thingsboard/thingsboard,application/src/main/java/org/thingsboard/server/utils/TbNodeUpgradeUtils.java,java/log-injection,ERROR,CWE-117,"This log entry depends on a [user-provided value](1).
This log entry depends on a [user-provided value](2)."
thingsboard/thingsboard,application/src/main/java/org/thingsboard/server/utils/TbNodeUpgradeUtils.java,java/log-injection,ERROR,CWE-117,"This log entry depends on a [user-provided value](1).
This log entry depends on a [user-provided value](2)."
thingsboard/thingsboard,common/cache/src/main/java/org/thingsboard/server/cache/limits/DefaultRateLimitService.java,java/log-injection,ERROR,CWE-117,"This log entry depends on a [user-provided value](1).
This log entry depends on a [user-provided value](2)."
thingsboard/thingsboard,common/cache/src/main/java/org/thingsboard/server/cache/limits/DefaultRateLimitService.java,java/log-injection,ERROR,CWE-117,"This log entry depends on a [user-provided value](1).
This log entry depends on a [user-provided value](2)."
thingsboard/thingsboard,common/cache/src/main/java/org/thingsboard/server/cache/limits/DefaultRateLimitService.java,java/log-injection,ERROR,CWE-117,"This log entry depends on a [user-provided value](1).
This log entry depends on a [user-provided value](2)."
thingsboard/thingsboard,common/edqs/src/main/java/org/thingsboard/server/edqs/stats/DefaultEdqsStatsService.java,java/log-injection,ERROR,CWE-117,"This log entry depends on a [user-provided value](1).
This log entry depends on a [user-provided value](2).
This log entry depends on a [user-provided value](3).
This log entry depends on a [user-provided value](4).
This log entry depends on a [user-provided value](5).
This log entry depends on a [user-provided value](6).
This log entry depends on a [user-provided value](7).
This log entry depends on a [user-provided value](8).
This log entry depends on a [user-provided value](9).
This log entry"
thingsboard/thingsboard,common/edqs/src/main/java/org/thingsboard/server/edqs/stats/DefaultEdqsStatsService.java,java/log-injection,ERROR,CWE-117,"This log entry depends on a [user-provided value](1).
This log entry depends on a [user-provided value](2).
This log entry depends on a [user-provided value](3).
This log entry depends on a [user-provided value](4).
This log entry depends on a [user-provided value](5).
This log entry depends on a [user-provided value](6).
This log entry depends on a [user-provided value](7).
This log entry depends on a [user-provided value](8).
This log entry depends on a [user-provided value](9).
This log entry"
thingsboard/thingsboard,common/queue/src/main/java/org/thingsboard/server/queue/common/TbRuleEngineProducerService.java,java/log-injection,ERROR,CWE-117,"This log entry depends on a [user-provided value](1).
This log entry depends on a [user-provided value](2).
This log entry depends on a [user-provided value](3).
This log entry depends on a [user-provided value](4).
This log entry depends on a [user-provided value](5).
This log entry depends on a [user-provided value](6).
This log entry depends on a [user-provided value](7).
This log entry depends on a [user-provided value](8).
This log entry depends on a [user-provided value](9).
This log entry"
thingsboard/thingsboard,common/queue/src/main/java/org/thingsboard/server/queue/discovery/HashPartitionService.java,java/log-injection,ERROR,CWE-117,"This log entry depends on a [user-provided value](1).
This log entry depends on a [user-provided value](2).
This log entry depends on a [user-provided value](3).
This log entry depends on a [user-provided value](4).
This log entry depends on a [user-provided value](5).
This log entry depends on a [user-provided value](6).
This log entry depends on a [user-provided value](7).
This log entry depends on a [user-provided value](8).
This log entry depends on a [user-provided value](9).
This log entry"
thingsboard/thingsboard,common/transport/http/src/main/java/org/thingsboard/server/transport/http/config/PayloadSizeFilter.java,java/log-injection,ERROR,CWE-117,This log entry depends on a [user-provided value](1).
thingsboard/thingsboard,common/transport/mqtt/src/main/java/org/thingsboard/server/transport/mqtt/adaptors/BackwardCompatibilityAdaptor.java,java/log-injection,ERROR,CWE-117,This log entry depends on a [user-provided value](1).
thingsboard/thingsboard,common/transport/mqtt/src/main/java/org/thingsboard/server/transport/mqtt/adaptors/BackwardCompatibilityAdaptor.java,java/log-injection,ERROR,CWE-117,This log entry depends on a [user-provided value](1).
thingsboard/thingsboard,common/transport/mqtt/src/main/java/org/thingsboard/server/transport/mqtt/adaptors/BackwardCompatibilityAdaptor.java,java/log-injection,ERROR,CWE-117,This log entry depends on a [user-provided value](1).
thingsboard/thingsboard,common/transport/mqtt/src/main/java/org/thingsboard/server/transport/mqtt/adaptors/BackwardCompatibilityAdaptor.java,java/log-injection,ERROR,CWE-117,This log entry depends on a [user-provided value](1).
thingsboard/thingsboard,common/transport/mqtt/src/main/java/org/thingsboard/server/transport/mqtt/adaptors/BackwardCompatibilityAdaptor.java,java/log-injection,ERROR,CWE-117,This log entry depends on a [user-provided value](1).
thingsboard/thingsboard,common/transport/mqtt/src/main/java/org/thingsboard/server/transport/mqtt/adaptors/BackwardCompatibilityAdaptor.java,java/log-injection,ERROR,CWE-117,This log entry depends on a [user-provided value](1).
thingsboard/thingsboard,dao/src/main/java/org/thingsboard/server/dao/asset/BaseAssetService.java,java/log-injection,ERROR,CWE-117,This log entry depends on a [user-provided value](1).
thingsboard/thingsboard,dao/src/main/java/org/thingsboard/server/dao/asset/BaseAssetService.java,java/log-injection,ERROR,CWE-117,This log entry depends on a [user-provided value](1).
thingsboard/thingsboard,dao/src/main/java/org/thingsboard/server/dao/asset/BaseAssetService.java,java/log-injection,ERROR,CWE-117,This log entry depends on a [user-provided value](1).
thingsboard/thingsboard,dao/src/main/java/org/thingsboard/server/dao/asset/BaseAssetService.java,java/log-injection,ERROR,CWE-117,This log entry depends on a [user-provided value](1).
thingsboard/thingsboard,dao/src/main/java/org/thingsboard/server/dao/asset/BaseAssetService.java,java/log-injection,ERROR,CWE-117,This log entry depends on a [user-provided value](1).
thingsboard/thingsboard,dao/src/main/java/org/thingsboard/server/dao/attributes/CachedAttributesService.java,java/log-injection,ERROR,CWE-117,This log entry depends on a [user-provided value](1).
thingsboard/thingsboard,dao/src/main/java/org/thingsboard/server/dao/attributes/CachedAttributesService.java,java/log-injection,ERROR,CWE-117,This log entry depends on a [user-provided value](1).
thingsboard/thingsboard,dao/src/main/java/org/thingsboard/server/dao/attributes/CachedAttributesService.java,java/log-injection,ERROR,CWE-117,This log entry depends on a [user-provided value](1).
thingsboard/thingsboard,dao/src/main/java/org/thingsboard/server/dao/attributes/CachedAttributesService.java,java/log-injection,ERROR,CWE-117,This log entry depends on a [user-provided value](1).
thingsboard/thingsboard,dao/src/main/java/org/thingsboard/server/dao/attributes/CachedAttributesService.java,java/log-injection,ERROR,CWE-117,This log entry depends on a [user-provided value](1).
thingsboard/thingsboard,dao/src/main/java/org/thingsboard/server/dao/dashboard/DashboardServiceImpl.java,java/log-injection,ERROR,CWE-117,This log entry depends on a [user-provided value](1).
thingsboard/thingsboard,dao/src/main/java/org/thingsboard/server/dao/device/DeviceServiceImpl.java,java/log-injection,ERROR,CWE-117,This log entry depends on a [user-provided value](1).
thingsboard/thingsboard,dao/src/main/java/org/thingsboard/server/dao/device/DeviceServiceImpl.java,java/log-injection,ERROR,CWE-117,This log entry depends on a [user-provided value](1).
thingsboard/thingsboard,dao/src/main/java/org/thingsboard/server/dao/edge/EdgeServiceImpl.java,java/log-injection,ERROR,CWE-117,This log entry depends on a [user-provided value](1).
thingsboard/thingsboard,dao/src/main/java/org/thingsboard/server/dao/edge/EdgeServiceImpl.java,java/log-injection,ERROR,CWE-117,This log entry depends on a [user-provided value](1).
thingsboard/thingsboard,dao/src/main/java/org/thingsboard/server/dao/edge/EdgeServiceImpl.java,java/log-injection,ERROR,CWE-117,This log entry depends on a [user-provided value](1).
thingsboard/thingsboard,dao/src/main/java/org/thingsboard/server/dao/edge/EdgeServiceImpl.java,java/log-injection,ERROR,CWE-117,This log entry depends on a [user-provided value](1).
thingsboard/thingsboard,dao/src/main/java/org/thingsboard/server/dao/entity/BaseEntityService.java,java/log-injection,ERROR,CWE-117,"This log entry depends on a [user-provided value](1).
This log entry depends on a [user-provided value](2).
This log entry depends on a [user-provided value](3).
This log entry depends on a [user-provided value](4).
This log entry depends on a [user-provided value](5).
This log entry depends on a [user-provided value](6).
This log entry depends on a [user-provided value](7).
This log entry depends on a [user-provided value](8).
This log entry depends on a [user-provided value](9).
This log entry"
thingsboard/thingsboard,dao/src/main/java/org/thingsboard/server/dao/entity/BaseEntityService.java,java/log-injection,ERROR,CWE-117,"This log entry depends on a [user-provided value](1).
This log entry depends on a [user-provided value](2).
This log entry depends on a [user-provided value](3)."
thingsboard/thingsboard,dao/src/main/java/org/thingsboard/server/dao/entity/BaseEntityService.java,java/log-injection,ERROR,CWE-117,This log entry depends on a [user-provided value](1).
thingsboard/thingsboard,dao/src/main/java/org/thingsboard/server/dao/entityview/EntityViewServiceImpl.java,java/log-injection,ERROR,CWE-117,This log entry depends on a [user-provided value](1).
thingsboard/thingsboard,dao/src/main/java/org/thingsboard/server/dao/entityview/EntityViewServiceImpl.java,java/log-injection,ERROR,CWE-117,This log entry depends on a [user-provided value](1).
thingsboard/thingsboard,dao/src/main/java/org/thingsboard/server/dao/entityview/EntityViewServiceImpl.java,java/log-injection,ERROR,CWE-117,This log entry depends on a [user-provided value](1).
thingsboard/thingsboard,dao/src/main/java/org/thingsboard/server/dao/entityview/EntityViewServiceImpl.java,java/log-injection,ERROR,CWE-117,This log entry depends on a [user-provided value](1).
thingsboard/thingsboard,dao/src/main/java/org/thingsboard/server/dao/entityview/EntityViewServiceImpl.java,java/log-injection,ERROR,CWE-117,This log entry depends on a [user-provided value](1).
thingsboard/thingsboard,dao/src/main/java/org/thingsboard/server/dao/mobile/MobileAppBundleServiceImpl.java,java/log-injection,ERROR,CWE-117,This log entry depends on a [user-provided value](1).
thingsboard/thingsboard,dao/src/main/java/org/thingsboard/server/dao/oauth2/OAuth2ClientServiceImpl.java,java/log-injection,ERROR,CWE-117,This log entry depends on a [user-provided value](1).
thingsboard/thingsboard,dao/src/main/java/org/thingsboard/server/dao/relation/BaseRelationService.java,java/log-injection,ERROR,CWE-117,This log entry depends on a [user-provided value](1).
thingsboard/thingsboard,dao/src/main/java/org/thingsboard/server/dao/relation/BaseRelationService.java,java/log-injection,ERROR,CWE-117,This log entry depends on a [user-provided value](1).
thingsboard/thingsboard,dao/src/main/java/org/thingsboard/server/dao/relation/BaseRelationService.java,java/log-injection,ERROR,CWE-117,"This log entry depends on a [user-provided value](1).
This log entry depends on a [user-provided value](2)."
thingsboard/thingsboard,dao/src/main/java/org/thingsboard/server/dao/relation/BaseRelationService.java,java/log-injection,ERROR,CWE-117,This log entry depends on a [user-provided value](1).
thingsboard/thingsboard,dao/src/main/java/org/thingsboard/server/dao/resource/BaseImageService.java,java/log-injection,ERROR,CWE-117,"This log entry depends on a [user-provided value](1).
This log entry depends on a [user-provided value](2).
This log entry depends on a [user-provided value](3).
This log entry depends on a [user-provided value](4).
This log entry depends on a [user-provided value](5).
This log entry depends on a [user-provided value](6).
This log entry depends on a [user-provided value](7).
This log entry depends on a [user-provided value](8).
This log entry depends on a [user-provided value](9).
This log entry"
thingsboard/thingsboard,dao/src/main/java/org/thingsboard/server/dao/resource/BaseImageService.java,java/log-injection,ERROR,CWE-117,"This log entry depends on a [user-provided value](1).
This log entry depends on a [user-provided value](2).
This log entry depends on a [user-provided value](3)."
thingsboard/thingsboard,dao/src/main/java/org/thingsboard/server/dao/resource/BaseImageService.java,java/log-injection,ERROR,CWE-117,"This log entry depends on a [user-provided value](1).
This log entry depends on a [user-provided value](2).
This log entry depends on a [user-provided value](3).
This log entry depends on a [user-provided value](4).
This log entry depends on a [user-provided value](5)."
thingsboard/thingsboard,dao/src/main/java/org/thingsboard/server/dao/resource/BaseImageService.java,java/log-injection,ERROR,CWE-117,"This log entry depends on a [user-provided value](1).
This log entry depends on a [user-provided value](2).
This log entry depends on a [user-provided value](3).
This log entry depends on a [user-provided value](4).
This log entry depends on a [user-provided value](5)."
thingsboard/thingsboard,dao/src/main/java/org/thingsboard/server/dao/resource/BaseImageService.java,java/log-injection,ERROR,CWE-117,"This log entry depends on a [user-provided value](1).
This log entry depends on a [user-provided value](2).
This log entry depends on a [user-provided value](3).
This log entry depends on a [user-provided value](4).
This log entry depends on a [user-provided value](5)."
thingsboard/thingsboard,dao/src/main/java/org/thingsboard/server/dao/resource/BaseResourceService.java,java/log-injection,ERROR,CWE-117,"This log entry depends on a [user-provided value](1).
This log entry depends on a [user-provided value](2).
This log entry depends on a [user-provided value](3).
This log entry depends on a [user-provided value](4).
This log entry depends on a [user-provided value](5).
This log entry depends on a [user-provided value](6).
This log entry depends on a [user-provided value](7).
This log entry depends on a [user-provided value](8).
This log entry depends on a [user-provided value](9).
This log entry"
thingsboard/thingsboard,dao/src/main/java/org/thingsboard/server/dao/resource/BaseResourceService.java,java/log-injection,ERROR,CWE-117,"This log entry depends on a [user-provided value](1).
This log entry depends on a [user-provided value](2).
This log entry depends on a [user-provided value](3).
This log entry depends on a [user-provided value](4).
This log entry depends on a [user-provided value](5).
This log entry depends on a [user-provided value](6).
This log entry depends on a [user-provided value](7).
This log entry depends on a [user-provided value](8).
This log entry depends on a [user-provided value](9).
This log entry"
thingsboard/thingsboard,dao/src/main/java/org/thingsboard/server/dao/resource/BaseResourceService.java,java/log-injection,ERROR,CWE-117,This log entry depends on a [user-provided value](1).
thingsboard/thingsboard,dao/src/main/java/org/thingsboard/server/dao/resource/BaseResourceService.java,java/log-injection,ERROR,CWE-117,"This log entry depends on a [user-provided value](1).
This log entry depends on a [user-provided value](2)."
thingsboard/thingsboard,dao/src/main/java/org/thingsboard/server/dao/resource/BaseResourceService.java,java/log-injection,ERROR,CWE-117,"This log entry depends on a [user-provided value](1).
This log entry depends on a [user-provided value](2)."
thingsboard/thingsboard,dao/src/main/java/org/thingsboard/server/dao/resource/BaseResourceService.java,java/log-injection,ERROR,CWE-117,"This log entry depends on a [user-provided value](1).
This log entry depends on a [user-provided value](2)."
thingsboard/thingsboard,dao/src/main/java/org/thingsboard/server/dao/resource/BaseResourceService.java,java/log-injection,ERROR,CWE-117,"This log entry depends on a [user-provided value](1).
This log entry depends on a [user-provided value](2).
This log entry depends on a [user-provided value](3).
This log entry depends on a [user-provided value](4).
This log entry depends on a [user-provided value](5)."
thingsboard/thingsboard,dao/src/main/java/org/thingsboard/server/dao/rule/BaseRuleChainService.java,java/log-injection,ERROR,CWE-117,This log entry depends on a [user-provided value](1).
thingsboard/thingsboard,dao/src/main/java/org/thingsboard/server/dao/sql/asset/JpaAssetDao.java,java/log-injection,ERROR,CWE-117,This log entry depends on a [user-provided value](1).
thingsboard/thingsboard,dao/src/main/java/org/thingsboard/server/dao/sql/entityview/JpaEntityViewDao.java,java/log-injection,ERROR,CWE-117,This log entry depends on a [user-provided value](1).
thingsboard/thingsboard,dao/src/main/java/org/thingsboard/server/dao/sql/query/SqlQueryContext.java,java/log-injection,ERROR,CWE-117,"This log entry depends on a [user-provided value](1).
This log entry depends on a [user-provided value](2).
This log entry depends on a [user-provided value](3).
This log entry depends on a [user-provided value](4).
This log entry depends on a [user-provided value](5).
This log entry depends on a [user-provided value](6).
This log entry depends on a [user-provided value](7).
This log entry depends on a [user-provided value](8).
This log entry depends on a [user-provided value](9)."
thingsboard/thingsboard,dao/src/main/java/org/thingsboard/server/dao/sql/user/JpaUserSettingsDao.java,java/log-injection,ERROR,CWE-117,"This log entry depends on a [user-provided value](1).
This log entry depends on a [user-provided value](2)."
thingsboard/thingsboard,dao/src/main/java/org/thingsboard/server/dao/sqlts/CachedRedisSqlTimeseriesLatestDao.java,java/log-injection,ERROR,CWE-117,This log entry depends on a [user-provided value](1).
thingsboard/thingsboard,dao/src/main/java/org/thingsboard/server/dao/sqlts/SqlTimeseriesLatestDao.java,java/log-injection,ERROR,CWE-117,This log entry depends on a [user-provided value](1).
thingsboard/thingsboard,dao/src/main/java/org/thingsboard/server/dao/user/UserServiceImpl.java,java/log-injection,ERROR,CWE-117,"This log entry depends on a [user-provided value](1).
This log entry depends on a [user-provided value](2)."
thingsboard/thingsboard,dao/src/main/java/org/thingsboard/server/dao/widget/WidgetTypeServiceImpl.java,java/log-injection,ERROR,CWE-117,This log entry depends on a [user-provided value](1).
thingsboard/thingsboard,monitoring/src/main/java/org/thingsboard/monitoring/service/MonitoringEntityService.java,java/log-injection,ERROR,CWE-117,This log entry depends on a [user-provided value](1).
thingsboard/thingsboard,application/src/main/java/org/thingsboard/server/service/ws/telemetry/cmd/v2/TimeSeriesCmd.java,java/tainted-arithmetic,WARNING,CWE-190; CWE-191,"This arithmetic expression depends on a [user-provided value](1), potentially causing an overflow.
This arithmetic expression depends on a [user-provided value](1), potentially causing an overflow."
thingsboard/thingsboard,common/data/src/main/java/org/thingsboard/server/common/data/cf/configuration/aggregation/single/interval/CustomInterval.java,java/tainted-arithmetic,WARNING,CWE-190; CWE-191,"This arithmetic expression depends on a [user-provided value](1), potentially causing an underflow.
This arithmetic expression depends on a [user-provided value](1), potentially causing an overflow."
thingsboard/thingsboard,dao/src/main/java/org/thingsboard/server/dao/sql/query/DefaultAlarmQueryRepository.java,java/tainted-arithmetic,WARNING,CWE-190; CWE-191,"This arithmetic expression depends on a [user-provided value](1), potentially causing an overflow.
This arithmetic expression depends on a [user-provided value](2), potentially causing an overflow."
thingsboard/thingsboard,application/src/test/java/org/thingsboard/server/service/apiusage/ApiUsageTest.java,java/comparison-with-wider-type,WARNING,CWE-190; CWE-197,Comparison between [expression](1) of type int and [expression](2) of wider type long.
thingsboard/thingsboard,application/src/test/java/org/thingsboard/server/service/apiusage/ApiUsageTest.java,java/comparison-with-wider-type,WARNING,CWE-190; CWE-197,Comparison between [expression](1) of type int and [expression](2) of wider type long.
thingsboard/thingsboard,application/src/test/java/org/thingsboard/server/service/apiusage/ApiUsageTest.java,java/comparison-with-wider-type,WARNING,CWE-190; CWE-197,Comparison between [expression](1) of type int and [expression](2) of wider type long.
thingsboard/thingsboard,application/src/test/java/org/thingsboard/server/service/apiusage/ApiUsageTest.java,java/comparison-with-wider-type,WARNING,CWE-190; CWE-197,Comparison between [expression](1) of type int and [expression](2) of wider type long.
thingsboard/thingsboard,application/src/test/java/org/thingsboard/server/service/notification/NotificationRuleApiTest.java,java/comparison-with-wider-type,WARNING,CWE-190; CWE-197,Comparison between [expression](1) of type int and [expression](2) of wider type long.
thingsboard/thingsboard,common/queue/src/test/java/org/thingsboard/server/queue/common/DefaultTbQueueRequestTemplateTest.java,java/comparison-with-wider-type,WARNING,CWE-190; CWE-197,Comparison between [expression](1) of type int and [expression](2) of wider type long.
thingsboard/thingsboard,application/src/test/java/org/thingsboard/server/client/TbImageApiClientTest.java,java/local-temp-file-or-directory-information-disclosure,WARNING,CWE-200; CWE-732,Local information disclosure vulnerability due to use of file readable by other local users.
thingsboard/thingsboard,msa/black-box-tests/src/test/java/org/thingsboard/server/msa/ContainerTestSuite.java,java/local-temp-file-or-directory-information-disclosure,WARNING,CWE-200; CWE-732,Local information disclosure vulnerability from [system temp directory](1) due to use of file or directory readable by other local users.
thingsboard/thingsboard,application/src/main/java/org/thingsboard/server/controller/BaseController.java,java/sensitive-log,WARNING,CWE-532,"This [potentially sensitive information](1) is written to a log file.
This [potentially sensitive information](2) is written to a log file."
thingsboard/thingsboard,application/src/main/java/org/thingsboard/server/service/notification/provider/DefaultFirebaseService.java,java/sensitive-log,WARNING,CWE-532,This [potentially sensitive information](1) is written to a log file.
thingsboard/thingsboard,application/src/main/java/org/thingsboard/server/service/security/auth/oauth2/AppleOAuth2ClientMapper.java,java/sensitive-log,WARNING,CWE-532,This [potentially sensitive information](1) is written to a log file.
thingsboard/thingsboard,common/cache/src/main/java/org/thingsboard/server/cache/RedisTbTransactionalCache.java,java/sensitive-log,WARNING,CWE-532,"This [potentially sensitive information](1) is written to a log file.
This [potentially sensitive information](2) is written to a log file.
This [potentially sensitive information](3) is written to a log file.
This [potentially sensitive information](4) is written to a log file.
This [potentially sensitive information](5) is written to a log file.
This [potentially sensitive information](6) is written to a log file.
This [potentially sensitive information](7) is written to a log file.
This [pote"
thingsboard/thingsboard,common/cache/src/main/java/org/thingsboard/server/cache/RedisTbTransactionalCache.java,java/sensitive-log,WARNING,CWE-532,"This [potentially sensitive information](1) is written to a log file.
This [potentially sensitive information](2) is written to a log file.
This [potentially sensitive information](3) is written to a log file.
This [potentially sensitive information](4) is written to a log file.
This [potentially sensitive information](5) is written to a log file.
This [potentially sensitive information](6) is written to a log file.
This [potentially sensitive information](7) is written to a log file.
This [pote"
thingsboard/thingsboard,common/transport/coap/src/main/java/org/thingsboard/server/transport/coap/CoapTransportResource.java,java/sensitive-log,WARNING,CWE-532,This [potentially sensitive information](1) is written to a log file.
thingsboard/thingsboard,common/transport/coap/src/main/java/org/thingsboard/server/transport/coap/CoapTransportResource.java,java/sensitive-log,WARNING,CWE-532,This [potentially sensitive information](1) is written to a log file.
thingsboard/thingsboard,common/transport/coap/src/main/java/org/thingsboard/server/transport/coap/CoapTransportResource.java,java/sensitive-log,WARNING,CWE-532,This [potentially sensitive information](1) is written to a log file.
thingsboard/thingsboard,common/transport/coap/src/main/java/org/thingsboard/server/transport/coap/CoapTransportResource.java,java/sensitive-log,WARNING,CWE-532,This [potentially sensitive information](1) is written to a log file.
thingsboard/thingsboard,common/transport/coap/src/main/java/org/thingsboard/server/transport/coap/client/DefaultCoapClientContext.java,java/sensitive-log,WARNING,CWE-532,This [potentially sensitive information](1) is written to a log file.
thingsboard/thingsboard,common/transport/coap/src/main/java/org/thingsboard/server/transport/coap/client/DefaultCoapClientContext.java,java/sensitive-log,WARNING,CWE-532,This [potentially sensitive information](1) is written to a log file.
thingsboard/thingsboard,common/transport/coap/src/main/java/org/thingsboard/server/transport/coap/client/DefaultCoapClientContext.java,java/sensitive-log,WARNING,CWE-532,This [potentially sensitive information](1) is written to a log file.
thingsboard/thingsboard,common/transport/coap/src/main/java/org/thingsboard/server/transport/coap/client/DefaultCoapClientContext.java,java/sensitive-log,WARNING,CWE-532,This [potentially sensitive information](1) is written to a log file.
thingsboard/thingsboard,common/transport/coap/src/main/java/org/thingsboard/server/transport/coap/client/DefaultCoapClientContext.java,java/sensitive-log,WARNING,CWE-532,This [potentially sensitive information](1) is written to a log file.
thingsboard/thingsboard,common/transport/coap/src/main/java/org/thingsboard/server/transport/coap/client/DefaultCoapClientContext.java,java/sensitive-log,WARNING,CWE-532,This [potentially sensitive information](1) is written to a log file.
thingsboard/thingsboard,common/transport/coap/src/main/java/org/thingsboard/server/transport/coap/client/DefaultCoapClientContext.java,java/sensitive-log,WARNING,CWE-532,This [potentially sensitive information](1) is written to a log file.
thingsboard/thingsboard,common/transport/coap/src/main/java/org/thingsboard/server/transport/coap/client/DefaultCoapClientContext.java,java/sensitive-log,WARNING,CWE-532,This [potentially sensitive information](1) is written to a log file.
thingsboard/thingsboard,common/transport/coap/src/main/java/org/thingsboard/server/transport/coap/client/DefaultCoapClientContext.java,java/sensitive-log,WARNING,CWE-532,This [potentially sensitive information](1) is written to a log file.
thingsboard/thingsboard,common/transport/coap/src/main/java/org/thingsboard/server/transport/coap/client/DefaultCoapClientContext.java,java/sensitive-log,WARNING,CWE-532,This [potentially sensitive information](1) is written to a log file.
thingsboard/thingsboard,common/transport/coap/src/main/java/org/thingsboard/server/transport/coap/client/DefaultCoapClientContext.java,java/sensitive-log,WARNING,CWE-532,This [potentially sensitive information](1) is written to a log file.
thingsboard/thingsboard,common/transport/coap/src/main/java/org/thingsboard/server/transport/coap/client/DefaultCoapClientContext.java,java/sensitive-log,WARNING,CWE-532,This [potentially sensitive information](1) is written to a log file.
thingsboard/thingsboard,common/transport/coap/src/main/java/org/thingsboard/server/transport/coap/client/DefaultCoapClientContext.java,java/sensitive-log,WARNING,CWE-532,This [potentially sensitive information](1) is written to a log file.
thingsboard/thingsboard,common/transport/coap/src/main/java/org/thingsboard/server/transport/coap/client/DefaultCoapClientContext.java,java/sensitive-log,WARNING,CWE-532,This [potentially sensitive information](1) is written to a log file.
thingsboard/thingsboard,common/transport/coap/src/main/java/org/thingsboard/server/transport/coap/client/DefaultCoapClientContext.java,java/sensitive-log,WARNING,CWE-532,This [potentially sensitive information](1) is written to a log file.
thingsboard/thingsboard,common/transport/coap/src/main/java/org/thingsboard/server/transport/coap/efento/CoapEfentoTransportResource.java,java/sensitive-log,WARNING,CWE-532,This [potentially sensitive information](1) is written to a log file.
thingsboard/thingsboard,common/transport/coap/src/main/java/org/thingsboard/server/transport/coap/efento/CoapEfentoTransportResource.java,java/sensitive-log,WARNING,CWE-532,This [potentially sensitive information](1) is written to a log file.
thingsboard/thingsboard,dao/src/main/java/org/thingsboard/server/dao/device/DeviceCredentialsServiceImpl.java,java/sensitive-log,WARNING,CWE-532,"This [potentially sensitive information](1) is written to a log file.
This [potentially sensitive information](2) is written to a log file."
thingsboard/thingsboard,dao/src/main/java/org/thingsboard/server/dao/sql/device/JpaDeviceCredentialsDao.java,java/sensitive-log,WARNING,CWE-532,"This [potentially sensitive information](1) is written to a log file.
This [potentially sensitive information](2) is written to a log file.
This [potentially sensitive information](3) is written to a log file.
This [potentially sensitive information](4) is written to a log file.
This [potentially sensitive information](5) is written to a log file."
thingsboard/thingsboard,dao/src/main/java/org/thingsboard/server/dao/user/UserServiceImpl.java,java/sensitive-log,WARNING,CWE-532,This [potentially sensitive information](1) is written to a log file.
thingsboard/thingsboard,dao/src/main/java/org/thingsboard/server/dao/user/UserServiceImpl.java,java/sensitive-log,WARNING,CWE-532,This [potentially sensitive information](1) is written to a log file.
thingsboard/thingsboard,dao/src/main/java/org/thingsboard/server/dao/user/UserServiceImpl.java,java/sensitive-log,WARNING,CWE-532,This [potentially sensitive information](1) is written to a log file.
thingsboard/thingsboard,dao/src/main/java/org/thingsboard/server/dao/user/UserServiceImpl.java,java/sensitive-log,WARNING,CWE-532,This [potentially sensitive information](1) is written to a log file.
thingsboard/thingsboard,dao/src/main/java/org/thingsboard/server/dao/user/UserServiceImpl.java,java/sensitive-log,WARNING,CWE-532,This [potentially sensitive information](1) is written to a log file.
thingsboard/thingsboard,dao/src/main/java/org/thingsboard/server/dao/user/UserServiceImpl.java,java/sensitive-log,WARNING,CWE-532,This [potentially sensitive information](1) is written to a log file.
thingsboard/thingsboard,monitoring/src/main/java/org/thingsboard/monitoring/service/transport/impl/CoapTransportHealthChecker.java,java/sensitive-log,WARNING,CWE-532,This [potentially sensitive information](1) is written to a log file.
thingsboard/thingsboard,application/src/main/java/org/thingsboard/server/config/CustomOAuth2AuthorizationRequestResolver.java,java/sensitive-log,WARNING,CWE-532,This [potentially sensitive information](1) is written to a log file.
thingsboard/thingsboard,application/src/main/java/org/thingsboard/server/service/notification/channels/MobileAppNotificationChannel.java,java/sensitive-log,WARNING,CWE-532,This [potentially sensitive information](1) is written to a log file.
thingsboard/thingsboard,application/src/main/java/org/thingsboard/server/service/notification/provider/DefaultFirebaseService.java,java/sensitive-log,WARNING,CWE-532,This [potentially sensitive information](1) is written to a log file.
thingsboard/thingsboard,application/src/main/java/org/thingsboard/server/controller/plugin/TbWebSocketHandler.java,java/user-controlled-bypass,ERROR,CWE-807; CWE-290,"Sensitive method may not be executed depending on a [this condition](1), which flows from [user-controlled value](2)."
thingsboard/thingsboard,application/src/main/java/org/thingsboard/server/service/security/auth/jwt/RefreshTokenProcessingFilter.java,java/user-controlled-bypass,ERROR,CWE-807; CWE-290,"Sensitive method may not be executed depending on a [this condition](1), which flows from [user-controlled value](2)."
thingsboard/thingsboard,application/src/main/java/org/thingsboard/server/service/security/auth/rest/RestLoginProcessingFilter.java,java/user-controlled-bypass,ERROR,CWE-807; CWE-290,"Sensitive method may not be executed depending on a [this condition](1), which flows from [user-controlled value](2).
Sensitive method may not be executed depending on a [this condition](3), which flows from [user-controlled value](2)."
