repository,file,rule_id,severity,cwe,message
alibaba/nacos,.github/workflows/anti-spam.yml,yaml.github-actions.security.github-actions-mutable-action-tag.github-actions-mutable-action-tag,WARNING,CWE-1357: Reliance on Insufficiently Trustworthy Component; CWE-353: Missing Support for Integrity Check,"GitHub Actions step uses a mutable tag or branch reference. Tags and branch names can be silently repointed by the action owner, enabling supply-chain attacks — as seen in the trivy-action and kics-github-action compromises. Pin the reference to a full 40-character commit SHA instead, e.g. `uses: actions/checkout@8ade135a41bc03ea155e62e844d188df1ea18608`."
alibaba/nacos,.github/workflows/ci.yml,yaml.github-actions.security.github-actions-mutable-action-tag.github-actions-mutable-action-tag,WARNING,CWE-1357: Reliance on Insufficiently Trustworthy Component; CWE-353: Missing Support for Integrity Check,"GitHub Actions step uses a mutable tag or branch reference. Tags and branch names can be silently repointed by the action owner, enabling supply-chain attacks — as seen in the trivy-action and kics-github-action compromises. Pin the reference to a full 40-character commit SHA instead, e.g. `uses: actions/checkout@8ade135a41bc03ea155e62e844d188df1ea18608`."
alibaba/nacos,.github/workflows/ci.yml,yaml.github-actions.security.github-actions-mutable-action-tag.github-actions-mutable-action-tag,WARNING,CWE-1357: Reliance on Insufficiently Trustworthy Component; CWE-353: Missing Support for Integrity Check,"GitHub Actions step uses a mutable tag or branch reference. Tags and branch names can be silently repointed by the action owner, enabling supply-chain attacks — as seen in the trivy-action and kics-github-action compromises. Pin the reference to a full 40-character commit SHA instead, e.g. `uses: actions/checkout@8ade135a41bc03ea155e62e844d188df1ea18608`."
alibaba/nacos,.github/workflows/ci.yml,yaml.github-actions.security.github-actions-mutable-action-tag.github-actions-mutable-action-tag,WARNING,CWE-1357: Reliance on Insufficiently Trustworthy Component; CWE-353: Missing Support for Integrity Check,"GitHub Actions step uses a mutable tag or branch reference. Tags and branch names can be silently repointed by the action owner, enabling supply-chain attacks — as seen in the trivy-action and kics-github-action compromises. Pin the reference to a full 40-character commit SHA instead, e.g. `uses: actions/checkout@8ade135a41bc03ea155e62e844d188df1ea18608`."
alibaba/nacos,.github/workflows/ci.yml,yaml.github-actions.security.github-actions-mutable-action-tag.github-actions-mutable-action-tag,WARNING,CWE-1357: Reliance on Insufficiently Trustworthy Component; CWE-353: Missing Support for Integrity Check,"GitHub Actions step uses a mutable tag or branch reference. Tags and branch names can be silently repointed by the action owner, enabling supply-chain attacks — as seen in the trivy-action and kics-github-action compromises. Pin the reference to a full 40-character commit SHA instead, e.g. `uses: actions/checkout@8ade135a41bc03ea155e62e844d188df1ea18608`."
alibaba/nacos,.github/workflows/default-auth-reliability-it.yml,yaml.github-actions.security.github-actions-mutable-action-tag.github-actions-mutable-action-tag,WARNING,CWE-1357: Reliance on Insufficiently Trustworthy Component; CWE-353: Missing Support for Integrity Check,"GitHub Actions step uses a mutable tag or branch reference. Tags and branch names can be silently repointed by the action owner, enabling supply-chain attacks — as seen in the trivy-action and kics-github-action compromises. Pin the reference to a full 40-character commit SHA instead, e.g. `uses: actions/checkout@8ade135a41bc03ea155e62e844d188df1ea18608`."
alibaba/nacos,.github/workflows/default-auth-reliability-it.yml,yaml.github-actions.security.github-actions-mutable-action-tag.github-actions-mutable-action-tag,WARNING,CWE-1357: Reliance on Insufficiently Trustworthy Component; CWE-353: Missing Support for Integrity Check,"GitHub Actions step uses a mutable tag or branch reference. Tags and branch names can be silently repointed by the action owner, enabling supply-chain attacks — as seen in the trivy-action and kics-github-action compromises. Pin the reference to a full 40-character commit SHA instead, e.g. `uses: actions/checkout@8ade135a41bc03ea155e62e844d188df1ea18608`."
alibaba/nacos,.github/workflows/default-auth-reliability-it.yml,yaml.github-actions.security.github-actions-mutable-action-tag.github-actions-mutable-action-tag,WARNING,CWE-1357: Reliance on Insufficiently Trustworthy Component; CWE-353: Missing Support for Integrity Check,"GitHub Actions step uses a mutable tag or branch reference. Tags and branch names can be silently repointed by the action owner, enabling supply-chain attacks — as seen in the trivy-action and kics-github-action compromises. Pin the reference to a full 40-character commit SHA instead, e.g. `uses: actions/checkout@8ade135a41bc03ea155e62e844d188df1ea18608`."
alibaba/nacos,.github/workflows/frontend-ci.yml,yaml.github-actions.security.github-actions-mutable-action-tag.github-actions-mutable-action-tag,WARNING,CWE-1357: Reliance on Insufficiently Trustworthy Component; CWE-353: Missing Support for Integrity Check,"GitHub Actions step uses a mutable tag or branch reference. Tags and branch names can be silently repointed by the action owner, enabling supply-chain attacks — as seen in the trivy-action and kics-github-action compromises. Pin the reference to a full 40-character commit SHA instead, e.g. `uses: actions/checkout@8ade135a41bc03ea155e62e844d188df1ea18608`."
alibaba/nacos,.github/workflows/frontend-ci.yml,yaml.github-actions.security.github-actions-mutable-action-tag.github-actions-mutable-action-tag,WARNING,CWE-1357: Reliance on Insufficiently Trustworthy Component; CWE-353: Missing Support for Integrity Check,"GitHub Actions step uses a mutable tag or branch reference. Tags and branch names can be silently repointed by the action owner, enabling supply-chain attacks — as seen in the trivy-action and kics-github-action compromises. Pin the reference to a full 40-character commit SHA instead, e.g. `uses: actions/checkout@8ade135a41bc03ea155e62e844d188df1ea18608`."
alibaba/nacos,.github/workflows/frontend-ci.yml,yaml.github-actions.security.github-actions-mutable-action-tag.github-actions-mutable-action-tag,WARNING,CWE-1357: Reliance on Insufficiently Trustworthy Component; CWE-353: Missing Support for Integrity Check,"GitHub Actions step uses a mutable tag or branch reference. Tags and branch names can be silently repointed by the action owner, enabling supply-chain attacks — as seen in the trivy-action and kics-github-action compromises. Pin the reference to a full 40-character commit SHA instead, e.g. `uses: actions/checkout@8ade135a41bc03ea155e62e844d188df1ea18608`."
alibaba/nacos,.github/workflows/frontend-ci.yml,yaml.github-actions.security.github-actions-mutable-action-tag.github-actions-mutable-action-tag,WARNING,CWE-1357: Reliance on Insufficiently Trustworthy Component; CWE-353: Missing Support for Integrity Check,"GitHub Actions step uses a mutable tag or branch reference. Tags and branch names can be silently repointed by the action owner, enabling supply-chain attacks — as seen in the trivy-action and kics-github-action compromises. Pin the reference to a full 40-character commit SHA instead, e.g. `uses: actions/checkout@8ade135a41bc03ea155e62e844d188df1ea18608`."
alibaba/nacos,.github/workflows/issue-assign.yml,yaml.github-actions.security.github-actions-mutable-action-tag.github-actions-mutable-action-tag,WARNING,CWE-1357: Reliance on Insufficiently Trustworthy Component; CWE-353: Missing Support for Integrity Check,"GitHub Actions step uses a mutable tag or branch reference. Tags and branch names can be silently repointed by the action owner, enabling supply-chain attacks — as seen in the trivy-action and kics-github-action compromises. Pin the reference to a full 40-character commit SHA instead, e.g. `uses: actions/checkout@8ade135a41bc03ea155e62e844d188df1ea18608`."
alibaba/nacos,.github/workflows/it-new.yml,yaml.github-actions.security.github-actions-mutable-action-tag.github-actions-mutable-action-tag,WARNING,CWE-1357: Reliance on Insufficiently Trustworthy Component; CWE-353: Missing Support for Integrity Check,"GitHub Actions step uses a mutable tag or branch reference. Tags and branch names can be silently repointed by the action owner, enabling supply-chain attacks — as seen in the trivy-action and kics-github-action compromises. Pin the reference to a full 40-character commit SHA instead, e.g. `uses: actions/checkout@8ade135a41bc03ea155e62e844d188df1ea18608`."
alibaba/nacos,.github/workflows/it-new.yml,yaml.github-actions.security.github-actions-mutable-action-tag.github-actions-mutable-action-tag,WARNING,CWE-1357: Reliance on Insufficiently Trustworthy Component; CWE-353: Missing Support for Integrity Check,"GitHub Actions step uses a mutable tag or branch reference. Tags and branch names can be silently repointed by the action owner, enabling supply-chain attacks — as seen in the trivy-action and kics-github-action compromises. Pin the reference to a full 40-character commit SHA instead, e.g. `uses: actions/checkout@8ade135a41bc03ea155e62e844d188df1ea18608`."
alibaba/nacos,.github/workflows/it-new.yml,yaml.github-actions.security.github-actions-mutable-action-tag.github-actions-mutable-action-tag,WARNING,CWE-1357: Reliance on Insufficiently Trustworthy Component; CWE-353: Missing Support for Integrity Check,"GitHub Actions step uses a mutable tag or branch reference. Tags and branch names can be silently repointed by the action owner, enabling supply-chain attacks — as seen in the trivy-action and kics-github-action compromises. Pin the reference to a full 40-character commit SHA instead, e.g. `uses: actions/checkout@8ade135a41bc03ea155e62e844d188df1ea18608`."
alibaba/nacos,.github/workflows/migration-it.yml,yaml.github-actions.security.github-actions-mutable-action-tag.github-actions-mutable-action-tag,WARNING,CWE-1357: Reliance on Insufficiently Trustworthy Component; CWE-353: Missing Support for Integrity Check,"GitHub Actions step uses a mutable tag or branch reference. Tags and branch names can be silently repointed by the action owner, enabling supply-chain attacks — as seen in the trivy-action and kics-github-action compromises. Pin the reference to a full 40-character commit SHA instead, e.g. `uses: actions/checkout@8ade135a41bc03ea155e62e844d188df1ea18608`."
alibaba/nacos,.github/workflows/migration-it.yml,yaml.github-actions.security.github-actions-mutable-action-tag.github-actions-mutable-action-tag,WARNING,CWE-1357: Reliance on Insufficiently Trustworthy Component; CWE-353: Missing Support for Integrity Check,"GitHub Actions step uses a mutable tag or branch reference. Tags and branch names can be silently repointed by the action owner, enabling supply-chain attacks — as seen in the trivy-action and kics-github-action compromises. Pin the reference to a full 40-character commit SHA instead, e.g. `uses: actions/checkout@8ade135a41bc03ea155e62e844d188df1ea18608`."
alibaba/nacos,.github/workflows/migration-it.yml,yaml.github-actions.security.github-actions-mutable-action-tag.github-actions-mutable-action-tag,WARNING,CWE-1357: Reliance on Insufficiently Trustworthy Component; CWE-353: Missing Support for Integrity Check,"GitHub Actions step uses a mutable tag or branch reference. Tags and branch names can be silently repointed by the action owner, enabling supply-chain attacks — as seen in the trivy-action and kics-github-action compromises. Pin the reference to a full 40-character commit SHA instead, e.g. `uses: actions/checkout@8ade135a41bc03ea155e62e844d188df1ea18608`."
alibaba/nacos,.github/workflows/migration-it.yml,yaml.github-actions.security.github-actions-mutable-action-tag.github-actions-mutable-action-tag,WARNING,CWE-1357: Reliance on Insufficiently Trustworthy Component; CWE-353: Missing Support for Integrity Check,"GitHub Actions step uses a mutable tag or branch reference. Tags and branch names can be silently repointed by the action owner, enabling supply-chain attacks — as seen in the trivy-action and kics-github-action compromises. Pin the reference to a full 40-character commit SHA instead, e.g. `uses: actions/checkout@8ade135a41bc03ea155e62e844d188df1ea18608`."
alibaba/nacos,.github/workflows/migration-it.yml,yaml.github-actions.security.github-actions-mutable-action-tag.github-actions-mutable-action-tag,WARNING,CWE-1357: Reliance on Insufficiently Trustworthy Component; CWE-353: Missing Support for Integrity Check,"GitHub Actions step uses a mutable tag or branch reference. Tags and branch names can be silently repointed by the action owner, enabling supply-chain attacks — as seen in the trivy-action and kics-github-action compromises. Pin the reference to a full 40-character commit SHA instead, e.g. `uses: actions/checkout@8ade135a41bc03ea155e62e844d188df1ea18608`."
alibaba/nacos,.github/workflows/migration-it.yml,yaml.github-actions.security.github-actions-mutable-action-tag.github-actions-mutable-action-tag,WARNING,CWE-1357: Reliance on Insufficiently Trustworthy Component; CWE-353: Missing Support for Integrity Check,"GitHub Actions step uses a mutable tag or branch reference. Tags and branch names can be silently repointed by the action owner, enabling supply-chain attacks — as seen in the trivy-action and kics-github-action compromises. Pin the reference to a full 40-character commit SHA instead, e.g. `uses: actions/checkout@8ade135a41bc03ea155e62e844d188df1ea18608`."
alibaba/nacos,.github/workflows/pr-comment.yml,yaml.github-actions.security.github-actions-mutable-action-tag.github-actions-mutable-action-tag,WARNING,CWE-1357: Reliance on Insufficiently Trustworthy Component; CWE-353: Missing Support for Integrity Check,"GitHub Actions step uses a mutable tag or branch reference. Tags and branch names can be silently repointed by the action owner, enabling supply-chain attacks — as seen in the trivy-action and kics-github-action compromises. Pin the reference to a full 40-character commit SHA instead, e.g. `uses: actions/checkout@8ade135a41bc03ea155e62e844d188df1ea18608`."
alibaba/nacos,.github/workflows/pr-e2e-test.yml,yaml.github-actions.security.gha-workflow-env-secret.gha-workflow-env-secret,WARNING,CWE-732: Incorrect Permission Assignment for Critical Resource,"A secret is exposed in the workflow-level `env:` block, making it available to every job and step in this workflow — including any untrusted code run in pull-request workflows. Scope secrets as narrowly as possible: prefer step-level `env:` so the secret is only available where it is actually needed."
alibaba/nacos,.github/workflows/pr-e2e-test.yml,yaml.github-actions.security.gha-workflow-env-secret.gha-workflow-env-secret,WARNING,CWE-732: Incorrect Permission Assignment for Critical Resource,"A secret is exposed in the workflow-level `env:` block, making it available to every job and step in this workflow — including any untrusted code run in pull-request workflows. Scope secrets as narrowly as possible: prefer step-level `env:` so the secret is only available where it is actually needed."
alibaba/nacos,.github/workflows/pr-e2e-test.yml,yaml.github-actions.security.github-actions-mutable-action-tag.github-actions-mutable-action-tag,WARNING,CWE-1357: Reliance on Insufficiently Trustworthy Component; CWE-353: Missing Support for Integrity Check,"GitHub Actions step uses a mutable tag or branch reference. Tags and branch names can be silently repointed by the action owner, enabling supply-chain attacks — as seen in the trivy-action and kics-github-action compromises. Pin the reference to a full 40-character commit SHA instead, e.g. `uses: actions/checkout@8ade135a41bc03ea155e62e844d188df1ea18608`."
alibaba/nacos,.github/workflows/pr-e2e-test.yml,yaml.github-actions.security.github-actions-mutable-action-tag.github-actions-mutable-action-tag,WARNING,CWE-1357: Reliance on Insufficiently Trustworthy Component; CWE-353: Missing Support for Integrity Check,"GitHub Actions step uses a mutable tag or branch reference. Tags and branch names can be silently repointed by the action owner, enabling supply-chain attacks — as seen in the trivy-action and kics-github-action compromises. Pin the reference to a full 40-character commit SHA instead, e.g. `uses: actions/checkout@8ade135a41bc03ea155e62e844d188df1ea18608`."
alibaba/nacos,.github/workflows/pr-e2e-test.yml,yaml.github-actions.security.run-shell-injection.run-shell-injection,ERROR,CWE-78: Improper Neutralization of Special Elements used in an OS Command ('OS Command Injection'),"Using variable interpolation `${{...}}` with `github` context data in a `run:` step could allow an attacker to inject their own code into the runner. This would allow them to steal secrets and code. `github` context data can have arbitrary user input and should be treated as untrusted. Instead, use an intermediate environment variable with `env:` to store the data and use the environment variable in the `run:` script. Be sure to use double-quotes the environment variable, like this: ""$ENVVAR""."
alibaba/nacos,.github/workflows/pr-e2e-test.yml,yaml.github-actions.security.github-actions-mutable-action-tag.github-actions-mutable-action-tag,WARNING,CWE-1357: Reliance on Insufficiently Trustworthy Component; CWE-353: Missing Support for Integrity Check,"GitHub Actions step uses a mutable tag or branch reference. Tags and branch names can be silently repointed by the action owner, enabling supply-chain attacks — as seen in the trivy-action and kics-github-action compromises. Pin the reference to a full 40-character commit SHA instead, e.g. `uses: actions/checkout@8ade135a41bc03ea155e62e844d188df1ea18608`."
alibaba/nacos,.github/workflows/pr-e2e-test.yml,yaml.github-actions.security.github-actions-mutable-action-tag.github-actions-mutable-action-tag,WARNING,CWE-1357: Reliance on Insufficiently Trustworthy Component; CWE-353: Missing Support for Integrity Check,"GitHub Actions step uses a mutable tag or branch reference. Tags and branch names can be silently repointed by the action owner, enabling supply-chain attacks — as seen in the trivy-action and kics-github-action compromises. Pin the reference to a full 40-character commit SHA instead, e.g. `uses: actions/checkout@8ade135a41bc03ea155e62e844d188df1ea18608`."
alibaba/nacos,.github/workflows/pr-e2e-test.yml,yaml.github-actions.security.github-actions-mutable-action-tag.github-actions-mutable-action-tag,WARNING,CWE-1357: Reliance on Insufficiently Trustworthy Component; CWE-353: Missing Support for Integrity Check,"GitHub Actions step uses a mutable tag or branch reference. Tags and branch names can be silently repointed by the action owner, enabling supply-chain attacks — as seen in the trivy-action and kics-github-action compromises. Pin the reference to a full 40-character commit SHA instead, e.g. `uses: actions/checkout@8ade135a41bc03ea155e62e844d188df1ea18608`."
alibaba/nacos,.github/workflows/pr-e2e-test.yml,yaml.github-actions.security.github-actions-mutable-action-tag.github-actions-mutable-action-tag,WARNING,CWE-1357: Reliance on Insufficiently Trustworthy Component; CWE-353: Missing Support for Integrity Check,"GitHub Actions step uses a mutable tag or branch reference. Tags and branch names can be silently repointed by the action owner, enabling supply-chain attacks — as seen in the trivy-action and kics-github-action compromises. Pin the reference to a full 40-character commit SHA instead, e.g. `uses: actions/checkout@8ade135a41bc03ea155e62e844d188df1ea18608`."
alibaba/nacos,.github/workflows/pr-e2e-test.yml,yaml.github-actions.security.github-actions-mutable-action-tag.github-actions-mutable-action-tag,WARNING,CWE-1357: Reliance on Insufficiently Trustworthy Component; CWE-353: Missing Support for Integrity Check,"GitHub Actions step uses a mutable tag or branch reference. Tags and branch names can be silently repointed by the action owner, enabling supply-chain attacks — as seen in the trivy-action and kics-github-action compromises. Pin the reference to a full 40-character commit SHA instead, e.g. `uses: actions/checkout@8ade135a41bc03ea155e62e844d188df1ea18608`."
alibaba/nacos,.github/workflows/pr-e2e-test.yml,yaml.github-actions.security.github-actions-mutable-action-tag.github-actions-mutable-action-tag,WARNING,CWE-1357: Reliance on Insufficiently Trustworthy Component; CWE-353: Missing Support for Integrity Check,"GitHub Actions step uses a mutable tag or branch reference. Tags and branch names can be silently repointed by the action owner, enabling supply-chain attacks — as seen in the trivy-action and kics-github-action compromises. Pin the reference to a full 40-character commit SHA instead, e.g. `uses: actions/checkout@8ade135a41bc03ea155e62e844d188df1ea18608`."
alibaba/nacos,.github/workflows/pr-e2e-test.yml,yaml.github-actions.security.github-actions-mutable-action-tag.github-actions-mutable-action-tag,WARNING,CWE-1357: Reliance on Insufficiently Trustworthy Component; CWE-353: Missing Support for Integrity Check,"GitHub Actions step uses a mutable tag or branch reference. Tags and branch names can be silently repointed by the action owner, enabling supply-chain attacks — as seen in the trivy-action and kics-github-action compromises. Pin the reference to a full 40-character commit SHA instead, e.g. `uses: actions/checkout@8ade135a41bc03ea155e62e844d188df1ea18608`."
alibaba/nacos,.github/workflows/pr-e2e-test.yml,yaml.github-actions.security.github-actions-mutable-action-tag.github-actions-mutable-action-tag,WARNING,CWE-1357: Reliance on Insufficiently Trustworthy Component; CWE-353: Missing Support for Integrity Check,"GitHub Actions step uses a mutable tag or branch reference. Tags and branch names can be silently repointed by the action owner, enabling supply-chain attacks — as seen in the trivy-action and kics-github-action compromises. Pin the reference to a full 40-character commit SHA instead, e.g. `uses: actions/checkout@8ade135a41bc03ea155e62e844d188df1ea18608`."
alibaba/nacos,.github/workflows/pr-e2e-test.yml,yaml.github-actions.security.github-actions-mutable-action-tag.github-actions-mutable-action-tag,WARNING,CWE-1357: Reliance on Insufficiently Trustworthy Component; CWE-353: Missing Support for Integrity Check,"GitHub Actions step uses a mutable tag or branch reference. Tags and branch names can be silently repointed by the action owner, enabling supply-chain attacks — as seen in the trivy-action and kics-github-action compromises. Pin the reference to a full 40-character commit SHA instead, e.g. `uses: actions/checkout@8ade135a41bc03ea155e62e844d188df1ea18608`."
alibaba/nacos,.github/workflows/pr-e2e-test.yml,yaml.github-actions.security.github-actions-mutable-action-tag.github-actions-mutable-action-tag,WARNING,CWE-1357: Reliance on Insufficiently Trustworthy Component; CWE-353: Missing Support for Integrity Check,"GitHub Actions step uses a mutable tag or branch reference. Tags and branch names can be silently repointed by the action owner, enabling supply-chain attacks — as seen in the trivy-action and kics-github-action compromises. Pin the reference to a full 40-character commit SHA instead, e.g. `uses: actions/checkout@8ade135a41bc03ea155e62e844d188df1ea18608`."
alibaba/nacos,.github/workflows/pr-e2e-test.yml,yaml.github-actions.security.github-actions-mutable-action-tag.github-actions-mutable-action-tag,WARNING,CWE-1357: Reliance on Insufficiently Trustworthy Component; CWE-353: Missing Support for Integrity Check,"GitHub Actions step uses a mutable tag or branch reference. Tags and branch names can be silently repointed by the action owner, enabling supply-chain attacks — as seen in the trivy-action and kics-github-action compromises. Pin the reference to a full 40-character commit SHA instead, e.g. `uses: actions/checkout@8ade135a41bc03ea155e62e844d188df1ea18608`."
alibaba/nacos,.github/workflows/pr-e2e-test.yml,yaml.github-actions.security.github-actions-mutable-action-tag.github-actions-mutable-action-tag,WARNING,CWE-1357: Reliance on Insufficiently Trustworthy Component; CWE-353: Missing Support for Integrity Check,"GitHub Actions step uses a mutable tag or branch reference. Tags and branch names can be silently repointed by the action owner, enabling supply-chain attacks — as seen in the trivy-action and kics-github-action compromises. Pin the reference to a full 40-character commit SHA instead, e.g. `uses: actions/checkout@8ade135a41bc03ea155e62e844d188df1ea18608`."
alibaba/nacos,.github/workflows/pr-e2e-test.yml,yaml.github-actions.security.github-actions-mutable-action-tag.github-actions-mutable-action-tag,WARNING,CWE-1357: Reliance on Insufficiently Trustworthy Component; CWE-353: Missing Support for Integrity Check,"GitHub Actions step uses a mutable tag or branch reference. Tags and branch names can be silently repointed by the action owner, enabling supply-chain attacks — as seen in the trivy-action and kics-github-action compromises. Pin the reference to a full 40-character commit SHA instead, e.g. `uses: actions/checkout@8ade135a41bc03ea155e62e844d188df1ea18608`."
alibaba/nacos,.github/workflows/pr-e2e-test.yml,yaml.github-actions.security.github-actions-mutable-action-tag.github-actions-mutable-action-tag,WARNING,CWE-1357: Reliance on Insufficiently Trustworthy Component; CWE-353: Missing Support for Integrity Check,"GitHub Actions step uses a mutable tag or branch reference. Tags and branch names can be silently repointed by the action owner, enabling supply-chain attacks — as seen in the trivy-action and kics-github-action compromises. Pin the reference to a full 40-character commit SHA instead, e.g. `uses: actions/checkout@8ade135a41bc03ea155e62e844d188df1ea18608`."
alibaba/nacos,.github/workflows/pr-e2e-test.yml,yaml.github-actions.security.github-actions-mutable-action-tag.github-actions-mutable-action-tag,WARNING,CWE-1357: Reliance on Insufficiently Trustworthy Component; CWE-353: Missing Support for Integrity Check,"GitHub Actions step uses a mutable tag or branch reference. Tags and branch names can be silently repointed by the action owner, enabling supply-chain attacks — as seen in the trivy-action and kics-github-action compromises. Pin the reference to a full 40-character commit SHA instead, e.g. `uses: actions/checkout@8ade135a41bc03ea155e62e844d188df1ea18608`."
alibaba/nacos,.github/workflows/pr-e2e-test.yml,yaml.github-actions.security.github-actions-mutable-action-tag.github-actions-mutable-action-tag,WARNING,CWE-1357: Reliance on Insufficiently Trustworthy Component; CWE-353: Missing Support for Integrity Check,"GitHub Actions step uses a mutable tag or branch reference. Tags and branch names can be silently repointed by the action owner, enabling supply-chain attacks — as seen in the trivy-action and kics-github-action compromises. Pin the reference to a full 40-character commit SHA instead, e.g. `uses: actions/checkout@8ade135a41bc03ea155e62e844d188df1ea18608`."
alibaba/nacos,.github/workflows/pr-e2e-test.yml,yaml.github-actions.security.github-actions-mutable-action-tag.github-actions-mutable-action-tag,WARNING,CWE-1357: Reliance on Insufficiently Trustworthy Component; CWE-353: Missing Support for Integrity Check,"GitHub Actions step uses a mutable tag or branch reference. Tags and branch names can be silently repointed by the action owner, enabling supply-chain attacks — as seen in the trivy-action and kics-github-action compromises. Pin the reference to a full 40-character commit SHA instead, e.g. `uses: actions/checkout@8ade135a41bc03ea155e62e844d188df1ea18608`."
alibaba/nacos,.github/workflows/pr-validation.yml,yaml.github-actions.security.github-actions-mutable-action-tag.github-actions-mutable-action-tag,WARNING,CWE-1357: Reliance on Insufficiently Trustworthy Component; CWE-353: Missing Support for Integrity Check,"GitHub Actions step uses a mutable tag or branch reference. Tags and branch names can be silently repointed by the action owner, enabling supply-chain attacks — as seen in the trivy-action and kics-github-action compromises. Pin the reference to a full 40-character commit SHA instead, e.g. `uses: actions/checkout@8ade135a41bc03ea155e62e844d188df1ea18608`."
alibaba/nacos,.github/workflows/stale.yml,yaml.github-actions.security.github-actions-mutable-action-tag.github-actions-mutable-action-tag,WARNING,CWE-1357: Reliance on Insufficiently Trustworthy Component; CWE-353: Missing Support for Integrity Check,"GitHub Actions step uses a mutable tag or branch reference. Tags and branch names can be silently repointed by the action owner, enabling supply-chain attacks — as seen in the trivy-action and kics-github-action compromises. Pin the reference to a full 40-character commit SHA instead, e.g. `uses: actions/checkout@8ade135a41bc03ea155e62e844d188df1ea18608`."
alibaba/nacos,api/src/main/java/com/alibaba/nacos/api/ai/utils/AgentWatchLogUtils.java,java.lang.security.audit.bad-hexa-conversion.bad-hexa-conversion,WARNING,CWE-704: Incorrect Type Conversion or Cast,"'Integer.toHexString()' strips leading zeroes from each byte if read byte-by-byte. This mistake weakens the hash value computed since it introduces more collisions. Use 'String.format(""%02X"", ...)' instead."
alibaba/nacos,common/src/main/java/com/alibaba/nacos/common/packagescan/DefaultPackageScan.java,java.lang.security.audit.unsafe-reflection.unsafe-reflection,WARNING,CWE-470: Use of Externally-Controlled Input to Select Classes or Code ('Unsafe Reflection'),"If an attacker can supply values that the application then uses to determine which class to instantiate or which method to invoke, the potential exists for the attacker to create control flow paths through the application that were not intended by the application developers. This attack vector may allow the attacker to bypass authentication or access control checks or otherwise cause the application to behave in an unexpected manner."
alibaba/nacos,common/src/main/java/com/alibaba/nacos/common/tls/SelfTrustManager.java,java.lang.security.audit.crypto.ssl.insecure-trust-manager.insecure-trust-manager,WARNING,CWE-295: Improper Certificate Validation,"Detected empty trust manager implementations. This is dangerous because it accepts any certificate, enabling man-in-the-middle attacks. Consider using a KeyStore and TrustManagerFactory instead. See https://stackoverflow.com/questions/2642777/trusting-all-certificates-using-httpclient-over-https for more information."
alibaba/nacos,common/src/main/java/com/alibaba/nacos/common/tls/SelfTrustManager.java,java.lang.security.audit.crypto.ssl.insecure-trust-manager.insecure-trust-manager,WARNING,CWE-295: Improper Certificate Validation,"Detected empty trust manager implementations. This is dangerous because it accepts any certificate, enabling man-in-the-middle attacks. Consider using a KeyStore and TrustManagerFactory instead. See https://stackoverflow.com/questions/2642777/trusting-all-certificates-using-httpclient-over-https for more information."
alibaba/nacos,common/src/main/java/com/alibaba/nacos/common/tls/SelfTrustManager.java,java.lang.security.audit.crypto.ssl.insecure-trust-manager.insecure-trust-manager,WARNING,CWE-295: Improper Certificate Validation,"Detected empty trust manager implementations. This is dangerous because it accepts any certificate, enabling man-in-the-middle attacks. Consider using a KeyStore and TrustManagerFactory instead. See https://stackoverflow.com/questions/2642777/trusting-all-certificates-using-httpclient-over-https for more information."
alibaba/nacos,common/src/main/java/com/alibaba/nacos/common/tls/TlsHelper.java,java.lang.security.audit.weak-ssl-context.weak-ssl-context,WARNING,CWE-326: Inadequate Encryption Strength,"An insecure SSL context was detected. TLS versions 1.0, 1.1, and all SSL versions are considered weak encryption and are deprecated. Use SSLContext.getInstance(""TLSv1.2"") for the best security."
alibaba/nacos,common/src/main/java/com/alibaba/nacos/common/utils/ClassUtils.java,java.lang.security.audit.unsafe-reflection.unsafe-reflection,WARNING,CWE-470: Use of Externally-Controlled Input to Select Classes or Code ('Unsafe Reflection'),"If an attacker can supply values that the application then uses to determine which class to instantiate or which method to invoke, the potential exists for the attacker to create control flow paths through the application that were not intended by the application developers. This attack vector may allow the attacker to bypass authentication or access control checks or otherwise cause the application to behave in an unexpected manner."
alibaba/nacos,common/src/main/java/com/alibaba/nacos/common/utils/ClassUtils.java,java.lang.security.audit.unsafe-reflection.unsafe-reflection,WARNING,CWE-470: Use of Externally-Controlled Input to Select Classes or Code ('Unsafe Reflection'),"If an attacker can supply values that the application then uses to determine which class to instantiate or which method to invoke, the potential exists for the attacker to create control flow paths through the application that were not intended by the application developers. This attack vector may allow the attacker to bypass authentication or access control checks or otherwise cause the application to behave in an unexpected manner."
alibaba/nacos,common/src/main/java/com/alibaba/nacos/common/utils/ClassUtils.java,java.lang.security.audit.unsafe-reflection.unsafe-reflection,WARNING,CWE-470: Use of Externally-Controlled Input to Select Classes or Code ('Unsafe Reflection'),"If an attacker can supply values that the application then uses to determine which class to instantiate or which method to invoke, the potential exists for the attacker to create control flow paths through the application that were not intended by the application developers. This attack vector may allow the attacker to bypass authentication or access control checks or otherwise cause the application to behave in an unexpected manner."
alibaba/nacos,common/src/main/java/com/alibaba/nacos/common/utils/MD5Utils.java,java.lang.security.audit.crypto.use-of-md5.use-of-md5,WARNING,CWE-328: Use of Weak Hash,Detected MD5 hash algorithm which is considered insecure. MD5 is not collision resistant and is therefore not suitable as a cryptographic signature. Use HMAC instead.
alibaba/nacos,config/src/main/java/com/alibaba/nacos/config/server/controller/v3/ConfigOpsControllerV3.java,java.spring.security.audit.spring-sqli.spring-sqli,WARNING,CWE-89: Improper Neutralization of Special Elements used in an SQL Command ('SQL Injection'),Detected a string argument from a public method contract in a raw SQL statement. This could lead to SQL injection if variables in the SQL statement are not properly sanitized. Use a prepared statements (java.sql.PreparedStatement) instead. You can obtain a PreparedStatement using 'connection.prepareStatement'.
alibaba/nacos,consistency/src/main/java/com/alibaba/nacos/consistency/Serializer.java,java.lang.security.audit.unsafe-reflection.unsafe-reflection,WARNING,CWE-470: Use of Externally-Controlled Input to Select Classes or Code ('Unsafe Reflection'),"If an attacker can supply values that the application then uses to determine which class to instantiate or which method to invoke, the potential exists for the attacker to create control flow paths through the application that were not intended by the application developers. This attack vector may allow the attacker to bypass authentication or access control checks or otherwise cause the application to behave in an unexpected manner."
alibaba/nacos,console-ui-next/.npmrc,package_managers.npm.npm-missing-minimum-release-age.npm-missing-minimum-release-age,MEDIUM,CWE-829: Inclusion of Functionality from Untrusted Control Sphere,This .npmrc does not set a minimum release age or sets it too low. Newly published packages can be malicious or unstable. Add `min-release-age = 7` to wait 7 days before resolving newly published package versions. Added in: v11.10 Reference: https://github.blog/changelog/2026-02-18-npm-bulk-trusted-publishing-config-and-script-security-now-generally-available/
alibaba/nacos,console-ui-next/src/pages/newAgent/__tests__/agent-console-model.test.ts,javascript.lang.security.detect-insecure-websocket.detect-insecure-websocket,ERROR,CWE-319: Cleartext Transmission of Sensitive Information,Insecure WebSocket Detected. WebSocket Secure (wss) should be used for all WebSocket connections.
alibaba/nacos,console-ui-next/src/pages/newAgent/__tests__/agent-console-model.test.ts,javascript.lang.security.detect-insecure-websocket.detect-insecure-websocket,ERROR,CWE-319: Cleartext Transmission of Sensitive Information,Insecure WebSocket Detected. WebSocket Secure (wss) should be used for all WebSocket connections.
alibaba/nacos,console-ui-next/src/utils/openapi/parseOpenApi.ts,javascript.lang.security.audit.prototype-pollution.prototype-pollution-loop.prototype-pollution-loop,WARNING,CWE-915: Improperly Controlled Modification of Dynamically-Determined Object Attributes,"Possibility of prototype polluting function detected. By adding or modifying attributes of an object prototype, it is possible to create attributes that exist on every object, or replace critical attributes with malicious ones. This can be problematic if the software depends on existence or non-existence of certain attributes, or uses pre-defined attributes of object prototype (such as hasOwnProperty, toString or valueOf). Possible mitigations might be: freezing the object prototype, using an ob"
alibaba/nacos,console-ui-next/src/utils/openapi/swagger2Tools.ts,javascript.lang.security.audit.detect-non-literal-regexp.detect-non-literal-regexp,WARNING,CWE-1333: Inefficient Regular Expression Complexity,"RegExp() called with a `config` function argument, this might allow an attacker to cause a Regular Expression Denial-of-Service (ReDoS) within your application as RegExP blocks the main thread. For this reason, it is recommended to use hardcoded regexes instead. If your regex is run on user-controlled input, consider performing input validation or use a regex checking/sanitization library such as https://www.npmjs.com/package/recheck to verify that the regex does not appear vulnerable to ReDoS."
alibaba/nacos,console-ui/public/index.ejs,javascript.express.security.audit.xss.ejs.var-in-script-src.var-in-script-src,WARNING,CWE-79: Improper Neutralization of Input During Web Page Generation ('Cross-site Scripting'),"Detected a template variable used as the 'src' in a script tag. Although template variables are HTML escaped, HTML escaping does not always prevent malicious URLs from being injected and could results in a cross-site scripting (XSS) vulnerability. Prefer not to dynamically generate the 'src' attribute and use static URLs instead. If you must do this, carefully check URLs against an allowlist and be sure to URL-encode the result."
alibaba/nacos,console-ui/public/index.ejs,javascript.express.security.audit.xss.ejs.var-in-script-src.var-in-script-src,WARNING,CWE-79: Improper Neutralization of Input During Web Page Generation ('Cross-site Scripting'),"Detected a template variable used as the 'src' in a script tag. Although template variables are HTML escaped, HTML escaping does not always prevent malicious URLs from being injected and could results in a cross-site scripting (XSS) vulnerability. Prefer not to dynamically generate the 'src' attribute and use static URLs instead. If you must do this, carefully check URLs against an allowlist and be sure to URL-encode the result."
alibaba/nacos,console-ui/public/index.ejs,javascript.express.security.audit.xss.ejs.var-in-script-src.var-in-script-src,WARNING,CWE-79: Improper Neutralization of Input During Web Page Generation ('Cross-site Scripting'),"Detected a template variable used as the 'src' in a script tag. Although template variables are HTML escaped, HTML escaping does not always prevent malicious URLs from being injected and could results in a cross-site scripting (XSS) vulnerability. Prefer not to dynamically generate the 'src' attribute and use static URLs instead. If you must do this, carefully check URLs against an allowlist and be sure to URL-encode the result."
alibaba/nacos,console-ui/public/index.ejs,javascript.express.security.audit.xss.ejs.var-in-script-src.var-in-script-src,WARNING,CWE-79: Improper Neutralization of Input During Web Page Generation ('Cross-site Scripting'),"Detected a template variable used as the 'src' in a script tag. Although template variables are HTML escaped, HTML escaping does not always prevent malicious URLs from being injected and could results in a cross-site scripting (XSS) vulnerability. Prefer not to dynamically generate the 'src' attribute and use static URLs instead. If you must do this, carefully check URLs against an allowlist and be sure to URL-encode the result."
alibaba/nacos,console-ui/public/index.ejs,javascript.express.security.audit.xss.ejs.var-in-script-src.var-in-script-src,WARNING,CWE-79: Improper Neutralization of Input During Web Page Generation ('Cross-site Scripting'),"Detected a template variable used as the 'src' in a script tag. Although template variables are HTML escaped, HTML escaping does not always prevent malicious URLs from being injected and could results in a cross-site scripting (XSS) vulnerability. Prefer not to dynamically generate the 'src' attribute and use static URLs instead. If you must do this, carefully check URLs against an allowlist and be sure to URL-encode the result."
alibaba/nacos,console-ui/public/index.ejs,javascript.express.security.audit.xss.ejs.var-in-script-src.var-in-script-src,WARNING,CWE-79: Improper Neutralization of Input During Web Page Generation ('Cross-site Scripting'),"Detected a template variable used as the 'src' in a script tag. Although template variables are HTML escaped, HTML escaping does not always prevent malicious URLs from being injected and could results in a cross-site scripting (XSS) vulnerability. Prefer not to dynamically generate the 'src' attribute and use static URLs instead. If you must do this, carefully check URLs against an allowlist and be sure to URL-encode the result."
alibaba/nacos,console-ui/public/index.ejs,javascript.express.security.audit.xss.ejs.var-in-script-src.var-in-script-src,WARNING,CWE-79: Improper Neutralization of Input During Web Page Generation ('Cross-site Scripting'),"Detected a template variable used as the 'src' in a script tag. Although template variables are HTML escaped, HTML escaping does not always prevent malicious URLs from being injected and could results in a cross-site scripting (XSS) vulnerability. Prefer not to dynamically generate the 'src' attribute and use static URLs instead. If you must do this, carefully check URLs against an allowlist and be sure to URL-encode the result."
alibaba/nacos,console-ui/public/index.ejs,javascript.express.security.audit.xss.ejs.var-in-script-src.var-in-script-src,WARNING,CWE-79: Improper Neutralization of Input During Web Page Generation ('Cross-site Scripting'),"Detected a template variable used as the 'src' in a script tag. Although template variables are HTML escaped, HTML escaping does not always prevent malicious URLs from being injected and could results in a cross-site scripting (XSS) vulnerability. Prefer not to dynamically generate the 'src' attribute and use static URLs instead. If you must do this, carefully check URLs against an allowlist and be sure to URL-encode the result."
alibaba/nacos,console-ui/public/index.ejs,javascript.express.security.audit.xss.ejs.var-in-script-src.var-in-script-src,WARNING,CWE-79: Improper Neutralization of Input During Web Page Generation ('Cross-site Scripting'),"Detected a template variable used as the 'src' in a script tag. Although template variables are HTML escaped, HTML escaping does not always prevent malicious URLs from being injected and could results in a cross-site scripting (XSS) vulnerability. Prefer not to dynamically generate the 'src' attribute and use static URLs instead. If you must do this, carefully check URLs against an allowlist and be sure to URL-encode the result."
alibaba/nacos,console-ui/public/index.ejs,javascript.express.security.audit.xss.ejs.var-in-script-src.var-in-script-src,WARNING,CWE-79: Improper Neutralization of Input During Web Page Generation ('Cross-site Scripting'),"Detected a template variable used as the 'src' in a script tag. Although template variables are HTML escaped, HTML escaping does not always prevent malicious URLs from being injected and could results in a cross-site scripting (XSS) vulnerability. Prefer not to dynamically generate the 'src' attribute and use static URLs instead. If you must do this, carefully check URLs against an allowlist and be sure to URL-encode the result."
alibaba/nacos,console-ui/public/index.ejs,javascript.express.security.audit.xss.ejs.var-in-script-src.var-in-script-src,WARNING,CWE-79: Improper Neutralization of Input During Web Page Generation ('Cross-site Scripting'),"Detected a template variable used as the 'src' in a script tag. Although template variables are HTML escaped, HTML escaping does not always prevent malicious URLs from being injected and could results in a cross-site scripting (XSS) vulnerability. Prefer not to dynamically generate the 'src' attribute and use static URLs instead. If you must do this, carefully check URLs against an allowlist and be sure to URL-encode the result."
alibaba/nacos,console-ui/public/index.ejs,javascript.express.security.audit.xss.ejs.var-in-script-src.var-in-script-src,WARNING,CWE-79: Improper Neutralization of Input During Web Page Generation ('Cross-site Scripting'),"Detected a template variable used as the 'src' in a script tag. Although template variables are HTML escaped, HTML escaping does not always prevent malicious URLs from being injected and could results in a cross-site scripting (XSS) vulnerability. Prefer not to dynamically generate the 'src' attribute and use static URLs instead. If you must do this, carefully check URLs against an allowlist and be sure to URL-encode the result."
alibaba/nacos,console-ui/src/globalLib.js,javascript.lang.security.audit.detect-non-literal-regexp.detect-non-literal-regexp,WARNING,CWE-1333: Inefficient Regular Expression Complexity,"RegExp() called with a `name` function argument, this might allow an attacker to cause a Regular Expression Denial-of-Service (ReDoS) within your application as RegExP blocks the main thread. For this reason, it is recommended to use hardcoded regexes instead. If your regex is run on user-controlled input, consider performing input validation or use a regex checking/sanitization library such as https://www.npmjs.com/package/recheck to verify that the regex does not appear vulnerable to ReDoS."
alibaba/nacos,console-ui/src/globalLib.js,javascript.lang.security.insecure-object-assign.insecure-object-assign,WARNING,CWE-601: URL Redirection to Untrusted Site ('Open Redirect'),"Depending on the context, user control data in `Object.assign` can cause web response to include data that it should not have or can lead to a mass assignment vulnerability."
alibaba/nacos,console-ui/src/pages/AI/services/OpenApiService.js,javascript.lang.security.audit.prototype-pollution.prototype-pollution-loop.prototype-pollution-loop,WARNING,CWE-915: Improperly Controlled Modification of Dynamically-Determined Object Attributes,"Possibility of prototype polluting function detected. By adding or modifying attributes of an object prototype, it is possible to create attributes that exist on every object, or replace critical attributes with malicious ones. This can be problematic if the software depends on existence or non-existence of certain attributes, or uses pre-defined attributes of object prototype (such as hasOwnProperty, toString or valueOf). Possible mitigations might be: freezing the object prototype, using an ob"
alibaba/nacos,console-ui/src/pages/AI/services/OpenApiService.js,javascript.lang.security.audit.detect-non-literal-regexp.detect-non-literal-regexp,WARNING,CWE-1333: Inefficient Regular Expression Complexity,"RegExp() called with a `name` function argument, this might allow an attacker to cause a Regular Expression Denial-of-Service (ReDoS) within your application as RegExP blocks the main thread. For this reason, it is recommended to use hardcoded regexes instead. If your regex is run on user-controlled input, consider performing input validation or use a regex checking/sanitization library such as https://www.npmjs.com/package/recheck to verify that the regex does not appear vulnerable to ReDoS."
alibaba/nacos,console/src/main/java/com/alibaba/nacos/console/aot/NacosRuntimeHints.java,java.lang.security.audit.unsafe-reflection.unsafe-reflection,WARNING,CWE-470: Use of Externally-Controlled Input to Select Classes or Code ('Unsafe Reflection'),"If an attacker can supply values that the application then uses to determine which class to instantiate or which method to invoke, the potential exists for the attacker to create control flow paths through the application that were not intended by the application developers. This attack vector may allow the attacker to bypass authentication or access control checks or otherwise cause the application to behave in an unexpected manner."
alibaba/nacos,console/src/main/java/com/alibaba/nacos/console/controller/v3/naming/ConsoleInstanceController.java,java.spring.security.unrestricted-request-mapping.unrestricted-request-mapping,WARNING,CWE-352: Cross-Site Request Forgery (CSRF),"Detected a method annotated with 'RequestMapping' that does not specify the HTTP method. CSRF protections are not enabled for GET, HEAD, TRACE, or OPTIONS, and by default all HTTP methods are allowed when the HTTP method is not explicitly specified. This means that a method that performs state changes could be vulnerable to CSRF attacks. To mitigate, add the 'method' field and specify the HTTP method (such as 'RequestMethod.POST')."
alibaba/nacos,console/src/main/resources/static/console-ui/assets/editor.worker-DEFp6fw-.js,javascript.browser.security.wildcard-postmessage-configuration.wildcard-postmessage-configuration,WARNING,CWE-345: Insufficient Verification of Data Authenticity,"The target origin of the window.postMessage() API is set to ""*"". This could allow for information disclosure due to the possibility of any origin allowed to receive the message."
alibaba/nacos,console/src/main/resources/static/console-ui/assets/editor.worker-DEFp6fw-.js,javascript.lang.security.audit.detect-non-literal-regexp.detect-non-literal-regexp,WARNING,CWE-1333: Inefficient Regular Expression Complexity,"RegExp() called with a `t` function argument, this might allow an attacker to cause a Regular Expression Denial-of-Service (ReDoS) within your application as RegExP blocks the main thread. For this reason, it is recommended to use hardcoded regexes instead. If your regex is run on user-controlled input, consider performing input validation or use a regex checking/sanitization library such as https://www.npmjs.com/package/recheck to verify that the regex does not appear vulnerable to ReDoS."
alibaba/nacos,console/src/main/resources/static/console-ui/assets/editor.worker-DEFp6fw-.js,javascript.lang.security.audit.detect-non-literal-regexp.detect-non-literal-regexp,WARNING,CWE-1333: Inefficient Regular Expression Complexity,"RegExp() called with a `n` function argument, this might allow an attacker to cause a Regular Expression Denial-of-Service (ReDoS) within your application as RegExP blocks the main thread. For this reason, it is recommended to use hardcoded regexes instead. If your regex is run on user-controlled input, consider performing input validation or use a regex checking/sanitization library such as https://www.npmjs.com/package/recheck to verify that the regex does not appear vulnerable to ReDoS."
alibaba/nacos,console/src/main/resources/static/console-ui/assets/editor.worker-DEFp6fw-.js,javascript.lang.security.audit.detect-non-literal-regexp.detect-non-literal-regexp,WARNING,CWE-1333: Inefficient Regular Expression Complexity,"RegExp() called with a `e` function argument, this might allow an attacker to cause a Regular Expression Denial-of-Service (ReDoS) within your application as RegExP blocks the main thread. For this reason, it is recommended to use hardcoded regexes instead. If your regex is run on user-controlled input, consider performing input validation or use a regex checking/sanitization library such as https://www.npmjs.com/package/recheck to verify that the regex does not appear vulnerable to ReDoS."
alibaba/nacos,console/src/main/resources/static/console-ui/assets/editor.worker-DEFp6fw-.js,javascript.lang.security.audit.detect-non-literal-regexp.detect-non-literal-regexp,WARNING,CWE-1333: Inefficient Regular Expression Complexity,"RegExp() called with a `r` function argument, this might allow an attacker to cause a Regular Expression Denial-of-Service (ReDoS) within your application as RegExP blocks the main thread. For this reason, it is recommended to use hardcoded regexes instead. If your regex is run on user-controlled input, consider performing input validation or use a regex checking/sanitization library such as https://www.npmjs.com/package/recheck to verify that the regex does not appear vulnerable to ReDoS."
alibaba/nacos,console/src/main/resources/static/console-ui/assets/editor.worker-DEFp6fw-.js,javascript.lang.security.audit.detect-non-literal-regexp.detect-non-literal-regexp,WARNING,CWE-1333: Inefficient Regular Expression Complexity,"RegExp() called with a `s` function argument, this might allow an attacker to cause a Regular Expression Denial-of-Service (ReDoS) within your application as RegExP blocks the main thread. For this reason, it is recommended to use hardcoded regexes instead. If your regex is run on user-controlled input, consider performing input validation or use a regex checking/sanitization library such as https://www.npmjs.com/package/recheck to verify that the regex does not appear vulnerable to ReDoS."
alibaba/nacos,console/src/main/resources/static/console-ui/assets/editor.worker-DEFp6fw-.js,javascript.lang.security.audit.detect-non-literal-regexp.detect-non-literal-regexp,WARNING,CWE-1333: Inefficient Regular Expression Complexity,"RegExp() called with a `r` function argument, this might allow an attacker to cause a Regular Expression Denial-of-Service (ReDoS) within your application as RegExP blocks the main thread. For this reason, it is recommended to use hardcoded regexes instead. If your regex is run on user-controlled input, consider performing input validation or use a regex checking/sanitization library such as https://www.npmjs.com/package/recheck to verify that the regex does not appear vulnerable to ReDoS."
alibaba/nacos,console/src/main/resources/static/console-ui/assets/editor.worker-DEFp6fw-.js,javascript.lang.security.audit.detect-non-literal-regexp.detect-non-literal-regexp,WARNING,CWE-1333: Inefficient Regular Expression Complexity,"RegExp() called with a `s` function argument, this might allow an attacker to cause a Regular Expression Denial-of-Service (ReDoS) within your application as RegExP blocks the main thread. For this reason, it is recommended to use hardcoded regexes instead. If your regex is run on user-controlled input, consider performing input validation or use a regex checking/sanitization library such as https://www.npmjs.com/package/recheck to verify that the regex does not appear vulnerable to ReDoS."
alibaba/nacos,console/src/main/resources/static/console-ui/assets/editor.worker-DEFp6fw-.js,javascript.lang.security.audit.detect-non-literal-regexp.detect-non-literal-regexp,WARNING,CWE-1333: Inefficient Regular Expression Complexity,"RegExp() called with a `i` function argument, this might allow an attacker to cause a Regular Expression Denial-of-Service (ReDoS) within your application as RegExP blocks the main thread. For this reason, it is recommended to use hardcoded regexes instead. If your regex is run on user-controlled input, consider performing input validation or use a regex checking/sanitization library such as https://www.npmjs.com/package/recheck to verify that the regex does not appear vulnerable to ReDoS."
alibaba/nacos,console/src/main/resources/static/console-ui/assets/editor.worker-DEFp6fw-.js,javascript.lang.security.audit.detect-non-literal-regexp.detect-non-literal-regexp,WARNING,CWE-1333: Inefficient Regular Expression Complexity,"RegExp() called with a `s` function argument, this might allow an attacker to cause a Regular Expression Denial-of-Service (ReDoS) within your application as RegExP blocks the main thread. For this reason, it is recommended to use hardcoded regexes instead. If your regex is run on user-controlled input, consider performing input validation or use a regex checking/sanitization library such as https://www.npmjs.com/package/recheck to verify that the regex does not appear vulnerable to ReDoS."
alibaba/nacos,console/src/main/resources/static/console-ui/assets/json.worker-BoL8UZqY.js,javascript.browser.security.wildcard-postmessage-configuration.wildcard-postmessage-configuration,WARNING,CWE-345: Insufficient Verification of Data Authenticity,"The target origin of the window.postMessage() API is set to ""*"". This could allow for information disclosure due to the possibility of any origin allowed to receive the message."
alibaba/nacos,console/src/main/resources/static/console-ui/assets/json.worker-BoL8UZqY.js,javascript.lang.security.audit.detect-non-literal-regexp.detect-non-literal-regexp,WARNING,CWE-1333: Inefficient Regular Expression Complexity,"RegExp() called with a `t` function argument, this might allow an attacker to cause a Regular Expression Denial-of-Service (ReDoS) within your application as RegExP blocks the main thread. For this reason, it is recommended to use hardcoded regexes instead. If your regex is run on user-controlled input, consider performing input validation or use a regex checking/sanitization library such as https://www.npmjs.com/package/recheck to verify that the regex does not appear vulnerable to ReDoS."
alibaba/nacos,console/src/main/resources/static/console-ui/assets/json.worker-BoL8UZqY.js,javascript.lang.security.audit.detect-non-literal-regexp.detect-non-literal-regexp,WARNING,CWE-1333: Inefficient Regular Expression Complexity,"RegExp() called with a `n` function argument, this might allow an attacker to cause a Regular Expression Denial-of-Service (ReDoS) within your application as RegExP blocks the main thread. For this reason, it is recommended to use hardcoded regexes instead. If your regex is run on user-controlled input, consider performing input validation or use a regex checking/sanitization library such as https://www.npmjs.com/package/recheck to verify that the regex does not appear vulnerable to ReDoS."
alibaba/nacos,console/src/main/resources/static/console-ui/assets/json.worker-BoL8UZqY.js,javascript.lang.security.audit.detect-non-literal-regexp.detect-non-literal-regexp,WARNING,CWE-1333: Inefficient Regular Expression Complexity,"RegExp() called with a `e` function argument, this might allow an attacker to cause a Regular Expression Denial-of-Service (ReDoS) within your application as RegExP blocks the main thread. For this reason, it is recommended to use hardcoded regexes instead. If your regex is run on user-controlled input, consider performing input validation or use a regex checking/sanitization library such as https://www.npmjs.com/package/recheck to verify that the regex does not appear vulnerable to ReDoS."
alibaba/nacos,console/src/main/resources/static/console-ui/assets/json.worker-BoL8UZqY.js,javascript.lang.security.audit.detect-non-literal-regexp.detect-non-literal-regexp,WARNING,CWE-1333: Inefficient Regular Expression Complexity,"RegExp() called with a `i` function argument, this might allow an attacker to cause a Regular Expression Denial-of-Service (ReDoS) within your application as RegExP blocks the main thread. For this reason, it is recommended to use hardcoded regexes instead. If your regex is run on user-controlled input, consider performing input validation or use a regex checking/sanitization library such as https://www.npmjs.com/package/recheck to verify that the regex does not appear vulnerable to ReDoS."
alibaba/nacos,console/src/main/resources/static/console-ui/assets/json.worker-BoL8UZqY.js,javascript.lang.security.audit.detect-non-literal-regexp.detect-non-literal-regexp,WARNING,CWE-1333: Inefficient Regular Expression Complexity,"RegExp() called with a `r` function argument, this might allow an attacker to cause a Regular Expression Denial-of-Service (ReDoS) within your application as RegExP blocks the main thread. For this reason, it is recommended to use hardcoded regexes instead. If your regex is run on user-controlled input, consider performing input validation or use a regex checking/sanitization library such as https://www.npmjs.com/package/recheck to verify that the regex does not appear vulnerable to ReDoS."
alibaba/nacos,console/src/main/resources/static/console-ui/assets/json.worker-BoL8UZqY.js,javascript.lang.security.audit.detect-non-literal-regexp.detect-non-literal-regexp,WARNING,CWE-1333: Inefficient Regular Expression Complexity,"RegExp() called with a `i` function argument, this might allow an attacker to cause a Regular Expression Denial-of-Service (ReDoS) within your application as RegExP blocks the main thread. For this reason, it is recommended to use hardcoded regexes instead. If your regex is run on user-controlled input, consider performing input validation or use a regex checking/sanitization library such as https://www.npmjs.com/package/recheck to verify that the regex does not appear vulnerable to ReDoS."
alibaba/nacos,console/src/main/resources/static/console-ui/assets/json.worker-BoL8UZqY.js,javascript.lang.security.audit.detect-non-literal-regexp.detect-non-literal-regexp,WARNING,CWE-1333: Inefficient Regular Expression Complexity,"RegExp() called with a `r` function argument, this might allow an attacker to cause a Regular Expression Denial-of-Service (ReDoS) within your application as RegExP blocks the main thread. For this reason, it is recommended to use hardcoded regexes instead. If your regex is run on user-controlled input, consider performing input validation or use a regex checking/sanitization library such as https://www.npmjs.com/package/recheck to verify that the regex does not appear vulnerable to ReDoS."
alibaba/nacos,console/src/main/resources/static/console-ui/assets/json.worker-BoL8UZqY.js,javascript.lang.security.audit.detect-non-literal-regexp.detect-non-literal-regexp,WARNING,CWE-1333: Inefficient Regular Expression Complexity,"RegExp() called with a `i` function argument, this might allow an attacker to cause a Regular Expression Denial-of-Service (ReDoS) within your application as RegExP blocks the main thread. For this reason, it is recommended to use hardcoded regexes instead. If your regex is run on user-controlled input, consider performing input validation or use a regex checking/sanitization library such as https://www.npmjs.com/package/recheck to verify that the regex does not appear vulnerable to ReDoS."
alibaba/nacos,console/src/main/resources/static/console-ui/assets/json.worker-BoL8UZqY.js,javascript.lang.security.audit.detect-non-literal-regexp.detect-non-literal-regexp,WARNING,CWE-1333: Inefficient Regular Expression Complexity,"RegExp() called with a `s` function argument, this might allow an attacker to cause a Regular Expression Denial-of-Service (ReDoS) within your application as RegExP blocks the main thread. For this reason, it is recommended to use hardcoded regexes instead. If your regex is run on user-controlled input, consider performing input validation or use a regex checking/sanitization library such as https://www.npmjs.com/package/recheck to verify that the regex does not appear vulnerable to ReDoS."
alibaba/nacos,console/src/main/resources/static/console-ui/assets/json.worker-BoL8UZqY.js,javascript.lang.security.audit.detect-non-literal-regexp.detect-non-literal-regexp,WARNING,CWE-1333: Inefficient Regular Expression Complexity,"RegExp() called with a `t` function argument, this might allow an attacker to cause a Regular Expression Denial-of-Service (ReDoS) within your application as RegExP blocks the main thread. For this reason, it is recommended to use hardcoded regexes instead. If your regex is run on user-controlled input, consider performing input validation or use a regex checking/sanitization library such as https://www.npmjs.com/package/recheck to verify that the regex does not appear vulnerable to ReDoS."
alibaba/nacos,console/src/main/resources/static/console-ui/assets/json.worker-BoL8UZqY.js,javascript.lang.security.audit.detect-non-literal-regexp.detect-non-literal-regexp,WARNING,CWE-1333: Inefficient Regular Expression Complexity,"RegExp() called with a `t` function argument, this might allow an attacker to cause a Regular Expression Denial-of-Service (ReDoS) within your application as RegExP blocks the main thread. For this reason, it is recommended to use hardcoded regexes instead. If your regex is run on user-controlled input, consider performing input validation or use a regex checking/sanitization library such as https://www.npmjs.com/package/recheck to verify that the regex does not appear vulnerable to ReDoS."
alibaba/nacos,console/src/main/resources/static/console-ui/assets/json.worker-BoL8UZqY.js,javascript.lang.security.audit.detect-non-literal-regexp.detect-non-literal-regexp,WARNING,CWE-1333: Inefficient Regular Expression Complexity,"RegExp() called with a `e` function argument, this might allow an attacker to cause a Regular Expression Denial-of-Service (ReDoS) within your application as RegExP blocks the main thread. For this reason, it is recommended to use hardcoded regexes instead. If your regex is run on user-controlled input, consider performing input validation or use a regex checking/sanitization library such as https://www.npmjs.com/package/recheck to verify that the regex does not appear vulnerable to ReDoS."
alibaba/nacos,console/src/main/resources/static/console-ui/assets/json.worker-BoL8UZqY.js,javascript.lang.security.audit.detect-non-literal-regexp.detect-non-literal-regexp,WARNING,CWE-1333: Inefficient Regular Expression Complexity,"RegExp() called with a `t` function argument, this might allow an attacker to cause a Regular Expression Denial-of-Service (ReDoS) within your application as RegExP blocks the main thread. For this reason, it is recommended to use hardcoded regexes instead. If your regex is run on user-controlled input, consider performing input validation or use a regex checking/sanitization library such as https://www.npmjs.com/package/recheck to verify that the regex does not appear vulnerable to ReDoS."
alibaba/nacos,console/src/main/resources/static/console-ui/js/freemarker2-B8LAk3pl.js,javascript.lang.security.audit.detect-non-literal-regexp.detect-non-literal-regexp,WARNING,CWE-1333: Inefficient Regular Expression Complexity,"RegExp() called with a `t` function argument, this might allow an attacker to cause a Regular Expression Denial-of-Service (ReDoS) within your application as RegExP blocks the main thread. For this reason, it is recommended to use hardcoded regexes instead. If your regex is run on user-controlled input, consider performing input validation or use a regex checking/sanitization library such as https://www.npmjs.com/package/recheck to verify that the regex does not appear vulnerable to ReDoS."
alibaba/nacos,console/src/main/resources/static/console-ui/js/freemarker2-B8LAk3pl.js,javascript.lang.security.audit.detect-non-literal-regexp.detect-non-literal-regexp,WARNING,CWE-1333: Inefficient Regular Expression Complexity,"RegExp() called with a `t` function argument, this might allow an attacker to cause a Regular Expression Denial-of-Service (ReDoS) within your application as RegExP blocks the main thread. For this reason, it is recommended to use hardcoded regexes instead. If your regex is run on user-controlled input, consider performing input validation or use a regex checking/sanitization library such as https://www.npmjs.com/package/recheck to verify that the regex does not appear vulnerable to ReDoS."
alibaba/nacos,console/src/main/resources/static/console-ui/js/freemarker2-B8LAk3pl.js,javascript.lang.security.audit.detect-non-literal-regexp.detect-non-literal-regexp,WARNING,CWE-1333: Inefficient Regular Expression Complexity,"RegExp() called with a `t` function argument, this might allow an attacker to cause a Regular Expression Denial-of-Service (ReDoS) within your application as RegExP blocks the main thread. For this reason, it is recommended to use hardcoded regexes instead. If your regex is run on user-controlled input, consider performing input validation or use a regex checking/sanitization library such as https://www.npmjs.com/package/recheck to verify that the regex does not appear vulnerable to ReDoS."
alibaba/nacos,console/src/main/resources/static/console-ui/js/freemarker2-B8LAk3pl.js,javascript.lang.security.audit.detect-non-literal-regexp.detect-non-literal-regexp,WARNING,CWE-1333: Inefficient Regular Expression Complexity,"RegExp() called with a `t` function argument, this might allow an attacker to cause a Regular Expression Denial-of-Service (ReDoS) within your application as RegExP blocks the main thread. For this reason, it is recommended to use hardcoded regexes instead. If your regex is run on user-controlled input, consider performing input validation or use a regex checking/sanitization library such as https://www.npmjs.com/package/recheck to verify that the regex does not appear vulnerable to ReDoS."
alibaba/nacos,console/src/main/resources/static/console-ui/js/freemarker2-B8LAk3pl.js,javascript.lang.security.audit.detect-non-literal-regexp.detect-non-literal-regexp,WARNING,CWE-1333: Inefficient Regular Expression Complexity,"RegExp() called with a `t` function argument, this might allow an attacker to cause a Regular Expression Denial-of-Service (ReDoS) within your application as RegExP blocks the main thread. For this reason, it is recommended to use hardcoded regexes instead. If your regex is run on user-controlled input, consider performing input validation or use a regex checking/sanitization library such as https://www.npmjs.com/package/recheck to verify that the regex does not appear vulnerable to ReDoS."
alibaba/nacos,console/src/main/resources/static/console-ui/js/freemarker2-B8LAk3pl.js,javascript.lang.security.audit.detect-non-literal-regexp.detect-non-literal-regexp,WARNING,CWE-1333: Inefficient Regular Expression Complexity,"RegExp() called with a `n` function argument, this might allow an attacker to cause a Regular Expression Denial-of-Service (ReDoS) within your application as RegExP blocks the main thread. For this reason, it is recommended to use hardcoded regexes instead. If your regex is run on user-controlled input, consider performing input validation or use a regex checking/sanitization library such as https://www.npmjs.com/package/recheck to verify that the regex does not appear vulnerable to ReDoS."
alibaba/nacos,console/src/main/resources/static/console-ui/js/freemarker2-B8LAk3pl.js,javascript.lang.security.audit.detect-non-literal-regexp.detect-non-literal-regexp,WARNING,CWE-1333: Inefficient Regular Expression Complexity,"RegExp() called with a `t` function argument, this might allow an attacker to cause a Regular Expression Denial-of-Service (ReDoS) within your application as RegExP blocks the main thread. For this reason, it is recommended to use hardcoded regexes instead. If your regex is run on user-controlled input, consider performing input validation or use a regex checking/sanitization library such as https://www.npmjs.com/package/recheck to verify that the regex does not appear vulnerable to ReDoS."
alibaba/nacos,console/src/main/resources/static/console-ui/js/freemarker2-B8LAk3pl.js,javascript.lang.security.audit.detect-non-literal-regexp.detect-non-literal-regexp,WARNING,CWE-1333: Inefficient Regular Expression Complexity,"RegExp() called with a `u` function argument, this might allow an attacker to cause a Regular Expression Denial-of-Service (ReDoS) within your application as RegExP blocks the main thread. For this reason, it is recommended to use hardcoded regexes instead. If your regex is run on user-controlled input, consider performing input validation or use a regex checking/sanitization library such as https://www.npmjs.com/package/recheck to verify that the regex does not appear vulnerable to ReDoS."
alibaba/nacos,console/src/main/resources/static/console-ui/js/index-BTLZFAP9.js,javascript.lang.security.audit.prototype-pollution.prototype-pollution-loop.prototype-pollution-loop,WARNING,CWE-915: Improperly Controlled Modification of Dynamically-Determined Object Attributes,"Possibility of prototype polluting function detected. By adding or modifying attributes of an object prototype, it is possible to create attributes that exist on every object, or replace critical attributes with malicious ones. This can be problematic if the software depends on existence or non-existence of certain attributes, or uses pre-defined attributes of object prototype (such as hasOwnProperty, toString or valueOf). Possible mitigations might be: freezing the object prototype, using an ob"
alibaba/nacos,console/src/main/resources/static/console-ui/js/index-BTLZFAP9.js,javascript.lang.security.audit.prototype-pollution.prototype-pollution-loop.prototype-pollution-loop,WARNING,CWE-915: Improperly Controlled Modification of Dynamically-Determined Object Attributes,"Possibility of prototype polluting function detected. By adding or modifying attributes of an object prototype, it is possible to create attributes that exist on every object, or replace critical attributes with malicious ones. This can be problematic if the software depends on existence or non-existence of certain attributes, or uses pre-defined attributes of object prototype (such as hasOwnProperty, toString or valueOf). Possible mitigations might be: freezing the object prototype, using an ob"
alibaba/nacos,console/src/main/resources/static/console-ui/js/index-BTLZFAP9.js,javascript.lang.security.audit.prototype-pollution.prototype-pollution-loop.prototype-pollution-loop,WARNING,CWE-915: Improperly Controlled Modification of Dynamically-Determined Object Attributes,"Possibility of prototype polluting function detected. By adding or modifying attributes of an object prototype, it is possible to create attributes that exist on every object, or replace critical attributes with malicious ones. This can be problematic if the software depends on existence or non-existence of certain attributes, or uses pre-defined attributes of object prototype (such as hasOwnProperty, toString or valueOf). Possible mitigations might be: freezing the object prototype, using an ob"
alibaba/nacos,console/src/main/resources/static/console-ui/js/index-BTLZFAP9.js,javascript.lang.security.audit.unsafe-formatstring.unsafe-formatstring,INFO,CWE-134: Use of Externally-Controlled Format String,"Detected string concatenation with a non-literal variable in a util.format / console.log function. If an attacker injects a format specifier in the string, it will forge the log message. Try to use constant values for the format string."
alibaba/nacos,console/src/main/resources/static/console-ui/js/index-BTLZFAP9.js,javascript.lang.security.audit.unsafe-formatstring.unsafe-formatstring,INFO,CWE-134: Use of Externally-Controlled Format String,"Detected string concatenation with a non-literal variable in a util.format / console.log function. If an attacker injects a format specifier in the string, it will forge the log message. Try to use constant values for the format string."
alibaba/nacos,console/src/main/resources/static/console-ui/js/index-BTLZFAP9.js,javascript.lang.security.audit.unsafe-formatstring.unsafe-formatstring,INFO,CWE-134: Use of Externally-Controlled Format String,"Detected string concatenation with a non-literal variable in a util.format / console.log function. If an attacker injects a format specifier in the string, it will forge the log message. Try to use constant values for the format string."
alibaba/nacos,console/src/main/resources/static/console-ui/js/index-BTLZFAP9.js,javascript.lang.security.audit.unsafe-formatstring.unsafe-formatstring,INFO,CWE-134: Use of Externally-Controlled Format String,"Detected string concatenation with a non-literal variable in a util.format / console.log function. If an attacker injects a format specifier in the string, it will forge the log message. Try to use constant values for the format string."
alibaba/nacos,console/src/main/resources/static/console-ui/js/index-BTLZFAP9.js,javascript.lang.security.audit.unsafe-formatstring.unsafe-formatstring,INFO,CWE-134: Use of Externally-Controlled Format String,"Detected string concatenation with a non-literal variable in a util.format / console.log function. If an attacker injects a format specifier in the string, it will forge the log message. Try to use constant values for the format string."
alibaba/nacos,console/src/main/resources/static/console-ui/js/index-BTLZFAP9.js,javascript.lang.security.audit.unsafe-formatstring.unsafe-formatstring,INFO,CWE-134: Use of Externally-Controlled Format String,"Detected string concatenation with a non-literal variable in a util.format / console.log function. If an attacker injects a format specifier in the string, it will forge the log message. Try to use constant values for the format string."
alibaba/nacos,console/src/main/resources/static/console-ui/js/index-BTLZFAP9.js,javascript.lang.security.audit.incomplete-sanitization.incomplete-sanitization,WARNING,CWE-116: Improper Encoding or Escaping of Output,"`q[ie].replace` method will only replace the first occurrence when used with a string argument (""{""). If this method is used for escaping of dangerous data then there is a possibility for a bypass. Try to use sanitization library instead or use a Regex with a global flag."
alibaba/nacos,console/src/main/resources/static/console-ui/js/index-BTLZFAP9.js,javascript.lang.security.audit.incomplete-sanitization.incomplete-sanitization,WARNING,CWE-116: Improper Encoding or Escaping of Output,"`q[ie].replace(""{"","""").replace` method will only replace the first occurrence when used with a string argument (""}""). If this method is used for escaping of dangerous data then there is a possibility for a bypass. Try to use sanitization library instead or use a Regex with a global flag."
alibaba/nacos,console/src/main/resources/static/console-ui/js/index-BTLZFAP9.js,javascript.lang.security.audit.detect-non-literal-regexp.detect-non-literal-regexp,WARNING,CWE-1333: Inefficient Regular Expression Complexity,"RegExp() called with a `e` function argument, this might allow an attacker to cause a Regular Expression Denial-of-Service (ReDoS) within your application as RegExP blocks the main thread. For this reason, it is recommended to use hardcoded regexes instead. If your regex is run on user-controlled input, consider performing input validation or use a regex checking/sanitization library such as https://www.npmjs.com/package/recheck to verify that the regex does not appear vulnerable to ReDoS."
alibaba/nacos,console/src/main/resources/static/console-ui/js/index-CqHNmhxr.js,javascript.lang.security.audit.prototype-pollution.prototype-pollution-loop.prototype-pollution-loop,WARNING,CWE-915: Improperly Controlled Modification of Dynamically-Determined Object Attributes,"Possibility of prototype polluting function detected. By adding or modifying attributes of an object prototype, it is possible to create attributes that exist on every object, or replace critical attributes with malicious ones. This can be problematic if the software depends on existence or non-existence of certain attributes, or uses pre-defined attributes of object prototype (such as hasOwnProperty, toString or valueOf). Possible mitigations might be: freezing the object prototype, using an ob"
alibaba/nacos,console/src/main/resources/static/console-ui/js/index-CqHNmhxr.js,javascript.lang.security.audit.prototype-pollution.prototype-pollution-loop.prototype-pollution-loop,WARNING,CWE-915: Improperly Controlled Modification of Dynamically-Determined Object Attributes,"Possibility of prototype polluting function detected. By adding or modifying attributes of an object prototype, it is possible to create attributes that exist on every object, or replace critical attributes with malicious ones. This can be problematic if the software depends on existence or non-existence of certain attributes, or uses pre-defined attributes of object prototype (such as hasOwnProperty, toString or valueOf). Possible mitigations might be: freezing the object prototype, using an ob"
alibaba/nacos,console/src/main/resources/static/console-ui/js/index-CqHNmhxr.js,javascript.lang.security.audit.prototype-pollution.prototype-pollution-loop.prototype-pollution-loop,WARNING,CWE-915: Improperly Controlled Modification of Dynamically-Determined Object Attributes,"Possibility of prototype polluting function detected. By adding or modifying attributes of an object prototype, it is possible to create attributes that exist on every object, or replace critical attributes with malicious ones. This can be problematic if the software depends on existence or non-existence of certain attributes, or uses pre-defined attributes of object prototype (such as hasOwnProperty, toString or valueOf). Possible mitigations might be: freezing the object prototype, using an ob"
alibaba/nacos,console/src/main/resources/static/console-ui/js/index-CqHNmhxr.js,javascript.lang.security.audit.unsafe-formatstring.unsafe-formatstring,INFO,CWE-134: Use of Externally-Controlled Format String,"Detected string concatenation with a non-literal variable in a util.format / console.log function. If an attacker injects a format specifier in the string, it will forge the log message. Try to use constant values for the format string."
alibaba/nacos,console/src/main/resources/static/console-ui/js/index-CqHNmhxr.js,javascript.lang.security.audit.unsafe-formatstring.unsafe-formatstring,INFO,CWE-134: Use of Externally-Controlled Format String,"Detected string concatenation with a non-literal variable in a util.format / console.log function. If an attacker injects a format specifier in the string, it will forge the log message. Try to use constant values for the format string."
alibaba/nacos,console/src/main/resources/static/console-ui/js/index-CqHNmhxr.js,javascript.lang.security.audit.unsafe-formatstring.unsafe-formatstring,INFO,CWE-134: Use of Externally-Controlled Format String,"Detected string concatenation with a non-literal variable in a util.format / console.log function. If an attacker injects a format specifier in the string, it will forge the log message. Try to use constant values for the format string."
alibaba/nacos,console/src/main/resources/static/console-ui/js/index-CqHNmhxr.js,javascript.lang.security.audit.unsafe-formatstring.unsafe-formatstring,INFO,CWE-134: Use of Externally-Controlled Format String,"Detected string concatenation with a non-literal variable in a util.format / console.log function. If an attacker injects a format specifier in the string, it will forge the log message. Try to use constant values for the format string."
alibaba/nacos,console/src/main/resources/static/console-ui/js/index-CqHNmhxr.js,javascript.lang.security.audit.unsafe-formatstring.unsafe-formatstring,INFO,CWE-134: Use of Externally-Controlled Format String,"Detected string concatenation with a non-literal variable in a util.format / console.log function. If an attacker injects a format specifier in the string, it will forge the log message. Try to use constant values for the format string."
alibaba/nacos,console/src/main/resources/static/console-ui/js/index-CqHNmhxr.js,javascript.lang.security.audit.unsafe-formatstring.unsafe-formatstring,INFO,CWE-134: Use of Externally-Controlled Format String,"Detected string concatenation with a non-literal variable in a util.format / console.log function. If an attacker injects a format specifier in the string, it will forge the log message. Try to use constant values for the format string."
alibaba/nacos,console/src/main/resources/static/console-ui/js/index-CqHNmhxr.js,javascript.lang.security.audit.incomplete-sanitization.incomplete-sanitization,WARNING,CWE-116: Improper Encoding or Escaping of Output,"`q[ie].replace` method will only replace the first occurrence when used with a string argument (""{""). If this method is used for escaping of dangerous data then there is a possibility for a bypass. Try to use sanitization library instead or use a Regex with a global flag."
alibaba/nacos,console/src/main/resources/static/console-ui/js/index-CqHNmhxr.js,javascript.lang.security.audit.incomplete-sanitization.incomplete-sanitization,WARNING,CWE-116: Improper Encoding or Escaping of Output,"`q[ie].replace(""{"","""").replace` method will only replace the first occurrence when used with a string argument (""}""). If this method is used for escaping of dangerous data then there is a possibility for a bypass. Try to use sanitization library instead or use a Regex with a global flag."
alibaba/nacos,console/src/main/resources/static/console-ui/js/index-CqHNmhxr.js,javascript.lang.security.audit.detect-non-literal-regexp.detect-non-literal-regexp,WARNING,CWE-1333: Inefficient Regular Expression Complexity,"RegExp() called with a `e` function argument, this might allow an attacker to cause a Regular Expression Denial-of-Service (ReDoS) within your application as RegExP blocks the main thread. For this reason, it is recommended to use hardcoded regexes instead. If your regex is run on user-controlled input, consider performing input validation or use a regex checking/sanitization library such as https://www.npmjs.com/package/recheck to verify that the regex does not appear vulnerable to ReDoS."
alibaba/nacos,console/src/main/resources/static/console-ui/js/mdx-BDMUMlX3.js,javascript.lang.security.audit.detect-non-literal-regexp.detect-non-literal-regexp,WARNING,CWE-1333: Inefficient Regular Expression Complexity,"RegExp() called with a `t` function argument, this might allow an attacker to cause a Regular Expression Denial-of-Service (ReDoS) within your application as RegExP blocks the main thread. For this reason, it is recommended to use hardcoded regexes instead. If your regex is run on user-controlled input, consider performing input validation or use a regex checking/sanitization library such as https://www.npmjs.com/package/recheck to verify that the regex does not appear vulnerable to ReDoS."
alibaba/nacos,console/src/main/resources/static/console-ui/public/js/codemirror.js,javascript.lang.security.audit.detect-non-literal-regexp.detect-non-literal-regexp,WARNING,CWE-1333: Inefficient Regular Expression Complexity,"RegExp() called with a `cls` function argument, this might allow an attacker to cause a Regular Expression Denial-of-Service (ReDoS) within your application as RegExP blocks the main thread. For this reason, it is recommended to use hardcoded regexes instead. If your regex is run on user-controlled input, consider performing input validation or use a regex checking/sanitization library such as https://www.npmjs.com/package/recheck to verify that the regex does not appear vulnerable to ReDoS."
alibaba/nacos,console/src/main/resources/static/console-ui/public/js/codemirror.js,javascript.lang.security.audit.detect-non-literal-regexp.detect-non-literal-regexp,WARNING,CWE-1333: Inefficient Regular Expression Complexity,"RegExp() called with a `type` function argument, this might allow an attacker to cause a Regular Expression Denial-of-Service (ReDoS) within your application as RegExP blocks the main thread. For this reason, it is recommended to use hardcoded regexes instead. If your regex is run on user-controlled input, consider performing input validation or use a regex checking/sanitization library such as https://www.npmjs.com/package/recheck to verify that the regex does not appear vulnerable to ReDoS."
alibaba/nacos,console/src/main/resources/static/console-ui/public/js/codemirror.js,javascript.lang.security.audit.detect-non-literal-regexp.detect-non-literal-regexp,WARNING,CWE-1333: Inefficient Regular Expression Complexity,"RegExp() called with a `val` function argument, this might allow an attacker to cause a Regular Expression Denial-of-Service (ReDoS) within your application as RegExP blocks the main thread. For this reason, it is recommended to use hardcoded regexes instead. If your regex is run on user-controlled input, consider performing input validation or use a regex checking/sanitization library such as https://www.npmjs.com/package/recheck to verify that the regex does not appear vulnerable to ReDoS."
alibaba/nacos,console/src/main/resources/static/console-ui/public/js/codemirror.lib.clike-lint.js,javascript.lang.security.audit.detect-non-literal-regexp.detect-non-literal-regexp,WARNING,CWE-1333: Inefficient Regular Expression Complexity,"RegExp() called with a `state` function argument, this might allow an attacker to cause a Regular Expression Denial-of-Service (ReDoS) within your application as RegExP blocks the main thread. For this reason, it is recommended to use hardcoded regexes instead. If your regex is run on user-controlled input, consider performing input validation or use a regex checking/sanitization library such as https://www.npmjs.com/package/recheck to verify that the regex does not appear vulnerable to ReDoS."
alibaba/nacos,console/src/main/resources/static/console-ui/public/js/jquery.js,javascript.lang.security.audit.prototype-pollution.prototype-pollution-loop.prototype-pollution-loop,WARNING,CWE-915: Improperly Controlled Modification of Dynamically-Determined Object Attributes,"Possibility of prototype polluting function detected. By adding or modifying attributes of an object prototype, it is possible to create attributes that exist on every object, or replace critical attributes with malicious ones. This can be problematic if the software depends on existence or non-existence of certain attributes, or uses pre-defined attributes of object prototype (such as hasOwnProperty, toString or valueOf). Possible mitigations might be: freezing the object prototype, using an ob"
alibaba/nacos,console/src/main/resources/static/console-ui/public/js/jquery.js,javascript.lang.security.audit.prototype-pollution.prototype-pollution-loop.prototype-pollution-loop,WARNING,CWE-915: Improperly Controlled Modification of Dynamically-Determined Object Attributes,"Possibility of prototype polluting function detected. By adding or modifying attributes of an object prototype, it is possible to create attributes that exist on every object, or replace critical attributes with malicious ones. This can be problematic if the software depends on existence or non-existence of certain attributes, or uses pre-defined attributes of object prototype (such as hasOwnProperty, toString or valueOf). Possible mitigations might be: freezing the object prototype, using an ob"
alibaba/nacos,console/src/main/resources/static/console-ui/public/js/vs/base/worker/workerMain.js,javascript.lang.security.audit.detect-non-literal-regexp.detect-non-literal-regexp,WARNING,CWE-1333: Inefficient Regular Expression Complexity,"RegExp() called with a `t` function argument, this might allow an attacker to cause a Regular Expression Denial-of-Service (ReDoS) within your application as RegExP blocks the main thread. For this reason, it is recommended to use hardcoded regexes instead. If your regex is run on user-controlled input, consider performing input validation or use a regex checking/sanitization library such as https://www.npmjs.com/package/recheck to verify that the regex does not appear vulnerable to ReDoS."
alibaba/nacos,console/src/main/resources/static/console-ui/public/js/vs/base/worker/workerMain.js,javascript.lang.security.audit.detect-non-literal-regexp.detect-non-literal-regexp,WARNING,CWE-1333: Inefficient Regular Expression Complexity,"RegExp() called with a `e` function argument, this might allow an attacker to cause a Regular Expression Denial-of-Service (ReDoS) within your application as RegExP blocks the main thread. For this reason, it is recommended to use hardcoded regexes instead. If your regex is run on user-controlled input, consider performing input validation or use a regex checking/sanitization library such as https://www.npmjs.com/package/recheck to verify that the regex does not appear vulnerable to ReDoS."
alibaba/nacos,console/src/main/resources/static/console-ui/public/js/vs/base/worker/workerMain.js,javascript.lang.security.audit.prototype-pollution.prototype-pollution-loop.prototype-pollution-loop,WARNING,CWE-915: Improperly Controlled Modification of Dynamically-Determined Object Attributes,"Possibility of prototype polluting function detected. By adding or modifying attributes of an object prototype, it is possible to create attributes that exist on every object, or replace critical attributes with malicious ones. This can be problematic if the software depends on existence or non-existence of certain attributes, or uses pre-defined attributes of object prototype (such as hasOwnProperty, toString or valueOf). Possible mitigations might be: freezing the object prototype, using an ob"
alibaba/nacos,console/src/main/resources/static/console-ui/public/js/vs/language/html/htmlWorker.js,javascript.lang.security.audit.detect-non-literal-regexp.detect-non-literal-regexp,WARNING,CWE-1333: Inefficient Regular Expression Complexity,"RegExp() called with a `e` function argument, this might allow an attacker to cause a Regular Expression Denial-of-Service (ReDoS) within your application as RegExP blocks the main thread. For this reason, it is recommended to use hardcoded regexes instead. If your regex is run on user-controlled input, consider performing input validation or use a regex checking/sanitization library such as https://www.npmjs.com/package/recheck to verify that the regex does not appear vulnerable to ReDoS."
alibaba/nacos,console/src/main/resources/static/console-ui/public/js/vs/language/json/jsonWorker.js,javascript.lang.security.audit.detect-non-literal-regexp.detect-non-literal-regexp,WARNING,CWE-1333: Inefficient Regular Expression Complexity,"RegExp() called with a `t` function argument, this might allow an attacker to cause a Regular Expression Denial-of-Service (ReDoS) within your application as RegExP blocks the main thread. For this reason, it is recommended to use hardcoded regexes instead. If your regex is run on user-controlled input, consider performing input validation or use a regex checking/sanitization library such as https://www.npmjs.com/package/recheck to verify that the regex does not appear vulnerable to ReDoS."
alibaba/nacos,console/src/main/resources/static/console-ui/public/js/vs/language/json/jsonWorker.js,javascript.lang.security.audit.detect-non-literal-regexp.detect-non-literal-regexp,WARNING,CWE-1333: Inefficient Regular Expression Complexity,"RegExp() called with a `e` function argument, this might allow an attacker to cause a Regular Expression Denial-of-Service (ReDoS) within your application as RegExP blocks the main thread. For this reason, it is recommended to use hardcoded regexes instead. If your regex is run on user-controlled input, consider performing input validation or use a regex checking/sanitization library such as https://www.npmjs.com/package/recheck to verify that the regex does not appear vulnerable to ReDoS."
alibaba/nacos,console/src/main/resources/static/console-ui/public/js/vs/language/json/jsonWorker.js,javascript.lang.security.audit.detect-non-literal-regexp.detect-non-literal-regexp,WARNING,CWE-1333: Inefficient Regular Expression Complexity,"RegExp() called with a `e` function argument, this might allow an attacker to cause a Regular Expression Denial-of-Service (ReDoS) within your application as RegExP blocks the main thread. For this reason, it is recommended to use hardcoded regexes instead. If your regex is run on user-controlled input, consider performing input validation or use a regex checking/sanitization library such as https://www.npmjs.com/package/recheck to verify that the regex does not appear vulnerable to ReDoS."
alibaba/nacos,console/src/main/resources/static/console-ui/public/js/vs/language/json/jsonWorker.js,javascript.lang.security.audit.detect-non-literal-regexp.detect-non-literal-regexp,WARNING,CWE-1333: Inefficient Regular Expression Complexity,"RegExp() called with a `i` function argument, this might allow an attacker to cause a Regular Expression Denial-of-Service (ReDoS) within your application as RegExP blocks the main thread. For this reason, it is recommended to use hardcoded regexes instead. If your regex is run on user-controlled input, consider performing input validation or use a regex checking/sanitization library such as https://www.npmjs.com/package/recheck to verify that the regex does not appear vulnerable to ReDoS."
alibaba/nacos,console/src/main/resources/static/legacy/js/1.js,javascript.lang.security.audit.prototype-pollution.prototype-pollution-loop.prototype-pollution-loop,WARNING,CWE-915: Improperly Controlled Modification of Dynamically-Determined Object Attributes,"Possibility of prototype polluting function detected. By adding or modifying attributes of an object prototype, it is possible to create attributes that exist on every object, or replace critical attributes with malicious ones. This can be problematic if the software depends on existence or non-existence of certain attributes, or uses pre-defined attributes of object prototype (such as hasOwnProperty, toString or valueOf). Possible mitigations might be: freezing the object prototype, using an ob"
alibaba/nacos,console/src/main/resources/static/legacy/js/1.js,javascript.lang.security.audit.prototype-pollution.prototype-pollution-loop.prototype-pollution-loop,WARNING,CWE-915: Improperly Controlled Modification of Dynamically-Determined Object Attributes,"Possibility of prototype polluting function detected. By adding or modifying attributes of an object prototype, it is possible to create attributes that exist on every object, or replace critical attributes with malicious ones. This can be problematic if the software depends on existence or non-existence of certain attributes, or uses pre-defined attributes of object prototype (such as hasOwnProperty, toString or valueOf). Possible mitigations might be: freezing the object prototype, using an ob"
alibaba/nacos,console/src/main/resources/static/legacy/js/1.js,javascript.lang.security.audit.prototype-pollution.prototype-pollution-loop.prototype-pollution-loop,WARNING,CWE-915: Improperly Controlled Modification of Dynamically-Determined Object Attributes,"Possibility of prototype polluting function detected. By adding or modifying attributes of an object prototype, it is possible to create attributes that exist on every object, or replace critical attributes with malicious ones. This can be problematic if the software depends on existence or non-existence of certain attributes, or uses pre-defined attributes of object prototype (such as hasOwnProperty, toString or valueOf). Possible mitigations might be: freezing the object prototype, using an ob"
alibaba/nacos,console/src/main/resources/static/legacy/js/1.js,javascript.lang.security.audit.incomplete-sanitization.incomplete-sanitization,WARNING,CWE-116: Improper Encoding or Escaping of Output,"`u[l].replace` method will only replace the first occurrence when used with a string argument (""{""). If this method is used for escaping of dangerous data then there is a possibility for a bypass. Try to use sanitization library instead or use a Regex with a global flag."
alibaba/nacos,console/src/main/resources/static/legacy/js/1.js,javascript.lang.security.audit.incomplete-sanitization.incomplete-sanitization,WARNING,CWE-116: Improper Encoding or Escaping of Output,"`u[l].replace(""{"","""").replace` method will only replace the first occurrence when used with a string argument (""}""). If this method is used for escaping of dangerous data then there is a possibility for a bypass. Try to use sanitization library instead or use a Regex with a global flag."
alibaba/nacos,console/src/main/resources/static/legacy/js/1.js,javascript.lang.security.audit.unsafe-formatstring.unsafe-formatstring,INFO,CWE-134: Use of Externally-Controlled Format String,"Detected string concatenation with a non-literal variable in a util.format / console.log function. If an attacker injects a format specifier in the string, it will forge the log message. Try to use constant values for the format string."
alibaba/nacos,console/src/main/resources/static/legacy/js/1.js,javascript.lang.security.audit.unsafe-formatstring.unsafe-formatstring,INFO,CWE-134: Use of Externally-Controlled Format String,"Detected string concatenation with a non-literal variable in a util.format / console.log function. If an attacker injects a format specifier in the string, it will forge the log message. Try to use constant values for the format string."
alibaba/nacos,console/src/main/resources/static/legacy/js/1.js,javascript.lang.security.audit.unsafe-formatstring.unsafe-formatstring,INFO,CWE-134: Use of Externally-Controlled Format String,"Detected string concatenation with a non-literal variable in a util.format / console.log function. If an attacker injects a format specifier in the string, it will forge the log message. Try to use constant values for the format string."
alibaba/nacos,console/src/main/resources/static/legacy/js/1.js,javascript.lang.security.audit.unsafe-formatstring.unsafe-formatstring,INFO,CWE-134: Use of Externally-Controlled Format String,"Detected string concatenation with a non-literal variable in a util.format / console.log function. If an attacker injects a format specifier in the string, it will forge the log message. Try to use constant values for the format string."
alibaba/nacos,console/src/main/resources/static/legacy/js/1.js,javascript.lang.security.audit.unsafe-formatstring.unsafe-formatstring,INFO,CWE-134: Use of Externally-Controlled Format String,"Detected string concatenation with a non-literal variable in a util.format / console.log function. If an attacker injects a format specifier in the string, it will forge the log message. Try to use constant values for the format string."
alibaba/nacos,console/src/main/resources/static/legacy/js/1.js,javascript.lang.security.audit.unsafe-formatstring.unsafe-formatstring,INFO,CWE-134: Use of Externally-Controlled Format String,"Detected string concatenation with a non-literal variable in a util.format / console.log function. If an attacker injects a format specifier in the string, it will forge the log message. Try to use constant values for the format string."
alibaba/nacos,console/src/main/resources/static/legacy/js/2.js,javascript.lang.security.audit.prototype-pollution.prototype-pollution-loop.prototype-pollution-loop,WARNING,CWE-915: Improperly Controlled Modification of Dynamically-Determined Object Attributes,"Possibility of prototype polluting function detected. By adding or modifying attributes of an object prototype, it is possible to create attributes that exist on every object, or replace critical attributes with malicious ones. This can be problematic if the software depends on existence or non-existence of certain attributes, or uses pre-defined attributes of object prototype (such as hasOwnProperty, toString or valueOf). Possible mitigations might be: freezing the object prototype, using an ob"
alibaba/nacos,console/src/main/resources/static/legacy/js/2.js,javascript.lang.security.audit.detect-non-literal-regexp.detect-non-literal-regexp,WARNING,CWE-1333: Inefficient Regular Expression Complexity,"RegExp() called with a `e` function argument, this might allow an attacker to cause a Regular Expression Denial-of-Service (ReDoS) within your application as RegExP blocks the main thread. For this reason, it is recommended to use hardcoded regexes instead. If your regex is run on user-controlled input, consider performing input validation or use a regex checking/sanitization library such as https://www.npmjs.com/package/recheck to verify that the regex does not appear vulnerable to ReDoS."
alibaba/nacos,console/src/main/resources/static/legacy/js/codemirror.js,javascript.lang.security.audit.detect-non-literal-regexp.detect-non-literal-regexp,WARNING,CWE-1333: Inefficient Regular Expression Complexity,"RegExp() called with a `cls` function argument, this might allow an attacker to cause a Regular Expression Denial-of-Service (ReDoS) within your application as RegExP blocks the main thread. For this reason, it is recommended to use hardcoded regexes instead. If your regex is run on user-controlled input, consider performing input validation or use a regex checking/sanitization library such as https://www.npmjs.com/package/recheck to verify that the regex does not appear vulnerable to ReDoS."
alibaba/nacos,console/src/main/resources/static/legacy/js/codemirror.js,javascript.lang.security.audit.detect-non-literal-regexp.detect-non-literal-regexp,WARNING,CWE-1333: Inefficient Regular Expression Complexity,"RegExp() called with a `type` function argument, this might allow an attacker to cause a Regular Expression Denial-of-Service (ReDoS) within your application as RegExP blocks the main thread. For this reason, it is recommended to use hardcoded regexes instead. If your regex is run on user-controlled input, consider performing input validation or use a regex checking/sanitization library such as https://www.npmjs.com/package/recheck to verify that the regex does not appear vulnerable to ReDoS."
alibaba/nacos,console/src/main/resources/static/legacy/js/codemirror.js,javascript.lang.security.audit.detect-non-literal-regexp.detect-non-literal-regexp,WARNING,CWE-1333: Inefficient Regular Expression Complexity,"RegExp() called with a `val` function argument, this might allow an attacker to cause a Regular Expression Denial-of-Service (ReDoS) within your application as RegExP blocks the main thread. For this reason, it is recommended to use hardcoded regexes instead. If your regex is run on user-controlled input, consider performing input validation or use a regex checking/sanitization library such as https://www.npmjs.com/package/recheck to verify that the regex does not appear vulnerable to ReDoS."
alibaba/nacos,console/src/main/resources/static/legacy/js/codemirror.lib.clike-lint.js,javascript.lang.security.audit.detect-non-literal-regexp.detect-non-literal-regexp,WARNING,CWE-1333: Inefficient Regular Expression Complexity,"RegExp() called with a `state` function argument, this might allow an attacker to cause a Regular Expression Denial-of-Service (ReDoS) within your application as RegExP blocks the main thread. For this reason, it is recommended to use hardcoded regexes instead. If your regex is run on user-controlled input, consider performing input validation or use a regex checking/sanitization library such as https://www.npmjs.com/package/recheck to verify that the regex does not appear vulnerable to ReDoS."
alibaba/nacos,console/src/main/resources/static/legacy/js/jquery.js,javascript.lang.security.audit.prototype-pollution.prototype-pollution-loop.prototype-pollution-loop,WARNING,CWE-915: Improperly Controlled Modification of Dynamically-Determined Object Attributes,"Possibility of prototype polluting function detected. By adding or modifying attributes of an object prototype, it is possible to create attributes that exist on every object, or replace critical attributes with malicious ones. This can be problematic if the software depends on existence or non-existence of certain attributes, or uses pre-defined attributes of object prototype (such as hasOwnProperty, toString or valueOf). Possible mitigations might be: freezing the object prototype, using an ob"
alibaba/nacos,console/src/main/resources/static/legacy/js/jquery.js,javascript.lang.security.audit.prototype-pollution.prototype-pollution-loop.prototype-pollution-loop,WARNING,CWE-915: Improperly Controlled Modification of Dynamically-Determined Object Attributes,"Possibility of prototype polluting function detected. By adding or modifying attributes of an object prototype, it is possible to create attributes that exist on every object, or replace critical attributes with malicious ones. This can be problematic if the software depends on existence or non-existence of certain attributes, or uses pre-defined attributes of object prototype (such as hasOwnProperty, toString or valueOf). Possible mitigations might be: freezing the object prototype, using an ob"
alibaba/nacos,console/src/main/resources/static/legacy/js/vs/base/worker/workerMain.js,javascript.lang.security.audit.detect-non-literal-regexp.detect-non-literal-regexp,WARNING,CWE-1333: Inefficient Regular Expression Complexity,"RegExp() called with a `t` function argument, this might allow an attacker to cause a Regular Expression Denial-of-Service (ReDoS) within your application as RegExP blocks the main thread. For this reason, it is recommended to use hardcoded regexes instead. If your regex is run on user-controlled input, consider performing input validation or use a regex checking/sanitization library such as https://www.npmjs.com/package/recheck to verify that the regex does not appear vulnerable to ReDoS."
alibaba/nacos,console/src/main/resources/static/legacy/js/vs/base/worker/workerMain.js,javascript.lang.security.audit.detect-non-literal-regexp.detect-non-literal-regexp,WARNING,CWE-1333: Inefficient Regular Expression Complexity,"RegExp() called with a `e` function argument, this might allow an attacker to cause a Regular Expression Denial-of-Service (ReDoS) within your application as RegExP blocks the main thread. For this reason, it is recommended to use hardcoded regexes instead. If your regex is run on user-controlled input, consider performing input validation or use a regex checking/sanitization library such as https://www.npmjs.com/package/recheck to verify that the regex does not appear vulnerable to ReDoS."
alibaba/nacos,console/src/main/resources/static/legacy/js/vs/base/worker/workerMain.js,javascript.lang.security.audit.prototype-pollution.prototype-pollution-loop.prototype-pollution-loop,WARNING,CWE-915: Improperly Controlled Modification of Dynamically-Determined Object Attributes,"Possibility of prototype polluting function detected. By adding or modifying attributes of an object prototype, it is possible to create attributes that exist on every object, or replace critical attributes with malicious ones. This can be problematic if the software depends on existence or non-existence of certain attributes, or uses pre-defined attributes of object prototype (such as hasOwnProperty, toString or valueOf). Possible mitigations might be: freezing the object prototype, using an ob"
alibaba/nacos,console/src/main/resources/static/legacy/js/vs/language/html/htmlWorker.js,javascript.lang.security.audit.detect-non-literal-regexp.detect-non-literal-regexp,WARNING,CWE-1333: Inefficient Regular Expression Complexity,"RegExp() called with a `e` function argument, this might allow an attacker to cause a Regular Expression Denial-of-Service (ReDoS) within your application as RegExP blocks the main thread. For this reason, it is recommended to use hardcoded regexes instead. If your regex is run on user-controlled input, consider performing input validation or use a regex checking/sanitization library such as https://www.npmjs.com/package/recheck to verify that the regex does not appear vulnerable to ReDoS."
alibaba/nacos,console/src/main/resources/static/legacy/js/vs/language/json/jsonWorker.js,javascript.lang.security.audit.detect-non-literal-regexp.detect-non-literal-regexp,WARNING,CWE-1333: Inefficient Regular Expression Complexity,"RegExp() called with a `t` function argument, this might allow an attacker to cause a Regular Expression Denial-of-Service (ReDoS) within your application as RegExP blocks the main thread. For this reason, it is recommended to use hardcoded regexes instead. If your regex is run on user-controlled input, consider performing input validation or use a regex checking/sanitization library such as https://www.npmjs.com/package/recheck to verify that the regex does not appear vulnerable to ReDoS."
alibaba/nacos,console/src/main/resources/static/legacy/js/vs/language/json/jsonWorker.js,javascript.lang.security.audit.detect-non-literal-regexp.detect-non-literal-regexp,WARNING,CWE-1333: Inefficient Regular Expression Complexity,"RegExp() called with a `e` function argument, this might allow an attacker to cause a Regular Expression Denial-of-Service (ReDoS) within your application as RegExP blocks the main thread. For this reason, it is recommended to use hardcoded regexes instead. If your regex is run on user-controlled input, consider performing input validation or use a regex checking/sanitization library such as https://www.npmjs.com/package/recheck to verify that the regex does not appear vulnerable to ReDoS."
alibaba/nacos,console/src/main/resources/static/legacy/js/vs/language/json/jsonWorker.js,javascript.lang.security.audit.detect-non-literal-regexp.detect-non-literal-regexp,WARNING,CWE-1333: Inefficient Regular Expression Complexity,"RegExp() called with a `e` function argument, this might allow an attacker to cause a Regular Expression Denial-of-Service (ReDoS) within your application as RegExP blocks the main thread. For this reason, it is recommended to use hardcoded regexes instead. If your regex is run on user-controlled input, consider performing input validation or use a regex checking/sanitization library such as https://www.npmjs.com/package/recheck to verify that the regex does not appear vulnerable to ReDoS."
alibaba/nacos,console/src/main/resources/static/legacy/js/vs/language/json/jsonWorker.js,javascript.lang.security.audit.detect-non-literal-regexp.detect-non-literal-regexp,WARNING,CWE-1333: Inefficient Regular Expression Complexity,"RegExp() called with a `i` function argument, this might allow an attacker to cause a Regular Expression Denial-of-Service (ReDoS) within your application as RegExP blocks the main thread. For this reason, it is recommended to use hardcoded regexes instead. If your regex is run on user-controlled input, consider performing input validation or use a regex checking/sanitization library such as https://www.npmjs.com/package/recheck to verify that the regex does not appear vulnerable to ReDoS."
alibaba/nacos,console/src/main/resources/static/next/js/PipelineStatusDisplay.js,typescript.react.security.audit.react-dangerouslysetinnerhtml.react-dangerouslysetinnerhtml,WARNING,CWE-79: Improper Neutralization of Input During Web Page Generation ('Cross-site Scripting'),"Detection of dangerouslySetInnerHTML from non-constant definition. This can inadvertently expose users to cross-site scripting (XSS) attacks if this comes from user-provided input. If you have to use dangerouslySetInnerHTML, consider using a sanitization library such as DOMPurify to sanitize your HTML."
alibaba/nacos,console/src/main/resources/static/next/js/client.js,javascript.browser.security.wildcard-postmessage-configuration.wildcard-postmessage-configuration,WARNING,CWE-345: Insufficient Verification of Data Authenticity,"The target origin of the window.postMessage() API is set to ""*"". This could allow for information disclosure due to the possibility of any origin allowed to receive the message."
alibaba/nacos,console/src/main/resources/static/next/js/client.js,javascript.lang.security.audit.prototype-pollution.prototype-pollution-loop.prototype-pollution-loop,WARNING,CWE-915: Improperly Controlled Modification of Dynamically-Determined Object Attributes,"Possibility of prototype polluting function detected. By adding or modifying attributes of an object prototype, it is possible to create attributes that exist on every object, or replace critical attributes with malicious ones. This can be problematic if the software depends on existence or non-existence of certain attributes, or uses pre-defined attributes of object prototype (such as hasOwnProperty, toString or valueOf). Possible mitigations might be: freezing the object prototype, using an ob"
alibaba/nacos,console/src/main/resources/static/next/js/newMcpServer.js,javascript.lang.security.audit.prototype-pollution.prototype-pollution-loop.prototype-pollution-loop,WARNING,CWE-915: Improperly Controlled Modification of Dynamically-Determined Object Attributes,"Possibility of prototype polluting function detected. By adding or modifying attributes of an object prototype, it is possible to create attributes that exist on every object, or replace critical attributes with malicious ones. This can be problematic if the software depends on existence or non-existence of certain attributes, or uses pre-defined attributes of object prototype (such as hasOwnProperty, toString or valueOf). Possible mitigations might be: freezing the object prototype, using an ob"
alibaba/nacos,console/src/main/resources/static/next/js/newMcpServer.js,javascript.lang.security.audit.prototype-pollution.prototype-pollution-loop.prototype-pollution-loop,WARNING,CWE-915: Improperly Controlled Modification of Dynamically-Determined Object Attributes,"Possibility of prototype polluting function detected. By adding or modifying attributes of an object prototype, it is possible to create attributes that exist on every object, or replace critical attributes with malicious ones. This can be problematic if the software depends on existence or non-existence of certain attributes, or uses pre-defined attributes of object prototype (such as hasOwnProperty, toString or valueOf). Possible mitigations might be: freezing the object prototype, using an ob"
alibaba/nacos,console/src/main/resources/static/next/js/newMcpServer.js,javascript.lang.security.audit.prototype-pollution.prototype-pollution-loop.prototype-pollution-loop,WARNING,CWE-915: Improperly Controlled Modification of Dynamically-Determined Object Attributes,"Possibility of prototype polluting function detected. By adding or modifying attributes of an object prototype, it is possible to create attributes that exist on every object, or replace critical attributes with malicious ones. This can be problematic if the software depends on existence or non-existence of certain attributes, or uses pre-defined attributes of object prototype (such as hasOwnProperty, toString or valueOf). Possible mitigations might be: freezing the object prototype, using an ob"
alibaba/nacos,console/src/main/resources/static/next/js/newMcpServer.js,javascript.lang.security.audit.unsafe-formatstring.unsafe-formatstring,INFO,CWE-134: Use of Externally-Controlled Format String,"Detected string concatenation with a non-literal variable in a util.format / console.log function. If an attacker injects a format specifier in the string, it will forge the log message. Try to use constant values for the format string."
alibaba/nacos,console/src/main/resources/static/next/js/newMcpServer.js,javascript.lang.security.audit.unsafe-formatstring.unsafe-formatstring,INFO,CWE-134: Use of Externally-Controlled Format String,"Detected string concatenation with a non-literal variable in a util.format / console.log function. If an attacker injects a format specifier in the string, it will forge the log message. Try to use constant values for the format string."
alibaba/nacos,console/src/main/resources/static/next/js/newMcpServer.js,javascript.lang.security.audit.unsafe-formatstring.unsafe-formatstring,INFO,CWE-134: Use of Externally-Controlled Format String,"Detected string concatenation with a non-literal variable in a util.format / console.log function. If an attacker injects a format specifier in the string, it will forge the log message. Try to use constant values for the format string."
alibaba/nacos,console/src/main/resources/static/next/js/newMcpServer.js,javascript.lang.security.audit.unsafe-formatstring.unsafe-formatstring,INFO,CWE-134: Use of Externally-Controlled Format String,"Detected string concatenation with a non-literal variable in a util.format / console.log function. If an attacker injects a format specifier in the string, it will forge the log message. Try to use constant values for the format string."
alibaba/nacos,console/src/main/resources/static/next/js/newMcpServer.js,javascript.lang.security.audit.unsafe-formatstring.unsafe-formatstring,INFO,CWE-134: Use of Externally-Controlled Format String,"Detected string concatenation with a non-literal variable in a util.format / console.log function. If an attacker injects a format specifier in the string, it will forge the log message. Try to use constant values for the format string."
alibaba/nacos,console/src/main/resources/static/next/js/newMcpServer.js,javascript.lang.security.audit.unsafe-formatstring.unsafe-formatstring,INFO,CWE-134: Use of Externally-Controlled Format String,"Detected string concatenation with a non-literal variable in a util.format / console.log function. If an attacker injects a format specifier in the string, it will forge the log message. Try to use constant values for the format string."
alibaba/nacos,console/src/main/resources/static/next/js/skillManagement.js,javascript.browser.security.wildcard-postmessage-configuration.wildcard-postmessage-configuration,WARNING,CWE-345: Insufficient Verification of Data Authenticity,"The target origin of the window.postMessage() API is set to ""*"". This could allow for information disclosure due to the possibility of any origin allowed to receive the message."
alibaba/nacos,console/src/main/resources/static/next/js/skillManagement.js,javascript.browser.security.wildcard-postmessage-configuration.wildcard-postmessage-configuration,WARNING,CWE-345: Insufficient Verification of Data Authenticity,"The target origin of the window.postMessage() API is set to ""*"". This could allow for information disclosure due to the possibility of any origin allowed to receive the message."
alibaba/nacos,console/src/main/resources/static/next/js/vendor-react.js,javascript.lang.security.audit.detect-non-literal-regexp.detect-non-literal-regexp,WARNING,CWE-1333: Inefficient Regular Expression Complexity,"RegExp() called with a `e` function argument, this might allow an attacker to cause a Regular Expression Denial-of-Service (ReDoS) within your application as RegExP blocks the main thread. For this reason, it is recommended to use hardcoded regexes instead. If your regex is run on user-controlled input, consider performing input validation or use a regex checking/sanitization library such as https://www.npmjs.com/package/recheck to verify that the regex does not appear vulnerable to ReDoS."
alibaba/nacos,console/src/main/resources/static/next/js/vendor-react.js,javascript.lang.security.audit.detect-non-literal-regexp.detect-non-literal-regexp,WARNING,CWE-1333: Inefficient Regular Expression Complexity,"RegExp() called with a `t` function argument, this might allow an attacker to cause a Regular Expression Denial-of-Service (ReDoS) within your application as RegExP blocks the main thread. For this reason, it is recommended to use hardcoded regexes instead. If your regex is run on user-controlled input, consider performing input validation or use a regex checking/sanitization library such as https://www.npmjs.com/package/recheck to verify that the regex does not appear vulnerable to ReDoS."
alibaba/nacos,console/src/main/resources/static/next/js/vendor-react.js,javascript.lang.security.audit.detect-non-literal-regexp.detect-non-literal-regexp,WARNING,CWE-1333: Inefficient Regular Expression Complexity,"RegExp() called with a `e` function argument, this might allow an attacker to cause a Regular Expression Denial-of-Service (ReDoS) within your application as RegExP blocks the main thread. For this reason, it is recommended to use hardcoded regexes instead. If your regex is run on user-controlled input, consider performing input validation or use a regex checking/sanitization library such as https://www.npmjs.com/package/recheck to verify that the regex does not appear vulnerable to ReDoS."
alibaba/nacos,core/src/main/java/com/alibaba/nacos/core/cluster/Member.java,java.lang.security.audit.object-deserialization.object-deserialization,WARNING,CWE-502: Deserialization of Untrusted Data,"Found object deserialization using ObjectInputStream. Deserializing entire Java objects is dangerous because malicious actors can create Java object streams with unintended consequences. Ensure that the objects being deserialized are not user-controlled. If this must be done, consider using HMACs to sign the data stream to make sure it is not tampered with, or consider only transmitting object fields and populating a new object."
alibaba/nacos,core/src/main/java/com/alibaba/nacos/core/namespace/repository/ExternalNamespacePersistServiceImpl.java,java.spring.security.audit.spring-sqli.spring-sqli,WARNING,CWE-89: Improper Neutralization of Special Elements used in an SQL Command ('SQL Injection'),Detected a string argument from a public method contract in a raw SQL statement. This could lead to SQL injection if variables in the SQL statement are not properly sanitized. Use a prepared statements (java.sql.PreparedStatement) instead. You can obtain a PreparedStatement using 'connection.prepareStatement'.
alibaba/nacos,core/src/main/java/com/alibaba/nacos/core/remote/AbstractRequestFilter.java,java.lang.security.audit.unsafe-reflection.unsafe-reflection,WARNING,CWE-470: Use of Externally-Controlled Input to Select Classes or Code ('Unsafe Reflection'),"If an attacker can supply values that the application then uses to determine which class to instantiate or which method to invoke, the potential exists for the attacker to create control flow paths through the application that were not intended by the application developers. This attack vector may allow the attacker to bypass authentication or access control checks or otherwise cause the application to behave in an unexpected manner."
alibaba/nacos,core/src/main/java/com/alibaba/nacos/core/utils/ClassUtils.java,java.lang.security.audit.unsafe-reflection.unsafe-reflection,WARNING,CWE-470: Use of Externally-Controlled Input to Select Classes or Code ('Unsafe Reflection'),"If an attacker can supply values that the application then uses to determine which class to instantiate or which method to invoke, the potential exists for the attacker to create control flow paths through the application that were not intended by the application developers. This attack vector may allow the attacker to bypass authentication or access control checks or otherwise cause the application to behave in an unexpected manner."
alibaba/nacos,persistence/src/main/java/com/alibaba/nacos/persistence/repository/extrnal/ExternalStoragePaginationHelperImpl.java,java.spring.security.audit.spring-sqli.spring-sqli,WARNING,CWE-89: Improper Neutralization of Special Elements used in an SQL Command ('SQL Injection'),Detected a string argument from a public method contract in a raw SQL statement. This could lead to SQL injection if variables in the SQL statement are not properly sanitized. Use a prepared statements (java.sql.PreparedStatement) instead. You can obtain a PreparedStatement using 'connection.prepareStatement'.
alibaba/nacos,persistence/src/main/java/com/alibaba/nacos/persistence/repository/extrnal/ExternalStoragePaginationHelperImpl.java,java.spring.security.audit.spring-sqli.spring-sqli,WARNING,CWE-89: Improper Neutralization of Special Elements used in an SQL Command ('SQL Injection'),Detected a string argument from a public method contract in a raw SQL statement. This could lead to SQL injection if variables in the SQL statement are not properly sanitized. Use a prepared statements (java.sql.PreparedStatement) instead. You can obtain a PreparedStatement using 'connection.prepareStatement'.
alibaba/nacos,plugin-default-impl/nacos-default-ai-pipeline-plugin/src/main/java/com/alibaba/nacos/plugin/ai/pipeline/spi/impl/SkillScannerPipelineService.java,java.lang.security.audit.command-injection-process-builder.command-injection-process-builder,ERROR,CWE-78: Improper Neutralization of Special Elements used in an OS Command ('OS Command Injection'),A formatted or concatenated string was detected as input to a ProcessBuilder call. This is dangerous if a variable is controlled by user input and could result in a command injection. Ensure your variables are not controlled by users or sufficiently sanitized.
alibaba/nacos,plugin-default-impl/nacos-default-ai-pipeline-plugin/src/main/java/com/alibaba/nacos/plugin/ai/pipeline/spi/impl/SkillSpectorPipelineService.java,java.lang.security.audit.command-injection-process-builder.command-injection-process-builder,ERROR,CWE-78: Improper Neutralization of Special Elements used in an OS Command ('OS Command Injection'),A formatted or concatenated string was detected as input to a ProcessBuilder call. This is dangerous if a variable is controlled by user input and could result in a command injection. Ensure your variables are not controlled by users or sufficiently sanitized.
alibaba/nacos,plugin-default-impl/nacos-default-auth-plugin/src/main/java/com/alibaba/nacos/plugin/auth/impl/controller/v3/RoleControllerV3.java,java.spring.security.injection.tainted-sql-string.tainted-sql-string,ERROR,CWE-89: Improper Neutralization of Special Elements used in an SQL Command ('SQL Injection'),"User data flows into this manually-constructed SQL string. User data can be safely inserted into SQL strings using prepared statements or an object-relational mapper (ORM). Manually-constructed SQL strings is a possible indicator of SQL injection, which could let an attacker steal or manipulate data from the database. Instead, use prepared statements (`connection.PreparedStatement`) or a safe library."
alibaba/nacos,plugin-default-impl/nacos-default-auth-plugin/src/main/java/com/alibaba/nacos/plugin/auth/impl/persistence/extrnal/AuthExternalPaginationHelperImpl.java,java.spring.security.audit.spring-sqli.spring-sqli,WARNING,CWE-89: Improper Neutralization of Special Elements used in an SQL Command ('SQL Injection'),Detected a string argument from a public method contract in a raw SQL statement. This could lead to SQL injection if variables in the SQL statement are not properly sanitized. Use a prepared statements (java.sql.PreparedStatement) instead. You can obtain a PreparedStatement using 'connection.prepareStatement'.
alibaba/nacos,plugin-default-impl/nacos-default-auth-plugin/src/main/java/com/alibaba/nacos/plugin/auth/impl/persistence/extrnal/AuthExternalPaginationHelperImpl.java,java.spring.security.audit.spring-sqli.spring-sqli,WARNING,CWE-89: Improper Neutralization of Special Elements used in an SQL Command ('SQL Injection'),Detected a string argument from a public method contract in a raw SQL statement. This could lead to SQL injection if variables in the SQL statement are not properly sanitized. Use a prepared statements (java.sql.PreparedStatement) instead. You can obtain a PreparedStatement using 'connection.prepareStatement'.
alibaba/nacos,plugin-default-impl/nacos-default-auth-plugin/src/main/java/com/alibaba/nacos/plugin/auth/impl/persistence/extrnal/AuthExternalPaginationHelperImpl.java,java.spring.security.audit.spring-sqli.spring-sqli,WARNING,CWE-89: Improper Neutralization of Special Elements used in an SQL Command ('SQL Injection'),Detected a string argument from a public method contract in a raw SQL statement. This could lead to SQL injection if variables in the SQL statement are not properly sanitized. Use a prepared statements (java.sql.PreparedStatement) instead. You can obtain a PreparedStatement using 'connection.prepareStatement'.
alibaba/nacos,plugin-default-impl/nacos-default-auth-plugin/src/main/java/com/alibaba/nacos/plugin/auth/impl/persistence/extrnal/AuthExternalPaginationHelperImpl.java,java.spring.security.audit.spring-sqli.spring-sqli,WARNING,CWE-89: Improper Neutralization of Special Elements used in an SQL Command ('SQL Injection'),Detected a string argument from a public method contract in a raw SQL statement. This could lead to SQL injection if variables in the SQL statement are not properly sanitized. Use a prepared statements (java.sql.PreparedStatement) instead. You can obtain a PreparedStatement using 'connection.prepareStatement'.
alibaba/nacos,plugin-default-impl/nacos-default-auth-plugin/src/main/java/com/alibaba/nacos/plugin/auth/impl/persistence/extrnal/AuthExternalPaginationHelperImpl.java,java.spring.security.audit.spring-sqli.spring-sqli,WARNING,CWE-89: Improper Neutralization of Special Elements used in an SQL Command ('SQL Injection'),Detected a string argument from a public method contract in a raw SQL statement. This could lead to SQL injection if variables in the SQL statement are not properly sanitized. Use a prepared statements (java.sql.PreparedStatement) instead. You can obtain a PreparedStatement using 'connection.prepareStatement'.
alibaba/nacos,plugin-default-impl/nacos-default-auth-plugin/src/main/java/com/alibaba/nacos/plugin/auth/impl/persistence/extrnal/AuthExternalPaginationHelperImpl.java,java.spring.security.audit.spring-sqli.spring-sqli,WARNING,CWE-89: Improper Neutralization of Special Elements used in an SQL Command ('SQL Injection'),Detected a string argument from a public method contract in a raw SQL statement. This could lead to SQL injection if variables in the SQL statement are not properly sanitized. Use a prepared statements (java.sql.PreparedStatement) instead. You can obtain a PreparedStatement using 'connection.prepareStatement'.
alibaba/nacos,plugin-default-impl/nacos-default-auth-plugin/src/main/java/com/alibaba/nacos/plugin/auth/impl/persistence/extrnal/AuthExternalPaginationHelperImpl.java,java.spring.security.audit.spring-sqli.spring-sqli,WARNING,CWE-89: Improper Neutralization of Special Elements used in an SQL Command ('SQL Injection'),Detected a string argument from a public method contract in a raw SQL statement. This could lead to SQL injection if variables in the SQL statement are not properly sanitized. Use a prepared statements (java.sql.PreparedStatement) instead. You can obtain a PreparedStatement using 'connection.prepareStatement'.
alibaba/nacos,plugin-default-impl/nacos-default-auth-plugin/src/main/java/com/alibaba/nacos/plugin/auth/impl/persistence/extrnal/AuthExternalPaginationHelperImpl.java,java.spring.security.audit.spring-sqli.spring-sqli,WARNING,CWE-89: Improper Neutralization of Special Elements used in an SQL Command ('SQL Injection'),Detected a string argument from a public method contract in a raw SQL statement. This could lead to SQL injection if variables in the SQL statement are not properly sanitized. Use a prepared statements (java.sql.PreparedStatement) instead. You can obtain a PreparedStatement using 'connection.prepareStatement'.
alibaba/nacos,plugin-default-impl/nacos-default-auth-plugin/src/main/java/com/alibaba/nacos/plugin/auth/impl/persistence/extrnal/AuthExternalPaginationHelperImpl.java,java.spring.security.audit.spring-sqli.spring-sqli,WARNING,CWE-89: Improper Neutralization of Special Elements used in an SQL Command ('SQL Injection'),Detected a string argument from a public method contract in a raw SQL statement. This could lead to SQL injection if variables in the SQL statement are not properly sanitized. Use a prepared statements (java.sql.PreparedStatement) instead. You can obtain a PreparedStatement using 'connection.prepareStatement'.
alibaba/nacos,plugin-default-impl/nacos-oidc-auth-plugin/src/main/java/com/alibaba/nacos/plugin/auth/impl/oidc/controller/OidcLoginController.java,java.lang.security.audit.cookie-missing-httponly.cookie-missing-httponly,WARNING,CWE-1004: Sensitive Cookie Without 'HttpOnly' Flag,A cookie was detected without setting the 'HttpOnly' flag. The 'HttpOnly' flag for cookies instructs the browser to forbid client-side scripts from reading the cookie. Set the 'HttpOnly' flag by calling 'cookie.setHttpOnly(true);'
alibaba/nacos,plugin-default-impl/nacos-oidc-auth-plugin/src/main/java/com/alibaba/nacos/plugin/auth/impl/oidc/controller/OidcLoginController.java,java.lang.security.audit.cookie-missing-httponly.cookie-missing-httponly,WARNING,CWE-1004: Sensitive Cookie Without 'HttpOnly' Flag,A cookie was detected without setting the 'HttpOnly' flag. The 'HttpOnly' flag for cookies instructs the browser to forbid client-side scripts from reading the cookie. Set the 'HttpOnly' flag by calling 'cookie.setHttpOnly(true);'
alibaba/nacos,sys/src/main/java/com/alibaba/nacos/sys/env/OperatingSystemBeanManager.java,java.lang.security.audit.unsafe-reflection.unsafe-reflection,WARNING,CWE-470: Use of Externally-Controlled Input to Select Classes or Code ('Unsafe Reflection'),"If an attacker can supply values that the application then uses to determine which class to instantiate or which method to invoke, the potential exists for the attacker to create control flow paths through the application that were not intended by the application developers. This attack vector may allow the attacker to bypass authentication or access control checks or otherwise cause the application to behave in an unexpected manner."
apache/commons-compress,.github/dependabot.yml,package_managers.dependabot.dependabot-missing-cooldown.dependabot-missing-cooldown,MEDIUM,CWE-829: Inclusion of Functionality from Untrusted Control Sphere,This Dependabot configuration does not set a cooldown period. Newly published packages can be malicious or unstable. Add a `cooldown` block with `default-days: 7` to each `package-ecosystem` entry under `updates` to wait 7 days before proposing updates to newly published package versions. Reference: https://docs.github.com/en/code-security/dependabot/dependabot-version-updates/configuration-options-for-the-dependabot.yml-file#cooldown
apache/commons-compress,.github/dependabot.yml,package_managers.dependabot.dependabot-missing-cooldown.dependabot-missing-cooldown,MEDIUM,CWE-829: Inclusion of Functionality from Untrusted Control Sphere,This Dependabot configuration does not set a cooldown period. Newly published packages can be malicious or unstable. Add a `cooldown` block with `default-days: 7` to each `package-ecosystem` entry under `updates` to wait 7 days before proposing updates to newly published package versions. Reference: https://docs.github.com/en/code-security/dependabot/dependabot-version-updates/configuration-options-for-the-dependabot.yml-file#cooldown
apache/dubbo,.github/dependabot.yaml,package_managers.dependabot.dependabot-missing-cooldown.dependabot-missing-cooldown,MEDIUM,CWE-829: Inclusion of Functionality from Untrusted Control Sphere,This Dependabot configuration does not set a cooldown period. Newly published packages can be malicious or unstable. Add a `cooldown` block with `default-days: 7` to each `package-ecosystem` entry under `updates` to wait 7 days before proposing updates to newly published package versions. Reference: https://docs.github.com/en/code-security/dependabot/dependabot-version-updates/configuration-options-for-the-dependabot.yml-file#cooldown
apache/dubbo,.github/workflows/build-and-test-pr.yml,yaml.github-actions.security.github-actions-mutable-action-tag.github-actions-mutable-action-tag,WARNING,CWE-1357: Reliance on Insufficiently Trustworthy Component; CWE-353: Missing Support for Integrity Check,"GitHub Actions step uses a mutable tag or branch reference. Tags and branch names can be silently repointed by the action owner, enabling supply-chain attacks — as seen in the trivy-action and kics-github-action compromises. Pin the reference to a full 40-character commit SHA instead, e.g. `uses: actions/checkout@8ade135a41bc03ea155e62e844d188df1ea18608`."
apache/dubbo,.github/workflows/build-and-test-pr.yml,yaml.github-actions.security.github-actions-mutable-action-tag.github-actions-mutable-action-tag,WARNING,CWE-1357: Reliance on Insufficiently Trustworthy Component; CWE-353: Missing Support for Integrity Check,"GitHub Actions step uses a mutable tag or branch reference. Tags and branch names can be silently repointed by the action owner, enabling supply-chain attacks — as seen in the trivy-action and kics-github-action compromises. Pin the reference to a full 40-character commit SHA instead, e.g. `uses: actions/checkout@8ade135a41bc03ea155e62e844d188df1ea18608`."
apache/dubbo,.github/workflows/build-and-test-pr.yml,yaml.github-actions.security.github-actions-mutable-action-tag.github-actions-mutable-action-tag,WARNING,CWE-1357: Reliance on Insufficiently Trustworthy Component; CWE-353: Missing Support for Integrity Check,"GitHub Actions step uses a mutable tag or branch reference. Tags and branch names can be silently repointed by the action owner, enabling supply-chain attacks — as seen in the trivy-action and kics-github-action compromises. Pin the reference to a full 40-character commit SHA instead, e.g. `uses: actions/checkout@8ade135a41bc03ea155e62e844d188df1ea18608`."
apache/dubbo,.github/workflows/build-and-test-pr.yml,yaml.github-actions.security.github-actions-mutable-action-tag.github-actions-mutable-action-tag,WARNING,CWE-1357: Reliance on Insufficiently Trustworthy Component; CWE-353: Missing Support for Integrity Check,"GitHub Actions step uses a mutable tag or branch reference. Tags and branch names can be silently repointed by the action owner, enabling supply-chain attacks — as seen in the trivy-action and kics-github-action compromises. Pin the reference to a full 40-character commit SHA instead, e.g. `uses: actions/checkout@8ade135a41bc03ea155e62e844d188df1ea18608`."
apache/dubbo,.github/workflows/build-and-test-pr.yml,yaml.github-actions.security.github-actions-mutable-action-tag.github-actions-mutable-action-tag,WARNING,CWE-1357: Reliance on Insufficiently Trustworthy Component; CWE-353: Missing Support for Integrity Check,"GitHub Actions step uses a mutable tag or branch reference. Tags and branch names can be silently repointed by the action owner, enabling supply-chain attacks — as seen in the trivy-action and kics-github-action compromises. Pin the reference to a full 40-character commit SHA instead, e.g. `uses: actions/checkout@8ade135a41bc03ea155e62e844d188df1ea18608`."
apache/dubbo,.github/workflows/build-and-test-pr.yml,yaml.github-actions.security.github-actions-mutable-action-tag.github-actions-mutable-action-tag,WARNING,CWE-1357: Reliance on Insufficiently Trustworthy Component; CWE-353: Missing Support for Integrity Check,"GitHub Actions step uses a mutable tag or branch reference. Tags and branch names can be silently repointed by the action owner, enabling supply-chain attacks — as seen in the trivy-action and kics-github-action compromises. Pin the reference to a full 40-character commit SHA instead, e.g. `uses: actions/checkout@8ade135a41bc03ea155e62e844d188df1ea18608`."
apache/dubbo,.github/workflows/build-and-test-pr.yml,yaml.github-actions.security.github-actions-mutable-action-tag.github-actions-mutable-action-tag,WARNING,CWE-1357: Reliance on Insufficiently Trustworthy Component; CWE-353: Missing Support for Integrity Check,"GitHub Actions step uses a mutable tag or branch reference. Tags and branch names can be silently repointed by the action owner, enabling supply-chain attacks — as seen in the trivy-action and kics-github-action compromises. Pin the reference to a full 40-character commit SHA instead, e.g. `uses: actions/checkout@8ade135a41bc03ea155e62e844d188df1ea18608`."
apache/dubbo,.github/workflows/build-and-test-pr.yml,yaml.github-actions.security.github-actions-mutable-action-tag.github-actions-mutable-action-tag,WARNING,CWE-1357: Reliance on Insufficiently Trustworthy Component; CWE-353: Missing Support for Integrity Check,"GitHub Actions step uses a mutable tag or branch reference. Tags and branch names can be silently repointed by the action owner, enabling supply-chain attacks — as seen in the trivy-action and kics-github-action compromises. Pin the reference to a full 40-character commit SHA instead, e.g. `uses: actions/checkout@8ade135a41bc03ea155e62e844d188df1ea18608`."
apache/dubbo,.github/workflows/build-and-test-pr.yml,yaml.github-actions.security.github-actions-mutable-action-tag.github-actions-mutable-action-tag,WARNING,CWE-1357: Reliance on Insufficiently Trustworthy Component; CWE-353: Missing Support for Integrity Check,"GitHub Actions step uses a mutable tag or branch reference. Tags and branch names can be silently repointed by the action owner, enabling supply-chain attacks — as seen in the trivy-action and kics-github-action compromises. Pin the reference to a full 40-character commit SHA instead, e.g. `uses: actions/checkout@8ade135a41bc03ea155e62e844d188df1ea18608`."
apache/dubbo,.github/workflows/build-and-test-pr.yml,yaml.github-actions.security.github-actions-mutable-action-tag.github-actions-mutable-action-tag,WARNING,CWE-1357: Reliance on Insufficiently Trustworthy Component; CWE-353: Missing Support for Integrity Check,"GitHub Actions step uses a mutable tag or branch reference. Tags and branch names can be silently repointed by the action owner, enabling supply-chain attacks — as seen in the trivy-action and kics-github-action compromises. Pin the reference to a full 40-character commit SHA instead, e.g. `uses: actions/checkout@8ade135a41bc03ea155e62e844d188df1ea18608`."
apache/dubbo,.github/workflows/build-and-test-pr.yml,yaml.github-actions.security.github-actions-mutable-action-tag.github-actions-mutable-action-tag,WARNING,CWE-1357: Reliance on Insufficiently Trustworthy Component; CWE-353: Missing Support for Integrity Check,"GitHub Actions step uses a mutable tag or branch reference. Tags and branch names can be silently repointed by the action owner, enabling supply-chain attacks — as seen in the trivy-action and kics-github-action compromises. Pin the reference to a full 40-character commit SHA instead, e.g. `uses: actions/checkout@8ade135a41bc03ea155e62e844d188df1ea18608`."
apache/dubbo,.github/workflows/build-and-test-pr.yml,yaml.github-actions.security.github-actions-mutable-action-tag.github-actions-mutable-action-tag,WARNING,CWE-1357: Reliance on Insufficiently Trustworthy Component; CWE-353: Missing Support for Integrity Check,"GitHub Actions step uses a mutable tag or branch reference. Tags and branch names can be silently repointed by the action owner, enabling supply-chain attacks — as seen in the trivy-action and kics-github-action compromises. Pin the reference to a full 40-character commit SHA instead, e.g. `uses: actions/checkout@8ade135a41bc03ea155e62e844d188df1ea18608`."
apache/dubbo,.github/workflows/build-and-test-pr.yml,yaml.github-actions.security.github-actions-mutable-action-tag.github-actions-mutable-action-tag,WARNING,CWE-1357: Reliance on Insufficiently Trustworthy Component; CWE-353: Missing Support for Integrity Check,"GitHub Actions step uses a mutable tag or branch reference. Tags and branch names can be silently repointed by the action owner, enabling supply-chain attacks — as seen in the trivy-action and kics-github-action compromises. Pin the reference to a full 40-character commit SHA instead, e.g. `uses: actions/checkout@8ade135a41bc03ea155e62e844d188df1ea18608`."
apache/dubbo,.github/workflows/build-and-test-pr.yml,yaml.github-actions.security.github-actions-mutable-action-tag.github-actions-mutable-action-tag,WARNING,CWE-1357: Reliance on Insufficiently Trustworthy Component; CWE-353: Missing Support for Integrity Check,"GitHub Actions step uses a mutable tag or branch reference. Tags and branch names can be silently repointed by the action owner, enabling supply-chain attacks — as seen in the trivy-action and kics-github-action compromises. Pin the reference to a full 40-character commit SHA instead, e.g. `uses: actions/checkout@8ade135a41bc03ea155e62e844d188df1ea18608`."
apache/dubbo,.github/workflows/build-and-test-pr.yml,yaml.github-actions.security.github-actions-mutable-action-tag.github-actions-mutable-action-tag,WARNING,CWE-1357: Reliance on Insufficiently Trustworthy Component; CWE-353: Missing Support for Integrity Check,"GitHub Actions step uses a mutable tag or branch reference. Tags and branch names can be silently repointed by the action owner, enabling supply-chain attacks — as seen in the trivy-action and kics-github-action compromises. Pin the reference to a full 40-character commit SHA instead, e.g. `uses: actions/checkout@8ade135a41bc03ea155e62e844d188df1ea18608`."
apache/dubbo,.github/workflows/build-and-test-pr.yml,yaml.github-actions.security.github-actions-mutable-action-tag.github-actions-mutable-action-tag,WARNING,CWE-1357: Reliance on Insufficiently Trustworthy Component; CWE-353: Missing Support for Integrity Check,"GitHub Actions step uses a mutable tag or branch reference. Tags and branch names can be silently repointed by the action owner, enabling supply-chain attacks — as seen in the trivy-action and kics-github-action compromises. Pin the reference to a full 40-character commit SHA instead, e.g. `uses: actions/checkout@8ade135a41bc03ea155e62e844d188df1ea18608`."
apache/dubbo,.github/workflows/build-and-test-pr.yml,yaml.github-actions.security.github-actions-mutable-action-tag.github-actions-mutable-action-tag,WARNING,CWE-1357: Reliance on Insufficiently Trustworthy Component; CWE-353: Missing Support for Integrity Check,"GitHub Actions step uses a mutable tag or branch reference. Tags and branch names can be silently repointed by the action owner, enabling supply-chain attacks — as seen in the trivy-action and kics-github-action compromises. Pin the reference to a full 40-character commit SHA instead, e.g. `uses: actions/checkout@8ade135a41bc03ea155e62e844d188df1ea18608`."
apache/dubbo,.github/workflows/build-and-test-pr.yml,yaml.github-actions.security.github-actions-mutable-action-tag.github-actions-mutable-action-tag,WARNING,CWE-1357: Reliance on Insufficiently Trustworthy Component; CWE-353: Missing Support for Integrity Check,"GitHub Actions step uses a mutable tag or branch reference. Tags and branch names can be silently repointed by the action owner, enabling supply-chain attacks — as seen in the trivy-action and kics-github-action compromises. Pin the reference to a full 40-character commit SHA instead, e.g. `uses: actions/checkout@8ade135a41bc03ea155e62e844d188df1ea18608`."
apache/dubbo,.github/workflows/build-and-test-pr.yml,yaml.github-actions.security.github-actions-mutable-action-tag.github-actions-mutable-action-tag,WARNING,CWE-1357: Reliance on Insufficiently Trustworthy Component; CWE-353: Missing Support for Integrity Check,"GitHub Actions step uses a mutable tag or branch reference. Tags and branch names can be silently repointed by the action owner, enabling supply-chain attacks — as seen in the trivy-action and kics-github-action compromises. Pin the reference to a full 40-character commit SHA instead, e.g. `uses: actions/checkout@8ade135a41bc03ea155e62e844d188df1ea18608`."
apache/dubbo,.github/workflows/build-and-test-pr.yml,yaml.github-actions.security.github-actions-mutable-action-tag.github-actions-mutable-action-tag,WARNING,CWE-1357: Reliance on Insufficiently Trustworthy Component; CWE-353: Missing Support for Integrity Check,"GitHub Actions step uses a mutable tag or branch reference. Tags and branch names can be silently repointed by the action owner, enabling supply-chain attacks — as seen in the trivy-action and kics-github-action compromises. Pin the reference to a full 40-character commit SHA instead, e.g. `uses: actions/checkout@8ade135a41bc03ea155e62e844d188df1ea18608`."
apache/dubbo,.github/workflows/build-and-test-pr.yml,yaml.github-actions.security.github-actions-mutable-action-tag.github-actions-mutable-action-tag,WARNING,CWE-1357: Reliance on Insufficiently Trustworthy Component; CWE-353: Missing Support for Integrity Check,"GitHub Actions step uses a mutable tag or branch reference. Tags and branch names can be silently repointed by the action owner, enabling supply-chain attacks — as seen in the trivy-action and kics-github-action compromises. Pin the reference to a full 40-character commit SHA instead, e.g. `uses: actions/checkout@8ade135a41bc03ea155e62e844d188df1ea18608`."
apache/dubbo,.github/workflows/build-and-test-pr.yml,yaml.github-actions.security.github-actions-mutable-action-tag.github-actions-mutable-action-tag,WARNING,CWE-1357: Reliance on Insufficiently Trustworthy Component; CWE-353: Missing Support for Integrity Check,"GitHub Actions step uses a mutable tag or branch reference. Tags and branch names can be silently repointed by the action owner, enabling supply-chain attacks — as seen in the trivy-action and kics-github-action compromises. Pin the reference to a full 40-character commit SHA instead, e.g. `uses: actions/checkout@8ade135a41bc03ea155e62e844d188df1ea18608`."
apache/dubbo,.github/workflows/build-and-test-pr.yml,yaml.github-actions.security.github-actions-mutable-action-tag.github-actions-mutable-action-tag,WARNING,CWE-1357: Reliance on Insufficiently Trustworthy Component; CWE-353: Missing Support for Integrity Check,"GitHub Actions step uses a mutable tag or branch reference. Tags and branch names can be silently repointed by the action owner, enabling supply-chain attacks — as seen in the trivy-action and kics-github-action compromises. Pin the reference to a full 40-character commit SHA instead, e.g. `uses: actions/checkout@8ade135a41bc03ea155e62e844d188df1ea18608`."
apache/dubbo,.github/workflows/build-and-test-pr.yml,yaml.github-actions.security.github-actions-mutable-action-tag.github-actions-mutable-action-tag,WARNING,CWE-1357: Reliance on Insufficiently Trustworthy Component; CWE-353: Missing Support for Integrity Check,"GitHub Actions step uses a mutable tag or branch reference. Tags and branch names can be silently repointed by the action owner, enabling supply-chain attacks — as seen in the trivy-action and kics-github-action compromises. Pin the reference to a full 40-character commit SHA instead, e.g. `uses: actions/checkout@8ade135a41bc03ea155e62e844d188df1ea18608`."
apache/dubbo,.github/workflows/build-and-test-pr.yml,yaml.github-actions.security.github-actions-mutable-action-tag.github-actions-mutable-action-tag,WARNING,CWE-1357: Reliance on Insufficiently Trustworthy Component; CWE-353: Missing Support for Integrity Check,"GitHub Actions step uses a mutable tag or branch reference. Tags and branch names can be silently repointed by the action owner, enabling supply-chain attacks — as seen in the trivy-action and kics-github-action compromises. Pin the reference to a full 40-character commit SHA instead, e.g. `uses: actions/checkout@8ade135a41bc03ea155e62e844d188df1ea18608`."
apache/dubbo,.github/workflows/build-and-test-pr.yml,yaml.github-actions.security.github-actions-mutable-action-tag.github-actions-mutable-action-tag,WARNING,CWE-1357: Reliance on Insufficiently Trustworthy Component; CWE-353: Missing Support for Integrity Check,"GitHub Actions step uses a mutable tag or branch reference. Tags and branch names can be silently repointed by the action owner, enabling supply-chain attacks — as seen in the trivy-action and kics-github-action compromises. Pin the reference to a full 40-character commit SHA instead, e.g. `uses: actions/checkout@8ade135a41bc03ea155e62e844d188df1ea18608`."
apache/dubbo,.github/workflows/build-and-test-pr.yml,yaml.github-actions.security.github-actions-mutable-action-tag.github-actions-mutable-action-tag,WARNING,CWE-1357: Reliance on Insufficiently Trustworthy Component; CWE-353: Missing Support for Integrity Check,"GitHub Actions step uses a mutable tag or branch reference. Tags and branch names can be silently repointed by the action owner, enabling supply-chain attacks — as seen in the trivy-action and kics-github-action compromises. Pin the reference to a full 40-character commit SHA instead, e.g. `uses: actions/checkout@8ade135a41bc03ea155e62e844d188df1ea18608`."
apache/dubbo,.github/workflows/build-and-test-pr.yml,yaml.github-actions.security.github-actions-mutable-action-tag.github-actions-mutable-action-tag,WARNING,CWE-1357: Reliance on Insufficiently Trustworthy Component; CWE-353: Missing Support for Integrity Check,"GitHub Actions step uses a mutable tag or branch reference. Tags and branch names can be silently repointed by the action owner, enabling supply-chain attacks — as seen in the trivy-action and kics-github-action compromises. Pin the reference to a full 40-character commit SHA instead, e.g. `uses: actions/checkout@8ade135a41bc03ea155e62e844d188df1ea18608`."
apache/dubbo,.github/workflows/build-and-test-pr.yml,yaml.github-actions.security.github-actions-mutable-action-tag.github-actions-mutable-action-tag,WARNING,CWE-1357: Reliance on Insufficiently Trustworthy Component; CWE-353: Missing Support for Integrity Check,"GitHub Actions step uses a mutable tag or branch reference. Tags and branch names can be silently repointed by the action owner, enabling supply-chain attacks — as seen in the trivy-action and kics-github-action compromises. Pin the reference to a full 40-character commit SHA instead, e.g. `uses: actions/checkout@8ade135a41bc03ea155e62e844d188df1ea18608`."
apache/dubbo,.github/workflows/build-and-test-pr.yml,yaml.github-actions.security.github-actions-mutable-action-tag.github-actions-mutable-action-tag,WARNING,CWE-1357: Reliance on Insufficiently Trustworthy Component; CWE-353: Missing Support for Integrity Check,"GitHub Actions step uses a mutable tag or branch reference. Tags and branch names can be silently repointed by the action owner, enabling supply-chain attacks — as seen in the trivy-action and kics-github-action compromises. Pin the reference to a full 40-character commit SHA instead, e.g. `uses: actions/checkout@8ade135a41bc03ea155e62e844d188df1ea18608`."
apache/dubbo,.github/workflows/build-and-test-pr.yml,yaml.github-actions.security.github-actions-mutable-action-tag.github-actions-mutable-action-tag,WARNING,CWE-1357: Reliance on Insufficiently Trustworthy Component; CWE-353: Missing Support for Integrity Check,"GitHub Actions step uses a mutable tag or branch reference. Tags and branch names can be silently repointed by the action owner, enabling supply-chain attacks — as seen in the trivy-action and kics-github-action compromises. Pin the reference to a full 40-character commit SHA instead, e.g. `uses: actions/checkout@8ade135a41bc03ea155e62e844d188df1ea18608`."
apache/dubbo,.github/workflows/build-and-test-pr.yml,yaml.github-actions.security.github-actions-mutable-action-tag.github-actions-mutable-action-tag,WARNING,CWE-1357: Reliance on Insufficiently Trustworthy Component; CWE-353: Missing Support for Integrity Check,"GitHub Actions step uses a mutable tag or branch reference. Tags and branch names can be silently repointed by the action owner, enabling supply-chain attacks — as seen in the trivy-action and kics-github-action compromises. Pin the reference to a full 40-character commit SHA instead, e.g. `uses: actions/checkout@8ade135a41bc03ea155e62e844d188df1ea18608`."
apache/dubbo,.github/workflows/build-and-test-pr.yml,yaml.github-actions.security.github-actions-mutable-action-tag.github-actions-mutable-action-tag,WARNING,CWE-1357: Reliance on Insufficiently Trustworthy Component; CWE-353: Missing Support for Integrity Check,"GitHub Actions step uses a mutable tag or branch reference. Tags and branch names can be silently repointed by the action owner, enabling supply-chain attacks — as seen in the trivy-action and kics-github-action compromises. Pin the reference to a full 40-character commit SHA instead, e.g. `uses: actions/checkout@8ade135a41bc03ea155e62e844d188df1ea18608`."
apache/dubbo,.github/workflows/build-and-test-pr.yml,yaml.github-actions.security.github-actions-mutable-action-tag.github-actions-mutable-action-tag,WARNING,CWE-1357: Reliance on Insufficiently Trustworthy Component; CWE-353: Missing Support for Integrity Check,"GitHub Actions step uses a mutable tag or branch reference. Tags and branch names can be silently repointed by the action owner, enabling supply-chain attacks — as seen in the trivy-action and kics-github-action compromises. Pin the reference to a full 40-character commit SHA instead, e.g. `uses: actions/checkout@8ade135a41bc03ea155e62e844d188df1ea18608`."
apache/dubbo,.github/workflows/build-and-test-pr.yml,yaml.github-actions.security.github-actions-mutable-action-tag.github-actions-mutable-action-tag,WARNING,CWE-1357: Reliance on Insufficiently Trustworthy Component; CWE-353: Missing Support for Integrity Check,"GitHub Actions step uses a mutable tag or branch reference. Tags and branch names can be silently repointed by the action owner, enabling supply-chain attacks — as seen in the trivy-action and kics-github-action compromises. Pin the reference to a full 40-character commit SHA instead, e.g. `uses: actions/checkout@8ade135a41bc03ea155e62e844d188df1ea18608`."
apache/dubbo,.github/workflows/build-and-test-pr.yml,yaml.github-actions.security.github-actions-mutable-action-tag.github-actions-mutable-action-tag,WARNING,CWE-1357: Reliance on Insufficiently Trustworthy Component; CWE-353: Missing Support for Integrity Check,"GitHub Actions step uses a mutable tag or branch reference. Tags and branch names can be silently repointed by the action owner, enabling supply-chain attacks — as seen in the trivy-action and kics-github-action compromises. Pin the reference to a full 40-character commit SHA instead, e.g. `uses: actions/checkout@8ade135a41bc03ea155e62e844d188df1ea18608`."
apache/dubbo,.github/workflows/build-and-test-pr.yml,yaml.github-actions.security.github-actions-mutable-action-tag.github-actions-mutable-action-tag,WARNING,CWE-1357: Reliance on Insufficiently Trustworthy Component; CWE-353: Missing Support for Integrity Check,"GitHub Actions step uses a mutable tag or branch reference. Tags and branch names can be silently repointed by the action owner, enabling supply-chain attacks — as seen in the trivy-action and kics-github-action compromises. Pin the reference to a full 40-character commit SHA instead, e.g. `uses: actions/checkout@8ade135a41bc03ea155e62e844d188df1ea18608`."
apache/dubbo,.github/workflows/build-and-test-pr.yml,yaml.github-actions.security.github-actions-mutable-action-tag.github-actions-mutable-action-tag,WARNING,CWE-1357: Reliance on Insufficiently Trustworthy Component; CWE-353: Missing Support for Integrity Check,"GitHub Actions step uses a mutable tag or branch reference. Tags and branch names can be silently repointed by the action owner, enabling supply-chain attacks — as seen in the trivy-action and kics-github-action compromises. Pin the reference to a full 40-character commit SHA instead, e.g. `uses: actions/checkout@8ade135a41bc03ea155e62e844d188df1ea18608`."
apache/dubbo,.github/workflows/build-and-test-pr.yml,yaml.github-actions.security.github-actions-mutable-action-tag.github-actions-mutable-action-tag,WARNING,CWE-1357: Reliance on Insufficiently Trustworthy Component; CWE-353: Missing Support for Integrity Check,"GitHub Actions step uses a mutable tag or branch reference. Tags and branch names can be silently repointed by the action owner, enabling supply-chain attacks — as seen in the trivy-action and kics-github-action compromises. Pin the reference to a full 40-character commit SHA instead, e.g. `uses: actions/checkout@8ade135a41bc03ea155e62e844d188df1ea18608`."
apache/dubbo,.github/workflows/build-and-test-pr.yml,yaml.github-actions.security.github-actions-mutable-action-tag.github-actions-mutable-action-tag,WARNING,CWE-1357: Reliance on Insufficiently Trustworthy Component; CWE-353: Missing Support for Integrity Check,"GitHub Actions step uses a mutable tag or branch reference. Tags and branch names can be silently repointed by the action owner, enabling supply-chain attacks — as seen in the trivy-action and kics-github-action compromises. Pin the reference to a full 40-character commit SHA instead, e.g. `uses: actions/checkout@8ade135a41bc03ea155e62e844d188df1ea18608`."
apache/dubbo,.github/workflows/build-and-test-pr.yml,yaml.github-actions.security.github-actions-mutable-action-tag.github-actions-mutable-action-tag,WARNING,CWE-1357: Reliance on Insufficiently Trustworthy Component; CWE-353: Missing Support for Integrity Check,"GitHub Actions step uses a mutable tag or branch reference. Tags and branch names can be silently repointed by the action owner, enabling supply-chain attacks — as seen in the trivy-action and kics-github-action compromises. Pin the reference to a full 40-character commit SHA instead, e.g. `uses: actions/checkout@8ade135a41bc03ea155e62e844d188df1ea18608`."
apache/dubbo,.github/workflows/build-and-test-pr.yml,yaml.github-actions.security.github-actions-mutable-action-tag.github-actions-mutable-action-tag,WARNING,CWE-1357: Reliance on Insufficiently Trustworthy Component; CWE-353: Missing Support for Integrity Check,"GitHub Actions step uses a mutable tag or branch reference. Tags and branch names can be silently repointed by the action owner, enabling supply-chain attacks — as seen in the trivy-action and kics-github-action compromises. Pin the reference to a full 40-character commit SHA instead, e.g. `uses: actions/checkout@8ade135a41bc03ea155e62e844d188df1ea18608`."
apache/dubbo,.github/workflows/build-and-test-pr.yml,yaml.github-actions.security.github-actions-mutable-action-tag.github-actions-mutable-action-tag,WARNING,CWE-1357: Reliance on Insufficiently Trustworthy Component; CWE-353: Missing Support for Integrity Check,"GitHub Actions step uses a mutable tag or branch reference. Tags and branch names can be silently repointed by the action owner, enabling supply-chain attacks — as seen in the trivy-action and kics-github-action compromises. Pin the reference to a full 40-character commit SHA instead, e.g. `uses: actions/checkout@8ade135a41bc03ea155e62e844d188df1ea18608`."
apache/dubbo,.github/workflows/build-and-test-pr.yml,yaml.github-actions.security.github-actions-mutable-action-tag.github-actions-mutable-action-tag,WARNING,CWE-1357: Reliance on Insufficiently Trustworthy Component; CWE-353: Missing Support for Integrity Check,"GitHub Actions step uses a mutable tag or branch reference. Tags and branch names can be silently repointed by the action owner, enabling supply-chain attacks — as seen in the trivy-action and kics-github-action compromises. Pin the reference to a full 40-character commit SHA instead, e.g. `uses: actions/checkout@8ade135a41bc03ea155e62e844d188df1ea18608`."
apache/dubbo,.github/workflows/build-and-test-pr.yml,yaml.github-actions.security.github-actions-mutable-action-tag.github-actions-mutable-action-tag,WARNING,CWE-1357: Reliance on Insufficiently Trustworthy Component; CWE-353: Missing Support for Integrity Check,"GitHub Actions step uses a mutable tag or branch reference. Tags and branch names can be silently repointed by the action owner, enabling supply-chain attacks — as seen in the trivy-action and kics-github-action compromises. Pin the reference to a full 40-character commit SHA instead, e.g. `uses: actions/checkout@8ade135a41bc03ea155e62e844d188df1ea18608`."
apache/dubbo,.github/workflows/build-and-test-pr.yml,yaml.github-actions.security.github-actions-mutable-action-tag.github-actions-mutable-action-tag,WARNING,CWE-1357: Reliance on Insufficiently Trustworthy Component; CWE-353: Missing Support for Integrity Check,"GitHub Actions step uses a mutable tag or branch reference. Tags and branch names can be silently repointed by the action owner, enabling supply-chain attacks — as seen in the trivy-action and kics-github-action compromises. Pin the reference to a full 40-character commit SHA instead, e.g. `uses: actions/checkout@8ade135a41bc03ea155e62e844d188df1ea18608`."
apache/dubbo,.github/workflows/build-and-test-pr.yml,yaml.github-actions.security.github-actions-mutable-action-tag.github-actions-mutable-action-tag,WARNING,CWE-1357: Reliance on Insufficiently Trustworthy Component; CWE-353: Missing Support for Integrity Check,"GitHub Actions step uses a mutable tag or branch reference. Tags and branch names can be silently repointed by the action owner, enabling supply-chain attacks — as seen in the trivy-action and kics-github-action compromises. Pin the reference to a full 40-character commit SHA instead, e.g. `uses: actions/checkout@8ade135a41bc03ea155e62e844d188df1ea18608`."
apache/dubbo,.github/workflows/build-and-test-pr.yml,yaml.github-actions.security.github-actions-mutable-action-tag.github-actions-mutable-action-tag,WARNING,CWE-1357: Reliance on Insufficiently Trustworthy Component; CWE-353: Missing Support for Integrity Check,"GitHub Actions step uses a mutable tag or branch reference. Tags and branch names can be silently repointed by the action owner, enabling supply-chain attacks — as seen in the trivy-action and kics-github-action compromises. Pin the reference to a full 40-character commit SHA instead, e.g. `uses: actions/checkout@8ade135a41bc03ea155e62e844d188df1ea18608`."
apache/dubbo,.github/workflows/build-and-test-pr.yml,yaml.github-actions.security.github-actions-mutable-action-tag.github-actions-mutable-action-tag,WARNING,CWE-1357: Reliance on Insufficiently Trustworthy Component; CWE-353: Missing Support for Integrity Check,"GitHub Actions step uses a mutable tag or branch reference. Tags and branch names can be silently repointed by the action owner, enabling supply-chain attacks — as seen in the trivy-action and kics-github-action compromises. Pin the reference to a full 40-character commit SHA instead, e.g. `uses: actions/checkout@8ade135a41bc03ea155e62e844d188df1ea18608`."
apache/dubbo,.github/workflows/build-and-test-pr.yml,yaml.github-actions.security.github-actions-mutable-action-tag.github-actions-mutable-action-tag,WARNING,CWE-1357: Reliance on Insufficiently Trustworthy Component; CWE-353: Missing Support for Integrity Check,"GitHub Actions step uses a mutable tag or branch reference. Tags and branch names can be silently repointed by the action owner, enabling supply-chain attacks — as seen in the trivy-action and kics-github-action compromises. Pin the reference to a full 40-character commit SHA instead, e.g. `uses: actions/checkout@8ade135a41bc03ea155e62e844d188df1ea18608`."
apache/dubbo,.github/workflows/build-and-test-pr.yml,yaml.github-actions.security.github-actions-mutable-action-tag.github-actions-mutable-action-tag,WARNING,CWE-1357: Reliance on Insufficiently Trustworthy Component; CWE-353: Missing Support for Integrity Check,"GitHub Actions step uses a mutable tag or branch reference. Tags and branch names can be silently repointed by the action owner, enabling supply-chain attacks — as seen in the trivy-action and kics-github-action compromises. Pin the reference to a full 40-character commit SHA instead, e.g. `uses: actions/checkout@8ade135a41bc03ea155e62e844d188df1ea18608`."
apache/dubbo,.github/workflows/build-and-test-pr.yml,yaml.github-actions.security.github-actions-mutable-action-tag.github-actions-mutable-action-tag,WARNING,CWE-1357: Reliance on Insufficiently Trustworthy Component; CWE-353: Missing Support for Integrity Check,"GitHub Actions step uses a mutable tag or branch reference. Tags and branch names can be silently repointed by the action owner, enabling supply-chain attacks — as seen in the trivy-action and kics-github-action compromises. Pin the reference to a full 40-character commit SHA instead, e.g. `uses: actions/checkout@8ade135a41bc03ea155e62e844d188df1ea18608`."
apache/dubbo,.github/workflows/build-and-test-pr.yml,yaml.github-actions.security.github-actions-mutable-action-tag.github-actions-mutable-action-tag,WARNING,CWE-1357: Reliance on Insufficiently Trustworthy Component; CWE-353: Missing Support for Integrity Check,"GitHub Actions step uses a mutable tag or branch reference. Tags and branch names can be silently repointed by the action owner, enabling supply-chain attacks — as seen in the trivy-action and kics-github-action compromises. Pin the reference to a full 40-character commit SHA instead, e.g. `uses: actions/checkout@8ade135a41bc03ea155e62e844d188df1ea18608`."
apache/dubbo,.github/workflows/build-and-test-pr.yml,yaml.github-actions.security.github-actions-mutable-action-tag.github-actions-mutable-action-tag,WARNING,CWE-1357: Reliance on Insufficiently Trustworthy Component; CWE-353: Missing Support for Integrity Check,"GitHub Actions step uses a mutable tag or branch reference. Tags and branch names can be silently repointed by the action owner, enabling supply-chain attacks — as seen in the trivy-action and kics-github-action compromises. Pin the reference to a full 40-character commit SHA instead, e.g. `uses: actions/checkout@8ade135a41bc03ea155e62e844d188df1ea18608`."
apache/dubbo,.github/workflows/build-and-test-pr.yml,yaml.github-actions.security.github-actions-mutable-action-tag.github-actions-mutable-action-tag,WARNING,CWE-1357: Reliance on Insufficiently Trustworthy Component; CWE-353: Missing Support for Integrity Check,"GitHub Actions step uses a mutable tag or branch reference. Tags and branch names can be silently repointed by the action owner, enabling supply-chain attacks — as seen in the trivy-action and kics-github-action compromises. Pin the reference to a full 40-character commit SHA instead, e.g. `uses: actions/checkout@8ade135a41bc03ea155e62e844d188df1ea18608`."
apache/dubbo,.github/workflows/build-and-test-pr.yml,yaml.github-actions.security.github-actions-mutable-action-tag.github-actions-mutable-action-tag,WARNING,CWE-1357: Reliance on Insufficiently Trustworthy Component; CWE-353: Missing Support for Integrity Check,"GitHub Actions step uses a mutable tag or branch reference. Tags and branch names can be silently repointed by the action owner, enabling supply-chain attacks — as seen in the trivy-action and kics-github-action compromises. Pin the reference to a full 40-character commit SHA instead, e.g. `uses: actions/checkout@8ade135a41bc03ea155e62e844d188df1ea18608`."
apache/dubbo,.github/workflows/build-and-test-pr.yml,yaml.github-actions.security.github-actions-mutable-action-tag.github-actions-mutable-action-tag,WARNING,CWE-1357: Reliance on Insufficiently Trustworthy Component; CWE-353: Missing Support for Integrity Check,"GitHub Actions step uses a mutable tag or branch reference. Tags and branch names can be silently repointed by the action owner, enabling supply-chain attacks — as seen in the trivy-action and kics-github-action compromises. Pin the reference to a full 40-character commit SHA instead, e.g. `uses: actions/checkout@8ade135a41bc03ea155e62e844d188df1ea18608`."
apache/dubbo,.github/workflows/build-and-test-pr.yml,yaml.github-actions.security.github-actions-mutable-action-tag.github-actions-mutable-action-tag,WARNING,CWE-1357: Reliance on Insufficiently Trustworthy Component; CWE-353: Missing Support for Integrity Check,"GitHub Actions step uses a mutable tag or branch reference. Tags and branch names can be silently repointed by the action owner, enabling supply-chain attacks — as seen in the trivy-action and kics-github-action compromises. Pin the reference to a full 40-character commit SHA instead, e.g. `uses: actions/checkout@8ade135a41bc03ea155e62e844d188df1ea18608`."
apache/dubbo,.github/workflows/build-and-test-pr.yml,yaml.github-actions.security.github-actions-mutable-action-tag.github-actions-mutable-action-tag,WARNING,CWE-1357: Reliance on Insufficiently Trustworthy Component; CWE-353: Missing Support for Integrity Check,"GitHub Actions step uses a mutable tag or branch reference. Tags and branch names can be silently repointed by the action owner, enabling supply-chain attacks — as seen in the trivy-action and kics-github-action compromises. Pin the reference to a full 40-character commit SHA instead, e.g. `uses: actions/checkout@8ade135a41bc03ea155e62e844d188df1ea18608`."
apache/dubbo,.github/workflows/build-and-test-pr.yml,yaml.github-actions.security.github-actions-mutable-action-tag.github-actions-mutable-action-tag,WARNING,CWE-1357: Reliance on Insufficiently Trustworthy Component; CWE-353: Missing Support for Integrity Check,"GitHub Actions step uses a mutable tag or branch reference. Tags and branch names can be silently repointed by the action owner, enabling supply-chain attacks — as seen in the trivy-action and kics-github-action compromises. Pin the reference to a full 40-character commit SHA instead, e.g. `uses: actions/checkout@8ade135a41bc03ea155e62e844d188df1ea18608`."
apache/dubbo,.github/workflows/build-and-test-pr.yml,yaml.github-actions.security.github-actions-mutable-action-tag.github-actions-mutable-action-tag,WARNING,CWE-1357: Reliance on Insufficiently Trustworthy Component; CWE-353: Missing Support for Integrity Check,"GitHub Actions step uses a mutable tag or branch reference. Tags and branch names can be silently repointed by the action owner, enabling supply-chain attacks — as seen in the trivy-action and kics-github-action compromises. Pin the reference to a full 40-character commit SHA instead, e.g. `uses: actions/checkout@8ade135a41bc03ea155e62e844d188df1ea18608`."
apache/dubbo,.github/workflows/build-and-test-pr.yml,yaml.github-actions.security.github-actions-mutable-action-tag.github-actions-mutable-action-tag,WARNING,CWE-1357: Reliance on Insufficiently Trustworthy Component; CWE-353: Missing Support for Integrity Check,"GitHub Actions step uses a mutable tag or branch reference. Tags and branch names can be silently repointed by the action owner, enabling supply-chain attacks — as seen in the trivy-action and kics-github-action compromises. Pin the reference to a full 40-character commit SHA instead, e.g. `uses: actions/checkout@8ade135a41bc03ea155e62e844d188df1ea18608`."
apache/dubbo,.github/workflows/build-and-test-pr.yml,yaml.github-actions.security.github-actions-mutable-action-tag.github-actions-mutable-action-tag,WARNING,CWE-1357: Reliance on Insufficiently Trustworthy Component; CWE-353: Missing Support for Integrity Check,"GitHub Actions step uses a mutable tag or branch reference. Tags and branch names can be silently repointed by the action owner, enabling supply-chain attacks — as seen in the trivy-action and kics-github-action compromises. Pin the reference to a full 40-character commit SHA instead, e.g. `uses: actions/checkout@8ade135a41bc03ea155e62e844d188df1ea18608`."
apache/dubbo,.github/workflows/build-and-test-scheduled-3.1.yml,yaml.github-actions.security.github-actions-mutable-action-tag.github-actions-mutable-action-tag,WARNING,CWE-1357: Reliance on Insufficiently Trustworthy Component; CWE-353: Missing Support for Integrity Check,"GitHub Actions step uses a mutable tag or branch reference. Tags and branch names can be silently repointed by the action owner, enabling supply-chain attacks — as seen in the trivy-action and kics-github-action compromises. Pin the reference to a full 40-character commit SHA instead, e.g. `uses: actions/checkout@8ade135a41bc03ea155e62e844d188df1ea18608`."
apache/dubbo,.github/workflows/build-and-test-scheduled-3.1.yml,yaml.github-actions.security.github-actions-mutable-action-tag.github-actions-mutable-action-tag,WARNING,CWE-1357: Reliance on Insufficiently Trustworthy Component; CWE-353: Missing Support for Integrity Check,"GitHub Actions step uses a mutable tag or branch reference. Tags and branch names can be silently repointed by the action owner, enabling supply-chain attacks — as seen in the trivy-action and kics-github-action compromises. Pin the reference to a full 40-character commit SHA instead, e.g. `uses: actions/checkout@8ade135a41bc03ea155e62e844d188df1ea18608`."
apache/dubbo,.github/workflows/build-and-test-scheduled-3.1.yml,yaml.github-actions.security.github-actions-mutable-action-tag.github-actions-mutable-action-tag,WARNING,CWE-1357: Reliance on Insufficiently Trustworthy Component; CWE-353: Missing Support for Integrity Check,"GitHub Actions step uses a mutable tag or branch reference. Tags and branch names can be silently repointed by the action owner, enabling supply-chain attacks — as seen in the trivy-action and kics-github-action compromises. Pin the reference to a full 40-character commit SHA instead, e.g. `uses: actions/checkout@8ade135a41bc03ea155e62e844d188df1ea18608`."
apache/dubbo,.github/workflows/build-and-test-scheduled-3.1.yml,yaml.github-actions.security.github-actions-mutable-action-tag.github-actions-mutable-action-tag,WARNING,CWE-1357: Reliance on Insufficiently Trustworthy Component; CWE-353: Missing Support for Integrity Check,"GitHub Actions step uses a mutable tag or branch reference. Tags and branch names can be silently repointed by the action owner, enabling supply-chain attacks — as seen in the trivy-action and kics-github-action compromises. Pin the reference to a full 40-character commit SHA instead, e.g. `uses: actions/checkout@8ade135a41bc03ea155e62e844d188df1ea18608`."
apache/dubbo,.github/workflows/build-and-test-scheduled-3.1.yml,yaml.github-actions.security.github-actions-mutable-action-tag.github-actions-mutable-action-tag,WARNING,CWE-1357: Reliance on Insufficiently Trustworthy Component; CWE-353: Missing Support for Integrity Check,"GitHub Actions step uses a mutable tag or branch reference. Tags and branch names can be silently repointed by the action owner, enabling supply-chain attacks — as seen in the trivy-action and kics-github-action compromises. Pin the reference to a full 40-character commit SHA instead, e.g. `uses: actions/checkout@8ade135a41bc03ea155e62e844d188df1ea18608`."
apache/dubbo,.github/workflows/build-and-test-scheduled-3.1.yml,yaml.github-actions.security.github-actions-mutable-action-tag.github-actions-mutable-action-tag,WARNING,CWE-1357: Reliance on Insufficiently Trustworthy Component; CWE-353: Missing Support for Integrity Check,"GitHub Actions step uses a mutable tag or branch reference. Tags and branch names can be silently repointed by the action owner, enabling supply-chain attacks — as seen in the trivy-action and kics-github-action compromises. Pin the reference to a full 40-character commit SHA instead, e.g. `uses: actions/checkout@8ade135a41bc03ea155e62e844d188df1ea18608`."
apache/dubbo,.github/workflows/build-and-test-scheduled-3.1.yml,yaml.github-actions.security.github-actions-mutable-action-tag.github-actions-mutable-action-tag,WARNING,CWE-1357: Reliance on Insufficiently Trustworthy Component; CWE-353: Missing Support for Integrity Check,"GitHub Actions step uses a mutable tag or branch reference. Tags and branch names can be silently repointed by the action owner, enabling supply-chain attacks — as seen in the trivy-action and kics-github-action compromises. Pin the reference to a full 40-character commit SHA instead, e.g. `uses: actions/checkout@8ade135a41bc03ea155e62e844d188df1ea18608`."
apache/dubbo,.github/workflows/build-and-test-scheduled-3.1.yml,yaml.github-actions.security.github-actions-mutable-action-tag.github-actions-mutable-action-tag,WARNING,CWE-1357: Reliance on Insufficiently Trustworthy Component; CWE-353: Missing Support for Integrity Check,"GitHub Actions step uses a mutable tag or branch reference. Tags and branch names can be silently repointed by the action owner, enabling supply-chain attacks — as seen in the trivy-action and kics-github-action compromises. Pin the reference to a full 40-character commit SHA instead, e.g. `uses: actions/checkout@8ade135a41bc03ea155e62e844d188df1ea18608`."
apache/dubbo,.github/workflows/build-and-test-scheduled-3.1.yml,yaml.github-actions.security.github-actions-mutable-action-tag.github-actions-mutable-action-tag,WARNING,CWE-1357: Reliance on Insufficiently Trustworthy Component; CWE-353: Missing Support for Integrity Check,"GitHub Actions step uses a mutable tag or branch reference. Tags and branch names can be silently repointed by the action owner, enabling supply-chain attacks — as seen in the trivy-action and kics-github-action compromises. Pin the reference to a full 40-character commit SHA instead, e.g. `uses: actions/checkout@8ade135a41bc03ea155e62e844d188df1ea18608`."
apache/dubbo,.github/workflows/build-and-test-scheduled-3.1.yml,yaml.github-actions.security.github-actions-mutable-action-tag.github-actions-mutable-action-tag,WARNING,CWE-1357: Reliance on Insufficiently Trustworthy Component; CWE-353: Missing Support for Integrity Check,"GitHub Actions step uses a mutable tag or branch reference. Tags and branch names can be silently repointed by the action owner, enabling supply-chain attacks — as seen in the trivy-action and kics-github-action compromises. Pin the reference to a full 40-character commit SHA instead, e.g. `uses: actions/checkout@8ade135a41bc03ea155e62e844d188df1ea18608`."
apache/dubbo,.github/workflows/build-and-test-scheduled-3.1.yml,yaml.github-actions.security.github-actions-mutable-action-tag.github-actions-mutable-action-tag,WARNING,CWE-1357: Reliance on Insufficiently Trustworthy Component; CWE-353: Missing Support for Integrity Check,"GitHub Actions step uses a mutable tag or branch reference. Tags and branch names can be silently repointed by the action owner, enabling supply-chain attacks — as seen in the trivy-action and kics-github-action compromises. Pin the reference to a full 40-character commit SHA instead, e.g. `uses: actions/checkout@8ade135a41bc03ea155e62e844d188df1ea18608`."
apache/dubbo,.github/workflows/build-and-test-scheduled-3.1.yml,yaml.github-actions.security.github-actions-mutable-action-tag.github-actions-mutable-action-tag,WARNING,CWE-1357: Reliance on Insufficiently Trustworthy Component; CWE-353: Missing Support for Integrity Check,"GitHub Actions step uses a mutable tag or branch reference. Tags and branch names can be silently repointed by the action owner, enabling supply-chain attacks — as seen in the trivy-action and kics-github-action compromises. Pin the reference to a full 40-character commit SHA instead, e.g. `uses: actions/checkout@8ade135a41bc03ea155e62e844d188df1ea18608`."
apache/dubbo,.github/workflows/build-and-test-scheduled-3.1.yml,yaml.github-actions.security.github-actions-mutable-action-tag.github-actions-mutable-action-tag,WARNING,CWE-1357: Reliance on Insufficiently Trustworthy Component; CWE-353: Missing Support for Integrity Check,"GitHub Actions step uses a mutable tag or branch reference. Tags and branch names can be silently repointed by the action owner, enabling supply-chain attacks — as seen in the trivy-action and kics-github-action compromises. Pin the reference to a full 40-character commit SHA instead, e.g. `uses: actions/checkout@8ade135a41bc03ea155e62e844d188df1ea18608`."
apache/dubbo,.github/workflows/build-and-test-scheduled-3.1.yml,yaml.github-actions.security.github-actions-mutable-action-tag.github-actions-mutable-action-tag,WARNING,CWE-1357: Reliance on Insufficiently Trustworthy Component; CWE-353: Missing Support for Integrity Check,"GitHub Actions step uses a mutable tag or branch reference. Tags and branch names can be silently repointed by the action owner, enabling supply-chain attacks — as seen in the trivy-action and kics-github-action compromises. Pin the reference to a full 40-character commit SHA instead, e.g. `uses: actions/checkout@8ade135a41bc03ea155e62e844d188df1ea18608`."
apache/dubbo,.github/workflows/build-and-test-scheduled-3.1.yml,yaml.github-actions.security.github-actions-mutable-action-tag.github-actions-mutable-action-tag,WARNING,CWE-1357: Reliance on Insufficiently Trustworthy Component; CWE-353: Missing Support for Integrity Check,"GitHub Actions step uses a mutable tag or branch reference. Tags and branch names can be silently repointed by the action owner, enabling supply-chain attacks — as seen in the trivy-action and kics-github-action compromises. Pin the reference to a full 40-character commit SHA instead, e.g. `uses: actions/checkout@8ade135a41bc03ea155e62e844d188df1ea18608`."
apache/dubbo,.github/workflows/build-and-test-scheduled-3.1.yml,yaml.github-actions.security.github-actions-mutable-action-tag.github-actions-mutable-action-tag,WARNING,CWE-1357: Reliance on Insufficiently Trustworthy Component; CWE-353: Missing Support for Integrity Check,"GitHub Actions step uses a mutable tag or branch reference. Tags and branch names can be silently repointed by the action owner, enabling supply-chain attacks — as seen in the trivy-action and kics-github-action compromises. Pin the reference to a full 40-character commit SHA instead, e.g. `uses: actions/checkout@8ade135a41bc03ea155e62e844d188df1ea18608`."
apache/dubbo,.github/workflows/build-and-test-scheduled-3.1.yml,yaml.github-actions.security.github-actions-mutable-action-tag.github-actions-mutable-action-tag,WARNING,CWE-1357: Reliance on Insufficiently Trustworthy Component; CWE-353: Missing Support for Integrity Check,"GitHub Actions step uses a mutable tag or branch reference. Tags and branch names can be silently repointed by the action owner, enabling supply-chain attacks — as seen in the trivy-action and kics-github-action compromises. Pin the reference to a full 40-character commit SHA instead, e.g. `uses: actions/checkout@8ade135a41bc03ea155e62e844d188df1ea18608`."
apache/dubbo,.github/workflows/build-and-test-scheduled-3.1.yml,yaml.github-actions.security.github-actions-mutable-action-tag.github-actions-mutable-action-tag,WARNING,CWE-1357: Reliance on Insufficiently Trustworthy Component; CWE-353: Missing Support for Integrity Check,"GitHub Actions step uses a mutable tag or branch reference. Tags and branch names can be silently repointed by the action owner, enabling supply-chain attacks — as seen in the trivy-action and kics-github-action compromises. Pin the reference to a full 40-character commit SHA instead, e.g. `uses: actions/checkout@8ade135a41bc03ea155e62e844d188df1ea18608`."
apache/dubbo,.github/workflows/build-and-test-scheduled-3.1.yml,yaml.github-actions.security.github-actions-mutable-action-tag.github-actions-mutable-action-tag,WARNING,CWE-1357: Reliance on Insufficiently Trustworthy Component; CWE-353: Missing Support for Integrity Check,"GitHub Actions step uses a mutable tag or branch reference. Tags and branch names can be silently repointed by the action owner, enabling supply-chain attacks — as seen in the trivy-action and kics-github-action compromises. Pin the reference to a full 40-character commit SHA instead, e.g. `uses: actions/checkout@8ade135a41bc03ea155e62e844d188df1ea18608`."
apache/dubbo,.github/workflows/build-and-test-scheduled-3.1.yml,yaml.github-actions.security.github-actions-mutable-action-tag.github-actions-mutable-action-tag,WARNING,CWE-1357: Reliance on Insufficiently Trustworthy Component; CWE-353: Missing Support for Integrity Check,"GitHub Actions step uses a mutable tag or branch reference. Tags and branch names can be silently repointed by the action owner, enabling supply-chain attacks — as seen in the trivy-action and kics-github-action compromises. Pin the reference to a full 40-character commit SHA instead, e.g. `uses: actions/checkout@8ade135a41bc03ea155e62e844d188df1ea18608`."
apache/dubbo,.github/workflows/build-and-test-scheduled-3.1.yml,yaml.github-actions.security.github-actions-mutable-action-tag.github-actions-mutable-action-tag,WARNING,CWE-1357: Reliance on Insufficiently Trustworthy Component; CWE-353: Missing Support for Integrity Check,"GitHub Actions step uses a mutable tag or branch reference. Tags and branch names can be silently repointed by the action owner, enabling supply-chain attacks — as seen in the trivy-action and kics-github-action compromises. Pin the reference to a full 40-character commit SHA instead, e.g. `uses: actions/checkout@8ade135a41bc03ea155e62e844d188df1ea18608`."
apache/dubbo,.github/workflows/build-and-test-scheduled-3.1.yml,yaml.github-actions.security.github-actions-mutable-action-tag.github-actions-mutable-action-tag,WARNING,CWE-1357: Reliance on Insufficiently Trustworthy Component; CWE-353: Missing Support for Integrity Check,"GitHub Actions step uses a mutable tag or branch reference. Tags and branch names can be silently repointed by the action owner, enabling supply-chain attacks — as seen in the trivy-action and kics-github-action compromises. Pin the reference to a full 40-character commit SHA instead, e.g. `uses: actions/checkout@8ade135a41bc03ea155e62e844d188df1ea18608`."
apache/dubbo,.github/workflows/build-and-test-scheduled-3.1.yml,yaml.github-actions.security.github-actions-mutable-action-tag.github-actions-mutable-action-tag,WARNING,CWE-1357: Reliance on Insufficiently Trustworthy Component; CWE-353: Missing Support for Integrity Check,"GitHub Actions step uses a mutable tag or branch reference. Tags and branch names can be silently repointed by the action owner, enabling supply-chain attacks — as seen in the trivy-action and kics-github-action compromises. Pin the reference to a full 40-character commit SHA instead, e.g. `uses: actions/checkout@8ade135a41bc03ea155e62e844d188df1ea18608`."
apache/dubbo,.github/workflows/build-and-test-scheduled-3.1.yml,yaml.github-actions.security.github-actions-mutable-action-tag.github-actions-mutable-action-tag,WARNING,CWE-1357: Reliance on Insufficiently Trustworthy Component; CWE-353: Missing Support for Integrity Check,"GitHub Actions step uses a mutable tag or branch reference. Tags and branch names can be silently repointed by the action owner, enabling supply-chain attacks — as seen in the trivy-action and kics-github-action compromises. Pin the reference to a full 40-character commit SHA instead, e.g. `uses: actions/checkout@8ade135a41bc03ea155e62e844d188df1ea18608`."
apache/dubbo,.github/workflows/build-and-test-scheduled-3.1.yml,yaml.github-actions.security.github-actions-mutable-action-tag.github-actions-mutable-action-tag,WARNING,CWE-1357: Reliance on Insufficiently Trustworthy Component; CWE-353: Missing Support for Integrity Check,"GitHub Actions step uses a mutable tag or branch reference. Tags and branch names can be silently repointed by the action owner, enabling supply-chain attacks — as seen in the trivy-action and kics-github-action compromises. Pin the reference to a full 40-character commit SHA instead, e.g. `uses: actions/checkout@8ade135a41bc03ea155e62e844d188df1ea18608`."
apache/dubbo,.github/workflows/build-and-test-scheduled-3.1.yml,yaml.github-actions.security.github-actions-mutable-action-tag.github-actions-mutable-action-tag,WARNING,CWE-1357: Reliance on Insufficiently Trustworthy Component; CWE-353: Missing Support for Integrity Check,"GitHub Actions step uses a mutable tag or branch reference. Tags and branch names can be silently repointed by the action owner, enabling supply-chain attacks — as seen in the trivy-action and kics-github-action compromises. Pin the reference to a full 40-character commit SHA instead, e.g. `uses: actions/checkout@8ade135a41bc03ea155e62e844d188df1ea18608`."
apache/dubbo,.github/workflows/build-and-test-scheduled-3.1.yml,yaml.github-actions.security.github-actions-mutable-action-tag.github-actions-mutable-action-tag,WARNING,CWE-1357: Reliance on Insufficiently Trustworthy Component; CWE-353: Missing Support for Integrity Check,"GitHub Actions step uses a mutable tag or branch reference. Tags and branch names can be silently repointed by the action owner, enabling supply-chain attacks — as seen in the trivy-action and kics-github-action compromises. Pin the reference to a full 40-character commit SHA instead, e.g. `uses: actions/checkout@8ade135a41bc03ea155e62e844d188df1ea18608`."
apache/dubbo,.github/workflows/build-and-test-scheduled-3.1.yml,yaml.github-actions.security.github-actions-mutable-action-tag.github-actions-mutable-action-tag,WARNING,CWE-1357: Reliance on Insufficiently Trustworthy Component; CWE-353: Missing Support for Integrity Check,"GitHub Actions step uses a mutable tag or branch reference. Tags and branch names can be silently repointed by the action owner, enabling supply-chain attacks — as seen in the trivy-action and kics-github-action compromises. Pin the reference to a full 40-character commit SHA instead, e.g. `uses: actions/checkout@8ade135a41bc03ea155e62e844d188df1ea18608`."
apache/dubbo,.github/workflows/build-and-test-scheduled-3.1.yml,yaml.github-actions.security.github-actions-mutable-action-tag.github-actions-mutable-action-tag,WARNING,CWE-1357: Reliance on Insufficiently Trustworthy Component; CWE-353: Missing Support for Integrity Check,"GitHub Actions step uses a mutable tag or branch reference. Tags and branch names can be silently repointed by the action owner, enabling supply-chain attacks — as seen in the trivy-action and kics-github-action compromises. Pin the reference to a full 40-character commit SHA instead, e.g. `uses: actions/checkout@8ade135a41bc03ea155e62e844d188df1ea18608`."
apache/dubbo,.github/workflows/build-and-test-scheduled-3.1.yml,yaml.github-actions.security.github-actions-mutable-action-tag.github-actions-mutable-action-tag,WARNING,CWE-1357: Reliance on Insufficiently Trustworthy Component; CWE-353: Missing Support for Integrity Check,"GitHub Actions step uses a mutable tag or branch reference. Tags and branch names can be silently repointed by the action owner, enabling supply-chain attacks — as seen in the trivy-action and kics-github-action compromises. Pin the reference to a full 40-character commit SHA instead, e.g. `uses: actions/checkout@8ade135a41bc03ea155e62e844d188df1ea18608`."
apache/dubbo,.github/workflows/build-and-test-scheduled-3.1.yml,yaml.github-actions.security.github-actions-mutable-action-tag.github-actions-mutable-action-tag,WARNING,CWE-1357: Reliance on Insufficiently Trustworthy Component; CWE-353: Missing Support for Integrity Check,"GitHub Actions step uses a mutable tag or branch reference. Tags and branch names can be silently repointed by the action owner, enabling supply-chain attacks — as seen in the trivy-action and kics-github-action compromises. Pin the reference to a full 40-character commit SHA instead, e.g. `uses: actions/checkout@8ade135a41bc03ea155e62e844d188df1ea18608`."
apache/dubbo,.github/workflows/build-and-test-scheduled-3.1.yml,yaml.github-actions.security.github-actions-mutable-action-tag.github-actions-mutable-action-tag,WARNING,CWE-1357: Reliance on Insufficiently Trustworthy Component; CWE-353: Missing Support for Integrity Check,"GitHub Actions step uses a mutable tag or branch reference. Tags and branch names can be silently repointed by the action owner, enabling supply-chain attacks — as seen in the trivy-action and kics-github-action compromises. Pin the reference to a full 40-character commit SHA instead, e.g. `uses: actions/checkout@8ade135a41bc03ea155e62e844d188df1ea18608`."
apache/dubbo,.github/workflows/build-and-test-scheduled-3.1.yml,yaml.github-actions.security.github-actions-mutable-action-tag.github-actions-mutable-action-tag,WARNING,CWE-1357: Reliance on Insufficiently Trustworthy Component; CWE-353: Missing Support for Integrity Check,"GitHub Actions step uses a mutable tag or branch reference. Tags and branch names can be silently repointed by the action owner, enabling supply-chain attacks — as seen in the trivy-action and kics-github-action compromises. Pin the reference to a full 40-character commit SHA instead, e.g. `uses: actions/checkout@8ade135a41bc03ea155e62e844d188df1ea18608`."
apache/dubbo,.github/workflows/build-and-test-scheduled-3.1.yml,yaml.github-actions.security.github-actions-mutable-action-tag.github-actions-mutable-action-tag,WARNING,CWE-1357: Reliance on Insufficiently Trustworthy Component; CWE-353: Missing Support for Integrity Check,"GitHub Actions step uses a mutable tag or branch reference. Tags and branch names can be silently repointed by the action owner, enabling supply-chain attacks — as seen in the trivy-action and kics-github-action compromises. Pin the reference to a full 40-character commit SHA instead, e.g. `uses: actions/checkout@8ade135a41bc03ea155e62e844d188df1ea18608`."
apache/dubbo,.github/workflows/build-and-test-scheduled-3.1.yml,yaml.github-actions.security.github-actions-mutable-action-tag.github-actions-mutable-action-tag,WARNING,CWE-1357: Reliance on Insufficiently Trustworthy Component; CWE-353: Missing Support for Integrity Check,"GitHub Actions step uses a mutable tag or branch reference. Tags and branch names can be silently repointed by the action owner, enabling supply-chain attacks — as seen in the trivy-action and kics-github-action compromises. Pin the reference to a full 40-character commit SHA instead, e.g. `uses: actions/checkout@8ade135a41bc03ea155e62e844d188df1ea18608`."
apache/dubbo,.github/workflows/build-and-test-scheduled-3.1.yml,yaml.github-actions.security.github-actions-mutable-action-tag.github-actions-mutable-action-tag,WARNING,CWE-1357: Reliance on Insufficiently Trustworthy Component; CWE-353: Missing Support for Integrity Check,"GitHub Actions step uses a mutable tag or branch reference. Tags and branch names can be silently repointed by the action owner, enabling supply-chain attacks — as seen in the trivy-action and kics-github-action compromises. Pin the reference to a full 40-character commit SHA instead, e.g. `uses: actions/checkout@8ade135a41bc03ea155e62e844d188df1ea18608`."
apache/dubbo,.github/workflows/build-and-test-scheduled-3.1.yml,yaml.github-actions.security.github-actions-mutable-action-tag.github-actions-mutable-action-tag,WARNING,CWE-1357: Reliance on Insufficiently Trustworthy Component; CWE-353: Missing Support for Integrity Check,"GitHub Actions step uses a mutable tag or branch reference. Tags and branch names can be silently repointed by the action owner, enabling supply-chain attacks — as seen in the trivy-action and kics-github-action compromises. Pin the reference to a full 40-character commit SHA instead, e.g. `uses: actions/checkout@8ade135a41bc03ea155e62e844d188df1ea18608`."
apache/dubbo,.github/workflows/build-and-test-scheduled-3.1.yml,yaml.github-actions.security.github-actions-mutable-action-tag.github-actions-mutable-action-tag,WARNING,CWE-1357: Reliance on Insufficiently Trustworthy Component; CWE-353: Missing Support for Integrity Check,"GitHub Actions step uses a mutable tag or branch reference. Tags and branch names can be silently repointed by the action owner, enabling supply-chain attacks — as seen in the trivy-action and kics-github-action compromises. Pin the reference to a full 40-character commit SHA instead, e.g. `uses: actions/checkout@8ade135a41bc03ea155e62e844d188df1ea18608`."
apache/dubbo,.github/workflows/build-and-test-scheduled-3.1.yml,yaml.github-actions.security.github-actions-mutable-action-tag.github-actions-mutable-action-tag,WARNING,CWE-1357: Reliance on Insufficiently Trustworthy Component; CWE-353: Missing Support for Integrity Check,"GitHub Actions step uses a mutable tag or branch reference. Tags and branch names can be silently repointed by the action owner, enabling supply-chain attacks — as seen in the trivy-action and kics-github-action compromises. Pin the reference to a full 40-character commit SHA instead, e.g. `uses: actions/checkout@8ade135a41bc03ea155e62e844d188df1ea18608`."
apache/dubbo,.github/workflows/build-and-test-scheduled-3.1.yml,yaml.github-actions.security.github-actions-mutable-action-tag.github-actions-mutable-action-tag,WARNING,CWE-1357: Reliance on Insufficiently Trustworthy Component; CWE-353: Missing Support for Integrity Check,"GitHub Actions step uses a mutable tag or branch reference. Tags and branch names can be silently repointed by the action owner, enabling supply-chain attacks — as seen in the trivy-action and kics-github-action compromises. Pin the reference to a full 40-character commit SHA instead, e.g. `uses: actions/checkout@8ade135a41bc03ea155e62e844d188df1ea18608`."
apache/dubbo,.github/workflows/build-and-test-scheduled-3.1.yml,yaml.github-actions.security.github-actions-mutable-action-tag.github-actions-mutable-action-tag,WARNING,CWE-1357: Reliance on Insufficiently Trustworthy Component; CWE-353: Missing Support for Integrity Check,"GitHub Actions step uses a mutable tag or branch reference. Tags and branch names can be silently repointed by the action owner, enabling supply-chain attacks — as seen in the trivy-action and kics-github-action compromises. Pin the reference to a full 40-character commit SHA instead, e.g. `uses: actions/checkout@8ade135a41bc03ea155e62e844d188df1ea18608`."
apache/dubbo,.github/workflows/build-and-test-scheduled-3.1.yml,yaml.github-actions.security.github-actions-mutable-action-tag.github-actions-mutable-action-tag,WARNING,CWE-1357: Reliance on Insufficiently Trustworthy Component; CWE-353: Missing Support for Integrity Check,"GitHub Actions step uses a mutable tag or branch reference. Tags and branch names can be silently repointed by the action owner, enabling supply-chain attacks — as seen in the trivy-action and kics-github-action compromises. Pin the reference to a full 40-character commit SHA instead, e.g. `uses: actions/checkout@8ade135a41bc03ea155e62e844d188df1ea18608`."
apache/dubbo,.github/workflows/build-and-test-scheduled-3.1.yml,yaml.github-actions.security.github-actions-mutable-action-tag.github-actions-mutable-action-tag,WARNING,CWE-1357: Reliance on Insufficiently Trustworthy Component; CWE-353: Missing Support for Integrity Check,"GitHub Actions step uses a mutable tag or branch reference. Tags and branch names can be silently repointed by the action owner, enabling supply-chain attacks — as seen in the trivy-action and kics-github-action compromises. Pin the reference to a full 40-character commit SHA instead, e.g. `uses: actions/checkout@8ade135a41bc03ea155e62e844d188df1ea18608`."
apache/dubbo,.github/workflows/build-and-test-scheduled-3.1.yml,yaml.github-actions.security.github-actions-mutable-action-tag.github-actions-mutable-action-tag,WARNING,CWE-1357: Reliance on Insufficiently Trustworthy Component; CWE-353: Missing Support for Integrity Check,"GitHub Actions step uses a mutable tag or branch reference. Tags and branch names can be silently repointed by the action owner, enabling supply-chain attacks — as seen in the trivy-action and kics-github-action compromises. Pin the reference to a full 40-character commit SHA instead, e.g. `uses: actions/checkout@8ade135a41bc03ea155e62e844d188df1ea18608`."
apache/dubbo,.github/workflows/build-and-test-scheduled-3.1.yml,yaml.github-actions.security.github-actions-mutable-action-tag.github-actions-mutable-action-tag,WARNING,CWE-1357: Reliance on Insufficiently Trustworthy Component; CWE-353: Missing Support for Integrity Check,"GitHub Actions step uses a mutable tag or branch reference. Tags and branch names can be silently repointed by the action owner, enabling supply-chain attacks — as seen in the trivy-action and kics-github-action compromises. Pin the reference to a full 40-character commit SHA instead, e.g. `uses: actions/checkout@8ade135a41bc03ea155e62e844d188df1ea18608`."
apache/dubbo,.github/workflows/build-and-test-scheduled-3.2.yml,yaml.github-actions.security.github-actions-mutable-action-tag.github-actions-mutable-action-tag,WARNING,CWE-1357: Reliance on Insufficiently Trustworthy Component; CWE-353: Missing Support for Integrity Check,"GitHub Actions step uses a mutable tag or branch reference. Tags and branch names can be silently repointed by the action owner, enabling supply-chain attacks — as seen in the trivy-action and kics-github-action compromises. Pin the reference to a full 40-character commit SHA instead, e.g. `uses: actions/checkout@8ade135a41bc03ea155e62e844d188df1ea18608`."
apache/dubbo,.github/workflows/build-and-test-scheduled-3.2.yml,yaml.github-actions.security.github-actions-mutable-action-tag.github-actions-mutable-action-tag,WARNING,CWE-1357: Reliance on Insufficiently Trustworthy Component; CWE-353: Missing Support for Integrity Check,"GitHub Actions step uses a mutable tag or branch reference. Tags and branch names can be silently repointed by the action owner, enabling supply-chain attacks — as seen in the trivy-action and kics-github-action compromises. Pin the reference to a full 40-character commit SHA instead, e.g. `uses: actions/checkout@8ade135a41bc03ea155e62e844d188df1ea18608`."
apache/dubbo,.github/workflows/build-and-test-scheduled-3.2.yml,yaml.github-actions.security.github-actions-mutable-action-tag.github-actions-mutable-action-tag,WARNING,CWE-1357: Reliance on Insufficiently Trustworthy Component; CWE-353: Missing Support for Integrity Check,"GitHub Actions step uses a mutable tag or branch reference. Tags and branch names can be silently repointed by the action owner, enabling supply-chain attacks — as seen in the trivy-action and kics-github-action compromises. Pin the reference to a full 40-character commit SHA instead, e.g. `uses: actions/checkout@8ade135a41bc03ea155e62e844d188df1ea18608`."
apache/dubbo,.github/workflows/build-and-test-scheduled-3.2.yml,yaml.github-actions.security.github-actions-mutable-action-tag.github-actions-mutable-action-tag,WARNING,CWE-1357: Reliance on Insufficiently Trustworthy Component; CWE-353: Missing Support for Integrity Check,"GitHub Actions step uses a mutable tag or branch reference. Tags and branch names can be silently repointed by the action owner, enabling supply-chain attacks — as seen in the trivy-action and kics-github-action compromises. Pin the reference to a full 40-character commit SHA instead, e.g. `uses: actions/checkout@8ade135a41bc03ea155e62e844d188df1ea18608`."
apache/dubbo,.github/workflows/build-and-test-scheduled-3.2.yml,yaml.github-actions.security.github-actions-mutable-action-tag.github-actions-mutable-action-tag,WARNING,CWE-1357: Reliance on Insufficiently Trustworthy Component; CWE-353: Missing Support for Integrity Check,"GitHub Actions step uses a mutable tag or branch reference. Tags and branch names can be silently repointed by the action owner, enabling supply-chain attacks — as seen in the trivy-action and kics-github-action compromises. Pin the reference to a full 40-character commit SHA instead, e.g. `uses: actions/checkout@8ade135a41bc03ea155e62e844d188df1ea18608`."
apache/dubbo,.github/workflows/build-and-test-scheduled-3.2.yml,yaml.github-actions.security.github-actions-mutable-action-tag.github-actions-mutable-action-tag,WARNING,CWE-1357: Reliance on Insufficiently Trustworthy Component; CWE-353: Missing Support for Integrity Check,"GitHub Actions step uses a mutable tag or branch reference. Tags and branch names can be silently repointed by the action owner, enabling supply-chain attacks — as seen in the trivy-action and kics-github-action compromises. Pin the reference to a full 40-character commit SHA instead, e.g. `uses: actions/checkout@8ade135a41bc03ea155e62e844d188df1ea18608`."
apache/dubbo,.github/workflows/build-and-test-scheduled-3.2.yml,yaml.github-actions.security.github-actions-mutable-action-tag.github-actions-mutable-action-tag,WARNING,CWE-1357: Reliance on Insufficiently Trustworthy Component; CWE-353: Missing Support for Integrity Check,"GitHub Actions step uses a mutable tag or branch reference. Tags and branch names can be silently repointed by the action owner, enabling supply-chain attacks — as seen in the trivy-action and kics-github-action compromises. Pin the reference to a full 40-character commit SHA instead, e.g. `uses: actions/checkout@8ade135a41bc03ea155e62e844d188df1ea18608`."
apache/dubbo,.github/workflows/build-and-test-scheduled-3.2.yml,yaml.github-actions.security.github-actions-mutable-action-tag.github-actions-mutable-action-tag,WARNING,CWE-1357: Reliance on Insufficiently Trustworthy Component; CWE-353: Missing Support for Integrity Check,"GitHub Actions step uses a mutable tag or branch reference. Tags and branch names can be silently repointed by the action owner, enabling supply-chain attacks — as seen in the trivy-action and kics-github-action compromises. Pin the reference to a full 40-character commit SHA instead, e.g. `uses: actions/checkout@8ade135a41bc03ea155e62e844d188df1ea18608`."
apache/dubbo,.github/workflows/build-and-test-scheduled-3.2.yml,yaml.github-actions.security.github-actions-mutable-action-tag.github-actions-mutable-action-tag,WARNING,CWE-1357: Reliance on Insufficiently Trustworthy Component; CWE-353: Missing Support for Integrity Check,"GitHub Actions step uses a mutable tag or branch reference. Tags and branch names can be silently repointed by the action owner, enabling supply-chain attacks — as seen in the trivy-action and kics-github-action compromises. Pin the reference to a full 40-character commit SHA instead, e.g. `uses: actions/checkout@8ade135a41bc03ea155e62e844d188df1ea18608`."
apache/dubbo,.github/workflows/build-and-test-scheduled-3.2.yml,yaml.github-actions.security.github-actions-mutable-action-tag.github-actions-mutable-action-tag,WARNING,CWE-1357: Reliance on Insufficiently Trustworthy Component; CWE-353: Missing Support for Integrity Check,"GitHub Actions step uses a mutable tag or branch reference. Tags and branch names can be silently repointed by the action owner, enabling supply-chain attacks — as seen in the trivy-action and kics-github-action compromises. Pin the reference to a full 40-character commit SHA instead, e.g. `uses: actions/checkout@8ade135a41bc03ea155e62e844d188df1ea18608`."
apache/dubbo,.github/workflows/build-and-test-scheduled-3.2.yml,yaml.github-actions.security.github-actions-mutable-action-tag.github-actions-mutable-action-tag,WARNING,CWE-1357: Reliance on Insufficiently Trustworthy Component; CWE-353: Missing Support for Integrity Check,"GitHub Actions step uses a mutable tag or branch reference. Tags and branch names can be silently repointed by the action owner, enabling supply-chain attacks — as seen in the trivy-action and kics-github-action compromises. Pin the reference to a full 40-character commit SHA instead, e.g. `uses: actions/checkout@8ade135a41bc03ea155e62e844d188df1ea18608`."
apache/dubbo,.github/workflows/build-and-test-scheduled-3.2.yml,yaml.github-actions.security.github-actions-mutable-action-tag.github-actions-mutable-action-tag,WARNING,CWE-1357: Reliance on Insufficiently Trustworthy Component; CWE-353: Missing Support for Integrity Check,"GitHub Actions step uses a mutable tag or branch reference. Tags and branch names can be silently repointed by the action owner, enabling supply-chain attacks — as seen in the trivy-action and kics-github-action compromises. Pin the reference to a full 40-character commit SHA instead, e.g. `uses: actions/checkout@8ade135a41bc03ea155e62e844d188df1ea18608`."
apache/dubbo,.github/workflows/build-and-test-scheduled-3.2.yml,yaml.github-actions.security.github-actions-mutable-action-tag.github-actions-mutable-action-tag,WARNING,CWE-1357: Reliance on Insufficiently Trustworthy Component; CWE-353: Missing Support for Integrity Check,"GitHub Actions step uses a mutable tag or branch reference. Tags and branch names can be silently repointed by the action owner, enabling supply-chain attacks — as seen in the trivy-action and kics-github-action compromises. Pin the reference to a full 40-character commit SHA instead, e.g. `uses: actions/checkout@8ade135a41bc03ea155e62e844d188df1ea18608`."
apache/dubbo,.github/workflows/build-and-test-scheduled-3.2.yml,yaml.github-actions.security.github-actions-mutable-action-tag.github-actions-mutable-action-tag,WARNING,CWE-1357: Reliance on Insufficiently Trustworthy Component; CWE-353: Missing Support for Integrity Check,"GitHub Actions step uses a mutable tag or branch reference. Tags and branch names can be silently repointed by the action owner, enabling supply-chain attacks — as seen in the trivy-action and kics-github-action compromises. Pin the reference to a full 40-character commit SHA instead, e.g. `uses: actions/checkout@8ade135a41bc03ea155e62e844d188df1ea18608`."
apache/dubbo,.github/workflows/build-and-test-scheduled-3.2.yml,yaml.github-actions.security.github-actions-mutable-action-tag.github-actions-mutable-action-tag,WARNING,CWE-1357: Reliance on Insufficiently Trustworthy Component; CWE-353: Missing Support for Integrity Check,"GitHub Actions step uses a mutable tag or branch reference. Tags and branch names can be silently repointed by the action owner, enabling supply-chain attacks — as seen in the trivy-action and kics-github-action compromises. Pin the reference to a full 40-character commit SHA instead, e.g. `uses: actions/checkout@8ade135a41bc03ea155e62e844d188df1ea18608`."
apache/dubbo,.github/workflows/build-and-test-scheduled-3.2.yml,yaml.github-actions.security.github-actions-mutable-action-tag.github-actions-mutable-action-tag,WARNING,CWE-1357: Reliance on Insufficiently Trustworthy Component; CWE-353: Missing Support for Integrity Check,"GitHub Actions step uses a mutable tag or branch reference. Tags and branch names can be silently repointed by the action owner, enabling supply-chain attacks — as seen in the trivy-action and kics-github-action compromises. Pin the reference to a full 40-character commit SHA instead, e.g. `uses: actions/checkout@8ade135a41bc03ea155e62e844d188df1ea18608`."
apache/dubbo,.github/workflows/build-and-test-scheduled-3.2.yml,yaml.github-actions.security.github-actions-mutable-action-tag.github-actions-mutable-action-tag,WARNING,CWE-1357: Reliance on Insufficiently Trustworthy Component; CWE-353: Missing Support for Integrity Check,"GitHub Actions step uses a mutable tag or branch reference. Tags and branch names can be silently repointed by the action owner, enabling supply-chain attacks — as seen in the trivy-action and kics-github-action compromises. Pin the reference to a full 40-character commit SHA instead, e.g. `uses: actions/checkout@8ade135a41bc03ea155e62e844d188df1ea18608`."
apache/dubbo,.github/workflows/build-and-test-scheduled-3.2.yml,yaml.github-actions.security.github-actions-mutable-action-tag.github-actions-mutable-action-tag,WARNING,CWE-1357: Reliance on Insufficiently Trustworthy Component; CWE-353: Missing Support for Integrity Check,"GitHub Actions step uses a mutable tag or branch reference. Tags and branch names can be silently repointed by the action owner, enabling supply-chain attacks — as seen in the trivy-action and kics-github-action compromises. Pin the reference to a full 40-character commit SHA instead, e.g. `uses: actions/checkout@8ade135a41bc03ea155e62e844d188df1ea18608`."
apache/dubbo,.github/workflows/build-and-test-scheduled-3.2.yml,yaml.github-actions.security.github-actions-mutable-action-tag.github-actions-mutable-action-tag,WARNING,CWE-1357: Reliance on Insufficiently Trustworthy Component; CWE-353: Missing Support for Integrity Check,"GitHub Actions step uses a mutable tag or branch reference. Tags and branch names can be silently repointed by the action owner, enabling supply-chain attacks — as seen in the trivy-action and kics-github-action compromises. Pin the reference to a full 40-character commit SHA instead, e.g. `uses: actions/checkout@8ade135a41bc03ea155e62e844d188df1ea18608`."
apache/dubbo,.github/workflows/build-and-test-scheduled-3.2.yml,yaml.github-actions.security.github-actions-mutable-action-tag.github-actions-mutable-action-tag,WARNING,CWE-1357: Reliance on Insufficiently Trustworthy Component; CWE-353: Missing Support for Integrity Check,"GitHub Actions step uses a mutable tag or branch reference. Tags and branch names can be silently repointed by the action owner, enabling supply-chain attacks — as seen in the trivy-action and kics-github-action compromises. Pin the reference to a full 40-character commit SHA instead, e.g. `uses: actions/checkout@8ade135a41bc03ea155e62e844d188df1ea18608`."
apache/dubbo,.github/workflows/build-and-test-scheduled-3.2.yml,yaml.github-actions.security.github-actions-mutable-action-tag.github-actions-mutable-action-tag,WARNING,CWE-1357: Reliance on Insufficiently Trustworthy Component; CWE-353: Missing Support for Integrity Check,"GitHub Actions step uses a mutable tag or branch reference. Tags and branch names can be silently repointed by the action owner, enabling supply-chain attacks — as seen in the trivy-action and kics-github-action compromises. Pin the reference to a full 40-character commit SHA instead, e.g. `uses: actions/checkout@8ade135a41bc03ea155e62e844d188df1ea18608`."
apache/dubbo,.github/workflows/build-and-test-scheduled-3.2.yml,yaml.github-actions.security.github-actions-mutable-action-tag.github-actions-mutable-action-tag,WARNING,CWE-1357: Reliance on Insufficiently Trustworthy Component; CWE-353: Missing Support for Integrity Check,"GitHub Actions step uses a mutable tag or branch reference. Tags and branch names can be silently repointed by the action owner, enabling supply-chain attacks — as seen in the trivy-action and kics-github-action compromises. Pin the reference to a full 40-character commit SHA instead, e.g. `uses: actions/checkout@8ade135a41bc03ea155e62e844d188df1ea18608`."
apache/dubbo,.github/workflows/build-and-test-scheduled-3.2.yml,yaml.github-actions.security.github-actions-mutable-action-tag.github-actions-mutable-action-tag,WARNING,CWE-1357: Reliance on Insufficiently Trustworthy Component; CWE-353: Missing Support for Integrity Check,"GitHub Actions step uses a mutable tag or branch reference. Tags and branch names can be silently repointed by the action owner, enabling supply-chain attacks — as seen in the trivy-action and kics-github-action compromises. Pin the reference to a full 40-character commit SHA instead, e.g. `uses: actions/checkout@8ade135a41bc03ea155e62e844d188df1ea18608`."
apache/dubbo,.github/workflows/build-and-test-scheduled-3.2.yml,yaml.github-actions.security.github-actions-mutable-action-tag.github-actions-mutable-action-tag,WARNING,CWE-1357: Reliance on Insufficiently Trustworthy Component; CWE-353: Missing Support for Integrity Check,"GitHub Actions step uses a mutable tag or branch reference. Tags and branch names can be silently repointed by the action owner, enabling supply-chain attacks — as seen in the trivy-action and kics-github-action compromises. Pin the reference to a full 40-character commit SHA instead, e.g. `uses: actions/checkout@8ade135a41bc03ea155e62e844d188df1ea18608`."
apache/dubbo,.github/workflows/build-and-test-scheduled-3.2.yml,yaml.github-actions.security.github-actions-mutable-action-tag.github-actions-mutable-action-tag,WARNING,CWE-1357: Reliance on Insufficiently Trustworthy Component; CWE-353: Missing Support for Integrity Check,"GitHub Actions step uses a mutable tag or branch reference. Tags and branch names can be silently repointed by the action owner, enabling supply-chain attacks — as seen in the trivy-action and kics-github-action compromises. Pin the reference to a full 40-character commit SHA instead, e.g. `uses: actions/checkout@8ade135a41bc03ea155e62e844d188df1ea18608`."
apache/dubbo,.github/workflows/build-and-test-scheduled-3.2.yml,yaml.github-actions.security.github-actions-mutable-action-tag.github-actions-mutable-action-tag,WARNING,CWE-1357: Reliance on Insufficiently Trustworthy Component; CWE-353: Missing Support for Integrity Check,"GitHub Actions step uses a mutable tag or branch reference. Tags and branch names can be silently repointed by the action owner, enabling supply-chain attacks — as seen in the trivy-action and kics-github-action compromises. Pin the reference to a full 40-character commit SHA instead, e.g. `uses: actions/checkout@8ade135a41bc03ea155e62e844d188df1ea18608`."
apache/dubbo,.github/workflows/build-and-test-scheduled-3.2.yml,yaml.github-actions.security.github-actions-mutable-action-tag.github-actions-mutable-action-tag,WARNING,CWE-1357: Reliance on Insufficiently Trustworthy Component; CWE-353: Missing Support for Integrity Check,"GitHub Actions step uses a mutable tag or branch reference. Tags and branch names can be silently repointed by the action owner, enabling supply-chain attacks — as seen in the trivy-action and kics-github-action compromises. Pin the reference to a full 40-character commit SHA instead, e.g. `uses: actions/checkout@8ade135a41bc03ea155e62e844d188df1ea18608`."
apache/dubbo,.github/workflows/build-and-test-scheduled-3.2.yml,yaml.github-actions.security.github-actions-mutable-action-tag.github-actions-mutable-action-tag,WARNING,CWE-1357: Reliance on Insufficiently Trustworthy Component; CWE-353: Missing Support for Integrity Check,"GitHub Actions step uses a mutable tag or branch reference. Tags and branch names can be silently repointed by the action owner, enabling supply-chain attacks — as seen in the trivy-action and kics-github-action compromises. Pin the reference to a full 40-character commit SHA instead, e.g. `uses: actions/checkout@8ade135a41bc03ea155e62e844d188df1ea18608`."
apache/dubbo,.github/workflows/build-and-test-scheduled-3.2.yml,yaml.github-actions.security.github-actions-mutable-action-tag.github-actions-mutable-action-tag,WARNING,CWE-1357: Reliance on Insufficiently Trustworthy Component; CWE-353: Missing Support for Integrity Check,"GitHub Actions step uses a mutable tag or branch reference. Tags and branch names can be silently repointed by the action owner, enabling supply-chain attacks — as seen in the trivy-action and kics-github-action compromises. Pin the reference to a full 40-character commit SHA instead, e.g. `uses: actions/checkout@8ade135a41bc03ea155e62e844d188df1ea18608`."
apache/dubbo,.github/workflows/build-and-test-scheduled-3.2.yml,yaml.github-actions.security.github-actions-mutable-action-tag.github-actions-mutable-action-tag,WARNING,CWE-1357: Reliance on Insufficiently Trustworthy Component; CWE-353: Missing Support for Integrity Check,"GitHub Actions step uses a mutable tag or branch reference. Tags and branch names can be silently repointed by the action owner, enabling supply-chain attacks — as seen in the trivy-action and kics-github-action compromises. Pin the reference to a full 40-character commit SHA instead, e.g. `uses: actions/checkout@8ade135a41bc03ea155e62e844d188df1ea18608`."
apache/dubbo,.github/workflows/build-and-test-scheduled-3.2.yml,yaml.github-actions.security.github-actions-mutable-action-tag.github-actions-mutable-action-tag,WARNING,CWE-1357: Reliance on Insufficiently Trustworthy Component; CWE-353: Missing Support for Integrity Check,"GitHub Actions step uses a mutable tag or branch reference. Tags and branch names can be silently repointed by the action owner, enabling supply-chain attacks — as seen in the trivy-action and kics-github-action compromises. Pin the reference to a full 40-character commit SHA instead, e.g. `uses: actions/checkout@8ade135a41bc03ea155e62e844d188df1ea18608`."
apache/dubbo,.github/workflows/build-and-test-scheduled-3.2.yml,yaml.github-actions.security.github-actions-mutable-action-tag.github-actions-mutable-action-tag,WARNING,CWE-1357: Reliance on Insufficiently Trustworthy Component; CWE-353: Missing Support for Integrity Check,"GitHub Actions step uses a mutable tag or branch reference. Tags and branch names can be silently repointed by the action owner, enabling supply-chain attacks — as seen in the trivy-action and kics-github-action compromises. Pin the reference to a full 40-character commit SHA instead, e.g. `uses: actions/checkout@8ade135a41bc03ea155e62e844d188df1ea18608`."
apache/dubbo,.github/workflows/build-and-test-scheduled-3.2.yml,yaml.github-actions.security.github-actions-mutable-action-tag.github-actions-mutable-action-tag,WARNING,CWE-1357: Reliance on Insufficiently Trustworthy Component; CWE-353: Missing Support for Integrity Check,"GitHub Actions step uses a mutable tag or branch reference. Tags and branch names can be silently repointed by the action owner, enabling supply-chain attacks — as seen in the trivy-action and kics-github-action compromises. Pin the reference to a full 40-character commit SHA instead, e.g. `uses: actions/checkout@8ade135a41bc03ea155e62e844d188df1ea18608`."
apache/dubbo,.github/workflows/build-and-test-scheduled-3.2.yml,yaml.github-actions.security.github-actions-mutable-action-tag.github-actions-mutable-action-tag,WARNING,CWE-1357: Reliance on Insufficiently Trustworthy Component; CWE-353: Missing Support for Integrity Check,"GitHub Actions step uses a mutable tag or branch reference. Tags and branch names can be silently repointed by the action owner, enabling supply-chain attacks — as seen in the trivy-action and kics-github-action compromises. Pin the reference to a full 40-character commit SHA instead, e.g. `uses: actions/checkout@8ade135a41bc03ea155e62e844d188df1ea18608`."
apache/dubbo,.github/workflows/build-and-test-scheduled-3.2.yml,yaml.github-actions.security.github-actions-mutable-action-tag.github-actions-mutable-action-tag,WARNING,CWE-1357: Reliance on Insufficiently Trustworthy Component; CWE-353: Missing Support for Integrity Check,"GitHub Actions step uses a mutable tag or branch reference. Tags and branch names can be silently repointed by the action owner, enabling supply-chain attacks — as seen in the trivy-action and kics-github-action compromises. Pin the reference to a full 40-character commit SHA instead, e.g. `uses: actions/checkout@8ade135a41bc03ea155e62e844d188df1ea18608`."
apache/dubbo,.github/workflows/build-and-test-scheduled-3.2.yml,yaml.github-actions.security.github-actions-mutable-action-tag.github-actions-mutable-action-tag,WARNING,CWE-1357: Reliance on Insufficiently Trustworthy Component; CWE-353: Missing Support for Integrity Check,"GitHub Actions step uses a mutable tag or branch reference. Tags and branch names can be silently repointed by the action owner, enabling supply-chain attacks — as seen in the trivy-action and kics-github-action compromises. Pin the reference to a full 40-character commit SHA instead, e.g. `uses: actions/checkout@8ade135a41bc03ea155e62e844d188df1ea18608`."
apache/dubbo,.github/workflows/build-and-test-scheduled-3.2.yml,yaml.github-actions.security.github-actions-mutable-action-tag.github-actions-mutable-action-tag,WARNING,CWE-1357: Reliance on Insufficiently Trustworthy Component; CWE-353: Missing Support for Integrity Check,"GitHub Actions step uses a mutable tag or branch reference. Tags and branch names can be silently repointed by the action owner, enabling supply-chain attacks — as seen in the trivy-action and kics-github-action compromises. Pin the reference to a full 40-character commit SHA instead, e.g. `uses: actions/checkout@8ade135a41bc03ea155e62e844d188df1ea18608`."
apache/dubbo,.github/workflows/build-and-test-scheduled-3.2.yml,yaml.github-actions.security.github-actions-mutable-action-tag.github-actions-mutable-action-tag,WARNING,CWE-1357: Reliance on Insufficiently Trustworthy Component; CWE-353: Missing Support for Integrity Check,"GitHub Actions step uses a mutable tag or branch reference. Tags and branch names can be silently repointed by the action owner, enabling supply-chain attacks — as seen in the trivy-action and kics-github-action compromises. Pin the reference to a full 40-character commit SHA instead, e.g. `uses: actions/checkout@8ade135a41bc03ea155e62e844d188df1ea18608`."
apache/dubbo,.github/workflows/build-and-test-scheduled-3.2.yml,yaml.github-actions.security.github-actions-mutable-action-tag.github-actions-mutable-action-tag,WARNING,CWE-1357: Reliance on Insufficiently Trustworthy Component; CWE-353: Missing Support for Integrity Check,"GitHub Actions step uses a mutable tag or branch reference. Tags and branch names can be silently repointed by the action owner, enabling supply-chain attacks — as seen in the trivy-action and kics-github-action compromises. Pin the reference to a full 40-character commit SHA instead, e.g. `uses: actions/checkout@8ade135a41bc03ea155e62e844d188df1ea18608`."
apache/dubbo,.github/workflows/build-and-test-scheduled-3.2.yml,yaml.github-actions.security.github-actions-mutable-action-tag.github-actions-mutable-action-tag,WARNING,CWE-1357: Reliance on Insufficiently Trustworthy Component; CWE-353: Missing Support for Integrity Check,"GitHub Actions step uses a mutable tag or branch reference. Tags and branch names can be silently repointed by the action owner, enabling supply-chain attacks — as seen in the trivy-action and kics-github-action compromises. Pin the reference to a full 40-character commit SHA instead, e.g. `uses: actions/checkout@8ade135a41bc03ea155e62e844d188df1ea18608`."
apache/dubbo,.github/workflows/build-and-test-scheduled-3.2.yml,yaml.github-actions.security.github-actions-mutable-action-tag.github-actions-mutable-action-tag,WARNING,CWE-1357: Reliance on Insufficiently Trustworthy Component; CWE-353: Missing Support for Integrity Check,"GitHub Actions step uses a mutable tag or branch reference. Tags and branch names can be silently repointed by the action owner, enabling supply-chain attacks — as seen in the trivy-action and kics-github-action compromises. Pin the reference to a full 40-character commit SHA instead, e.g. `uses: actions/checkout@8ade135a41bc03ea155e62e844d188df1ea18608`."
apache/dubbo,.github/workflows/build-and-test-scheduled-3.2.yml,yaml.github-actions.security.github-actions-mutable-action-tag.github-actions-mutable-action-tag,WARNING,CWE-1357: Reliance on Insufficiently Trustworthy Component; CWE-353: Missing Support for Integrity Check,"GitHub Actions step uses a mutable tag or branch reference. Tags and branch names can be silently repointed by the action owner, enabling supply-chain attacks — as seen in the trivy-action and kics-github-action compromises. Pin the reference to a full 40-character commit SHA instead, e.g. `uses: actions/checkout@8ade135a41bc03ea155e62e844d188df1ea18608`."
apache/dubbo,.github/workflows/build-and-test-scheduled-3.2.yml,yaml.github-actions.security.github-actions-mutable-action-tag.github-actions-mutable-action-tag,WARNING,CWE-1357: Reliance on Insufficiently Trustworthy Component; CWE-353: Missing Support for Integrity Check,"GitHub Actions step uses a mutable tag or branch reference. Tags and branch names can be silently repointed by the action owner, enabling supply-chain attacks — as seen in the trivy-action and kics-github-action compromises. Pin the reference to a full 40-character commit SHA instead, e.g. `uses: actions/checkout@8ade135a41bc03ea155e62e844d188df1ea18608`."
apache/dubbo,.github/workflows/build-and-test-scheduled-3.2.yml,yaml.github-actions.security.github-actions-mutable-action-tag.github-actions-mutable-action-tag,WARNING,CWE-1357: Reliance on Insufficiently Trustworthy Component; CWE-353: Missing Support for Integrity Check,"GitHub Actions step uses a mutable tag or branch reference. Tags and branch names can be silently repointed by the action owner, enabling supply-chain attacks — as seen in the trivy-action and kics-github-action compromises. Pin the reference to a full 40-character commit SHA instead, e.g. `uses: actions/checkout@8ade135a41bc03ea155e62e844d188df1ea18608`."
apache/dubbo,.github/workflows/build-and-test-scheduled-3.2.yml,yaml.github-actions.security.github-actions-mutable-action-tag.github-actions-mutable-action-tag,WARNING,CWE-1357: Reliance on Insufficiently Trustworthy Component; CWE-353: Missing Support for Integrity Check,"GitHub Actions step uses a mutable tag or branch reference. Tags and branch names can be silently repointed by the action owner, enabling supply-chain attacks — as seen in the trivy-action and kics-github-action compromises. Pin the reference to a full 40-character commit SHA instead, e.g. `uses: actions/checkout@8ade135a41bc03ea155e62e844d188df1ea18608`."
apache/dubbo,.github/workflows/build-and-test-scheduled-3.3.yml,yaml.github-actions.security.github-actions-mutable-action-tag.github-actions-mutable-action-tag,WARNING,CWE-1357: Reliance on Insufficiently Trustworthy Component; CWE-353: Missing Support for Integrity Check,"GitHub Actions step uses a mutable tag or branch reference. Tags and branch names can be silently repointed by the action owner, enabling supply-chain attacks — as seen in the trivy-action and kics-github-action compromises. Pin the reference to a full 40-character commit SHA instead, e.g. `uses: actions/checkout@8ade135a41bc03ea155e62e844d188df1ea18608`."
apache/dubbo,.github/workflows/build-and-test-scheduled-3.3.yml,yaml.github-actions.security.github-actions-mutable-action-tag.github-actions-mutable-action-tag,WARNING,CWE-1357: Reliance on Insufficiently Trustworthy Component; CWE-353: Missing Support for Integrity Check,"GitHub Actions step uses a mutable tag or branch reference. Tags and branch names can be silently repointed by the action owner, enabling supply-chain attacks — as seen in the trivy-action and kics-github-action compromises. Pin the reference to a full 40-character commit SHA instead, e.g. `uses: actions/checkout@8ade135a41bc03ea155e62e844d188df1ea18608`."
apache/dubbo,.github/workflows/build-and-test-scheduled-3.3.yml,yaml.github-actions.security.github-actions-mutable-action-tag.github-actions-mutable-action-tag,WARNING,CWE-1357: Reliance on Insufficiently Trustworthy Component; CWE-353: Missing Support for Integrity Check,"GitHub Actions step uses a mutable tag or branch reference. Tags and branch names can be silently repointed by the action owner, enabling supply-chain attacks — as seen in the trivy-action and kics-github-action compromises. Pin the reference to a full 40-character commit SHA instead, e.g. `uses: actions/checkout@8ade135a41bc03ea155e62e844d188df1ea18608`."
apache/dubbo,.github/workflows/build-and-test-scheduled-3.3.yml,yaml.github-actions.security.github-actions-mutable-action-tag.github-actions-mutable-action-tag,WARNING,CWE-1357: Reliance on Insufficiently Trustworthy Component; CWE-353: Missing Support for Integrity Check,"GitHub Actions step uses a mutable tag or branch reference. Tags and branch names can be silently repointed by the action owner, enabling supply-chain attacks — as seen in the trivy-action and kics-github-action compromises. Pin the reference to a full 40-character commit SHA instead, e.g. `uses: actions/checkout@8ade135a41bc03ea155e62e844d188df1ea18608`."
apache/dubbo,.github/workflows/build-and-test-scheduled-3.3.yml,yaml.github-actions.security.github-actions-mutable-action-tag.github-actions-mutable-action-tag,WARNING,CWE-1357: Reliance on Insufficiently Trustworthy Component; CWE-353: Missing Support for Integrity Check,"GitHub Actions step uses a mutable tag or branch reference. Tags and branch names can be silently repointed by the action owner, enabling supply-chain attacks — as seen in the trivy-action and kics-github-action compromises. Pin the reference to a full 40-character commit SHA instead, e.g. `uses: actions/checkout@8ade135a41bc03ea155e62e844d188df1ea18608`."
apache/dubbo,.github/workflows/build-and-test-scheduled-3.3.yml,yaml.github-actions.security.github-actions-mutable-action-tag.github-actions-mutable-action-tag,WARNING,CWE-1357: Reliance on Insufficiently Trustworthy Component; CWE-353: Missing Support for Integrity Check,"GitHub Actions step uses a mutable tag or branch reference. Tags and branch names can be silently repointed by the action owner, enabling supply-chain attacks — as seen in the trivy-action and kics-github-action compromises. Pin the reference to a full 40-character commit SHA instead, e.g. `uses: actions/checkout@8ade135a41bc03ea155e62e844d188df1ea18608`."
apache/dubbo,.github/workflows/build-and-test-scheduled-3.3.yml,yaml.github-actions.security.github-actions-mutable-action-tag.github-actions-mutable-action-tag,WARNING,CWE-1357: Reliance on Insufficiently Trustworthy Component; CWE-353: Missing Support for Integrity Check,"GitHub Actions step uses a mutable tag or branch reference. Tags and branch names can be silently repointed by the action owner, enabling supply-chain attacks — as seen in the trivy-action and kics-github-action compromises. Pin the reference to a full 40-character commit SHA instead, e.g. `uses: actions/checkout@8ade135a41bc03ea155e62e844d188df1ea18608`."
apache/dubbo,.github/workflows/build-and-test-scheduled-3.3.yml,yaml.github-actions.security.github-actions-mutable-action-tag.github-actions-mutable-action-tag,WARNING,CWE-1357: Reliance on Insufficiently Trustworthy Component; CWE-353: Missing Support for Integrity Check,"GitHub Actions step uses a mutable tag or branch reference. Tags and branch names can be silently repointed by the action owner, enabling supply-chain attacks — as seen in the trivy-action and kics-github-action compromises. Pin the reference to a full 40-character commit SHA instead, e.g. `uses: actions/checkout@8ade135a41bc03ea155e62e844d188df1ea18608`."
apache/dubbo,.github/workflows/build-and-test-scheduled-3.3.yml,yaml.github-actions.security.github-actions-mutable-action-tag.github-actions-mutable-action-tag,WARNING,CWE-1357: Reliance on Insufficiently Trustworthy Component; CWE-353: Missing Support for Integrity Check,"GitHub Actions step uses a mutable tag or branch reference. Tags and branch names can be silently repointed by the action owner, enabling supply-chain attacks — as seen in the trivy-action and kics-github-action compromises. Pin the reference to a full 40-character commit SHA instead, e.g. `uses: actions/checkout@8ade135a41bc03ea155e62e844d188df1ea18608`."
apache/dubbo,.github/workflows/build-and-test-scheduled-3.3.yml,yaml.github-actions.security.github-actions-mutable-action-tag.github-actions-mutable-action-tag,WARNING,CWE-1357: Reliance on Insufficiently Trustworthy Component; CWE-353: Missing Support for Integrity Check,"GitHub Actions step uses a mutable tag or branch reference. Tags and branch names can be silently repointed by the action owner, enabling supply-chain attacks — as seen in the trivy-action and kics-github-action compromises. Pin the reference to a full 40-character commit SHA instead, e.g. `uses: actions/checkout@8ade135a41bc03ea155e62e844d188df1ea18608`."
apache/dubbo,.github/workflows/build-and-test-scheduled-3.3.yml,yaml.github-actions.security.github-actions-mutable-action-tag.github-actions-mutable-action-tag,WARNING,CWE-1357: Reliance on Insufficiently Trustworthy Component; CWE-353: Missing Support for Integrity Check,"GitHub Actions step uses a mutable tag or branch reference. Tags and branch names can be silently repointed by the action owner, enabling supply-chain attacks — as seen in the trivy-action and kics-github-action compromises. Pin the reference to a full 40-character commit SHA instead, e.g. `uses: actions/checkout@8ade135a41bc03ea155e62e844d188df1ea18608`."
apache/dubbo,.github/workflows/build-and-test-scheduled-3.3.yml,yaml.github-actions.security.github-actions-mutable-action-tag.github-actions-mutable-action-tag,WARNING,CWE-1357: Reliance on Insufficiently Trustworthy Component; CWE-353: Missing Support for Integrity Check,"GitHub Actions step uses a mutable tag or branch reference. Tags and branch names can be silently repointed by the action owner, enabling supply-chain attacks — as seen in the trivy-action and kics-github-action compromises. Pin the reference to a full 40-character commit SHA instead, e.g. `uses: actions/checkout@8ade135a41bc03ea155e62e844d188df1ea18608`."
apache/dubbo,.github/workflows/build-and-test-scheduled-3.3.yml,yaml.github-actions.security.github-actions-mutable-action-tag.github-actions-mutable-action-tag,WARNING,CWE-1357: Reliance on Insufficiently Trustworthy Component; CWE-353: Missing Support for Integrity Check,"GitHub Actions step uses a mutable tag or branch reference. Tags and branch names can be silently repointed by the action owner, enabling supply-chain attacks — as seen in the trivy-action and kics-github-action compromises. Pin the reference to a full 40-character commit SHA instead, e.g. `uses: actions/checkout@8ade135a41bc03ea155e62e844d188df1ea18608`."
apache/dubbo,.github/workflows/build-and-test-scheduled-3.3.yml,yaml.github-actions.security.github-actions-mutable-action-tag.github-actions-mutable-action-tag,WARNING,CWE-1357: Reliance on Insufficiently Trustworthy Component; CWE-353: Missing Support for Integrity Check,"GitHub Actions step uses a mutable tag or branch reference. Tags and branch names can be silently repointed by the action owner, enabling supply-chain attacks — as seen in the trivy-action and kics-github-action compromises. Pin the reference to a full 40-character commit SHA instead, e.g. `uses: actions/checkout@8ade135a41bc03ea155e62e844d188df1ea18608`."
apache/dubbo,.github/workflows/build-and-test-scheduled-3.3.yml,yaml.github-actions.security.github-actions-mutable-action-tag.github-actions-mutable-action-tag,WARNING,CWE-1357: Reliance on Insufficiently Trustworthy Component; CWE-353: Missing Support for Integrity Check,"GitHub Actions step uses a mutable tag or branch reference. Tags and branch names can be silently repointed by the action owner, enabling supply-chain attacks — as seen in the trivy-action and kics-github-action compromises. Pin the reference to a full 40-character commit SHA instead, e.g. `uses: actions/checkout@8ade135a41bc03ea155e62e844d188df1ea18608`."
apache/dubbo,.github/workflows/build-and-test-scheduled-3.3.yml,yaml.github-actions.security.github-actions-mutable-action-tag.github-actions-mutable-action-tag,WARNING,CWE-1357: Reliance on Insufficiently Trustworthy Component; CWE-353: Missing Support for Integrity Check,"GitHub Actions step uses a mutable tag or branch reference. Tags and branch names can be silently repointed by the action owner, enabling supply-chain attacks — as seen in the trivy-action and kics-github-action compromises. Pin the reference to a full 40-character commit SHA instead, e.g. `uses: actions/checkout@8ade135a41bc03ea155e62e844d188df1ea18608`."
apache/dubbo,.github/workflows/build-and-test-scheduled-3.3.yml,yaml.github-actions.security.github-actions-mutable-action-tag.github-actions-mutable-action-tag,WARNING,CWE-1357: Reliance on Insufficiently Trustworthy Component; CWE-353: Missing Support for Integrity Check,"GitHub Actions step uses a mutable tag or branch reference. Tags and branch names can be silently repointed by the action owner, enabling supply-chain attacks — as seen in the trivy-action and kics-github-action compromises. Pin the reference to a full 40-character commit SHA instead, e.g. `uses: actions/checkout@8ade135a41bc03ea155e62e844d188df1ea18608`."
apache/dubbo,.github/workflows/build-and-test-scheduled-3.3.yml,yaml.github-actions.security.github-actions-mutable-action-tag.github-actions-mutable-action-tag,WARNING,CWE-1357: Reliance on Insufficiently Trustworthy Component; CWE-353: Missing Support for Integrity Check,"GitHub Actions step uses a mutable tag or branch reference. Tags and branch names can be silently repointed by the action owner, enabling supply-chain attacks — as seen in the trivy-action and kics-github-action compromises. Pin the reference to a full 40-character commit SHA instead, e.g. `uses: actions/checkout@8ade135a41bc03ea155e62e844d188df1ea18608`."
apache/dubbo,.github/workflows/build-and-test-scheduled-3.3.yml,yaml.github-actions.security.github-actions-mutable-action-tag.github-actions-mutable-action-tag,WARNING,CWE-1357: Reliance on Insufficiently Trustworthy Component; CWE-353: Missing Support for Integrity Check,"GitHub Actions step uses a mutable tag or branch reference. Tags and branch names can be silently repointed by the action owner, enabling supply-chain attacks — as seen in the trivy-action and kics-github-action compromises. Pin the reference to a full 40-character commit SHA instead, e.g. `uses: actions/checkout@8ade135a41bc03ea155e62e844d188df1ea18608`."
apache/dubbo,.github/workflows/build-and-test-scheduled-3.3.yml,yaml.github-actions.security.github-actions-mutable-action-tag.github-actions-mutable-action-tag,WARNING,CWE-1357: Reliance on Insufficiently Trustworthy Component; CWE-353: Missing Support for Integrity Check,"GitHub Actions step uses a mutable tag or branch reference. Tags and branch names can be silently repointed by the action owner, enabling supply-chain attacks — as seen in the trivy-action and kics-github-action compromises. Pin the reference to a full 40-character commit SHA instead, e.g. `uses: actions/checkout@8ade135a41bc03ea155e62e844d188df1ea18608`."
apache/dubbo,.github/workflows/build-and-test-scheduled-3.3.yml,yaml.github-actions.security.github-actions-mutable-action-tag.github-actions-mutable-action-tag,WARNING,CWE-1357: Reliance on Insufficiently Trustworthy Component; CWE-353: Missing Support for Integrity Check,"GitHub Actions step uses a mutable tag or branch reference. Tags and branch names can be silently repointed by the action owner, enabling supply-chain attacks — as seen in the trivy-action and kics-github-action compromises. Pin the reference to a full 40-character commit SHA instead, e.g. `uses: actions/checkout@8ade135a41bc03ea155e62e844d188df1ea18608`."
apache/dubbo,.github/workflows/build-and-test-scheduled-3.3.yml,yaml.github-actions.security.github-actions-mutable-action-tag.github-actions-mutable-action-tag,WARNING,CWE-1357: Reliance on Insufficiently Trustworthy Component; CWE-353: Missing Support for Integrity Check,"GitHub Actions step uses a mutable tag or branch reference. Tags and branch names can be silently repointed by the action owner, enabling supply-chain attacks — as seen in the trivy-action and kics-github-action compromises. Pin the reference to a full 40-character commit SHA instead, e.g. `uses: actions/checkout@8ade135a41bc03ea155e62e844d188df1ea18608`."
apache/dubbo,.github/workflows/build-and-test-scheduled-3.3.yml,yaml.github-actions.security.github-actions-mutable-action-tag.github-actions-mutable-action-tag,WARNING,CWE-1357: Reliance on Insufficiently Trustworthy Component; CWE-353: Missing Support for Integrity Check,"GitHub Actions step uses a mutable tag or branch reference. Tags and branch names can be silently repointed by the action owner, enabling supply-chain attacks — as seen in the trivy-action and kics-github-action compromises. Pin the reference to a full 40-character commit SHA instead, e.g. `uses: actions/checkout@8ade135a41bc03ea155e62e844d188df1ea18608`."
apache/dubbo,.github/workflows/build-and-test-scheduled-3.3.yml,yaml.github-actions.security.github-actions-mutable-action-tag.github-actions-mutable-action-tag,WARNING,CWE-1357: Reliance on Insufficiently Trustworthy Component; CWE-353: Missing Support for Integrity Check,"GitHub Actions step uses a mutable tag or branch reference. Tags and branch names can be silently repointed by the action owner, enabling supply-chain attacks — as seen in the trivy-action and kics-github-action compromises. Pin the reference to a full 40-character commit SHA instead, e.g. `uses: actions/checkout@8ade135a41bc03ea155e62e844d188df1ea18608`."
apache/dubbo,.github/workflows/build-and-test-scheduled-3.3.yml,yaml.github-actions.security.github-actions-mutable-action-tag.github-actions-mutable-action-tag,WARNING,CWE-1357: Reliance on Insufficiently Trustworthy Component; CWE-353: Missing Support for Integrity Check,"GitHub Actions step uses a mutable tag or branch reference. Tags and branch names can be silently repointed by the action owner, enabling supply-chain attacks — as seen in the trivy-action and kics-github-action compromises. Pin the reference to a full 40-character commit SHA instead, e.g. `uses: actions/checkout@8ade135a41bc03ea155e62e844d188df1ea18608`."
apache/dubbo,.github/workflows/build-and-test-scheduled-3.3.yml,yaml.github-actions.security.github-actions-mutable-action-tag.github-actions-mutable-action-tag,WARNING,CWE-1357: Reliance on Insufficiently Trustworthy Component; CWE-353: Missing Support for Integrity Check,"GitHub Actions step uses a mutable tag or branch reference. Tags and branch names can be silently repointed by the action owner, enabling supply-chain attacks — as seen in the trivy-action and kics-github-action compromises. Pin the reference to a full 40-character commit SHA instead, e.g. `uses: actions/checkout@8ade135a41bc03ea155e62e844d188df1ea18608`."
apache/dubbo,.github/workflows/build-and-test-scheduled-3.3.yml,yaml.github-actions.security.github-actions-mutable-action-tag.github-actions-mutable-action-tag,WARNING,CWE-1357: Reliance on Insufficiently Trustworthy Component; CWE-353: Missing Support for Integrity Check,"GitHub Actions step uses a mutable tag or branch reference. Tags and branch names can be silently repointed by the action owner, enabling supply-chain attacks — as seen in the trivy-action and kics-github-action compromises. Pin the reference to a full 40-character commit SHA instead, e.g. `uses: actions/checkout@8ade135a41bc03ea155e62e844d188df1ea18608`."
apache/dubbo,.github/workflows/build-and-test-scheduled-3.3.yml,yaml.github-actions.security.github-actions-mutable-action-tag.github-actions-mutable-action-tag,WARNING,CWE-1357: Reliance on Insufficiently Trustworthy Component; CWE-353: Missing Support for Integrity Check,"GitHub Actions step uses a mutable tag or branch reference. Tags and branch names can be silently repointed by the action owner, enabling supply-chain attacks — as seen in the trivy-action and kics-github-action compromises. Pin the reference to a full 40-character commit SHA instead, e.g. `uses: actions/checkout@8ade135a41bc03ea155e62e844d188df1ea18608`."
apache/dubbo,.github/workflows/build-and-test-scheduled-3.3.yml,yaml.github-actions.security.github-actions-mutable-action-tag.github-actions-mutable-action-tag,WARNING,CWE-1357: Reliance on Insufficiently Trustworthy Component; CWE-353: Missing Support for Integrity Check,"GitHub Actions step uses a mutable tag or branch reference. Tags and branch names can be silently repointed by the action owner, enabling supply-chain attacks — as seen in the trivy-action and kics-github-action compromises. Pin the reference to a full 40-character commit SHA instead, e.g. `uses: actions/checkout@8ade135a41bc03ea155e62e844d188df1ea18608`."
apache/dubbo,.github/workflows/build-and-test-scheduled-3.3.yml,yaml.github-actions.security.github-actions-mutable-action-tag.github-actions-mutable-action-tag,WARNING,CWE-1357: Reliance on Insufficiently Trustworthy Component; CWE-353: Missing Support for Integrity Check,"GitHub Actions step uses a mutable tag or branch reference. Tags and branch names can be silently repointed by the action owner, enabling supply-chain attacks — as seen in the trivy-action and kics-github-action compromises. Pin the reference to a full 40-character commit SHA instead, e.g. `uses: actions/checkout@8ade135a41bc03ea155e62e844d188df1ea18608`."
apache/dubbo,.github/workflows/build-and-test-scheduled-3.3.yml,yaml.github-actions.security.github-actions-mutable-action-tag.github-actions-mutable-action-tag,WARNING,CWE-1357: Reliance on Insufficiently Trustworthy Component; CWE-353: Missing Support for Integrity Check,"GitHub Actions step uses a mutable tag or branch reference. Tags and branch names can be silently repointed by the action owner, enabling supply-chain attacks — as seen in the trivy-action and kics-github-action compromises. Pin the reference to a full 40-character commit SHA instead, e.g. `uses: actions/checkout@8ade135a41bc03ea155e62e844d188df1ea18608`."
apache/dubbo,.github/workflows/build-and-test-scheduled-3.3.yml,yaml.github-actions.security.github-actions-mutable-action-tag.github-actions-mutable-action-tag,WARNING,CWE-1357: Reliance on Insufficiently Trustworthy Component; CWE-353: Missing Support for Integrity Check,"GitHub Actions step uses a mutable tag or branch reference. Tags and branch names can be silently repointed by the action owner, enabling supply-chain attacks — as seen in the trivy-action and kics-github-action compromises. Pin the reference to a full 40-character commit SHA instead, e.g. `uses: actions/checkout@8ade135a41bc03ea155e62e844d188df1ea18608`."
apache/dubbo,.github/workflows/build-and-test-scheduled-3.3.yml,yaml.github-actions.security.github-actions-mutable-action-tag.github-actions-mutable-action-tag,WARNING,CWE-1357: Reliance on Insufficiently Trustworthy Component; CWE-353: Missing Support for Integrity Check,"GitHub Actions step uses a mutable tag or branch reference. Tags and branch names can be silently repointed by the action owner, enabling supply-chain attacks — as seen in the trivy-action and kics-github-action compromises. Pin the reference to a full 40-character commit SHA instead, e.g. `uses: actions/checkout@8ade135a41bc03ea155e62e844d188df1ea18608`."
apache/dubbo,.github/workflows/build-and-test-scheduled-3.3.yml,yaml.github-actions.security.github-actions-mutable-action-tag.github-actions-mutable-action-tag,WARNING,CWE-1357: Reliance on Insufficiently Trustworthy Component; CWE-353: Missing Support for Integrity Check,"GitHub Actions step uses a mutable tag or branch reference. Tags and branch names can be silently repointed by the action owner, enabling supply-chain attacks — as seen in the trivy-action and kics-github-action compromises. Pin the reference to a full 40-character commit SHA instead, e.g. `uses: actions/checkout@8ade135a41bc03ea155e62e844d188df1ea18608`."
apache/dubbo,.github/workflows/build-and-test-scheduled-3.3.yml,yaml.github-actions.security.github-actions-mutable-action-tag.github-actions-mutable-action-tag,WARNING,CWE-1357: Reliance on Insufficiently Trustworthy Component; CWE-353: Missing Support for Integrity Check,"GitHub Actions step uses a mutable tag or branch reference. Tags and branch names can be silently repointed by the action owner, enabling supply-chain attacks — as seen in the trivy-action and kics-github-action compromises. Pin the reference to a full 40-character commit SHA instead, e.g. `uses: actions/checkout@8ade135a41bc03ea155e62e844d188df1ea18608`."
apache/dubbo,.github/workflows/build-and-test-scheduled-3.3.yml,yaml.github-actions.security.github-actions-mutable-action-tag.github-actions-mutable-action-tag,WARNING,CWE-1357: Reliance on Insufficiently Trustworthy Component; CWE-353: Missing Support for Integrity Check,"GitHub Actions step uses a mutable tag or branch reference. Tags and branch names can be silently repointed by the action owner, enabling supply-chain attacks — as seen in the trivy-action and kics-github-action compromises. Pin the reference to a full 40-character commit SHA instead, e.g. `uses: actions/checkout@8ade135a41bc03ea155e62e844d188df1ea18608`."
apache/dubbo,.github/workflows/build-and-test-scheduled-3.3.yml,yaml.github-actions.security.github-actions-mutable-action-tag.github-actions-mutable-action-tag,WARNING,CWE-1357: Reliance on Insufficiently Trustworthy Component; CWE-353: Missing Support for Integrity Check,"GitHub Actions step uses a mutable tag or branch reference. Tags and branch names can be silently repointed by the action owner, enabling supply-chain attacks — as seen in the trivy-action and kics-github-action compromises. Pin the reference to a full 40-character commit SHA instead, e.g. `uses: actions/checkout@8ade135a41bc03ea155e62e844d188df1ea18608`."
apache/dubbo,.github/workflows/build-and-test-scheduled-3.3.yml,yaml.github-actions.security.github-actions-mutable-action-tag.github-actions-mutable-action-tag,WARNING,CWE-1357: Reliance on Insufficiently Trustworthy Component; CWE-353: Missing Support for Integrity Check,"GitHub Actions step uses a mutable tag or branch reference. Tags and branch names can be silently repointed by the action owner, enabling supply-chain attacks — as seen in the trivy-action and kics-github-action compromises. Pin the reference to a full 40-character commit SHA instead, e.g. `uses: actions/checkout@8ade135a41bc03ea155e62e844d188df1ea18608`."
apache/dubbo,.github/workflows/build-and-test-scheduled-3.3.yml,yaml.github-actions.security.github-actions-mutable-action-tag.github-actions-mutable-action-tag,WARNING,CWE-1357: Reliance on Insufficiently Trustworthy Component; CWE-353: Missing Support for Integrity Check,"GitHub Actions step uses a mutable tag or branch reference. Tags and branch names can be silently repointed by the action owner, enabling supply-chain attacks — as seen in the trivy-action and kics-github-action compromises. Pin the reference to a full 40-character commit SHA instead, e.g. `uses: actions/checkout@8ade135a41bc03ea155e62e844d188df1ea18608`."
apache/dubbo,.github/workflows/build-and-test-scheduled-3.3.yml,yaml.github-actions.security.github-actions-mutable-action-tag.github-actions-mutable-action-tag,WARNING,CWE-1357: Reliance on Insufficiently Trustworthy Component; CWE-353: Missing Support for Integrity Check,"GitHub Actions step uses a mutable tag or branch reference. Tags and branch names can be silently repointed by the action owner, enabling supply-chain attacks — as seen in the trivy-action and kics-github-action compromises. Pin the reference to a full 40-character commit SHA instead, e.g. `uses: actions/checkout@8ade135a41bc03ea155e62e844d188df1ea18608`."
apache/dubbo,.github/workflows/build-and-test-scheduled-3.3.yml,yaml.github-actions.security.github-actions-mutable-action-tag.github-actions-mutable-action-tag,WARNING,CWE-1357: Reliance on Insufficiently Trustworthy Component; CWE-353: Missing Support for Integrity Check,"GitHub Actions step uses a mutable tag or branch reference. Tags and branch names can be silently repointed by the action owner, enabling supply-chain attacks — as seen in the trivy-action and kics-github-action compromises. Pin the reference to a full 40-character commit SHA instead, e.g. `uses: actions/checkout@8ade135a41bc03ea155e62e844d188df1ea18608`."
apache/dubbo,.github/workflows/build-and-test-scheduled-3.3.yml,yaml.github-actions.security.github-actions-mutable-action-tag.github-actions-mutable-action-tag,WARNING,CWE-1357: Reliance on Insufficiently Trustworthy Component; CWE-353: Missing Support for Integrity Check,"GitHub Actions step uses a mutable tag or branch reference. Tags and branch names can be silently repointed by the action owner, enabling supply-chain attacks — as seen in the trivy-action and kics-github-action compromises. Pin the reference to a full 40-character commit SHA instead, e.g. `uses: actions/checkout@8ade135a41bc03ea155e62e844d188df1ea18608`."
apache/dubbo,.github/workflows/build-and-test-scheduled-3.3.yml,yaml.github-actions.security.github-actions-mutable-action-tag.github-actions-mutable-action-tag,WARNING,CWE-1357: Reliance on Insufficiently Trustworthy Component; CWE-353: Missing Support for Integrity Check,"GitHub Actions step uses a mutable tag or branch reference. Tags and branch names can be silently repointed by the action owner, enabling supply-chain attacks — as seen in the trivy-action and kics-github-action compromises. Pin the reference to a full 40-character commit SHA instead, e.g. `uses: actions/checkout@8ade135a41bc03ea155e62e844d188df1ea18608`."
apache/dubbo,.github/workflows/release-test.yml,yaml.github-actions.security.github-actions-mutable-action-tag.github-actions-mutable-action-tag,WARNING,CWE-1357: Reliance on Insufficiently Trustworthy Component; CWE-353: Missing Support for Integrity Check,"GitHub Actions step uses a mutable tag or branch reference. Tags and branch names can be silently repointed by the action owner, enabling supply-chain attacks — as seen in the trivy-action and kics-github-action compromises. Pin the reference to a full 40-character commit SHA instead, e.g. `uses: actions/checkout@8ade135a41bc03ea155e62e844d188df1ea18608`."
apache/dubbo,.github/workflows/release-test.yml,yaml.github-actions.security.github-actions-mutable-action-tag.github-actions-mutable-action-tag,WARNING,CWE-1357: Reliance on Insufficiently Trustworthy Component; CWE-353: Missing Support for Integrity Check,"GitHub Actions step uses a mutable tag or branch reference. Tags and branch names can be silently repointed by the action owner, enabling supply-chain attacks — as seen in the trivy-action and kics-github-action compromises. Pin the reference to a full 40-character commit SHA instead, e.g. `uses: actions/checkout@8ade135a41bc03ea155e62e844d188df1ea18608`."
apache/dubbo,.github/workflows/release-test.yml,yaml.github-actions.security.github-actions-mutable-action-tag.github-actions-mutable-action-tag,WARNING,CWE-1357: Reliance on Insufficiently Trustworthy Component; CWE-353: Missing Support for Integrity Check,"GitHub Actions step uses a mutable tag or branch reference. Tags and branch names can be silently repointed by the action owner, enabling supply-chain attacks — as seen in the trivy-action and kics-github-action compromises. Pin the reference to a full 40-character commit SHA instead, e.g. `uses: actions/checkout@8ade135a41bc03ea155e62e844d188df1ea18608`."
apache/dubbo,.github/workflows/release-test.yml,yaml.github-actions.security.github-actions-mutable-action-tag.github-actions-mutable-action-tag,WARNING,CWE-1357: Reliance on Insufficiently Trustworthy Component; CWE-353: Missing Support for Integrity Check,"GitHub Actions step uses a mutable tag or branch reference. Tags and branch names can be silently repointed by the action owner, enabling supply-chain attacks — as seen in the trivy-action and kics-github-action compromises. Pin the reference to a full 40-character commit SHA instead, e.g. `uses: actions/checkout@8ade135a41bc03ea155e62e844d188df1ea18608`."
apache/dubbo,.github/workflows/release-test.yml,yaml.github-actions.security.github-actions-mutable-action-tag.github-actions-mutable-action-tag,WARNING,CWE-1357: Reliance on Insufficiently Trustworthy Component; CWE-353: Missing Support for Integrity Check,"GitHub Actions step uses a mutable tag or branch reference. Tags and branch names can be silently repointed by the action owner, enabling supply-chain attacks — as seen in the trivy-action and kics-github-action compromises. Pin the reference to a full 40-character commit SHA instead, e.g. `uses: actions/checkout@8ade135a41bc03ea155e62e844d188df1ea18608`."
apache/dubbo,.github/workflows/release-test.yml,yaml.github-actions.security.github-actions-mutable-action-tag.github-actions-mutable-action-tag,WARNING,CWE-1357: Reliance on Insufficiently Trustworthy Component; CWE-353: Missing Support for Integrity Check,"GitHub Actions step uses a mutable tag or branch reference. Tags and branch names can be silently repointed by the action owner, enabling supply-chain attacks — as seen in the trivy-action and kics-github-action compromises. Pin the reference to a full 40-character commit SHA instead, e.g. `uses: actions/checkout@8ade135a41bc03ea155e62e844d188df1ea18608`."
apache/dubbo,.github/workflows/release-test.yml,yaml.github-actions.security.github-actions-mutable-action-tag.github-actions-mutable-action-tag,WARNING,CWE-1357: Reliance on Insufficiently Trustworthy Component; CWE-353: Missing Support for Integrity Check,"GitHub Actions step uses a mutable tag or branch reference. Tags and branch names can be silently repointed by the action owner, enabling supply-chain attacks — as seen in the trivy-action and kics-github-action compromises. Pin the reference to a full 40-character commit SHA instead, e.g. `uses: actions/checkout@8ade135a41bc03ea155e62e844d188df1ea18608`."
apache/dubbo,.github/workflows/release-test.yml,yaml.github-actions.security.github-actions-mutable-action-tag.github-actions-mutable-action-tag,WARNING,CWE-1357: Reliance on Insufficiently Trustworthy Component; CWE-353: Missing Support for Integrity Check,"GitHub Actions step uses a mutable tag or branch reference. Tags and branch names can be silently repointed by the action owner, enabling supply-chain attacks — as seen in the trivy-action and kics-github-action compromises. Pin the reference to a full 40-character commit SHA instead, e.g. `uses: actions/checkout@8ade135a41bc03ea155e62e844d188df1ea18608`."
apache/dubbo,.github/workflows/release-test.yml,yaml.github-actions.security.github-actions-mutable-action-tag.github-actions-mutable-action-tag,WARNING,CWE-1357: Reliance on Insufficiently Trustworthy Component; CWE-353: Missing Support for Integrity Check,"GitHub Actions step uses a mutable tag or branch reference. Tags and branch names can be silently repointed by the action owner, enabling supply-chain attacks — as seen in the trivy-action and kics-github-action compromises. Pin the reference to a full 40-character commit SHA instead, e.g. `uses: actions/checkout@8ade135a41bc03ea155e62e844d188df1ea18608`."
apache/dubbo,.github/workflows/release-test.yml,yaml.github-actions.security.github-actions-mutable-action-tag.github-actions-mutable-action-tag,WARNING,CWE-1357: Reliance on Insufficiently Trustworthy Component; CWE-353: Missing Support for Integrity Check,"GitHub Actions step uses a mutable tag or branch reference. Tags and branch names can be silently repointed by the action owner, enabling supply-chain attacks — as seen in the trivy-action and kics-github-action compromises. Pin the reference to a full 40-character commit SHA instead, e.g. `uses: actions/checkout@8ade135a41bc03ea155e62e844d188df1ea18608`."
apache/dubbo,.github/workflows/release-test.yml,yaml.github-actions.security.github-actions-mutable-action-tag.github-actions-mutable-action-tag,WARNING,CWE-1357: Reliance on Insufficiently Trustworthy Component; CWE-353: Missing Support for Integrity Check,"GitHub Actions step uses a mutable tag or branch reference. Tags and branch names can be silently repointed by the action owner, enabling supply-chain attacks — as seen in the trivy-action and kics-github-action compromises. Pin the reference to a full 40-character commit SHA instead, e.g. `uses: actions/checkout@8ade135a41bc03ea155e62e844d188df1ea18608`."
apache/dubbo,.github/workflows/release-test.yml,yaml.github-actions.security.github-actions-mutable-action-tag.github-actions-mutable-action-tag,WARNING,CWE-1357: Reliance on Insufficiently Trustworthy Component; CWE-353: Missing Support for Integrity Check,"GitHub Actions step uses a mutable tag or branch reference. Tags and branch names can be silently repointed by the action owner, enabling supply-chain attacks — as seen in the trivy-action and kics-github-action compromises. Pin the reference to a full 40-character commit SHA instead, e.g. `uses: actions/checkout@8ade135a41bc03ea155e62e844d188df1ea18608`."
apache/dubbo,.github/workflows/release-test.yml,yaml.github-actions.security.github-actions-mutable-action-tag.github-actions-mutable-action-tag,WARNING,CWE-1357: Reliance on Insufficiently Trustworthy Component; CWE-353: Missing Support for Integrity Check,"GitHub Actions step uses a mutable tag or branch reference. Tags and branch names can be silently repointed by the action owner, enabling supply-chain attacks — as seen in the trivy-action and kics-github-action compromises. Pin the reference to a full 40-character commit SHA instead, e.g. `uses: actions/checkout@8ade135a41bc03ea155e62e844d188df1ea18608`."
apache/dubbo,.github/workflows/release-test.yml,yaml.github-actions.security.github-actions-mutable-action-tag.github-actions-mutable-action-tag,WARNING,CWE-1357: Reliance on Insufficiently Trustworthy Component; CWE-353: Missing Support for Integrity Check,"GitHub Actions step uses a mutable tag or branch reference. Tags and branch names can be silently repointed by the action owner, enabling supply-chain attacks — as seen in the trivy-action and kics-github-action compromises. Pin the reference to a full 40-character commit SHA instead, e.g. `uses: actions/checkout@8ade135a41bc03ea155e62e844d188df1ea18608`."
apache/dubbo,.github/workflows/release-test.yml,yaml.github-actions.security.github-actions-mutable-action-tag.github-actions-mutable-action-tag,WARNING,CWE-1357: Reliance on Insufficiently Trustworthy Component; CWE-353: Missing Support for Integrity Check,"GitHub Actions step uses a mutable tag or branch reference. Tags and branch names can be silently repointed by the action owner, enabling supply-chain attacks — as seen in the trivy-action and kics-github-action compromises. Pin the reference to a full 40-character commit SHA instead, e.g. `uses: actions/checkout@8ade135a41bc03ea155e62e844d188df1ea18608`."
apache/dubbo,.github/workflows/release-test.yml,yaml.github-actions.security.github-actions-mutable-action-tag.github-actions-mutable-action-tag,WARNING,CWE-1357: Reliance on Insufficiently Trustworthy Component; CWE-353: Missing Support for Integrity Check,"GitHub Actions step uses a mutable tag or branch reference. Tags and branch names can be silently repointed by the action owner, enabling supply-chain attacks — as seen in the trivy-action and kics-github-action compromises. Pin the reference to a full 40-character commit SHA instead, e.g. `uses: actions/checkout@8ade135a41bc03ea155e62e844d188df1ea18608`."
apache/dubbo,.github/workflows/release-test.yml,yaml.github-actions.security.github-actions-mutable-action-tag.github-actions-mutable-action-tag,WARNING,CWE-1357: Reliance on Insufficiently Trustworthy Component; CWE-353: Missing Support for Integrity Check,"GitHub Actions step uses a mutable tag or branch reference. Tags and branch names can be silently repointed by the action owner, enabling supply-chain attacks — as seen in the trivy-action and kics-github-action compromises. Pin the reference to a full 40-character commit SHA instead, e.g. `uses: actions/checkout@8ade135a41bc03ea155e62e844d188df1ea18608`."
apache/dubbo,.github/workflows/release-test.yml,yaml.github-actions.security.github-actions-mutable-action-tag.github-actions-mutable-action-tag,WARNING,CWE-1357: Reliance on Insufficiently Trustworthy Component; CWE-353: Missing Support for Integrity Check,"GitHub Actions step uses a mutable tag or branch reference. Tags and branch names can be silently repointed by the action owner, enabling supply-chain attacks — as seen in the trivy-action and kics-github-action compromises. Pin the reference to a full 40-character commit SHA instead, e.g. `uses: actions/checkout@8ade135a41bc03ea155e62e844d188df1ea18608`."
apache/dubbo,.github/workflows/release-test.yml,yaml.github-actions.security.github-actions-mutable-action-tag.github-actions-mutable-action-tag,WARNING,CWE-1357: Reliance on Insufficiently Trustworthy Component; CWE-353: Missing Support for Integrity Check,"GitHub Actions step uses a mutable tag or branch reference. Tags and branch names can be silently repointed by the action owner, enabling supply-chain attacks — as seen in the trivy-action and kics-github-action compromises. Pin the reference to a full 40-character commit SHA instead, e.g. `uses: actions/checkout@8ade135a41bc03ea155e62e844d188df1ea18608`."
apache/dubbo,.github/workflows/release-test.yml,yaml.github-actions.security.github-actions-mutable-action-tag.github-actions-mutable-action-tag,WARNING,CWE-1357: Reliance on Insufficiently Trustworthy Component; CWE-353: Missing Support for Integrity Check,"GitHub Actions step uses a mutable tag or branch reference. Tags and branch names can be silently repointed by the action owner, enabling supply-chain attacks — as seen in the trivy-action and kics-github-action compromises. Pin the reference to a full 40-character commit SHA instead, e.g. `uses: actions/checkout@8ade135a41bc03ea155e62e844d188df1ea18608`."
apache/dubbo,.github/workflows/release-test.yml,yaml.github-actions.security.github-actions-mutable-action-tag.github-actions-mutable-action-tag,WARNING,CWE-1357: Reliance on Insufficiently Trustworthy Component; CWE-353: Missing Support for Integrity Check,"GitHub Actions step uses a mutable tag or branch reference. Tags and branch names can be silently repointed by the action owner, enabling supply-chain attacks — as seen in the trivy-action and kics-github-action compromises. Pin the reference to a full 40-character commit SHA instead, e.g. `uses: actions/checkout@8ade135a41bc03ea155e62e844d188df1ea18608`."
apache/dubbo,.github/workflows/release-test.yml,yaml.github-actions.security.github-actions-mutable-action-tag.github-actions-mutable-action-tag,WARNING,CWE-1357: Reliance on Insufficiently Trustworthy Component; CWE-353: Missing Support for Integrity Check,"GitHub Actions step uses a mutable tag or branch reference. Tags and branch names can be silently repointed by the action owner, enabling supply-chain attacks — as seen in the trivy-action and kics-github-action compromises. Pin the reference to a full 40-character commit SHA instead, e.g. `uses: actions/checkout@8ade135a41bc03ea155e62e844d188df1ea18608`."
apache/dubbo,.github/workflows/release-test.yml,yaml.github-actions.security.github-actions-mutable-action-tag.github-actions-mutable-action-tag,WARNING,CWE-1357: Reliance on Insufficiently Trustworthy Component; CWE-353: Missing Support for Integrity Check,"GitHub Actions step uses a mutable tag or branch reference. Tags and branch names can be silently repointed by the action owner, enabling supply-chain attacks — as seen in the trivy-action and kics-github-action compromises. Pin the reference to a full 40-character commit SHA instead, e.g. `uses: actions/checkout@8ade135a41bc03ea155e62e844d188df1ea18608`."
apache/dubbo,.github/workflows/release-test.yml,yaml.github-actions.security.github-actions-mutable-action-tag.github-actions-mutable-action-tag,WARNING,CWE-1357: Reliance on Insufficiently Trustworthy Component; CWE-353: Missing Support for Integrity Check,"GitHub Actions step uses a mutable tag or branch reference. Tags and branch names can be silently repointed by the action owner, enabling supply-chain attacks — as seen in the trivy-action and kics-github-action compromises. Pin the reference to a full 40-character commit SHA instead, e.g. `uses: actions/checkout@8ade135a41bc03ea155e62e844d188df1ea18608`."
apache/dubbo,.github/workflows/release-test.yml,yaml.github-actions.security.github-actions-mutable-action-tag.github-actions-mutable-action-tag,WARNING,CWE-1357: Reliance on Insufficiently Trustworthy Component; CWE-353: Missing Support for Integrity Check,"GitHub Actions step uses a mutable tag or branch reference. Tags and branch names can be silently repointed by the action owner, enabling supply-chain attacks — as seen in the trivy-action and kics-github-action compromises. Pin the reference to a full 40-character commit SHA instead, e.g. `uses: actions/checkout@8ade135a41bc03ea155e62e844d188df1ea18608`."
apache/dubbo,.github/workflows/release-test.yml,yaml.github-actions.security.github-actions-mutable-action-tag.github-actions-mutable-action-tag,WARNING,CWE-1357: Reliance on Insufficiently Trustworthy Component; CWE-353: Missing Support for Integrity Check,"GitHub Actions step uses a mutable tag or branch reference. Tags and branch names can be silently repointed by the action owner, enabling supply-chain attacks — as seen in the trivy-action and kics-github-action compromises. Pin the reference to a full 40-character commit SHA instead, e.g. `uses: actions/checkout@8ade135a41bc03ea155e62e844d188df1ea18608`."
apache/dubbo,.github/workflows/release-test.yml,yaml.github-actions.security.github-actions-mutable-action-tag.github-actions-mutable-action-tag,WARNING,CWE-1357: Reliance on Insufficiently Trustworthy Component; CWE-353: Missing Support for Integrity Check,"GitHub Actions step uses a mutable tag or branch reference. Tags and branch names can be silently repointed by the action owner, enabling supply-chain attacks — as seen in the trivy-action and kics-github-action compromises. Pin the reference to a full 40-character commit SHA instead, e.g. `uses: actions/checkout@8ade135a41bc03ea155e62e844d188df1ea18608`."
apache/dubbo,.github/workflows/release-test.yml,yaml.github-actions.security.github-actions-mutable-action-tag.github-actions-mutable-action-tag,WARNING,CWE-1357: Reliance on Insufficiently Trustworthy Component; CWE-353: Missing Support for Integrity Check,"GitHub Actions step uses a mutable tag or branch reference. Tags and branch names can be silently repointed by the action owner, enabling supply-chain attacks — as seen in the trivy-action and kics-github-action compromises. Pin the reference to a full 40-character commit SHA instead, e.g. `uses: actions/checkout@8ade135a41bc03ea155e62e844d188df1ea18608`."
apache/dubbo,.github/workflows/release-test.yml,yaml.github-actions.security.github-actions-mutable-action-tag.github-actions-mutable-action-tag,WARNING,CWE-1357: Reliance on Insufficiently Trustworthy Component; CWE-353: Missing Support for Integrity Check,"GitHub Actions step uses a mutable tag or branch reference. Tags and branch names can be silently repointed by the action owner, enabling supply-chain attacks — as seen in the trivy-action and kics-github-action compromises. Pin the reference to a full 40-character commit SHA instead, e.g. `uses: actions/checkout@8ade135a41bc03ea155e62e844d188df1ea18608`."
apache/dubbo,.github/workflows/release-test.yml,yaml.github-actions.security.github-actions-mutable-action-tag.github-actions-mutable-action-tag,WARNING,CWE-1357: Reliance on Insufficiently Trustworthy Component; CWE-353: Missing Support for Integrity Check,"GitHub Actions step uses a mutable tag or branch reference. Tags and branch names can be silently repointed by the action owner, enabling supply-chain attacks — as seen in the trivy-action and kics-github-action compromises. Pin the reference to a full 40-character commit SHA instead, e.g. `uses: actions/checkout@8ade135a41bc03ea155e62e844d188df1ea18608`."
apache/dubbo,.github/workflows/release-test.yml,yaml.github-actions.security.github-actions-mutable-action-tag.github-actions-mutable-action-tag,WARNING,CWE-1357: Reliance on Insufficiently Trustworthy Component; CWE-353: Missing Support for Integrity Check,"GitHub Actions step uses a mutable tag or branch reference. Tags and branch names can be silently repointed by the action owner, enabling supply-chain attacks — as seen in the trivy-action and kics-github-action compromises. Pin the reference to a full 40-character commit SHA instead, e.g. `uses: actions/checkout@8ade135a41bc03ea155e62e844d188df1ea18608`."
apache/dubbo,.github/workflows/release-test.yml,yaml.github-actions.security.github-actions-mutable-action-tag.github-actions-mutable-action-tag,WARNING,CWE-1357: Reliance on Insufficiently Trustworthy Component; CWE-353: Missing Support for Integrity Check,"GitHub Actions step uses a mutable tag or branch reference. Tags and branch names can be silently repointed by the action owner, enabling supply-chain attacks — as seen in the trivy-action and kics-github-action compromises. Pin the reference to a full 40-character commit SHA instead, e.g. `uses: actions/checkout@8ade135a41bc03ea155e62e844d188df1ea18608`."
apache/dubbo,.github/workflows/release-test.yml,yaml.github-actions.security.github-actions-mutable-action-tag.github-actions-mutable-action-tag,WARNING,CWE-1357: Reliance on Insufficiently Trustworthy Component; CWE-353: Missing Support for Integrity Check,"GitHub Actions step uses a mutable tag or branch reference. Tags and branch names can be silently repointed by the action owner, enabling supply-chain attacks — as seen in the trivy-action and kics-github-action compromises. Pin the reference to a full 40-character commit SHA instead, e.g. `uses: actions/checkout@8ade135a41bc03ea155e62e844d188df1ea18608`."
apache/dubbo,.github/workflows/release-test.yml,yaml.github-actions.security.github-actions-mutable-action-tag.github-actions-mutable-action-tag,WARNING,CWE-1357: Reliance on Insufficiently Trustworthy Component; CWE-353: Missing Support for Integrity Check,"GitHub Actions step uses a mutable tag or branch reference. Tags and branch names can be silently repointed by the action owner, enabling supply-chain attacks — as seen in the trivy-action and kics-github-action compromises. Pin the reference to a full 40-character commit SHA instead, e.g. `uses: actions/checkout@8ade135a41bc03ea155e62e844d188df1ea18608`."
apache/dubbo,.github/workflows/release-test.yml,yaml.github-actions.security.github-actions-mutable-action-tag.github-actions-mutable-action-tag,WARNING,CWE-1357: Reliance on Insufficiently Trustworthy Component; CWE-353: Missing Support for Integrity Check,"GitHub Actions step uses a mutable tag or branch reference. Tags and branch names can be silently repointed by the action owner, enabling supply-chain attacks — as seen in the trivy-action and kics-github-action compromises. Pin the reference to a full 40-character commit SHA instead, e.g. `uses: actions/checkout@8ade135a41bc03ea155e62e844d188df1ea18608`."
apache/dubbo,.github/workflows/release-test.yml,yaml.github-actions.security.github-actions-mutable-action-tag.github-actions-mutable-action-tag,WARNING,CWE-1357: Reliance on Insufficiently Trustworthy Component; CWE-353: Missing Support for Integrity Check,"GitHub Actions step uses a mutable tag or branch reference. Tags and branch names can be silently repointed by the action owner, enabling supply-chain attacks — as seen in the trivy-action and kics-github-action compromises. Pin the reference to a full 40-character commit SHA instead, e.g. `uses: actions/checkout@8ade135a41bc03ea155e62e844d188df1ea18608`."
apache/dubbo,.github/workflows/release-test.yml,yaml.github-actions.security.github-actions-mutable-action-tag.github-actions-mutable-action-tag,WARNING,CWE-1357: Reliance on Insufficiently Trustworthy Component; CWE-353: Missing Support for Integrity Check,"GitHub Actions step uses a mutable tag or branch reference. Tags and branch names can be silently repointed by the action owner, enabling supply-chain attacks — as seen in the trivy-action and kics-github-action compromises. Pin the reference to a full 40-character commit SHA instead, e.g. `uses: actions/checkout@8ade135a41bc03ea155e62e844d188df1ea18608`."
apache/dubbo,.github/workflows/release-test.yml,yaml.github-actions.security.github-actions-mutable-action-tag.github-actions-mutable-action-tag,WARNING,CWE-1357: Reliance on Insufficiently Trustworthy Component; CWE-353: Missing Support for Integrity Check,"GitHub Actions step uses a mutable tag or branch reference. Tags and branch names can be silently repointed by the action owner, enabling supply-chain attacks — as seen in the trivy-action and kics-github-action compromises. Pin the reference to a full 40-character commit SHA instead, e.g. `uses: actions/checkout@8ade135a41bc03ea155e62e844d188df1ea18608`."
apache/dubbo,.github/workflows/release-test.yml,yaml.github-actions.security.github-actions-mutable-action-tag.github-actions-mutable-action-tag,WARNING,CWE-1357: Reliance on Insufficiently Trustworthy Component; CWE-353: Missing Support for Integrity Check,"GitHub Actions step uses a mutable tag or branch reference. Tags and branch names can be silently repointed by the action owner, enabling supply-chain attacks — as seen in the trivy-action and kics-github-action compromises. Pin the reference to a full 40-character commit SHA instead, e.g. `uses: actions/checkout@8ade135a41bc03ea155e62e844d188df1ea18608`."
apache/dubbo,.github/workflows/release-test.yml,yaml.github-actions.security.github-actions-mutable-action-tag.github-actions-mutable-action-tag,WARNING,CWE-1357: Reliance on Insufficiently Trustworthy Component; CWE-353: Missing Support for Integrity Check,"GitHub Actions step uses a mutable tag or branch reference. Tags and branch names can be silently repointed by the action owner, enabling supply-chain attacks — as seen in the trivy-action and kics-github-action compromises. Pin the reference to a full 40-character commit SHA instead, e.g. `uses: actions/checkout@8ade135a41bc03ea155e62e844d188df1ea18608`."
apache/dubbo,.github/workflows/release-test.yml,yaml.github-actions.security.github-actions-mutable-action-tag.github-actions-mutable-action-tag,WARNING,CWE-1357: Reliance on Insufficiently Trustworthy Component; CWE-353: Missing Support for Integrity Check,"GitHub Actions step uses a mutable tag or branch reference. Tags and branch names can be silently repointed by the action owner, enabling supply-chain attacks — as seen in the trivy-action and kics-github-action compromises. Pin the reference to a full 40-character commit SHA instead, e.g. `uses: actions/checkout@8ade135a41bc03ea155e62e844d188df1ea18608`."
apache/dubbo,.github/workflows/release-test.yml,yaml.github-actions.security.github-actions-mutable-action-tag.github-actions-mutable-action-tag,WARNING,CWE-1357: Reliance on Insufficiently Trustworthy Component; CWE-353: Missing Support for Integrity Check,"GitHub Actions step uses a mutable tag or branch reference. Tags and branch names can be silently repointed by the action owner, enabling supply-chain attacks — as seen in the trivy-action and kics-github-action compromises. Pin the reference to a full 40-character commit SHA instead, e.g. `uses: actions/checkout@8ade135a41bc03ea155e62e844d188df1ea18608`."
apache/dubbo,.github/workflows/release-test.yml,yaml.github-actions.security.github-actions-mutable-action-tag.github-actions-mutable-action-tag,WARNING,CWE-1357: Reliance on Insufficiently Trustworthy Component; CWE-353: Missing Support for Integrity Check,"GitHub Actions step uses a mutable tag or branch reference. Tags and branch names can be silently repointed by the action owner, enabling supply-chain attacks — as seen in the trivy-action and kics-github-action compromises. Pin the reference to a full 40-character commit SHA instead, e.g. `uses: actions/checkout@8ade135a41bc03ea155e62e844d188df1ea18608`."
apache/dubbo,.github/workflows/release-test.yml,yaml.github-actions.security.github-actions-mutable-action-tag.github-actions-mutable-action-tag,WARNING,CWE-1357: Reliance on Insufficiently Trustworthy Component; CWE-353: Missing Support for Integrity Check,"GitHub Actions step uses a mutable tag or branch reference. Tags and branch names can be silently repointed by the action owner, enabling supply-chain attacks — as seen in the trivy-action and kics-github-action compromises. Pin the reference to a full 40-character commit SHA instead, e.g. `uses: actions/checkout@8ade135a41bc03ea155e62e844d188df1ea18608`."
apache/dubbo,.github/workflows/release-test.yml,yaml.github-actions.security.github-actions-mutable-action-tag.github-actions-mutable-action-tag,WARNING,CWE-1357: Reliance on Insufficiently Trustworthy Component; CWE-353: Missing Support for Integrity Check,"GitHub Actions step uses a mutable tag or branch reference. Tags and branch names can be silently repointed by the action owner, enabling supply-chain attacks — as seen in the trivy-action and kics-github-action compromises. Pin the reference to a full 40-character commit SHA instead, e.g. `uses: actions/checkout@8ade135a41bc03ea155e62e844d188df1ea18608`."
apache/dubbo,dubbo-common/src/main/java/org/apache/dubbo/common/bytecode/Proxy.java,java.lang.security.audit.unsafe-reflection.unsafe-reflection,WARNING,CWE-470: Use of Externally-Controlled Input to Select Classes or Code ('Unsafe Reflection'),"If an attacker can supply values that the application then uses to determine which class to instantiate or which method to invoke, the potential exists for the attacker to create control flow paths through the application that were not intended by the application developers. This attack vector may allow the attacker to bypass authentication or access control checks or otherwise cause the application to behave in an unexpected manner."
apache/dubbo,dubbo-common/src/main/java/org/apache/dubbo/common/compact/Dubbo2CompactUtils.java,java.lang.security.audit.unsafe-reflection.unsafe-reflection,WARNING,CWE-470: Use of Externally-Controlled Input to Select Classes or Code ('Unsafe Reflection'),"If an attacker can supply values that the application then uses to determine which class to instantiate or which method to invoke, the potential exists for the attacker to create control flow paths through the application that were not intended by the application developers. This attack vector may allow the attacker to bypass authentication or access control checks or otherwise cause the application to behave in an unexpected manner."
apache/dubbo,dubbo-common/src/main/java/org/apache/dubbo/common/compact/Dubbo2CompactUtils.java,java.lang.security.audit.unsafe-reflection.unsafe-reflection,WARNING,CWE-470: Use of Externally-Controlled Input to Select Classes or Code ('Unsafe Reflection'),"If an attacker can supply values that the application then uses to determine which class to instantiate or which method to invoke, the potential exists for the attacker to create control flow paths through the application that were not intended by the application developers. This attack vector may allow the attacker to bypass authentication or access control checks or otherwise cause the application to behave in an unexpected manner."
apache/dubbo,dubbo-common/src/main/java/org/apache/dubbo/common/compiler/support/AbstractCompiler.java,java.lang.security.audit.unsafe-reflection.unsafe-reflection,WARNING,CWE-470: Use of Externally-Controlled Input to Select Classes or Code ('Unsafe Reflection'),"If an attacker can supply values that the application then uses to determine which class to instantiate or which method to invoke, the potential exists for the attacker to create control flow paths through the application that were not intended by the application developers. This attack vector may allow the attacker to bypass authentication or access control checks or otherwise cause the application to behave in an unexpected manner."
apache/dubbo,dubbo-common/src/main/java/org/apache/dubbo/common/compiler/support/ClassUtils.java,java.lang.security.audit.unsafe-reflection.unsafe-reflection,WARNING,CWE-470: Use of Externally-Controlled Input to Select Classes or Code ('Unsafe Reflection'),"If an attacker can supply values that the application then uses to determine which class to instantiate or which method to invoke, the potential exists for the attacker to create control flow paths through the application that were not intended by the application developers. This attack vector may allow the attacker to bypass authentication or access control checks or otherwise cause the application to behave in an unexpected manner."
apache/dubbo,dubbo-common/src/main/java/org/apache/dubbo/common/extension/ExtensionLoader.java,java.lang.security.audit.unsafe-reflection.unsafe-reflection,WARNING,CWE-470: Use of Externally-Controlled Input to Select Classes or Code ('Unsafe Reflection'),"If an attacker can supply values that the application then uses to determine which class to instantiate or which method to invoke, the potential exists for the attacker to create control flow paths through the application that were not intended by the application developers. This attack vector may allow the attacker to bypass authentication or access control checks or otherwise cause the application to behave in an unexpected manner."
apache/dubbo,dubbo-common/src/main/java/org/apache/dubbo/common/io/Bytes.java,java.lang.security.audit.crypto.use-of-md5.use-of-md5,WARNING,CWE-328: Use of Weak Hash,Detected MD5 hash algorithm which is considered insecure. MD5 is not collision resistant and is therefore not suitable as a cryptographic signature. Use HMAC instead.
apache/dubbo,dubbo-common/src/main/java/org/apache/dubbo/common/system/OperatingSystemBeanManager.java,java.lang.security.audit.unsafe-reflection.unsafe-reflection,WARNING,CWE-470: Use of Externally-Controlled Input to Select Classes or Code ('Unsafe Reflection'),"If an attacker can supply values that the application then uses to determine which class to instantiate or which method to invoke, the potential exists for the attacker to create control flow paths through the application that were not intended by the application developers. This attack vector may allow the attacker to bypass authentication or access control checks or otherwise cause the application to behave in an unexpected manner."
apache/dubbo,dubbo-common/src/main/java/org/apache/dubbo/common/utils/MD5Utils.java,java.lang.security.audit.crypto.use-of-md5.use-of-md5,WARNING,CWE-328: Use of Weak Hash,Detected MD5 hash algorithm which is considered insecure. MD5 is not collision resistant and is therefore not suitable as a cryptographic signature. Use HMAC instead.
apache/dubbo,dubbo-common/src/main/java/org/apache/dubbo/common/utils/NetUtils.java,java.lang.security.audit.crypto.unencrypted-socket.unencrypted-socket,WARNING,CWE-319: Cleartext Transmission of Sensitive Information,"Detected use of a Java socket that is not encrypted. As a result, the traffic could be read by an attacker intercepting the network traffic. Use an SSLSocket created by 'SSLSocketFactory' or 'SSLServerSocketFactory' instead."
apache/dubbo,dubbo-common/src/main/java/org/apache/dubbo/common/utils/NetUtils.java,java.lang.security.audit.crypto.unencrypted-socket.unencrypted-socket,WARNING,CWE-319: Cleartext Transmission of Sensitive Information,"Detected use of a Java socket that is not encrypted. As a result, the traffic could be read by an attacker intercepting the network traffic. Use an SSLSocket created by 'SSLSocketFactory' or 'SSLServerSocketFactory' instead."
apache/dubbo,dubbo-common/src/main/java/org/apache/dubbo/common/utils/NetUtils.java,java.lang.security.audit.crypto.unencrypted-socket.unencrypted-socket,WARNING,CWE-319: Cleartext Transmission of Sensitive Information,"Detected use of a Java socket that is not encrypted. As a result, the traffic could be read by an attacker intercepting the network traffic. Use an SSLSocket created by 'SSLSocketFactory' or 'SSLServerSocketFactory' instead."
apache/dubbo,dubbo-common/src/main/java/org/apache/dubbo/common/utils/ReflectUtils.java,java.lang.security.audit.unsafe-reflection.unsafe-reflection,WARNING,CWE-470: Use of Externally-Controlled Input to Select Classes or Code ('Unsafe Reflection'),"If an attacker can supply values that the application then uses to determine which class to instantiate or which method to invoke, the potential exists for the attacker to create control flow paths through the application that were not intended by the application developers. This attack vector may allow the attacker to bypass authentication or access control checks or otherwise cause the application to behave in an unexpected manner."
apache/dubbo,dubbo-common/src/main/java/org/apache/dubbo/common/utils/ReflectUtils.java,java.lang.security.audit.unsafe-reflection.unsafe-reflection,WARNING,CWE-470: Use of Externally-Controlled Input to Select Classes or Code ('Unsafe Reflection'),"If an attacker can supply values that the application then uses to determine which class to instantiate or which method to invoke, the potential exists for the attacker to create control flow paths through the application that were not intended by the application developers. This attack vector may allow the attacker to bypass authentication or access control checks or otherwise cause the application to behave in an unexpected manner."
apache/dubbo,dubbo-common/src/main/java/org/apache/dubbo/config/ReferenceConfigBase.java,java.lang.security.audit.unsafe-reflection.unsafe-reflection,WARNING,CWE-470: Use of Externally-Controlled Input to Select Classes or Code ('Unsafe Reflection'),"If an attacker can supply values that the application then uses to determine which class to instantiate or which method to invoke, the potential exists for the attacker to create control flow paths through the application that were not intended by the application developers. This attack vector may allow the attacker to bypass authentication or access control checks or otherwise cause the application to behave in an unexpected manner."
apache/dubbo,dubbo-common/src/main/java/org/apache/dubbo/config/ReferenceConfigBase.java,java.lang.security.audit.unsafe-reflection.unsafe-reflection,WARNING,CWE-470: Use of Externally-Controlled Input to Select Classes or Code ('Unsafe Reflection'),"If an attacker can supply values that the application then uses to determine which class to instantiate or which method to invoke, the potential exists for the attacker to create control flow paths through the application that were not intended by the application developers. This attack vector may allow the attacker to bypass authentication or access control checks or otherwise cause the application to behave in an unexpected manner."
apache/dubbo,dubbo-common/src/main/java/org/apache/dubbo/config/ReferenceConfigBase.java,java.lang.security.audit.unsafe-reflection.unsafe-reflection,WARNING,CWE-470: Use of Externally-Controlled Input to Select Classes or Code ('Unsafe Reflection'),"If an attacker can supply values that the application then uses to determine which class to instantiate or which method to invoke, the potential exists for the attacker to create control flow paths through the application that were not intended by the application developers. This attack vector may allow the attacker to bypass authentication or access control checks or otherwise cause the application to behave in an unexpected manner."
apache/dubbo,dubbo-common/src/main/java/org/apache/dubbo/config/ReferenceConfigBase.java,java.lang.security.audit.unsafe-reflection.unsafe-reflection,WARNING,CWE-470: Use of Externally-Controlled Input to Select Classes or Code ('Unsafe Reflection'),"If an attacker can supply values that the application then uses to determine which class to instantiate or which method to invoke, the potential exists for the attacker to create control flow paths through the application that were not intended by the application developers. This attack vector may allow the attacker to bypass authentication or access control checks or otherwise cause the application to behave in an unexpected manner."
apache/dubbo,dubbo-common/src/main/java/org/apache/dubbo/config/ServiceConfigBase.java,java.lang.security.audit.unsafe-reflection.unsafe-reflection,WARNING,CWE-470: Use of Externally-Controlled Input to Select Classes or Code ('Unsafe Reflection'),"If an attacker can supply values that the application then uses to determine which class to instantiate or which method to invoke, the potential exists for the attacker to create control flow paths through the application that were not intended by the application developers. This attack vector may allow the attacker to bypass authentication or access control checks or otherwise cause the application to behave in an unexpected manner."
apache/dubbo,dubbo-compatible/src/main/java/com/alibaba/dubbo/container/page/PageServlet.java,java.lang.security.audit.xss.no-direct-response-writer.no-direct-response-writer,WARNING,CWE-79: Improper Neutralization of Input During Web Page Generation ('Cross-site Scripting'),"Detected a request with potential user-input going into a OutputStream or Writer object. This bypasses any view or template environments, including HTML escaping, which may expose this application to cross-site scripting (XSS) vulnerabilities. Consider using a view technology such as JavaServer Faces (JSFs) which automatically escapes HTML views."
apache/dubbo,dubbo-config/dubbo-config-api/src/main/java/org/apache/dubbo/config/ReferenceConfig.java,java.lang.security.audit.unsafe-reflection.unsafe-reflection,WARNING,CWE-470: Use of Externally-Controlled Input to Select Classes or Code ('Unsafe Reflection'),"If an attacker can supply values that the application then uses to determine which class to instantiate or which method to invoke, the potential exists for the attacker to create control flow paths through the application that were not intended by the application developers. This attack vector may allow the attacker to bypass authentication or access control checks or otherwise cause the application to behave in an unexpected manner."
apache/dubbo,dubbo-config/dubbo-config-api/src/main/java/org/apache/dubbo/config/ReferenceConfig.java,java.lang.security.audit.unsafe-reflection.unsafe-reflection,WARNING,CWE-470: Use of Externally-Controlled Input to Select Classes or Code ('Unsafe Reflection'),"If an attacker can supply values that the application then uses to determine which class to instantiate or which method to invoke, the potential exists for the attacker to create control flow paths through the application that were not intended by the application developers. This attack vector may allow the attacker to bypass authentication or access control checks or otherwise cause the application to behave in an unexpected manner."
apache/dubbo,dubbo-config/dubbo-config-api/src/main/java/org/apache/dubbo/config/ServiceConfig.java,java.lang.security.audit.unsafe-reflection.unsafe-reflection,WARNING,CWE-470: Use of Externally-Controlled Input to Select Classes or Code ('Unsafe Reflection'),"If an attacker can supply values that the application then uses to determine which class to instantiate or which method to invoke, the potential exists for the attacker to create control flow paths through the application that were not intended by the application developers. This attack vector may allow the attacker to bypass authentication or access control checks or otherwise cause the application to behave in an unexpected manner."
apache/dubbo,dubbo-config/dubbo-config-api/src/main/java/org/apache/dubbo/config/ServiceConfig.java,java.lang.security.audit.unsafe-reflection.unsafe-reflection,WARNING,CWE-470: Use of Externally-Controlled Input to Select Classes or Code ('Unsafe Reflection'),"If an attacker can supply values that the application then uses to determine which class to instantiate or which method to invoke, the potential exists for the attacker to create control flow paths through the application that were not intended by the application developers. This attack vector may allow the attacker to bypass authentication or access control checks or otherwise cause the application to behave in an unexpected manner."
apache/dubbo,dubbo-config/dubbo-config-spring6/src/main/java/org/apache/dubbo/config/spring6/beans/factory/annotation/ServiceAnnotationWithAotPostProcessor.java,java.lang.security.audit.unsafe-reflection.unsafe-reflection,WARNING,CWE-470: Use of Externally-Controlled Input to Select Classes or Code ('Unsafe Reflection'),"If an attacker can supply values that the application then uses to determine which class to instantiate or which method to invoke, the potential exists for the attacker to create control flow paths through the application that were not intended by the application developers. This attack vector may allow the attacker to bypass authentication or access control checks or otherwise cause the application to behave in an unexpected manner."
apache/dubbo,dubbo-maven-plugin/src/main/java/org/apache/dubbo/maven/plugin/aot/JavaExecutable.java,java.lang.security.audit.command-injection-process-builder.command-injection-process-builder,ERROR,CWE-78: Improper Neutralization of Special Elements used in an OS Command ('OS Command Injection'),A formatted or concatenated string was detected as input to a ProcessBuilder call. This is dangerous if a variable is controlled by user input and could result in a command injection. Ensure your variables are not controlled by users or sufficiently sanitized.
apache/dubbo,dubbo-maven-plugin/src/main/java/org/apache/dubbo/maven/plugin/aot/RunProcess.java,java.lang.security.audit.command-injection-process-builder.command-injection-process-builder,ERROR,CWE-78: Improper Neutralization of Special Elements used in an OS Command ('OS Command Injection'),A formatted or concatenated string was detected as input to a ProcessBuilder call. This is dangerous if a variable is controlled by user input and could result in a command injection. Ensure your variables are not controlled by users or sufficiently sanitized.
apache/dubbo,dubbo-maven-plugin/src/main/java/org/apache/dubbo/maven/plugin/protoc/DubboProtocCompilerMojo.java,java.lang.security.audit.crypto.use-of-md5.use-of-md5,WARNING,CWE-328: Use of Weak Hash,Detected MD5 hash algorithm which is considered insecure. MD5 is not collision resistant and is therefore not suitable as a cryptographic signature. Use HMAC instead.
apache/dubbo,dubbo-plugin/dubbo-compiler/src/main/resources/Dubbo3TripleInterfaceStub.mustache,javascript.express.security.audit.xss.mustache.explicit-unescape.template-explicit-unescape,WARNING,CWE-79: Improper Neutralization of Input During Web Page Generation ('Cross-site Scripting'),"Detected an explicit unescape in a Mustache template, using triple braces '{{{...}}}' or ampersand '&'. If external data can reach these locations, your application is exposed to a cross-site scripting (XSS) vulnerability. If you must do this, ensure no external data can reach this location."
apache/dubbo,dubbo-plugin/dubbo-compiler/src/main/resources/Dubbo3TripleInterfaceStub.mustache,javascript.express.security.audit.xss.mustache.explicit-unescape.template-explicit-unescape,WARNING,CWE-79: Improper Neutralization of Input During Web Page Generation ('Cross-site Scripting'),"Detected an explicit unescape in a Mustache template, using triple braces '{{{...}}}' or ampersand '&'. If external data can reach these locations, your application is exposed to a cross-site scripting (XSS) vulnerability. If you must do this, ensure no external data can reach this location."
apache/dubbo,dubbo-plugin/dubbo-compiler/src/main/resources/Dubbo3TripleInterfaceStub.mustache,javascript.express.security.audit.xss.mustache.explicit-unescape.template-explicit-unescape,WARNING,CWE-79: Improper Neutralization of Input During Web Page Generation ('Cross-site Scripting'),"Detected an explicit unescape in a Mustache template, using triple braces '{{{...}}}' or ampersand '&'. If external data can reach these locations, your application is exposed to a cross-site scripting (XSS) vulnerability. If you must do this, ensure no external data can reach this location."
apache/dubbo,dubbo-plugin/dubbo-compiler/src/main/resources/Dubbo3TripleInterfaceStub.mustache,javascript.express.security.audit.xss.mustache.explicit-unescape.template-explicit-unescape,WARNING,CWE-79: Improper Neutralization of Input During Web Page Generation ('Cross-site Scripting'),"Detected an explicit unescape in a Mustache template, using triple braces '{{{...}}}' or ampersand '&'. If external data can reach these locations, your application is exposed to a cross-site scripting (XSS) vulnerability. If you must do this, ensure no external data can reach this location."
apache/dubbo,dubbo-plugin/dubbo-compiler/src/main/resources/MutinyDubbo3TripleInterfaceStub.mustache,javascript.express.security.audit.xss.mustache.explicit-unescape.template-explicit-unescape,WARNING,CWE-79: Improper Neutralization of Input During Web Page Generation ('Cross-site Scripting'),"Detected an explicit unescape in a Mustache template, using triple braces '{{{...}}}' or ampersand '&'. If external data can reach these locations, your application is exposed to a cross-site scripting (XSS) vulnerability. If you must do this, ensure no external data can reach this location."
apache/dubbo,dubbo-plugin/dubbo-compiler/src/main/resources/MutinyDubbo3TripleStub.mustache,javascript.express.security.audit.xss.mustache.explicit-unescape.template-explicit-unescape,WARNING,CWE-79: Improper Neutralization of Input During Web Page Generation ('Cross-site Scripting'),"Detected an explicit unescape in a Mustache template, using triple braces '{{{...}}}' or ampersand '&'. If external data can reach these locations, your application is exposed to a cross-site scripting (XSS) vulnerability. If you must do this, ensure no external data can reach this location."
apache/dubbo,dubbo-plugin/dubbo-compiler/src/main/resources/MutinyDubbo3TripleStub.mustache,javascript.express.security.audit.xss.mustache.explicit-unescape.template-explicit-unescape,WARNING,CWE-79: Improper Neutralization of Input During Web Page Generation ('Cross-site Scripting'),"Detected an explicit unescape in a Mustache template, using triple braces '{{{...}}}' or ampersand '&'. If external data can reach these locations, your application is exposed to a cross-site scripting (XSS) vulnerability. If you must do this, ensure no external data can reach this location."
apache/dubbo,dubbo-plugin/dubbo-compiler/src/main/resources/MutinyDubbo3TripleStub.mustache,javascript.express.security.audit.xss.mustache.explicit-unescape.template-explicit-unescape,WARNING,CWE-79: Improper Neutralization of Input During Web Page Generation ('Cross-site Scripting'),"Detected an explicit unescape in a Mustache template, using triple braces '{{{...}}}' or ampersand '&'. If external data can reach these locations, your application is exposed to a cross-site scripting (XSS) vulnerability. If you must do this, ensure no external data can reach this location."
apache/dubbo,dubbo-plugin/dubbo-compiler/src/main/resources/MutinyDubbo3TripleStub.mustache,javascript.express.security.audit.xss.mustache.explicit-unescape.template-explicit-unescape,WARNING,CWE-79: Improper Neutralization of Input During Web Page Generation ('Cross-site Scripting'),"Detected an explicit unescape in a Mustache template, using triple braces '{{{...}}}' or ampersand '&'. If external data can reach these locations, your application is exposed to a cross-site scripting (XSS) vulnerability. If you must do this, ensure no external data can reach this location."
apache/dubbo,dubbo-plugin/dubbo-compiler/src/main/resources/MutinyDubbo3TripleStub.mustache,javascript.express.security.audit.xss.mustache.explicit-unescape.template-explicit-unescape,WARNING,CWE-79: Improper Neutralization of Input During Web Page Generation ('Cross-site Scripting'),"Detected an explicit unescape in a Mustache template, using triple braces '{{{...}}}' or ampersand '&'. If external data can reach these locations, your application is exposed to a cross-site scripting (XSS) vulnerability. If you must do this, ensure no external data can reach this location."
apache/dubbo,dubbo-plugin/dubbo-compiler/src/main/resources/MutinyDubbo3TripleStub.mustache,javascript.express.security.audit.xss.mustache.explicit-unescape.template-explicit-unescape,WARNING,CWE-79: Improper Neutralization of Input During Web Page Generation ('Cross-site Scripting'),"Detected an explicit unescape in a Mustache template, using triple braces '{{{...}}}' or ampersand '&'. If external data can reach these locations, your application is exposed to a cross-site scripting (XSS) vulnerability. If you must do this, ensure no external data can reach this location."
apache/dubbo,dubbo-plugin/dubbo-compiler/src/main/resources/ReactorDubbo3TripleInterfaceStub.mustache,javascript.express.security.audit.xss.mustache.explicit-unescape.template-explicit-unescape,WARNING,CWE-79: Improper Neutralization of Input During Web Page Generation ('Cross-site Scripting'),"Detected an explicit unescape in a Mustache template, using triple braces '{{{...}}}' or ampersand '&'. If external data can reach these locations, your application is exposed to a cross-site scripting (XSS) vulnerability. If you must do this, ensure no external data can reach this location."
apache/dubbo,dubbo-plugin/dubbo-compiler/src/main/resources/ReactorDubbo3TripleStub.mustache,javascript.express.security.audit.xss.mustache.explicit-unescape.template-explicit-unescape,WARNING,CWE-79: Improper Neutralization of Input During Web Page Generation ('Cross-site Scripting'),"Detected an explicit unescape in a Mustache template, using triple braces '{{{...}}}' or ampersand '&'. If external data can reach these locations, your application is exposed to a cross-site scripting (XSS) vulnerability. If you must do this, ensure no external data can reach this location."
apache/dubbo,dubbo-plugin/dubbo-compiler/src/main/resources/ReactorDubbo3TripleStub.mustache,javascript.express.security.audit.xss.mustache.explicit-unescape.template-explicit-unescape,WARNING,CWE-79: Improper Neutralization of Input During Web Page Generation ('Cross-site Scripting'),"Detected an explicit unescape in a Mustache template, using triple braces '{{{...}}}' or ampersand '&'. If external data can reach these locations, your application is exposed to a cross-site scripting (XSS) vulnerability. If you must do this, ensure no external data can reach this location."
apache/dubbo,dubbo-plugin/dubbo-compiler/src/main/resources/ReactorDubbo3TripleStub.mustache,javascript.express.security.audit.xss.mustache.explicit-unescape.template-explicit-unescape,WARNING,CWE-79: Improper Neutralization of Input During Web Page Generation ('Cross-site Scripting'),"Detected an explicit unescape in a Mustache template, using triple braces '{{{...}}}' or ampersand '&'. If external data can reach these locations, your application is exposed to a cross-site scripting (XSS) vulnerability. If you must do this, ensure no external data can reach this location."
apache/dubbo,dubbo-plugin/dubbo-compiler/src/main/resources/ReactorDubbo3TripleStub.mustache,javascript.express.security.audit.xss.mustache.explicit-unescape.template-explicit-unescape,WARNING,CWE-79: Improper Neutralization of Input During Web Page Generation ('Cross-site Scripting'),"Detected an explicit unescape in a Mustache template, using triple braces '{{{...}}}' or ampersand '&'. If external data can reach these locations, your application is exposed to a cross-site scripting (XSS) vulnerability. If you must do this, ensure no external data can reach this location."
apache/dubbo,dubbo-plugin/dubbo-compiler/src/main/resources/ReactorDubbo3TripleStub.mustache,javascript.express.security.audit.xss.mustache.explicit-unescape.template-explicit-unescape,WARNING,CWE-79: Improper Neutralization of Input During Web Page Generation ('Cross-site Scripting'),"Detected an explicit unescape in a Mustache template, using triple braces '{{{...}}}' or ampersand '&'. If external data can reach these locations, your application is exposed to a cross-site scripting (XSS) vulnerability. If you must do this, ensure no external data can reach this location."
apache/dubbo,dubbo-plugin/dubbo-compiler/src/main/resources/ReactorDubbo3TripleStub.mustache,javascript.express.security.audit.xss.mustache.explicit-unescape.template-explicit-unescape,WARNING,CWE-79: Improper Neutralization of Input During Web Page Generation ('Cross-site Scripting'),"Detected an explicit unescape in a Mustache template, using triple braces '{{{...}}}' or ampersand '&'. If external data can reach these locations, your application is exposed to a cross-site scripting (XSS) vulnerability. If you must do this, ensure no external data can reach this location."
apache/dubbo,dubbo-plugin/dubbo-filter-validation/src/main/java/org/apache/dubbo/validation/support/jvalidation/JValidator.java,java.lang.security.audit.unsafe-reflection.unsafe-reflection,WARNING,CWE-470: Use of Externally-Controlled Input to Select Classes or Code ('Unsafe Reflection'),"If an attacker can supply values that the application then uses to determine which class to instantiate or which method to invoke, the potential exists for the attacker to create control flow paths through the application that were not intended by the application developers. This attack vector may allow the attacker to bypass authentication or access control checks or otherwise cause the application to behave in an unexpected manner."
apache/dubbo,dubbo-plugin/dubbo-filter-validation/src/main/java/org/apache/dubbo/validation/support/jvalidation/JValidator.java,java.lang.security.audit.unsafe-reflection.unsafe-reflection,WARNING,CWE-470: Use of Externally-Controlled Input to Select Classes or Code ('Unsafe Reflection'),"If an attacker can supply values that the application then uses to determine which class to instantiate or which method to invoke, the potential exists for the attacker to create control flow paths through the application that were not intended by the application developers. This attack vector may allow the attacker to bypass authentication or access control checks or otherwise cause the application to behave in an unexpected manner."
apache/dubbo,dubbo-plugin/dubbo-filter-validation/src/main/java/org/apache/dubbo/validation/support/jvalidation/JValidator.java,java.lang.security.audit.unsafe-reflection.unsafe-reflection,WARNING,CWE-470: Use of Externally-Controlled Input to Select Classes or Code ('Unsafe Reflection'),"If an attacker can supply values that the application then uses to determine which class to instantiate or which method to invoke, the potential exists for the attacker to create control flow paths through the application that were not intended by the application developers. This attack vector may allow the attacker to bypass authentication or access control checks or otherwise cause the application to behave in an unexpected manner."
apache/dubbo,dubbo-plugin/dubbo-filter-validation/src/main/java/org/apache/dubbo/validation/support/jvalidation/JValidatorNew.java,java.lang.security.audit.unsafe-reflection.unsafe-reflection,WARNING,CWE-470: Use of Externally-Controlled Input to Select Classes or Code ('Unsafe Reflection'),"If an attacker can supply values that the application then uses to determine which class to instantiate or which method to invoke, the potential exists for the attacker to create control flow paths through the application that were not intended by the application developers. This attack vector may allow the attacker to bypass authentication or access control checks or otherwise cause the application to behave in an unexpected manner."
apache/dubbo,dubbo-plugin/dubbo-filter-validation/src/main/java/org/apache/dubbo/validation/support/jvalidation/JValidatorNew.java,java.lang.security.audit.unsafe-reflection.unsafe-reflection,WARNING,CWE-470: Use of Externally-Controlled Input to Select Classes or Code ('Unsafe Reflection'),"If an attacker can supply values that the application then uses to determine which class to instantiate or which method to invoke, the potential exists for the attacker to create control flow paths through the application that were not intended by the application developers. This attack vector may allow the attacker to bypass authentication or access control checks or otherwise cause the application to behave in an unexpected manner."
apache/dubbo,dubbo-plugin/dubbo-filter-validation/src/main/java/org/apache/dubbo/validation/support/jvalidation/JValidatorNew.java,java.lang.security.audit.unsafe-reflection.unsafe-reflection,WARNING,CWE-470: Use of Externally-Controlled Input to Select Classes or Code ('Unsafe Reflection'),"If an attacker can supply values that the application then uses to determine which class to instantiate or which method to invoke, the potential exists for the attacker to create control flow paths through the application that were not intended by the application developers. This attack vector may allow the attacker to bypass authentication or access control checks or otherwise cause the application to behave in an unexpected manner."
apache/dubbo,dubbo-plugin/dubbo-native/src/main/java/org/apache/dubbo/aot/generate/JarScanner.java,java.lang.security.audit.unsafe-reflection.unsafe-reflection,WARNING,CWE-470: Use of Externally-Controlled Input to Select Classes or Code ('Unsafe Reflection'),"If an attacker can supply values that the application then uses to determine which class to instantiate or which method to invoke, the potential exists for the attacker to create control flow paths through the application that were not intended by the application developers. This attack vector may allow the attacker to bypass authentication or access control checks or otherwise cause the application to behave in an unexpected manner."
apache/dubbo,dubbo-registry/dubbo-registry-multicast/src/main/java/org/apache/dubbo/registry/multicast/MulticastRegistry.java,java.lang.security.audit.crypto.unencrypted-socket.unencrypted-socket,WARNING,CWE-319: Cleartext Transmission of Sensitive Information,"Detected use of a Java socket that is not encrypted. As a result, the traffic could be read by an attacker intercepting the network traffic. Use an SSLSocket created by 'SSLSocketFactory' or 'SSLServerSocketFactory' instead."
apache/dubbo,dubbo-registry/dubbo-registry-multicast/src/main/java/org/apache/dubbo/registry/multicast/MulticastRegistry.java,java.lang.security.audit.crypto.unencrypted-socket.unencrypted-socket,WARNING,CWE-319: Cleartext Transmission of Sensitive Information,"Detected use of a Java socket that is not encrypted. As a result, the traffic could be read by an attacker intercepting the network traffic. Use an SSLSocket created by 'SSLSocketFactory' or 'SSLServerSocketFactory' instead."
apache/httpcomponents-client,.github/dependabot.yml,package_managers.dependabot.dependabot-missing-cooldown.dependabot-missing-cooldown,MEDIUM,CWE-829: Inclusion of Functionality from Untrusted Control Sphere,This Dependabot configuration does not set a cooldown period. Newly published packages can be malicious or unstable. Add a `cooldown` block with `default-days: 7` to each `package-ecosystem` entry under `updates` to wait 7 days before proposing updates to newly published package versions. Reference: https://docs.github.com/en/code-security/dependabot/dependabot-version-updates/configuration-options-for-the-dependabot.yml-file#cooldown
apache/httpcomponents-client,.github/dependabot.yml,package_managers.dependabot.dependabot-missing-cooldown.dependabot-missing-cooldown,MEDIUM,CWE-829: Inclusion of Functionality from Untrusted Control Sphere,This Dependabot configuration does not set a cooldown period. Newly published packages can be malicious or unstable. Add a `cooldown` block with `default-days: 7` to each `package-ecosystem` entry under `updates` to wait 7 days before proposing updates to newly published package versions. Reference: https://docs.github.com/en/code-security/dependabot/dependabot-version-updates/configuration-options-for-the-dependabot.yml-file#cooldown
apache/httpcomponents-client,.github/workflows/codeql-analysis.yml,yaml.github-actions.security.github-actions-mutable-action-tag.github-actions-mutable-action-tag,WARNING,CWE-1357: Reliance on Insufficiently Trustworthy Component; CWE-353: Missing Support for Integrity Check,"GitHub Actions step uses a mutable tag or branch reference. Tags and branch names can be silently repointed by the action owner, enabling supply-chain attacks — as seen in the trivy-action and kics-github-action compromises. Pin the reference to a full 40-character commit SHA instead, e.g. `uses: actions/checkout@8ade135a41bc03ea155e62e844d188df1ea18608`."
apache/httpcomponents-client,.github/workflows/codeql-analysis.yml,yaml.github-actions.security.github-actions-mutable-action-tag.github-actions-mutable-action-tag,WARNING,CWE-1357: Reliance on Insufficiently Trustworthy Component; CWE-353: Missing Support for Integrity Check,"GitHub Actions step uses a mutable tag or branch reference. Tags and branch names can be silently repointed by the action owner, enabling supply-chain attacks — as seen in the trivy-action and kics-github-action compromises. Pin the reference to a full 40-character commit SHA instead, e.g. `uses: actions/checkout@8ade135a41bc03ea155e62e844d188df1ea18608`."
apache/httpcomponents-client,.github/workflows/codeql-analysis.yml,yaml.github-actions.security.github-actions-mutable-action-tag.github-actions-mutable-action-tag,WARNING,CWE-1357: Reliance on Insufficiently Trustworthy Component; CWE-353: Missing Support for Integrity Check,"GitHub Actions step uses a mutable tag or branch reference. Tags and branch names can be silently repointed by the action owner, enabling supply-chain attacks — as seen in the trivy-action and kics-github-action compromises. Pin the reference to a full 40-character commit SHA instead, e.g. `uses: actions/checkout@8ade135a41bc03ea155e62e844d188df1ea18608`."
apache/httpcomponents-client,.github/workflows/depsreview.yaml,yaml.github-actions.security.github-actions-mutable-action-tag.github-actions-mutable-action-tag,WARNING,CWE-1357: Reliance on Insufficiently Trustworthy Component; CWE-353: Missing Support for Integrity Check,"GitHub Actions step uses a mutable tag or branch reference. Tags and branch names can be silently repointed by the action owner, enabling supply-chain attacks — as seen in the trivy-action and kics-github-action compromises. Pin the reference to a full 40-character commit SHA instead, e.g. `uses: actions/checkout@8ade135a41bc03ea155e62e844d188df1ea18608`."
apache/httpcomponents-client,.github/workflows/depsreview.yaml,yaml.github-actions.security.github-actions-mutable-action-tag.github-actions-mutable-action-tag,WARNING,CWE-1357: Reliance on Insufficiently Trustworthy Component; CWE-353: Missing Support for Integrity Check,"GitHub Actions step uses a mutable tag or branch reference. Tags and branch names can be silently repointed by the action owner, enabling supply-chain attacks — as seen in the trivy-action and kics-github-action compromises. Pin the reference to a full 40-character commit SHA instead, e.g. `uses: actions/checkout@8ade135a41bc03ea155e62e844d188df1ea18608`."
apache/httpcomponents-client,.github/workflows/maven.yml,yaml.github-actions.security.github-actions-mutable-action-tag.github-actions-mutable-action-tag,WARNING,CWE-1357: Reliance on Insufficiently Trustworthy Component; CWE-353: Missing Support for Integrity Check,"GitHub Actions step uses a mutable tag or branch reference. Tags and branch names can be silently repointed by the action owner, enabling supply-chain attacks — as seen in the trivy-action and kics-github-action compromises. Pin the reference to a full 40-character commit SHA instead, e.g. `uses: actions/checkout@8ade135a41bc03ea155e62e844d188df1ea18608`."
apache/httpcomponents-client,.github/workflows/maven.yml,yaml.github-actions.security.github-actions-mutable-action-tag.github-actions-mutable-action-tag,WARNING,CWE-1357: Reliance on Insufficiently Trustworthy Component; CWE-353: Missing Support for Integrity Check,"GitHub Actions step uses a mutable tag or branch reference. Tags and branch names can be silently repointed by the action owner, enabling supply-chain attacks — as seen in the trivy-action and kics-github-action compromises. Pin the reference to a full 40-character commit SHA instead, e.g. `uses: actions/checkout@8ade135a41bc03ea155e62e844d188df1ea18608`."
apache/httpcomponents-client,.github/workflows/maven.yml,yaml.github-actions.security.github-actions-mutable-action-tag.github-actions-mutable-action-tag,WARNING,CWE-1357: Reliance on Insufficiently Trustworthy Component; CWE-353: Missing Support for Integrity Check,"GitHub Actions step uses a mutable tag or branch reference. Tags and branch names can be silently repointed by the action owner, enabling supply-chain attacks — as seen in the trivy-action and kics-github-action compromises. Pin the reference to a full 40-character commit SHA instead, e.g. `uses: actions/checkout@8ade135a41bc03ea155e62e844d188df1ea18608`."
apache/httpcomponents-client,.github/workflows/maven.yml,yaml.github-actions.security.github-actions-mutable-action-tag.github-actions-mutable-action-tag,WARNING,CWE-1357: Reliance on Insufficiently Trustworthy Component; CWE-353: Missing Support for Integrity Check,"GitHub Actions step uses a mutable tag or branch reference. Tags and branch names can be silently repointed by the action owner, enabling supply-chain attacks — as seen in the trivy-action and kics-github-action compromises. Pin the reference to a full 40-character commit SHA instead, e.g. `uses: actions/checkout@8ade135a41bc03ea155e62e844d188df1ea18608`."
apache/httpcomponents-client,httpclient5-websocket/src/main/java/org/apache/hc/client5/http/websocket/client/CloseableWebSocketClient.java,javascript.lang.security.detect-insecure-websocket.detect-insecure-websocket,ERROR,CWE-319: Cleartext Transmission of Sensitive Information,Insecure WebSocket Detected. WebSocket Secure (wss) should be used for all WebSocket connections.
apache/httpcomponents-client,httpclient5-websocket/src/main/java/org/apache/hc/client5/http/websocket/client/impl/protocol/Http1UpgradeProtocol.java,java.lang.security.audit.crypto.use-of-sha1.use-of-sha1,WARNING,CWE-328: Use of Weak Hash,"Detected SHA1 hash algorithm which is considered insecure. SHA1 is not collision resistant and is therefore not suitable as a cryptographic signature. Instead, use PBKDF2 for password hashing or SHA256 or SHA512 for other hash function applications."
apache/httpcomponents-client,httpclient5-websocket/src/main/java/org/apache/hc/client5/http/websocket/client/impl/protocol/WebSocketProtocolStrategy.java,javascript.lang.security.detect-insecure-websocket.detect-insecure-websocket,ERROR,CWE-319: Cleartext Transmission of Sensitive Information,Insecure WebSocket Detected. WebSocket Secure (wss) should be used for all WebSocket connections.
apache/httpcomponents-client,httpclient5-websocket/src/main/java/org/apache/hc/core5/websocket/WebSocketHandshake.java,java.lang.security.audit.crypto.use-of-sha1.use-of-sha1,WARNING,CWE-328: Use of Weak Hash,"Detected SHA1 hash algorithm which is considered insecure. SHA1 is not collision resistant and is therefore not suitable as a cryptographic signature. Instead, use PBKDF2 for password hashing or SHA256 or SHA512 for other hash function applications."
apache/httpcomponents-client,httpclient5/src/main/java/org/apache/hc/client5/http/cookie/BasicCookieStore.java,java.lang.security.audit.cookie-missing-httponly.cookie-missing-httponly,WARNING,CWE-1004: Sensitive Cookie Without 'HttpOnly' Flag,A cookie was detected without setting the 'HttpOnly' flag. The 'HttpOnly' flag for cookies instructs the browser to forbid client-side scripts from reading the cookie. Set the 'HttpOnly' flag by calling 'cookie.setHttpOnly(true);'
apache/httpcomponents-client,httpclient5/src/main/java/org/apache/hc/client5/http/cookie/BasicCookieStore.java,java.lang.security.audit.cookie-missing-secure-flag.cookie-missing-secure-flag,WARNING,CWE-614: Sensitive Cookie in HTTPS Session Without 'Secure' Attribute,A cookie was detected without setting the 'secure' flag. The 'secure' flag for cookies prevents the client from transmitting the cookie over insecure channels such as HTTP. Set the 'secure' flag by calling 'cookie.setSecure(true);'
apache/httpcomponents-client,httpclient5/src/main/java/org/apache/hc/client5/http/entity/compress/CommonsCompressCodecFactory.java,java.lang.security.audit.unsafe-reflection.unsafe-reflection,WARNING,CWE-470: Use of Externally-Controlled Input to Select Classes or Code ('Unsafe Reflection'),"If an attacker can supply values that the application then uses to determine which class to instantiate or which method to invoke, the potential exists for the attacker to create control flow paths through the application that were not intended by the application developers. This attack vector may allow the attacker to bypass authentication or access control checks or otherwise cause the application to behave in an unexpected manner."
apache/httpcomponents-client,httpclient5/src/main/java/org/apache/hc/client5/http/impl/auth/NTLMEngineImpl.java,java.lang.security.audit.crypto.ecb-cipher.ecb-cipher,WARNING,CWE-327: Use of a Broken or Risky Cryptographic Algorithm,"Cipher in ECB mode is detected. ECB mode produces the same output for the same input each time which allows an attacker to intercept and replay the data. Further, ECB mode does not provide any integrity checking. See https://find-sec-bugs.github.io/bugs.htm#CIPHER_INTEGRITY."
apache/httpcomponents-client,httpclient5/src/main/java/org/apache/hc/client5/http/impl/auth/NTLMEngineImpl.java,java.lang.security.audit.crypto.des-is-deprecated.des-is-deprecated,WARNING,CWE-326: Inadequate Encryption Strength,DES is considered deprecated. AES is the recommended cipher. Upgrade to use AES. See https://www.nist.gov/news-events/news/2005/06/nist-withdraws-outdated-data-encryption-standard for more information.
apache/httpcomponents-client,httpclient5/src/main/java/org/apache/hc/client5/http/impl/auth/NTLMEngineImpl.java,java.lang.security.audit.crypto.des-is-deprecated.des-is-deprecated,WARNING,CWE-326: Inadequate Encryption Strength,DES is considered deprecated. AES is the recommended cipher. Upgrade to use AES. See https://www.nist.gov/news-events/news/2005/06/nist-withdraws-outdated-data-encryption-standard for more information.
apache/httpcomponents-client,httpclient5/src/main/java/org/apache/hc/client5/http/impl/auth/NTLMEngineImpl.java,java.lang.security.audit.crypto.use-of-rc4.use-of-rc4,WARNING,CWE-327: Use of a Broken or Risky Cryptographic Algorithm,"Use of RC4 was detected. RC4 is vulnerable to several attacks, including stream cipher attacks and bit flipping attacks. Instead, use a strong, secure cipher: Cipher.getInstance(""AES/CBC/PKCS7PADDING""). See https://owasp.org/www-community/Using_the_Java_Cryptographic_Extensions for more information."
apache/httpcomponents-client,httpclient5/src/main/java/org/apache/hc/client5/http/impl/auth/NTLMEngineImpl.java,java.lang.security.audit.crypto.ecb-cipher.ecb-cipher,WARNING,CWE-327: Use of a Broken or Risky Cryptographic Algorithm,"Cipher in ECB mode is detected. ECB mode produces the same output for the same input each time which allows an attacker to intercept and replay the data. Further, ECB mode does not provide any integrity checking. See https://find-sec-bugs.github.io/bugs.htm#CIPHER_INTEGRITY."
apache/httpcomponents-client,httpclient5/src/main/java/org/apache/hc/client5/http/impl/auth/NTLMEngineImpl.java,java.lang.security.audit.crypto.des-is-deprecated.des-is-deprecated,WARNING,CWE-326: Inadequate Encryption Strength,DES is considered deprecated. AES is the recommended cipher. Upgrade to use AES. See https://www.nist.gov/news-events/news/2005/06/nist-withdraws-outdated-data-encryption-standard for more information.
apache/httpcomponents-client,httpclient5/src/main/java/org/apache/hc/client5/http/impl/auth/NTLMEngineImpl.java,java.lang.security.audit.crypto.ecb-cipher.ecb-cipher,WARNING,CWE-327: Use of a Broken or Risky Cryptographic Algorithm,"Cipher in ECB mode is detected. ECB mode produces the same output for the same input each time which allows an attacker to intercept and replay the data. Further, ECB mode does not provide any integrity checking. See https://find-sec-bugs.github.io/bugs.htm#CIPHER_INTEGRITY."
apache/httpcomponents-client,httpclient5/src/main/java/org/apache/hc/client5/http/impl/auth/NTLMEngineImpl.java,java.lang.security.audit.crypto.des-is-deprecated.des-is-deprecated,WARNING,CWE-326: Inadequate Encryption Strength,DES is considered deprecated. AES is the recommended cipher. Upgrade to use AES. See https://www.nist.gov/news-events/news/2005/06/nist-withdraws-outdated-data-encryption-standard for more information.
apache/httpcomponents-client,httpclient5/src/main/java/org/apache/hc/client5/http/impl/auth/NTLMEngineImpl.java,java.lang.security.audit.crypto.use-of-rc4.use-of-rc4,WARNING,CWE-327: Use of a Broken or Risky Cryptographic Algorithm,"Use of RC4 was detected. RC4 is vulnerable to several attacks, including stream cipher attacks and bit flipping attacks. Instead, use a strong, secure cipher: Cipher.getInstance(""AES/CBC/PKCS7PADDING""). See https://owasp.org/www-community/Using_the_Java_Cryptographic_Extensions for more information."
apache/httpcomponents-client,httpclient5/src/main/java/org/apache/hc/client5/http/impl/auth/NTLMEngineImpl.java,java.lang.security.audit.crypto.use-of-md5.use-of-md5,WARNING,CWE-328: Use of Weak Hash,Detected MD5 hash algorithm which is considered insecure. MD5 is not collision resistant and is therefore not suitable as a cryptographic signature. Use HMAC instead.
apache/httpcomponents-client,httpclient5/src/main/java/org/apache/hc/client5/http/impl/classic/ProxyClient.java,java.lang.security.audit.crypto.unencrypted-socket.unencrypted-socket,WARNING,CWE-319: Cleartext Transmission of Sensitive Information,"Detected use of a Java socket that is not encrypted. As a result, the traffic could be read by an attacker intercepting the network traffic. Use an SSLSocket created by 'SSLSocketFactory' or 'SSLServerSocketFactory' instead."
apache/httpcomponents-client,httpclient5/src/main/java/org/apache/hc/client5/http/impl/io/DefaultHttpClientConnectionOperator.java,java.lang.security.audit.crypto.unencrypted-socket.unencrypted-socket,WARNING,CWE-319: Cleartext Transmission of Sensitive Information,"Detected use of a Java socket that is not encrypted. As a result, the traffic could be read by an attacker intercepting the network traffic. Use an SSLSocket created by 'SSLSocketFactory' or 'SSLServerSocketFactory' instead."
apache/httpcomponents-client,httpclient5/src/main/java/org/apache/hc/client5/http/impl/io/DefaultHttpClientConnectionOperator.java,java.lang.security.audit.crypto.unencrypted-socket.unencrypted-socket,WARNING,CWE-319: Cleartext Transmission of Sensitive Information,"Detected use of a Java socket that is not encrypted. As a result, the traffic could be read by an attacker intercepting the network traffic. Use an SSLSocket created by 'SSLSocketFactory' or 'SSLServerSocketFactory' instead."
apache/httpcomponents-client,httpclient5/src/main/java/org/apache/hc/client5/http/protocol/ResponseProcessCookies.java,java.lang.security.audit.cookie-missing-httponly.cookie-missing-httponly,WARNING,CWE-1004: Sensitive Cookie Without 'HttpOnly' Flag,A cookie was detected without setting the 'HttpOnly' flag. The 'HttpOnly' flag for cookies instructs the browser to forbid client-side scripts from reading the cookie. Set the 'HttpOnly' flag by calling 'cookie.setHttpOnly(true);'
apache/httpcomponents-client,httpclient5/src/main/java/org/apache/hc/client5/http/protocol/ResponseProcessCookies.java,java.lang.security.audit.cookie-missing-secure-flag.cookie-missing-secure-flag,WARNING,CWE-614: Sensitive Cookie in HTTPS Session Without 'Secure' Attribute,A cookie was detected without setting the 'secure' flag. The 'secure' flag for cookies prevents the client from transmitting the cookie over insecure channels such as HTTP. Set the 'secure' flag by calling 'cookie.setSecure(true);'
apache/httpcomponents-client,httpclient5/src/main/java/org/apache/hc/client5/http/socket/PlainConnectionSocketFactory.java,java.lang.security.audit.crypto.unencrypted-socket.unencrypted-socket,WARNING,CWE-319: Cleartext Transmission of Sensitive Information,"Detected use of a Java socket that is not encrypted. As a result, the traffic could be read by an attacker intercepting the network traffic. Use an SSLSocket created by 'SSLSocketFactory' or 'SSLServerSocketFactory' instead."
apache/httpcomponents-client,httpclient5/src/main/java/org/apache/hc/client5/http/socket/PlainConnectionSocketFactory.java,java.lang.security.audit.crypto.unencrypted-socket.unencrypted-socket,WARNING,CWE-319: Cleartext Transmission of Sensitive Information,"Detected use of a Java socket that is not encrypted. As a result, the traffic could be read by an attacker intercepting the network traffic. Use an SSLSocket created by 'SSLSocketFactory' or 'SSLServerSocketFactory' instead."
apache/httpcomponents-client,httpclient5/src/main/java/org/apache/hc/client5/http/ssl/NoopHostnameVerifier.java,java.lang.security.audit.crypto.ssl.insecure-hostname-verifier.insecure-hostname-verifier,WARNING,CWE-295: Improper Certificate Validation,"Insecure HostnameVerifier implementation detected. This will accept any SSL certificate with any hostname, which creates the possibility for man-in-the-middle attacks."
apache/httpcomponents-client,httpclient5/src/main/java/org/apache/hc/client5/http/ssl/SSLConnectionSocketFactory.java,problem-based-packs.insecure-transport.java-stdlib.disallow-old-tls-versions1.disallow-old-tls-versions1,WARNING,CWE-319: Cleartext Transmission of Sensitive Information,"Detects direct creations of SSLConnectionSocketFactories that don't disallow SSL v2, SSL v3, and TLS v1. SSLSocketFactory can be used to validate the identity of the HTTPS server against a list of trusted certificates. These protocols are deprecated due to POODLE, man in the middle attacks, and other vulnerabilities."
apache/httpcomponents-client,httpclient5/src/main/java/org/apache/hc/client5/http/ssl/SSLConnectionSocketFactory.java,java.lang.security.audit.crypto.unencrypted-socket.unencrypted-socket,WARNING,CWE-319: Cleartext Transmission of Sensitive Information,"Detected use of a Java socket that is not encrypted. As a result, the traffic could be read by an attacker intercepting the network traffic. Use an SSLSocket created by 'SSLSocketFactory' or 'SSLServerSocketFactory' instead."
apache/httpcomponents-client,httpclient5/src/main/java/org/apache/hc/client5/http/ssl/SSLConnectionSocketFactory.java,java.lang.security.audit.crypto.unencrypted-socket.unencrypted-socket,WARNING,CWE-319: Cleartext Transmission of Sensitive Information,"Detected use of a Java socket that is not encrypted. As a result, the traffic could be read by an attacker intercepting the network traffic. Use an SSLSocket created by 'SSLSocketFactory' or 'SSLServerSocketFactory' instead."
apache/httpcomponents-client,httpclient5/src/main/java/org/apache/hc/client5/http/ssl/SSLConnectionSocketFactoryBuilder.java,problem-based-packs.insecure-transport.java-stdlib.disallow-old-tls-versions1.disallow-old-tls-versions1,WARNING,CWE-319: Cleartext Transmission of Sensitive Information,"Detects direct creations of SSLConnectionSocketFactories that don't disallow SSL v2, SSL v3, and TLS v1. SSLSocketFactory can be used to validate the identity of the HTTPS server against a list of trusted certificates. These protocols are deprecated due to POODLE, man in the middle attacks, and other vulnerabilities."
apache/httpcomponents-client,test-CA/ca-key.pem,generic.secrets.security.detected-private-key.detected-private-key,ERROR,CWE-798: Use of Hard-coded Credentials,"Private Key detected. This is a sensitive credential and should not be hardcoded here. Instead, store this in a separate, private file."
apache/rocketmq,.github/workflows/bazel.yml,yaml.github-actions.security.github-actions-mutable-action-tag.github-actions-mutable-action-tag,WARNING,CWE-1357: Reliance on Insufficiently Trustworthy Component; CWE-353: Missing Support for Integrity Check,"GitHub Actions step uses a mutable tag or branch reference. Tags and branch names can be silently repointed by the action owner, enabling supply-chain attacks — as seen in the trivy-action and kics-github-action compromises. Pin the reference to a full 40-character commit SHA instead, e.g. `uses: actions/checkout@8ade135a41bc03ea155e62e844d188df1ea18608`."
apache/rocketmq,.github/workflows/bazel.yml,yaml.github-actions.security.github-actions-mutable-action-tag.github-actions-mutable-action-tag,WARNING,CWE-1357: Reliance on Insufficiently Trustworthy Component; CWE-353: Missing Support for Integrity Check,"GitHub Actions step uses a mutable tag or branch reference. Tags and branch names can be silently repointed by the action owner, enabling supply-chain attacks — as seen in the trivy-action and kics-github-action compromises. Pin the reference to a full 40-character commit SHA instead, e.g. `uses: actions/checkout@8ade135a41bc03ea155e62e844d188df1ea18608`."
apache/rocketmq,.github/workflows/bazel.yml,yaml.github-actions.security.github-actions-mutable-action-tag.github-actions-mutable-action-tag,WARNING,CWE-1357: Reliance on Insufficiently Trustworthy Component; CWE-353: Missing Support for Integrity Check,"GitHub Actions step uses a mutable tag or branch reference. Tags and branch names can be silently repointed by the action owner, enabling supply-chain attacks — as seen in the trivy-action and kics-github-action compromises. Pin the reference to a full 40-character commit SHA instead, e.g. `uses: actions/checkout@8ade135a41bc03ea155e62e844d188df1ea18608`."
apache/rocketmq,.github/workflows/codeql_analysis.yml,yaml.github-actions.security.github-actions-mutable-action-tag.github-actions-mutable-action-tag,WARNING,CWE-1357: Reliance on Insufficiently Trustworthy Component; CWE-353: Missing Support for Integrity Check,"GitHub Actions step uses a mutable tag or branch reference. Tags and branch names can be silently repointed by the action owner, enabling supply-chain attacks — as seen in the trivy-action and kics-github-action compromises. Pin the reference to a full 40-character commit SHA instead, e.g. `uses: actions/checkout@8ade135a41bc03ea155e62e844d188df1ea18608`."
apache/rocketmq,.github/workflows/codeql_analysis.yml,yaml.github-actions.security.github-actions-mutable-action-tag.github-actions-mutable-action-tag,WARNING,CWE-1357: Reliance on Insufficiently Trustworthy Component; CWE-353: Missing Support for Integrity Check,"GitHub Actions step uses a mutable tag or branch reference. Tags and branch names can be silently repointed by the action owner, enabling supply-chain attacks — as seen in the trivy-action and kics-github-action compromises. Pin the reference to a full 40-character commit SHA instead, e.g. `uses: actions/checkout@8ade135a41bc03ea155e62e844d188df1ea18608`."
apache/rocketmq,.github/workflows/codeql_analysis.yml,yaml.github-actions.security.github-actions-mutable-action-tag.github-actions-mutable-action-tag,WARNING,CWE-1357: Reliance on Insufficiently Trustworthy Component; CWE-353: Missing Support for Integrity Check,"GitHub Actions step uses a mutable tag or branch reference. Tags and branch names can be silently repointed by the action owner, enabling supply-chain attacks — as seen in the trivy-action and kics-github-action compromises. Pin the reference to a full 40-character commit SHA instead, e.g. `uses: actions/checkout@8ade135a41bc03ea155e62e844d188df1ea18608`."
apache/rocketmq,.github/workflows/codeql_analysis.yml,yaml.github-actions.security.github-actions-mutable-action-tag.github-actions-mutable-action-tag,WARNING,CWE-1357: Reliance on Insufficiently Trustworthy Component; CWE-353: Missing Support for Integrity Check,"GitHub Actions step uses a mutable tag or branch reference. Tags and branch names can be silently repointed by the action owner, enabling supply-chain attacks — as seen in the trivy-action and kics-github-action compromises. Pin the reference to a full 40-character commit SHA instead, e.g. `uses: actions/checkout@8ade135a41bc03ea155e62e844d188df1ea18608`."
apache/rocketmq,.github/workflows/codeql_analysis.yml,yaml.github-actions.security.github-actions-mutable-action-tag.github-actions-mutable-action-tag,WARNING,CWE-1357: Reliance on Insufficiently Trustworthy Component; CWE-353: Missing Support for Integrity Check,"GitHub Actions step uses a mutable tag or branch reference. Tags and branch names can be silently repointed by the action owner, enabling supply-chain attacks — as seen in the trivy-action and kics-github-action compromises. Pin the reference to a full 40-character commit SHA instead, e.g. `uses: actions/checkout@8ade135a41bc03ea155e62e844d188df1ea18608`."
apache/rocketmq,.github/workflows/coverage.yml,yaml.github-actions.security.github-actions-mutable-action-tag.github-actions-mutable-action-tag,WARNING,CWE-1357: Reliance on Insufficiently Trustworthy Component; CWE-353: Missing Support for Integrity Check,"GitHub Actions step uses a mutable tag or branch reference. Tags and branch names can be silently repointed by the action owner, enabling supply-chain attacks — as seen in the trivy-action and kics-github-action compromises. Pin the reference to a full 40-character commit SHA instead, e.g. `uses: actions/checkout@8ade135a41bc03ea155e62e844d188df1ea18608`."
apache/rocketmq,.github/workflows/coverage.yml,yaml.github-actions.security.github-actions-mutable-action-tag.github-actions-mutable-action-tag,WARNING,CWE-1357: Reliance on Insufficiently Trustworthy Component; CWE-353: Missing Support for Integrity Check,"GitHub Actions step uses a mutable tag or branch reference. Tags and branch names can be silently repointed by the action owner, enabling supply-chain attacks — as seen in the trivy-action and kics-github-action compromises. Pin the reference to a full 40-character commit SHA instead, e.g. `uses: actions/checkout@8ade135a41bc03ea155e62e844d188df1ea18608`."
apache/rocketmq,.github/workflows/coverage.yml,yaml.github-actions.security.github-actions-mutable-action-tag.github-actions-mutable-action-tag,WARNING,CWE-1357: Reliance on Insufficiently Trustworthy Component; CWE-353: Missing Support for Integrity Check,"GitHub Actions step uses a mutable tag or branch reference. Tags and branch names can be silently repointed by the action owner, enabling supply-chain attacks — as seen in the trivy-action and kics-github-action compromises. Pin the reference to a full 40-character commit SHA instead, e.g. `uses: actions/checkout@8ade135a41bc03ea155e62e844d188df1ea18608`."
apache/rocketmq,.github/workflows/integration-test.yml,yaml.github-actions.security.github-actions-mutable-action-tag.github-actions-mutable-action-tag,WARNING,CWE-1357: Reliance on Insufficiently Trustworthy Component; CWE-353: Missing Support for Integrity Check,"GitHub Actions step uses a mutable tag or branch reference. Tags and branch names can be silently repointed by the action owner, enabling supply-chain attacks — as seen in the trivy-action and kics-github-action compromises. Pin the reference to a full 40-character commit SHA instead, e.g. `uses: actions/checkout@8ade135a41bc03ea155e62e844d188df1ea18608`."
apache/rocketmq,.github/workflows/integration-test.yml,yaml.github-actions.security.github-actions-mutable-action-tag.github-actions-mutable-action-tag,WARNING,CWE-1357: Reliance on Insufficiently Trustworthy Component; CWE-353: Missing Support for Integrity Check,"GitHub Actions step uses a mutable tag or branch reference. Tags and branch names can be silently repointed by the action owner, enabling supply-chain attacks — as seen in the trivy-action and kics-github-action compromises. Pin the reference to a full 40-character commit SHA instead, e.g. `uses: actions/checkout@8ade135a41bc03ea155e62e844d188df1ea18608`."
apache/rocketmq,.github/workflows/integration-test.yml,yaml.github-actions.security.github-actions-mutable-action-tag.github-actions-mutable-action-tag,WARNING,CWE-1357: Reliance on Insufficiently Trustworthy Component; CWE-353: Missing Support for Integrity Check,"GitHub Actions step uses a mutable tag or branch reference. Tags and branch names can be silently repointed by the action owner, enabling supply-chain attacks — as seen in the trivy-action and kics-github-action compromises. Pin the reference to a full 40-character commit SHA instead, e.g. `uses: actions/checkout@8ade135a41bc03ea155e62e844d188df1ea18608`."
apache/rocketmq,.github/workflows/integration-test.yml,yaml.github-actions.security.github-actions-mutable-action-tag.github-actions-mutable-action-tag,WARNING,CWE-1357: Reliance on Insufficiently Trustworthy Component; CWE-353: Missing Support for Integrity Check,"GitHub Actions step uses a mutable tag or branch reference. Tags and branch names can be silently repointed by the action owner, enabling supply-chain attacks — as seen in the trivy-action and kics-github-action compromises. Pin the reference to a full 40-character commit SHA instead, e.g. `uses: actions/checkout@8ade135a41bc03ea155e62e844d188df1ea18608`."
apache/rocketmq,.github/workflows/license-checker.yaml,yaml.github-actions.security.github-actions-mutable-action-tag.github-actions-mutable-action-tag,WARNING,CWE-1357: Reliance on Insufficiently Trustworthy Component; CWE-353: Missing Support for Integrity Check,"GitHub Actions step uses a mutable tag or branch reference. Tags and branch names can be silently repointed by the action owner, enabling supply-chain attacks — as seen in the trivy-action and kics-github-action compromises. Pin the reference to a full 40-character commit SHA instead, e.g. `uses: actions/checkout@8ade135a41bc03ea155e62e844d188df1ea18608`."
apache/rocketmq,.github/workflows/license-checker.yaml,yaml.github-actions.security.github-actions-mutable-action-tag.github-actions-mutable-action-tag,WARNING,CWE-1357: Reliance on Insufficiently Trustworthy Component; CWE-353: Missing Support for Integrity Check,"GitHub Actions step uses a mutable tag or branch reference. Tags and branch names can be silently repointed by the action owner, enabling supply-chain attacks — as seen in the trivy-action and kics-github-action compromises. Pin the reference to a full 40-character commit SHA instead, e.g. `uses: actions/checkout@8ade135a41bc03ea155e62e844d188df1ea18608`."
apache/rocketmq,.github/workflows/maven.yaml,yaml.github-actions.security.github-actions-mutable-action-tag.github-actions-mutable-action-tag,WARNING,CWE-1357: Reliance on Insufficiently Trustworthy Component; CWE-353: Missing Support for Integrity Check,"GitHub Actions step uses a mutable tag or branch reference. Tags and branch names can be silently repointed by the action owner, enabling supply-chain attacks — as seen in the trivy-action and kics-github-action compromises. Pin the reference to a full 40-character commit SHA instead, e.g. `uses: actions/checkout@8ade135a41bc03ea155e62e844d188df1ea18608`."
apache/rocketmq,.github/workflows/maven.yaml,yaml.github-actions.security.github-actions-mutable-action-tag.github-actions-mutable-action-tag,WARNING,CWE-1357: Reliance on Insufficiently Trustworthy Component; CWE-353: Missing Support for Integrity Check,"GitHub Actions step uses a mutable tag or branch reference. Tags and branch names can be silently repointed by the action owner, enabling supply-chain attacks — as seen in the trivy-action and kics-github-action compromises. Pin the reference to a full 40-character commit SHA instead, e.g. `uses: actions/checkout@8ade135a41bc03ea155e62e844d188df1ea18608`."
apache/rocketmq,.github/workflows/maven.yaml,yaml.github-actions.security.github-actions-mutable-action-tag.github-actions-mutable-action-tag,WARNING,CWE-1357: Reliance on Insufficiently Trustworthy Component; CWE-353: Missing Support for Integrity Check,"GitHub Actions step uses a mutable tag or branch reference. Tags and branch names can be silently repointed by the action owner, enabling supply-chain attacks — as seen in the trivy-action and kics-github-action compromises. Pin the reference to a full 40-character commit SHA instead, e.g. `uses: actions/checkout@8ade135a41bc03ea155e62e844d188df1ea18608`."
apache/rocketmq,.github/workflows/maven.yaml,yaml.github-actions.security.github-actions-mutable-action-tag.github-actions-mutable-action-tag,WARNING,CWE-1357: Reliance on Insufficiently Trustworthy Component; CWE-353: Missing Support for Integrity Check,"GitHub Actions step uses a mutable tag or branch reference. Tags and branch names can be silently repointed by the action owner, enabling supply-chain attacks — as seen in the trivy-action and kics-github-action compromises. Pin the reference to a full 40-character commit SHA instead, e.g. `uses: actions/checkout@8ade135a41bc03ea155e62e844d188df1ea18608`."
apache/rocketmq,.github/workflows/misspell_check.yml,yaml.github-actions.security.github-actions-mutable-action-tag.github-actions-mutable-action-tag,WARNING,CWE-1357: Reliance on Insufficiently Trustworthy Component; CWE-353: Missing Support for Integrity Check,"GitHub Actions step uses a mutable tag or branch reference. Tags and branch names can be silently repointed by the action owner, enabling supply-chain attacks — as seen in the trivy-action and kics-github-action compromises. Pin the reference to a full 40-character commit SHA instead, e.g. `uses: actions/checkout@8ade135a41bc03ea155e62e844d188df1ea18608`."
apache/rocketmq,.github/workflows/snapshot-automation.yml,yaml.github-actions.security.github-actions-mutable-action-tag.github-actions-mutable-action-tag,WARNING,CWE-1357: Reliance on Insufficiently Trustworthy Component; CWE-353: Missing Support for Integrity Check,"GitHub Actions step uses a mutable tag or branch reference. Tags and branch names can be silently repointed by the action owner, enabling supply-chain attacks — as seen in the trivy-action and kics-github-action compromises. Pin the reference to a full 40-character commit SHA instead, e.g. `uses: actions/checkout@8ade135a41bc03ea155e62e844d188df1ea18608`."
apache/rocketmq,.github/workflows/snapshot-automation.yml,yaml.github-actions.security.github-actions-mutable-action-tag.github-actions-mutable-action-tag,WARNING,CWE-1357: Reliance on Insufficiently Trustworthy Component; CWE-353: Missing Support for Integrity Check,"GitHub Actions step uses a mutable tag or branch reference. Tags and branch names can be silently repointed by the action owner, enabling supply-chain attacks — as seen in the trivy-action and kics-github-action compromises. Pin the reference to a full 40-character commit SHA instead, e.g. `uses: actions/checkout@8ade135a41bc03ea155e62e844d188df1ea18608`."
apache/rocketmq,.github/workflows/snapshot-automation.yml,yaml.github-actions.security.github-actions-mutable-action-tag.github-actions-mutable-action-tag,WARNING,CWE-1357: Reliance on Insufficiently Trustworthy Component; CWE-353: Missing Support for Integrity Check,"GitHub Actions step uses a mutable tag or branch reference. Tags and branch names can be silently repointed by the action owner, enabling supply-chain attacks — as seen in the trivy-action and kics-github-action compromises. Pin the reference to a full 40-character commit SHA instead, e.g. `uses: actions/checkout@8ade135a41bc03ea155e62e844d188df1ea18608`."
apache/rocketmq,.github/workflows/snapshot-automation.yml,yaml.github-actions.security.github-actions-mutable-action-tag.github-actions-mutable-action-tag,WARNING,CWE-1357: Reliance on Insufficiently Trustworthy Component; CWE-353: Missing Support for Integrity Check,"GitHub Actions step uses a mutable tag or branch reference. Tags and branch names can be silently repointed by the action owner, enabling supply-chain attacks — as seen in the trivy-action and kics-github-action compromises. Pin the reference to a full 40-character commit SHA instead, e.g. `uses: actions/checkout@8ade135a41bc03ea155e62e844d188df1ea18608`."
apache/rocketmq,.github/workflows/snapshot-automation.yml,yaml.github-actions.security.github-actions-mutable-action-tag.github-actions-mutable-action-tag,WARNING,CWE-1357: Reliance on Insufficiently Trustworthy Component; CWE-353: Missing Support for Integrity Check,"GitHub Actions step uses a mutable tag or branch reference. Tags and branch names can be silently repointed by the action owner, enabling supply-chain attacks — as seen in the trivy-action and kics-github-action compromises. Pin the reference to a full 40-character commit SHA instead, e.g. `uses: actions/checkout@8ade135a41bc03ea155e62e844d188df1ea18608`."
apache/rocketmq,.github/workflows/snapshot-automation.yml,yaml.github-actions.security.github-actions-mutable-action-tag.github-actions-mutable-action-tag,WARNING,CWE-1357: Reliance on Insufficiently Trustworthy Component; CWE-353: Missing Support for Integrity Check,"GitHub Actions step uses a mutable tag or branch reference. Tags and branch names can be silently repointed by the action owner, enabling supply-chain attacks — as seen in the trivy-action and kics-github-action compromises. Pin the reference to a full 40-character commit SHA instead, e.g. `uses: actions/checkout@8ade135a41bc03ea155e62e844d188df1ea18608`."
apache/rocketmq,.github/workflows/snapshot-automation.yml,yaml.github-actions.security.github-actions-mutable-action-tag.github-actions-mutable-action-tag,WARNING,CWE-1357: Reliance on Insufficiently Trustworthy Component; CWE-353: Missing Support for Integrity Check,"GitHub Actions step uses a mutable tag or branch reference. Tags and branch names can be silently repointed by the action owner, enabling supply-chain attacks — as seen in the trivy-action and kics-github-action compromises. Pin the reference to a full 40-character commit SHA instead, e.g. `uses: actions/checkout@8ade135a41bc03ea155e62e844d188df1ea18608`."
apache/rocketmq,.github/workflows/snapshot-automation.yml,yaml.github-actions.security.github-actions-mutable-action-tag.github-actions-mutable-action-tag,WARNING,CWE-1357: Reliance on Insufficiently Trustworthy Component; CWE-353: Missing Support for Integrity Check,"GitHub Actions step uses a mutable tag or branch reference. Tags and branch names can be silently repointed by the action owner, enabling supply-chain attacks — as seen in the trivy-action and kics-github-action compromises. Pin the reference to a full 40-character commit SHA instead, e.g. `uses: actions/checkout@8ade135a41bc03ea155e62e844d188df1ea18608`."
apache/rocketmq,.github/workflows/snapshot-automation.yml,yaml.github-actions.security.run-shell-injection.run-shell-injection,ERROR,CWE-78: Improper Neutralization of Special Elements used in an OS Command ('OS Command Injection'),"Using variable interpolation `${{...}}` with `github` context data in a `run:` step could allow an attacker to inject their own code into the runner. This would allow them to steal secrets and code. `github` context data can have arbitrary user input and should be treated as untrusted. Instead, use an intermediate environment variable with `env:` to store the data and use the environment variable in the `run:` script. Be sure to use double-quotes the environment variable, like this: ""$ENVVAR""."
apache/rocketmq,.github/workflows/snapshot-automation.yml,yaml.github-actions.security.github-actions-mutable-action-tag.github-actions-mutable-action-tag,WARNING,CWE-1357: Reliance on Insufficiently Trustworthy Component; CWE-353: Missing Support for Integrity Check,"GitHub Actions step uses a mutable tag or branch reference. Tags and branch names can be silently repointed by the action owner, enabling supply-chain attacks — as seen in the trivy-action and kics-github-action compromises. Pin the reference to a full 40-character commit SHA instead, e.g. `uses: actions/checkout@8ade135a41bc03ea155e62e844d188df1ea18608`."
apache/rocketmq,.github/workflows/snapshot-automation.yml,yaml.github-actions.security.github-actions-mutable-action-tag.github-actions-mutable-action-tag,WARNING,CWE-1357: Reliance on Insufficiently Trustworthy Component; CWE-353: Missing Support for Integrity Check,"GitHub Actions step uses a mutable tag or branch reference. Tags and branch names can be silently repointed by the action owner, enabling supply-chain attacks — as seen in the trivy-action and kics-github-action compromises. Pin the reference to a full 40-character commit SHA instead, e.g. `uses: actions/checkout@8ade135a41bc03ea155e62e844d188df1ea18608`."
apache/rocketmq,.github/workflows/snapshot-automation.yml,yaml.github-actions.security.github-actions-mutable-action-tag.github-actions-mutable-action-tag,WARNING,CWE-1357: Reliance on Insufficiently Trustworthy Component; CWE-353: Missing Support for Integrity Check,"GitHub Actions step uses a mutable tag or branch reference. Tags and branch names can be silently repointed by the action owner, enabling supply-chain attacks — as seen in the trivy-action and kics-github-action compromises. Pin the reference to a full 40-character commit SHA instead, e.g. `uses: actions/checkout@8ade135a41bc03ea155e62e844d188df1ea18608`."
apache/rocketmq,.github/workflows/snapshot-automation.yml,yaml.github-actions.security.github-actions-mutable-action-tag.github-actions-mutable-action-tag,WARNING,CWE-1357: Reliance on Insufficiently Trustworthy Component; CWE-353: Missing Support for Integrity Check,"GitHub Actions step uses a mutable tag or branch reference. Tags and branch names can be silently repointed by the action owner, enabling supply-chain attacks — as seen in the trivy-action and kics-github-action compromises. Pin the reference to a full 40-character commit SHA instead, e.g. `uses: actions/checkout@8ade135a41bc03ea155e62e844d188df1ea18608`."
apache/rocketmq,.github/workflows/snapshot-automation.yml,yaml.github-actions.security.github-actions-mutable-action-tag.github-actions-mutable-action-tag,WARNING,CWE-1357: Reliance on Insufficiently Trustworthy Component; CWE-353: Missing Support for Integrity Check,"GitHub Actions step uses a mutable tag or branch reference. Tags and branch names can be silently repointed by the action owner, enabling supply-chain attacks — as seen in the trivy-action and kics-github-action compromises. Pin the reference to a full 40-character commit SHA instead, e.g. `uses: actions/checkout@8ade135a41bc03ea155e62e844d188df1ea18608`."
apache/rocketmq,.github/workflows/snapshot-automation.yml,yaml.github-actions.security.github-actions-mutable-action-tag.github-actions-mutable-action-tag,WARNING,CWE-1357: Reliance on Insufficiently Trustworthy Component; CWE-353: Missing Support for Integrity Check,"GitHub Actions step uses a mutable tag or branch reference. Tags and branch names can be silently repointed by the action owner, enabling supply-chain attacks — as seen in the trivy-action and kics-github-action compromises. Pin the reference to a full 40-character commit SHA instead, e.g. `uses: actions/checkout@8ade135a41bc03ea155e62e844d188df1ea18608`."
apache/rocketmq,.github/workflows/snapshot-automation.yml,yaml.github-actions.security.run-shell-injection.run-shell-injection,ERROR,CWE-78: Improper Neutralization of Special Elements used in an OS Command ('OS Command Injection'),"Using variable interpolation `${{...}}` with `github` context data in a `run:` step could allow an attacker to inject their own code into the runner. This would allow them to steal secrets and code. `github` context data can have arbitrary user input and should be treated as untrusted. Instead, use an intermediate environment variable with `env:` to store the data and use the environment variable in the `run:` script. Be sure to use double-quotes the environment variable, like this: ""$ENVVAR""."
apache/rocketmq,.github/workflows/stale.yml,yaml.github-actions.security.github-actions-mutable-action-tag.github-actions-mutable-action-tag,WARNING,CWE-1357: Reliance on Insufficiently Trustworthy Component; CWE-353: Missing Support for Integrity Check,"GitHub Actions step uses a mutable tag or branch reference. Tags and branch names can be silently repointed by the action owner, enabling supply-chain attacks — as seen in the trivy-action and kics-github-action compromises. Pin the reference to a full 40-character commit SHA instead, e.g. `uses: actions/checkout@8ade135a41bc03ea155e62e844d188df1ea18608`."
apache/rocketmq,auth/src/main/java/org/apache/rocketmq/auth/authentication/factory/AuthenticationFactory.java,java.lang.security.audit.unsafe-reflection.unsafe-reflection,WARNING,CWE-470: Use of Externally-Controlled Input to Select Classes or Code ('Unsafe Reflection'),"If an attacker can supply values that the application then uses to determine which class to instantiate or which method to invoke, the potential exists for the attacker to create control flow paths through the application that were not intended by the application developers. This attack vector may allow the attacker to bypass authentication or access control checks or otherwise cause the application to behave in an unexpected manner."
apache/rocketmq,auth/src/main/java/org/apache/rocketmq/auth/authentication/factory/AuthenticationFactory.java,java.lang.security.audit.unsafe-reflection.unsafe-reflection,WARNING,CWE-470: Use of Externally-Controlled Input to Select Classes or Code ('Unsafe Reflection'),"If an attacker can supply values that the application then uses to determine which class to instantiate or which method to invoke, the potential exists for the attacker to create control flow paths through the application that were not intended by the application developers. This attack vector may allow the attacker to bypass authentication or access control checks or otherwise cause the application to behave in an unexpected manner."
apache/rocketmq,auth/src/main/java/org/apache/rocketmq/auth/authentication/factory/AuthenticationFactory.java,java.lang.security.audit.unsafe-reflection.unsafe-reflection,WARNING,CWE-470: Use of Externally-Controlled Input to Select Classes or Code ('Unsafe Reflection'),"If an attacker can supply values that the application then uses to determine which class to instantiate or which method to invoke, the potential exists for the attacker to create control flow paths through the application that were not intended by the application developers. This attack vector may allow the attacker to bypass authentication or access control checks or otherwise cause the application to behave in an unexpected manner."
apache/rocketmq,auth/src/main/java/org/apache/rocketmq/auth/authorization/factory/AuthorizationFactory.java,java.lang.security.audit.unsafe-reflection.unsafe-reflection,WARNING,CWE-470: Use of Externally-Controlled Input to Select Classes or Code ('Unsafe Reflection'),"If an attacker can supply values that the application then uses to determine which class to instantiate or which method to invoke, the potential exists for the attacker to create control flow paths through the application that were not intended by the application developers. This attack vector may allow the attacker to bypass authentication or access control checks or otherwise cause the application to behave in an unexpected manner."
apache/rocketmq,auth/src/main/java/org/apache/rocketmq/auth/authorization/factory/AuthorizationFactory.java,java.lang.security.audit.unsafe-reflection.unsafe-reflection,WARNING,CWE-470: Use of Externally-Controlled Input to Select Classes or Code ('Unsafe Reflection'),"If an attacker can supply values that the application then uses to determine which class to instantiate or which method to invoke, the potential exists for the attacker to create control flow paths through the application that were not intended by the application developers. This attack vector may allow the attacker to bypass authentication or access control checks or otherwise cause the application to behave in an unexpected manner."
apache/rocketmq,auth/src/main/java/org/apache/rocketmq/auth/authorization/factory/AuthorizationFactory.java,java.lang.security.audit.unsafe-reflection.unsafe-reflection,WARNING,CWE-470: Use of Externally-Controlled Input to Select Classes or Code ('Unsafe Reflection'),"If an attacker can supply values that the application then uses to determine which class to instantiate or which method to invoke, the potential exists for the attacker to create control flow paths through the application that were not intended by the application developers. This attack vector may allow the attacker to bypass authentication or access control checks or otherwise cause the application to behave in an unexpected manner."
apache/rocketmq,common/src/main/java/org/apache/rocketmq/common/consistenthash/ConsistentHashRouter.java,java.lang.security.audit.crypto.use-of-md5.use-of-md5,WARNING,CWE-328: Use of Weak Hash,Detected MD5 hash algorithm which is considered insecure. MD5 is not collision resistant and is therefore not suitable as a cryptographic signature. Use HMAC instead.
apache/rocketmq,common/src/main/java/org/apache/rocketmq/common/utils/BinaryUtil.java,java.lang.security.audit.crypto.use-of-md5.use-of-md5,WARNING,CWE-328: Use of Weak Hash,Detected MD5 hash algorithm which is considered insecure. MD5 is not collision resistant and is therefore not suitable as a cryptographic signature. Use HMAC instead.
apache/rocketmq,srvutil/src/main/java/org/apache/rocketmq/srvutil/FileWatchService.java,java.lang.security.audit.crypto.use-of-md5.use-of-md5,WARNING,CWE-328: Use of Weak Hash,Detected MD5 hash algorithm which is considered insecure. MD5 is not collision resistant and is therefore not suitable as a cryptographic signature. Use HMAC instead.
apache/rocketmq,store/src/main/java/org/apache/rocketmq/store/kv/CompactionLog.java,java.lang.security.audit.crypto.use-of-md5.use-of-md5,WARNING,CWE-328: Use of Weak Hash,Detected MD5 hash algorithm which is considered insecure. MD5 is not collision resistant and is therefore not suitable as a cryptographic signature. Use HMAC instead.
apache/rocketmq,store/src/main/java/org/apache/rocketmq/store/plugin/MessageStoreFactory.java,java.lang.security.audit.unsafe-reflection.unsafe-reflection,WARNING,CWE-470: Use of Externally-Controlled Input to Select Classes or Code ('Unsafe Reflection'),"If an attacker can supply values that the application then uses to determine which class to instantiate or which method to invoke, the potential exists for the attacker to create control flow paths through the application that were not intended by the application developers. This attack vector may allow the attacker to bypass authentication or access control checks or otherwise cause the application to behave in an unexpected manner."
apache/rocketmq,tieredstore/src/main/java/org/apache/rocketmq/tieredstore/TieredMessageStore.java,java.lang.security.audit.unsafe-reflection.unsafe-reflection,WARNING,CWE-470: Use of Externally-Controlled Input to Select Classes or Code ('Unsafe Reflection'),"If an attacker can supply values that the application then uses to determine which class to instantiate or which method to invoke, the potential exists for the attacker to create control flow paths through the application that were not intended by the application developers. This attack vector may allow the attacker to bypass authentication or access control checks or otherwise cause the application to behave in an unexpected manner."
apache/rocketmq,tieredstore/src/main/java/org/apache/rocketmq/tieredstore/provider/FileSegmentFactory.java,java.lang.security.audit.unsafe-reflection.unsafe-reflection,WARNING,CWE-470: Use of Externally-Controlled Input to Select Classes or Code ('Unsafe Reflection'),"If an attacker can supply values that the application then uses to determine which class to instantiate or which method to invoke, the potential exists for the attacker to create control flow paths through the application that were not intended by the application developers. This attack vector may allow the attacker to bypass authentication or access control checks or otherwise cause the application to behave in an unexpected manner."
apache/rocketmq,tieredstore/src/main/java/org/apache/rocketmq/tieredstore/util/MessageStoreUtil.java,java.lang.security.audit.crypto.use-of-md5.use-of-md5,WARNING,CWE-328: Use of Weak Hash,Detected MD5 hash algorithm which is considered insecure. MD5 is not collision resistant and is therefore not suitable as a cryptographic signature. Use HMAC instead.
apache/rocketmq,tieredstore/src/main/java/org/apache/rocketmq/tieredstore/util/MessageStoreUtil.java,java.lang.security.audit.crypto.use-of-md5.use-of-md5,WARNING,CWE-328: Use of Weak Hash,Detected MD5 hash algorithm which is considered insecure. MD5 is not collision resistant and is therefore not suitable as a cryptographic signature. Use HMAC instead.
apache/shiro,.github/dependabot.yml,package_managers.dependabot.dependabot-missing-cooldown.dependabot-missing-cooldown,MEDIUM,CWE-829: Inclusion of Functionality from Untrusted Control Sphere,This Dependabot configuration does not set a cooldown period. Newly published packages can be malicious or unstable. Add a `cooldown` block with `default-days: 7` to each `package-ecosystem` entry under `updates` to wait 7 days before proposing updates to newly published package versions. Reference: https://docs.github.com/en/code-security/dependabot/dependabot-version-updates/configuration-options-for-the-dependabot.yml-file#cooldown
apache/shiro,.github/dependabot.yml,package_managers.dependabot.dependabot-missing-cooldown.dependabot-missing-cooldown,MEDIUM,CWE-829: Inclusion of Functionality from Untrusted Control Sphere,This Dependabot configuration does not set a cooldown period. Newly published packages can be malicious or unstable. Add a `cooldown` block with `default-days: 7` to each `package-ecosystem` entry under `updates` to wait 7 days before proposing updates to newly published package versions. Reference: https://docs.github.com/en/code-security/dependabot/dependabot-version-updates/configuration-options-for-the-dependabot.yml-file#cooldown
apache/shiro,.github/dependabot.yml,package_managers.dependabot.dependabot-missing-cooldown.dependabot-missing-cooldown,MEDIUM,CWE-829: Inclusion of Functionality from Untrusted Control Sphere,This Dependabot configuration does not set a cooldown period. Newly published packages can be malicious or unstable. Add a `cooldown` block with `default-days: 7` to each `package-ecosystem` entry under `updates` to wait 7 days before proposing updates to newly published package versions. Reference: https://docs.github.com/en/code-security/dependabot/dependabot-version-updates/configuration-options-for-the-dependabot.yml-file#cooldown
apache/shiro,.github/dependabot.yml,package_managers.dependabot.dependabot-missing-cooldown.dependabot-missing-cooldown,MEDIUM,CWE-829: Inclusion of Functionality from Untrusted Control Sphere,This Dependabot configuration does not set a cooldown period. Newly published packages can be malicious or unstable. Add a `cooldown` block with `default-days: 7` to each `package-ecosystem` entry under `updates` to wait 7 days before proposing updates to newly published package versions. Reference: https://docs.github.com/en/code-security/dependabot/dependabot-version-updates/configuration-options-for-the-dependabot.yml-file#cooldown
apache/shiro,.github/dependabot.yml,package_managers.dependabot.dependabot-missing-cooldown.dependabot-missing-cooldown,MEDIUM,CWE-829: Inclusion of Functionality from Untrusted Control Sphere,This Dependabot configuration does not set a cooldown period. Newly published packages can be malicious or unstable. Add a `cooldown` block with `default-days: 7` to each `package-ecosystem` entry under `updates` to wait 7 days before proposing updates to newly published package versions. Reference: https://docs.github.com/en/code-security/dependabot/dependabot-version-updates/configuration-options-for-the-dependabot.yml-file#cooldown
apache/shiro,.github/dependabot.yml,package_managers.dependabot.dependabot-missing-cooldown.dependabot-missing-cooldown,MEDIUM,CWE-829: Inclusion of Functionality from Untrusted Control Sphere,This Dependabot configuration does not set a cooldown period. Newly published packages can be malicious or unstable. Add a `cooldown` block with `default-days: 7` to each `package-ecosystem` entry under `updates` to wait 7 days before proposing updates to newly published package versions. Reference: https://docs.github.com/en/code-security/dependabot/dependabot-version-updates/configuration-options-for-the-dependabot.yml-file#cooldown
apache/shiro,integration-tests/jakarta-ee/src/main/webapp/shiro/unprotected/manybeans.xhtml,java.lang.security.audit.xss.jsf.autoescape-disabled.autoescape-disabled,WARNING,"CWE-150: Improper Neutralization of Escape, Meta, or Control Sequences","Detected an element with disabled HTML escaping. If external data can reach this, this is a cross-site scripting (XSS) vulnerability. Ensure no external data can reach here, or remove 'escape=false' from this element."
apache/shiro,integration-tests/support/src/main/java/org/apache/shiro/testing/web/AbstractContainerIT.java,java.lang.security.audit.crypto.unencrypted-socket.unencrypted-socket,WARNING,CWE-319: Cleartext Transmission of Sensitive Information,"Detected use of a Java socket that is not encrypted. As a result, the traffic could be read by an attacker intercepting the network traffic. Use an SSLSocket created by 'SSLSocketFactory' or 'SSLServerSocketFactory' instead."
apache/shiro,lang/src/main/java/org/apache/shiro/lang/util/ClassUtils.java,java.lang.security.audit.unsafe-reflection.unsafe-reflection,WARNING,CWE-470: Use of Externally-Controlled Input to Select Classes or Code ('Unsafe Reflection'),"If an attacker can supply values that the application then uses to determine which class to instantiate or which method to invoke, the potential exists for the attacker to create control flow paths through the application that were not intended by the application developers. This attack vector may allow the attacker to bypass authentication or access control checks or otherwise cause the application to behave in an unexpected manner."
apache/shiro,samples/spring-boot-web/src/main/java/org/apache/shiro/samples/AccountInfoController.java,java.spring.security.unrestricted-request-mapping.unrestricted-request-mapping,WARNING,CWE-352: Cross-Site Request Forgery (CSRF),"Detected a method annotated with 'RequestMapping' that does not specify the HTTP method. CSRF protections are not enabled for GET, HEAD, TRACE, or OPTIONS, and by default all HTTP methods are allowed when the HTTP method is not explicitly specified. This means that a method that performs state changes could be vulnerable to CSRF attacks. To mitigate, add the 'method' field and specify the HTTP method (such as 'RequestMethod.POST')."
apache/shiro,samples/spring-boot-web/src/main/java/org/apache/shiro/samples/HelloController.java,java.spring.security.unrestricted-request-mapping.unrestricted-request-mapping,WARNING,CWE-352: Cross-Site Request Forgery (CSRF),"Detected a method annotated with 'RequestMapping' that does not specify the HTTP method. CSRF protections are not enabled for GET, HEAD, TRACE, or OPTIONS, and by default all HTTP methods are allowed when the HTTP method is not explicitly specified. This means that a method that performs state changes could be vulnerable to CSRF attacks. To mitigate, add the 'method' field and specify the HTTP method (such as 'RequestMethod.POST')."
apache/shiro,samples/spring-boot-web/src/main/java/org/apache/shiro/samples/LoginController.java,java.spring.security.unrestricted-request-mapping.unrestricted-request-mapping,WARNING,CWE-352: Cross-Site Request Forgery (CSRF),"Detected a method annotated with 'RequestMapping' that does not specify the HTTP method. CSRF protections are not enabled for GET, HEAD, TRACE, or OPTIONS, and by default all HTTP methods are allowed when the HTTP method is not explicitly specified. This means that a method that performs state changes could be vulnerable to CSRF attacks. To mitigate, add the 'method' field and specify the HTTP method (such as 'RequestMethod.POST')."
apache/shiro,samples/spring-boot-web/src/main/java/org/apache/shiro/samples/RestrictedErrorController.java,java.spring.security.unrestricted-request-mapping.unrestricted-request-mapping,WARNING,CWE-352: Cross-Site Request Forgery (CSRF),"Detected a method annotated with 'RequestMapping' that does not specify the HTTP method. CSRF protections are not enabled for GET, HEAD, TRACE, or OPTIONS, and by default all HTTP methods are allowed when the HTTP method is not explicitly specified. This means that a method that performs state changes could be vulnerable to CSRF attacks. To mitigate, add the 'method' field and specify the HTTP method (such as 'RequestMethod.POST')."
apache/shiro,samples/spring-boot-web/src/main/resources/templates/account-info.html,python.django.security.django-no-csrf-token.django-no-csrf-token,WARNING,CWE-352: Cross-Site Request Forgery (CSRF),Manually-created forms in django templates should specify a csrf_token to prevent CSRF attacks.
apache/shiro,samples/spring-boot-web/src/main/resources/templates/account-info.html,html.security.audit.missing-integrity.missing-integrity,WARNING,CWE-353: Missing Support for Integrity Check,"This tag is missing an 'integrity' subresource integrity attribute. The 'integrity' attribute allows for the browser to verify that externally hosted files (for example from a CDN) are delivered without unexpected manipulation. Without this attribute, if an attacker can modify the externally hosted resource, this could lead to XSS and other types of attacks. To prevent this, include the base64-encoded cryptographic hash of the resource (file) you’re telling the browser to fetch in the 'integrity"
apache/shiro,samples/spring-boot-web/src/main/resources/templates/account-info.html,html.security.audit.missing-integrity.missing-integrity,WARNING,CWE-353: Missing Support for Integrity Check,"This tag is missing an 'integrity' subresource integrity attribute. The 'integrity' attribute allows for the browser to verify that externally hosted files (for example from a CDN) are delivered without unexpected manipulation. Without this attribute, if an attacker can modify the externally hosted resource, this could lead to XSS and other types of attacks. To prevent this, include the base64-encoded cryptographic hash of the resource (file) you’re telling the browser to fetch in the 'integrity"
apache/shiro,samples/spring-boot-web/src/main/resources/templates/fragments/head.html,html.security.audit.missing-integrity.missing-integrity,WARNING,CWE-353: Missing Support for Integrity Check,"This tag is missing an 'integrity' subresource integrity attribute. The 'integrity' attribute allows for the browser to verify that externally hosted files (for example from a CDN) are delivered without unexpected manipulation. Without this attribute, if an attacker can modify the externally hosted resource, this could lead to XSS and other types of attacks. To prevent this, include the base64-encoded cryptographic hash of the resource (file) you’re telling the browser to fetch in the 'integrity"
apache/shiro,samples/spring-boot-web/src/main/resources/templates/fragments/head.html,html.security.audit.missing-integrity.missing-integrity,WARNING,CWE-353: Missing Support for Integrity Check,"This tag is missing an 'integrity' subresource integrity attribute. The 'integrity' attribute allows for the browser to verify that externally hosted files (for example from a CDN) are delivered without unexpected manipulation. Without this attribute, if an attacker can modify the externally hosted resource, this could lead to XSS and other types of attacks. To prevent this, include the base64-encoded cryptographic hash of the resource (file) you’re telling the browser to fetch in the 'integrity"
apache/shiro,samples/spring-boot-web/src/main/resources/templates/fragments/head.html,html.security.audit.missing-integrity.missing-integrity,WARNING,CWE-353: Missing Support for Integrity Check,"This tag is missing an 'integrity' subresource integrity attribute. The 'integrity' attribute allows for the browser to verify that externally hosted files (for example from a CDN) are delivered without unexpected manipulation. Without this attribute, if an attacker can modify the externally hosted resource, this could lead to XSS and other types of attacks. To prevent this, include the base64-encoded cryptographic hash of the resource (file) you’re telling the browser to fetch in the 'integrity"
apache/shiro,samples/spring-boot-web/src/main/resources/templates/fragments/head.html,html.security.audit.missing-integrity.missing-integrity,WARNING,CWE-353: Missing Support for Integrity Check,"This tag is missing an 'integrity' subresource integrity attribute. The 'integrity' attribute allows for the browser to verify that externally hosted files (for example from a CDN) are delivered without unexpected manipulation. Without this attribute, if an attacker can modify the externally hosted resource, this could lead to XSS and other types of attacks. To prevent this, include the base64-encoded cryptographic hash of the resource (file) you’re telling the browser to fetch in the 'integrity"
apache/shiro,samples/spring-boot-web/src/main/resources/templates/fragments/head.html,html.security.audit.missing-integrity.missing-integrity,WARNING,CWE-353: Missing Support for Integrity Check,"This tag is missing an 'integrity' subresource integrity attribute. The 'integrity' attribute allows for the browser to verify that externally hosted files (for example from a CDN) are delivered without unexpected manipulation. Without this attribute, if an attacker can modify the externally hosted resource, this could lead to XSS and other types of attacks. To prevent this, include the base64-encoded cryptographic hash of the resource (file) you’re telling the browser to fetch in the 'integrity"
apache/shiro,samples/spring-boot-web/src/main/resources/templates/hello.html,python.django.security.django-no-csrf-token.django-no-csrf-token,WARNING,CWE-352: Cross-Site Request Forgery (CSRF),Manually-created forms in django templates should specify a csrf_token to prevent CSRF attacks.
apache/shiro,samples/spring-boot-web/src/main/resources/templates/hello.html,html.security.audit.missing-integrity.missing-integrity,WARNING,CWE-353: Missing Support for Integrity Check,"This tag is missing an 'integrity' subresource integrity attribute. The 'integrity' attribute allows for the browser to verify that externally hosted files (for example from a CDN) are delivered without unexpected manipulation. Without this attribute, if an attacker can modify the externally hosted resource, this could lead to XSS and other types of attacks. To prevent this, include the base64-encoded cryptographic hash of the resource (file) you’re telling the browser to fetch in the 'integrity"
apache/shiro,samples/spring-boot-web/src/main/resources/templates/hello.html,html.security.audit.missing-integrity.missing-integrity,WARNING,CWE-353: Missing Support for Integrity Check,"This tag is missing an 'integrity' subresource integrity attribute. The 'integrity' attribute allows for the browser to verify that externally hosted files (for example from a CDN) are delivered without unexpected manipulation. Without this attribute, if an attacker can modify the externally hosted resource, this could lead to XSS and other types of attacks. To prevent this, include the base64-encoded cryptographic hash of the resource (file) you’re telling the browser to fetch in the 'integrity"
apache/shiro,samples/spring-boot-web/src/main/resources/templates/login.html,python.django.security.django-no-csrf-token.django-no-csrf-token,WARNING,CWE-352: Cross-Site Request Forgery (CSRF),Manually-created forms in django templates should specify a csrf_token to prevent CSRF attacks.
apache/shiro,samples/spring-boot-web/src/main/resources/templates/login.html,html.security.audit.missing-integrity.missing-integrity,WARNING,CWE-353: Missing Support for Integrity Check,"This tag is missing an 'integrity' subresource integrity attribute. The 'integrity' attribute allows for the browser to verify that externally hosted files (for example from a CDN) are delivered without unexpected manipulation. Without this attribute, if an attacker can modify the externally hosted resource, this could lead to XSS and other types of attacks. To prevent this, include the base64-encoded cryptographic hash of the resource (file) you’re telling the browser to fetch in the 'integrity"
apache/shiro,samples/spring-boot-web/src/main/resources/templates/login.html,html.security.audit.missing-integrity.missing-integrity,WARNING,CWE-353: Missing Support for Integrity Check,"This tag is missing an 'integrity' subresource integrity attribute. The 'integrity' attribute allows for the browser to verify that externally hosted files (for example from a CDN) are delivered without unexpected manipulation. Without this attribute, if an attacker can modify the externally hosted resource, this could lead to XSS and other types of attacks. To prevent this, include the base64-encoded cryptographic hash of the resource (file) you’re telling the browser to fetch in the 'integrity"
apache/shiro,samples/spring-boot-web/src/main/resources/templates/login.html,html.security.audit.missing-integrity.missing-integrity,WARNING,CWE-353: Missing Support for Integrity Check,"This tag is missing an 'integrity' subresource integrity attribute. The 'integrity' attribute allows for the browser to verify that externally hosted files (for example from a CDN) are delivered without unexpected manipulation. Without this attribute, if an attacker can modify the externally hosted resource, this could lead to XSS and other types of attacks. To prevent this, include the base64-encoded cryptographic hash of the resource (file) you’re telling the browser to fetch in the 'integrity"
apache/shiro,samples/spring-boot-web/src/main/resources/templates/login.html,html.security.audit.missing-integrity.missing-integrity,WARNING,CWE-353: Missing Support for Integrity Check,"This tag is missing an 'integrity' subresource integrity attribute. The 'integrity' attribute allows for the browser to verify that externally hosted files (for example from a CDN) are delivered without unexpected manipulation. Without this attribute, if an attacker can modify the externally hosted resource, this could lead to XSS and other types of attacks. To prevent this, include the base64-encoded cryptographic hash of the resource (file) you’re telling the browser to fetch in the 'integrity"
apache/shiro,samples/spring-hibernate/src/main/java/org/apache/shiro/samples/sprhib/dao/BootstrapDataPopulator.java,java.lang.security.audit.jdbc-sql-formatted-string.jdbc-sql-formatted-string,WARNING,CWE-89: Improper Neutralization of Special Elements used in an SQL Command ('SQL Injection'),"Possible JDBC injection detected. Use the parameterized query feature available in queryForObject instead of concatenating or formatting strings: 'jdbc.queryForObject(""select * from table where name = ?"", Integer.class, parameterName);'"
apache/shiro,samples/spring-hibernate/src/main/java/org/apache/shiro/samples/sprhib/web/HomeController.java,java.spring.security.unrestricted-request-mapping.unrestricted-request-mapping,WARNING,CWE-352: Cross-Site Request Forgery (CSRF),"Detected a method annotated with 'RequestMapping' that does not specify the HTTP method. CSRF protections are not enabled for GET, HEAD, TRACE, or OPTIONS, and by default all HTTP methods are allowed when the HTTP method is not explicitly specified. This means that a method that performs state changes could be vulnerable to CSRF attacks. To mitigate, add the 'method' field and specify the HTTP method (such as 'RequestMethod.POST')."
apache/shiro,samples/spring-hibernate/src/main/java/org/apache/shiro/samples/sprhib/web/ManageUsersController.java,java.spring.security.unrestricted-request-mapping.unrestricted-request-mapping,WARNING,CWE-352: Cross-Site Request Forgery (CSRF),"Detected a method annotated with 'RequestMapping' that does not specify the HTTP method. CSRF protections are not enabled for GET, HEAD, TRACE, or OPTIONS, and by default all HTTP methods are allowed when the HTTP method is not explicitly specified. This means that a method that performs state changes could be vulnerable to CSRF attacks. To mitigate, add the 'method' field and specify the HTTP method (such as 'RequestMethod.POST')."
apache/shiro,samples/spring-hibernate/src/main/java/org/apache/shiro/samples/sprhib/web/ManageUsersController.java,java.spring.security.unrestricted-request-mapping.unrestricted-request-mapping,WARNING,CWE-352: Cross-Site Request Forgery (CSRF),"Detected a method annotated with 'RequestMapping' that does not specify the HTTP method. CSRF protections are not enabled for GET, HEAD, TRACE, or OPTIONS, and by default all HTTP methods are allowed when the HTTP method is not explicitly specified. This means that a method that performs state changes could be vulnerable to CSRF attacks. To mitigate, add the 'method' field and specify the HTTP method (such as 'RequestMethod.POST')."
apache/shiro,samples/spring-hibernate/src/main/java/org/apache/shiro/samples/sprhib/web/SecurityController.java,java.spring.security.unrestricted-request-mapping.unrestricted-request-mapping,WARNING,CWE-352: Cross-Site Request Forgery (CSRF),"Detected a method annotated with 'RequestMapping' that does not specify the HTTP method. CSRF protections are not enabled for GET, HEAD, TRACE, or OPTIONS, and by default all HTTP methods are allowed when the HTTP method is not explicitly specified. This means that a method that performs state changes could be vulnerable to CSRF attacks. To mitigate, add the 'method' field and specify the HTTP method (such as 'RequestMethod.POST')."
apache/shiro,samples/spring-mvc/src/main/java/org/apache/shiro/samples/spring/BootstrapDataPopulator.java,java.lang.security.audit.jdbc-sql-formatted-string.jdbc-sql-formatted-string,WARNING,CWE-89: Improper Neutralization of Special Elements used in an SQL Command ('SQL Injection'),"Possible JDBC injection detected. Use the parameterized query feature available in queryForObject instead of concatenating or formatting strings: 'jdbc.queryForObject(""select * from table where name = ?"", Integer.class, parameterName);'"
apache/shiro,samples/spring-mvc/src/main/java/org/apache/shiro/samples/spring/BootstrapDataPopulator.java,java.lang.security.audit.jdbc-sql-formatted-string.jdbc-sql-formatted-string,WARNING,CWE-89: Improper Neutralization of Special Elements used in an SQL Command ('SQL Injection'),"Possible JDBC injection detected. Use the parameterized query feature available in queryForObject instead of concatenating or formatting strings: 'jdbc.queryForObject(""select * from table where name = ?"", Integer.class, parameterName);'"
apache/shiro,samples/spring-mvc/src/main/java/org/apache/shiro/samples/spring/BootstrapDataPopulator.java,java.lang.security.audit.jdbc-sql-formatted-string.jdbc-sql-formatted-string,WARNING,CWE-89: Improper Neutralization of Special Elements used in an SQL Command ('SQL Injection'),"Possible JDBC injection detected. Use the parameterized query feature available in queryForObject instead of concatenating or formatting strings: 'jdbc.queryForObject(""select * from table where name = ?"", Integer.class, parameterName);'"
apache/shiro,samples/spring-mvc/src/main/java/org/apache/shiro/samples/spring/BootstrapDataPopulator.java,java.lang.security.audit.jdbc-sql-formatted-string.jdbc-sql-formatted-string,WARNING,CWE-89: Improper Neutralization of Special Elements used in an SQL Command ('SQL Injection'),"Possible JDBC injection detected. Use the parameterized query feature available in queryForObject instead of concatenating or formatting strings: 'jdbc.queryForObject(""select * from table where name = ?"", Integer.class, parameterName);'"
apache/shiro,samples/spring-mvc/src/main/java/org/apache/shiro/samples/spring/BootstrapDataPopulator.java,java.lang.security.audit.jdbc-sql-formatted-string.jdbc-sql-formatted-string,WARNING,CWE-89: Improper Neutralization of Special Elements used in an SQL Command ('SQL Injection'),"Possible JDBC injection detected. Use the parameterized query feature available in queryForObject instead of concatenating or formatting strings: 'jdbc.queryForObject(""select * from table where name = ?"", Integer.class, parameterName);'"
apache/shiro,samples/spring-mvc/src/main/java/org/apache/shiro/samples/spring/BootstrapDataPopulator.java,java.lang.security.audit.jdbc-sql-formatted-string.jdbc-sql-formatted-string,WARNING,CWE-89: Improper Neutralization of Special Elements used in an SQL Command ('SQL Injection'),"Possible JDBC injection detected. Use the parameterized query feature available in queryForObject instead of concatenating or formatting strings: 'jdbc.queryForObject(""select * from table where name = ?"", Integer.class, parameterName);'"
apache/shiro,samples/spring-mvc/src/main/java/org/apache/shiro/samples/spring/BootstrapDataPopulator.java,java.lang.security.audit.jdbc-sql-formatted-string.jdbc-sql-formatted-string,WARNING,CWE-89: Improper Neutralization of Special Elements used in an SQL Command ('SQL Injection'),"Possible JDBC injection detected. Use the parameterized query feature available in queryForObject instead of concatenating or formatting strings: 'jdbc.queryForObject(""select * from table where name = ?"", Integer.class, parameterName);'"
apache/shiro,samples/spring-mvc/src/main/java/org/apache/shiro/samples/spring/BootstrapDataPopulator.java,java.lang.security.audit.jdbc-sql-formatted-string.jdbc-sql-formatted-string,WARNING,CWE-89: Improper Neutralization of Special Elements used in an SQL Command ('SQL Injection'),"Possible JDBC injection detected. Use the parameterized query feature available in queryForObject instead of concatenating or formatting strings: 'jdbc.queryForObject(""select * from table where name = ?"", Integer.class, parameterName);'"
apache/shiro,samples/spring-mvc/src/main/java/org/apache/shiro/samples/spring/BootstrapDataPopulator.java,java.lang.security.audit.jdbc-sql-formatted-string.jdbc-sql-formatted-string,WARNING,CWE-89: Improper Neutralization of Special Elements used in an SQL Command ('SQL Injection'),"Possible JDBC injection detected. Use the parameterized query feature available in queryForObject instead of concatenating or formatting strings: 'jdbc.queryForObject(""select * from table where name = ?"", Integer.class, parameterName);'"
apache/shiro,samples/spring-mvc/src/main/java/org/apache/shiro/samples/spring/BootstrapDataPopulator.java,java.lang.security.audit.jdbc-sql-formatted-string.jdbc-sql-formatted-string,WARNING,CWE-89: Improper Neutralization of Special Elements used in an SQL Command ('SQL Injection'),"Possible JDBC injection detected. Use the parameterized query feature available in queryForObject instead of concatenating or formatting strings: 'jdbc.queryForObject(""select * from table where name = ?"", Integer.class, parameterName);'"
apache/shiro,support/jakarta-ee/src/main/java/org/apache/shiro/ee/faces/tags/PrincipalTag.java,java.lang.security.audit.unsafe-reflection.unsafe-reflection,WARNING,CWE-470: Use of Externally-Controlled Input to Select Classes or Code ('Unsafe Reflection'),"If an attacker can supply values that the application then uses to determine which class to instantiate or which method to invoke, the potential exists for the attacker to create control flow paths through the application that were not intended by the application developers. This attack vector may allow the attacker to bypass authentication or access control checks or otherwise cause the application to behave in an unexpected manner."
apache/shiro,support/jakarta-ee/src/main/java/org/apache/shiro/ee/filters/FormResubmitSupportCookies.java,java.lang.security.audit.cookie-missing-secure-flag.cookie-missing-secure-flag,WARNING,CWE-614: Sensitive Cookie in HTTPS Session Without 'Secure' Attribute,A cookie was detected without setting the 'secure' flag. The 'secure' flag for cookies prevents the client from transmitting the cookie over insecure channels such as HTTP. Set the 'secure' flag by calling 'cookie.setSecure(true);'
apache/shiro,support/jakarta-ee/src/main/java/org/apache/shiro/ee/filters/FormResubmitSupportCookies.java,java.lang.security.audit.cookie-missing-secure-flag.cookie-missing-secure-flag,WARNING,CWE-614: Sensitive Cookie in HTTPS Session Without 'Secure' Attribute,A cookie was detected without setting the 'secure' flag. The 'secure' flag for cookies prevents the client from transmitting the cookie over insecure channels such as HTTP. Set the 'secure' flag by calling 'cookie.setSecure(true);'
apache/shiro,support/jakarta-ee/src/main/java/org/apache/shiro/ee/filters/FormResubmitSupportCookies.java,java.lang.security.audit.cookie-missing-httponly.cookie-missing-httponly,WARNING,CWE-1004: Sensitive Cookie Without 'HttpOnly' Flag,A cookie was detected without setting the 'HttpOnly' flag. The 'HttpOnly' flag for cookies instructs the browser to forbid client-side scripts from reading the cookie. Set the 'HttpOnly' flag by calling 'cookie.setHttpOnly(true);'
apache/shiro,support/jakarta-ee/src/main/java/org/apache/shiro/ee/filters/FormResubmitSupportCookies.java,java.lang.security.audit.cookie-missing-secure-flag.cookie-missing-secure-flag,WARNING,CWE-614: Sensitive Cookie in HTTPS Session Without 'Secure' Attribute,A cookie was detected without setting the 'secure' flag. The 'secure' flag for cookies prevents the client from transmitting the cookie over insecure channels such as HTTP. Set the 'secure' flag by calling 'cookieToDelete.setSecure(true);'
apache/shiro,support/jakarta-ee/src/main/java/org/apache/shiro/ee/filters/ShiroFilter.java,java.lang.security.audit.cookie-missing-httponly.cookie-missing-httponly,WARNING,CWE-1004: Sensitive Cookie Without 'HttpOnly' Flag,A cookie was detected without setting the 'HttpOnly' flag. The 'HttpOnly' flag for cookies instructs the browser to forbid client-side scripts from reading the cookie. Set the 'HttpOnly' flag by calling 'cookie.setHttpOnly(true);'
apache/shiro,support/jakarta-ee/src/main/java/org/apache/shiro/ee/filters/ShiroFilter.java,java.lang.security.audit.cookie-missing-secure-flag.cookie-missing-secure-flag,WARNING,CWE-614: Sensitive Cookie in HTTPS Session Without 'Secure' Attribute,A cookie was detected without setting the 'secure' flag. The 'secure' flag for cookies prevents the client from transmitting the cookie over insecure channels such as HTTP. Set the 'secure' flag by calling 'cookie.setSecure(true);'
apache/shiro,web/src/main/java/org/apache/shiro/web/tags/PrincipalTag.java,java.lang.security.audit.unsafe-reflection.unsafe-reflection,WARNING,CWE-470: Use of Externally-Controlled Input to Select Classes or Code ('Unsafe Reflection'),"If an attacker can supply values that the application then uses to determine which class to instantiate or which method to invoke, the potential exists for the attacker to create control flow paths through the application that were not intended by the application developers. This attack vector may allow the attacker to bypass authentication or access control checks or otherwise cause the application to behave in an unexpected manner."
apache/shiro,web/src/main/java/org/apache/shiro/web/util/RedirectView.java,java.lang.security.audit.url-rewriting.url-rewriting,WARNING,CWE-200: Exposure of Sensitive Information to an Unauthorized Actor,"URL rewriting has significant security risks. Since session ID appears in the URL, it may be easily seen by third parties."
apache/zookeeper,.github/workflows/ci.yaml,yaml.github-actions.security.github-actions-mutable-action-tag.github-actions-mutable-action-tag,WARNING,CWE-1357: Reliance on Insufficiently Trustworthy Component; CWE-353: Missing Support for Integrity Check,"GitHub Actions step uses a mutable tag or branch reference. Tags and branch names can be silently repointed by the action owner, enabling supply-chain attacks — as seen in the trivy-action and kics-github-action compromises. Pin the reference to a full 40-character commit SHA instead, e.g. `uses: actions/checkout@8ade135a41bc03ea155e62e844d188df1ea18608`."
apache/zookeeper,.github/workflows/manual.yaml,yaml.github-actions.security.run-shell-injection.run-shell-injection,ERROR,CWE-78: Improper Neutralization of Special Elements used in an OS Command ('OS Command Injection'),"Using variable interpolation `${{...}}` with `github` context data in a `run:` step could allow an attacker to inject their own code into the runner. This would allow them to steal secrets and code. `github` context data can have arbitrary user input and should be treated as untrusted. Instead, use an intermediate environment variable with `env:` to store the data and use the environment variable in the `run:` script. Be sure to use double-quotes the environment variable, like this: ""$ENVVAR""."
apache/zookeeper,.github/workflows/website.yaml,yaml.github-actions.security.github-actions-mutable-action-tag.github-actions-mutable-action-tag,WARNING,CWE-1357: Reliance on Insufficiently Trustworthy Component; CWE-353: Missing Support for Integrity Check,"GitHub Actions step uses a mutable tag or branch reference. Tags and branch names can be silently repointed by the action owner, enabling supply-chain attacks — as seen in the trivy-action and kics-github-action compromises. Pin the reference to a full 40-character commit SHA instead, e.g. `uses: actions/checkout@8ade135a41bc03ea155e62e844d188df1ea18608`."
apache/zookeeper,zk-merge-pr.py,python.lang.security.audit.dynamic-urllib-use-detected.dynamic-urllib-use-detected,WARNING,CWE-939: Improper Authorization in Handler for Custom URL Scheme,"Detected a dynamic value being used with urllib. urllib supports 'file://' schemes, so a dynamic value controlled by a malicious actor may allow them to read arbitrary files. Audit uses of urllib calls to ensure user data cannot control the URLs, or consider using the 'requests' library instead."
apache/zookeeper,zookeeper-client/zookeeper-client-c/src/cli.c,c.lang.security.insecure-use-strtok-fn.insecure-use-strtok-fn,WARNING,CWE-676: Use of Potentially Dangerous Function,"Avoid using 'strtok()'. This function directly modifies the first argument buffer, permanently erasing the delimiter character. Use 'strtok_r()' instead."
apache/zookeeper,zookeeper-client/zookeeper-client-c/src/cli.c,c.lang.security.insecure-use-strtok-fn.insecure-use-strtok-fn,WARNING,CWE-676: Use of Potentially Dangerous Function,"Avoid using 'strtok()'. This function directly modifies the first argument buffer, permanently erasing the delimiter character. Use 'strtok_r()' instead."
apache/zookeeper,zookeeper-client/zookeeper-client-c/src/cli.c,c.lang.security.insecure-use-strtok-fn.insecure-use-strtok-fn,WARNING,CWE-676: Use of Potentially Dangerous Function,"Avoid using 'strtok()'. This function directly modifies the first argument buffer, permanently erasing the delimiter character. Use 'strtok_r()' instead."
apache/zookeeper,zookeeper-client/zookeeper-client-c/src/cli.c,c.lang.security.insecure-use-strtok-fn.insecure-use-strtok-fn,WARNING,CWE-676: Use of Potentially Dangerous Function,"Avoid using 'strtok()'. This function directly modifies the first argument buffer, permanently erasing the delimiter character. Use 'strtok_r()' instead."
apache/zookeeper,zookeeper-client/zookeeper-client-c/src/cli.c,c.lang.security.insecure-use-strtok-fn.insecure-use-strtok-fn,WARNING,CWE-676: Use of Potentially Dangerous Function,"Avoid using 'strtok()'. This function directly modifies the first argument buffer, permanently erasing the delimiter character. Use 'strtok_r()' instead."
apache/zookeeper,zookeeper-client/zookeeper-client-c/src/cli.c,c.lang.security.insecure-use-strtok-fn.insecure-use-strtok-fn,WARNING,CWE-676: Use of Potentially Dangerous Function,"Avoid using 'strtok()'. This function directly modifies the first argument buffer, permanently erasing the delimiter character. Use 'strtok_r()' instead."
apache/zookeeper,zookeeper-client/zookeeper-client-c/src/cli.c,c.lang.security.insecure-use-strtok-fn.insecure-use-strtok-fn,WARNING,CWE-676: Use of Potentially Dangerous Function,"Avoid using 'strtok()'. This function directly modifies the first argument buffer, permanently erasing the delimiter character. Use 'strtok_r()' instead."
apache/zookeeper,zookeeper-contrib/zookeeper-contrib-fatjar/src/main/java/org/apache/zookeeper/util/FatJarMain.java,java.lang.security.audit.unsafe-reflection.unsafe-reflection,WARNING,CWE-470: Use of Externally-Controlled Input to Select Classes or Code ('Unsafe Reflection'),"If an attacker can supply values that the application then uses to determine which class to instantiate or which method to invoke, the potential exists for the attacker to create control flow paths through the application that were not intended by the application developers. This attack vector may allow the attacker to bypass authentication or access control checks or otherwise cause the application to behave in an unexpected manner."
apache/zookeeper,zookeeper-contrib/zookeeper-contrib-monitoring/check_zookeeper.py,python.lang.security.dangerous-globals-use.dangerous-globals-use,WARNING,CWE-96: Improper Neutralization of Directives in Statically Saved Code ('Static Code Injection'),Found non static data as an index to 'globals()'. This is extremely dangerous because it allows an attacker to execute arbitrary code on the system. Refactor your code not to use 'globals()'.
apache/zookeeper,zookeeper-contrib/zookeeper-contrib-zooinspector/src/main/java/org/apache/zookeeper/inspector/gui/ZooInspectorNodeViewersDialog.java,java.lang.security.audit.unsafe-reflection.unsafe-reflection,WARNING,CWE-470: Use of Externally-Controlled Input to Select Classes or Code ('Unsafe Reflection'),"If an attacker can supply values that the application then uses to determine which class to instantiate or which method to invoke, the potential exists for the attacker to create control flow paths through the application that were not intended by the application developers. This attack vector may allow the attacker to bypass authentication or access control checks or otherwise cause the application to behave in an unexpected manner."
apache/zookeeper,zookeeper-contrib/zookeeper-contrib-zooinspector/src/main/java/org/apache/zookeeper/inspector/gui/ZooInspectorNodeViewersDialog.java,java.lang.security.audit.unsafe-reflection.unsafe-reflection,WARNING,CWE-470: Use of Externally-Controlled Input to Select Classes or Code ('Unsafe Reflection'),"If an attacker can supply values that the application then uses to determine which class to instantiate or which method to invoke, the potential exists for the attacker to create control flow paths through the application that were not intended by the application developers. This attack vector may allow the attacker to bypass authentication or access control checks or otherwise cause the application to behave in an unexpected manner."
apache/zookeeper,zookeeper-contrib/zookeeper-contrib-zooinspector/src/main/java/org/apache/zookeeper/inspector/gui/ZooInspectorNodeViewersDialog.java,java.lang.security.audit.unsafe-reflection.unsafe-reflection,WARNING,CWE-470: Use of Externally-Controlled Input to Select Classes or Code ('Unsafe Reflection'),"If an attacker can supply values that the application then uses to determine which class to instantiate or which method to invoke, the potential exists for the attacker to create control flow paths through the application that were not intended by the application developers. This attack vector may allow the attacker to bypass authentication or access control checks or otherwise cause the application to behave in an unexpected manner."
apache/zookeeper,zookeeper-contrib/zookeeper-contrib-zooinspector/src/main/java/org/apache/zookeeper/inspector/gui/ZooInspectorPanel.java,java.lang.security.audit.unsafe-reflection.unsafe-reflection,WARNING,CWE-470: Use of Externally-Controlled Input to Select Classes or Code ('Unsafe Reflection'),"If an attacker can supply values that the application then uses to determine which class to instantiate or which method to invoke, the potential exists for the attacker to create control flow paths through the application that were not intended by the application developers. This attack vector may allow the attacker to bypass authentication or access control checks or otherwise cause the application to behave in an unexpected manner."
apache/zookeeper,zookeeper-contrib/zookeeper-contrib-zooinspector/src/main/java/org/apache/zookeeper/inspector/gui/about.html,html.security.plaintext-http-link.plaintext-http-link,WARNING,CWE-319: Cleartext Transmission of Sensitive Information,This link points to a plaintext HTTP URL. Prefer an encrypted HTTPS URL if possible.
apache/zookeeper,zookeeper-contrib/zookeeper-contrib-zooinspector/src/main/java/org/apache/zookeeper/inspector/gui/about.html,html.security.plaintext-http-link.plaintext-http-link,WARNING,CWE-319: Cleartext Transmission of Sensitive Information,This link points to a plaintext HTTP URL. Prefer an encrypted HTTPS URL if possible.
apache/zookeeper,zookeeper-contrib/zookeeper-contrib-zooinspector/src/main/java/org/apache/zookeeper/inspector/gui/about.html,html.security.plaintext-http-link.plaintext-http-link,WARNING,CWE-319: Cleartext Transmission of Sensitive Information,This link points to a plaintext HTTP URL. Prefer an encrypted HTTPS URL if possible.
apache/zookeeper,zookeeper-contrib/zookeeper-contrib-zooinspector/src/main/java/org/apache/zookeeper/inspector/gui/about.html,html.security.plaintext-http-link.plaintext-http-link,WARNING,CWE-319: Cleartext Transmission of Sensitive Information,This link points to a plaintext HTTP URL. Prefer an encrypted HTTPS URL if possible.
apache/zookeeper,zookeeper-contrib/zookeeper-contrib-zooinspector/src/main/java/org/apache/zookeeper/inspector/manager/ZooInspectorManagerImpl.java,java.lang.security.audit.unsafe-reflection.unsafe-reflection,WARNING,CWE-470: Use of Externally-Controlled Input to Select Classes or Code ('Unsafe Reflection'),"If an attacker can supply values that the application then uses to determine which class to instantiate or which method to invoke, the potential exists for the attacker to create control flow paths through the application that were not intended by the application developers. This attack vector may allow the attacker to bypass authentication or access control checks or otherwise cause the application to behave in an unexpected manner."
apache/zookeeper,zookeeper-contrib/zookeeper-contrib-zooinspector/src/main/java/org/apache/zookeeper/inspector/manager/ZooInspectorManagerImpl.java,java.lang.security.audit.unsafe-reflection.unsafe-reflection,WARNING,CWE-470: Use of Externally-Controlled Input to Select Classes or Code ('Unsafe Reflection'),"If an attacker can supply values that the application then uses to determine which class to instantiate or which method to invoke, the potential exists for the attacker to create control flow paths through the application that were not intended by the application developers. This attack vector may allow the attacker to bypass authentication or access control checks or otherwise cause the application to behave in an unexpected manner."
apache/zookeeper,zookeeper-contrib/zookeeper-contrib-zooinspector/src/main/resources/about.html,html.security.plaintext-http-link.plaintext-http-link,WARNING,CWE-319: Cleartext Transmission of Sensitive Information,This link points to a plaintext HTTP URL. Prefer an encrypted HTTPS URL if possible.
apache/zookeeper,zookeeper-contrib/zookeeper-contrib-zooinspector/src/main/resources/about.html,html.security.plaintext-http-link.plaintext-http-link,WARNING,CWE-319: Cleartext Transmission of Sensitive Information,This link points to a plaintext HTTP URL. Prefer an encrypted HTTPS URL if possible.
apache/zookeeper,zookeeper-contrib/zookeeper-contrib-zooinspector/src/main/resources/about.html,html.security.plaintext-http-link.plaintext-http-link,WARNING,CWE-319: Cleartext Transmission of Sensitive Information,This link points to a plaintext HTTP URL. Prefer an encrypted HTTPS URL if possible.
apache/zookeeper,zookeeper-contrib/zookeeper-contrib-zooinspector/src/main/resources/about.html,html.security.plaintext-http-link.plaintext-http-link,WARNING,CWE-319: Cleartext Transmission of Sensitive Information,This link points to a plaintext HTTP URL. Prefer an encrypted HTTPS URL if possible.
apache/zookeeper,zookeeper-it/src/main/java/org/apache/zookeeper/server/watch/WatchBench.java,java.lang.security.audit.unsafe-reflection.unsafe-reflection,WARNING,CWE-470: Use of Externally-Controlled Input to Select Classes or Code ('Unsafe Reflection'),"If an attacker can supply values that the application then uses to determine which class to instantiate or which method to invoke, the potential exists for the attacker to create control flow paths through the application that were not intended by the application developers. This attack vector may allow the attacker to bypass authentication or access control checks or otherwise cause the application to behave in an unexpected manner."
apache/zookeeper,zookeeper-server/src/main/java/org/apache/zookeeper/ServerAdminClient.java,java.lang.security.audit.crypto.unencrypted-socket.unencrypted-socket,WARNING,CWE-319: Cleartext Transmission of Sensitive Information,"Detected use of a Java socket that is not encrypted. As a result, the traffic could be read by an attacker intercepting the network traffic. Use an SSLSocket created by 'SSLSocketFactory' or 'SSLServerSocketFactory' instead."
apache/zookeeper,zookeeper-server/src/main/java/org/apache/zookeeper/ServerAdminClient.java,java.lang.security.audit.crypto.unencrypted-socket.unencrypted-socket,WARNING,CWE-319: Cleartext Transmission of Sensitive Information,"Detected use of a Java socket that is not encrypted. As a result, the traffic could be read by an attacker intercepting the network traffic. Use an SSLSocket created by 'SSLSocketFactory' or 'SSLServerSocketFactory' instead."
apache/zookeeper,zookeeper-server/src/main/java/org/apache/zookeeper/ServerAdminClient.java,java.lang.security.audit.crypto.unencrypted-socket.unencrypted-socket,WARNING,CWE-319: Cleartext Transmission of Sensitive Information,"Detected use of a Java socket that is not encrypted. As a result, the traffic could be read by an attacker intercepting the network traffic. Use an SSLSocket created by 'SSLSocketFactory' or 'SSLServerSocketFactory' instead."
apache/zookeeper,zookeeper-server/src/main/java/org/apache/zookeeper/ServerAdminClient.java,java.lang.security.audit.crypto.unencrypted-socket.unencrypted-socket,WARNING,CWE-319: Cleartext Transmission of Sensitive Information,"Detected use of a Java socket that is not encrypted. As a result, the traffic could be read by an attacker intercepting the network traffic. Use an SSLSocket created by 'SSLSocketFactory' or 'SSLServerSocketFactory' instead."
apache/zookeeper,zookeeper-server/src/main/java/org/apache/zookeeper/ServerAdminClient.java,java.lang.security.audit.crypto.unencrypted-socket.unencrypted-socket,WARNING,CWE-319: Cleartext Transmission of Sensitive Information,"Detected use of a Java socket that is not encrypted. As a result, the traffic could be read by an attacker intercepting the network traffic. Use an SSLSocket created by 'SSLSocketFactory' or 'SSLServerSocketFactory' instead."
apache/zookeeper,zookeeper-server/src/main/java/org/apache/zookeeper/ServerAdminClient.java,java.lang.security.audit.crypto.unencrypted-socket.unencrypted-socket,WARNING,CWE-319: Cleartext Transmission of Sensitive Information,"Detected use of a Java socket that is not encrypted. As a result, the traffic could be read by an attacker intercepting the network traffic. Use an SSLSocket created by 'SSLSocketFactory' or 'SSLServerSocketFactory' instead."
apache/zookeeper,zookeeper-server/src/main/java/org/apache/zookeeper/Shell.java,java.lang.security.audit.command-injection-process-builder.command-injection-process-builder,ERROR,CWE-78: Improper Neutralization of Special Elements used in an OS Command ('OS Command Injection'),A formatted or concatenated string was detected as input to a ProcessBuilder call. This is dangerous if a variable is controlled by user input and could result in a command injection. Ensure your variables are not controlled by users or sufficiently sanitized.
apache/zookeeper,zookeeper-server/src/main/java/org/apache/zookeeper/ZooKeeper.java,java.lang.security.audit.unsafe-reflection.unsafe-reflection,WARNING,CWE-470: Use of Externally-Controlled Input to Select Classes or Code ('Unsafe Reflection'),"If an attacker can supply values that the application then uses to determine which class to instantiate or which method to invoke, the potential exists for the attacker to create control flow paths through the application that were not intended by the application developers. This attack vector may allow the attacker to bypass authentication or access control checks or otherwise cause the application to behave in an unexpected manner."
apache/zookeeper,zookeeper-server/src/main/java/org/apache/zookeeper/audit/ZKAuditProvider.java,java.lang.security.audit.unsafe-reflection.unsafe-reflection,WARNING,CWE-470: Use of Externally-Controlled Input to Select Classes or Code ('Unsafe Reflection'),"If an attacker can supply values that the application then uses to determine which class to instantiate or which method to invoke, the potential exists for the attacker to create control flow paths through the application that were not intended by the application developers. This attack vector may allow the attacker to bypass authentication or access control checks or otherwise cause the application to behave in an unexpected manner."
apache/zookeeper,zookeeper-server/src/main/java/org/apache/zookeeper/client/FourLetterWordMain.java,java.lang.security.audit.crypto.unencrypted-socket.unencrypted-socket,WARNING,CWE-319: Cleartext Transmission of Sensitive Information,"Detected use of a Java socket that is not encrypted. As a result, the traffic could be read by an attacker intercepting the network traffic. Use an SSLSocket created by 'SSLSocketFactory' or 'SSLServerSocketFactory' instead."
apache/zookeeper,zookeeper-server/src/main/java/org/apache/zookeeper/common/X509Util.java,java.lang.security.audit.unsafe-reflection.unsafe-reflection,WARNING,CWE-470: Use of Externally-Controlled Input to Select Classes or Code ('Unsafe Reflection'),"If an attacker can supply values that the application then uses to determine which class to instantiate or which method to invoke, the potential exists for the attacker to create control flow paths through the application that were not intended by the application developers. This attack vector may allow the attacker to bypass authentication or access control checks or otherwise cause the application to behave in an unexpected manner."
apache/zookeeper,zookeeper-server/src/main/java/org/apache/zookeeper/metrics/impl/MetricsProviderBootstrap.java,java.lang.security.audit.unsafe-reflection.unsafe-reflection,WARNING,CWE-470: Use of Externally-Controlled Input to Select Classes or Code ('Unsafe Reflection'),"If an attacker can supply values that the application then uses to determine which class to instantiate or which method to invoke, the potential exists for the attacker to create control flow paths through the application that were not intended by the application developers. This attack vector may allow the attacker to bypass authentication or access control checks or otherwise cause the application to behave in an unexpected manner."
apache/zookeeper,zookeeper-server/src/main/java/org/apache/zookeeper/server/ServerCnxnFactory.java,java.lang.security.audit.unsafe-reflection.unsafe-reflection,WARNING,CWE-470: Use of Externally-Controlled Input to Select Classes or Code ('Unsafe Reflection'),"If an attacker can supply values that the application then uses to determine which class to instantiate or which method to invoke, the potential exists for the attacker to create control flow paths through the application that were not intended by the application developers. This attack vector may allow the attacker to bypass authentication or access control checks or otherwise cause the application to behave in an unexpected manner."
apache/zookeeper,zookeeper-server/src/main/java/org/apache/zookeeper/server/ServerCnxnFactory.java,java.lang.security.audit.unsafe-reflection.unsafe-reflection,WARNING,CWE-470: Use of Externally-Controlled Input to Select Classes or Code ('Unsafe Reflection'),"If an attacker can supply values that the application then uses to determine which class to instantiate or which method to invoke, the potential exists for the attacker to create control flow paths through the application that were not intended by the application developers. This attack vector may allow the attacker to bypass authentication or access control checks or otherwise cause the application to behave in an unexpected manner."
apache/zookeeper,zookeeper-server/src/main/java/org/apache/zookeeper/server/controller/ControllerServerConfig.java,java.lang.security.audit.crypto.unencrypted-socket.unencrypted-socket,WARNING,CWE-319: Cleartext Transmission of Sensitive Information,"Detected use of a Java socket that is not encrypted. As a result, the traffic could be read by an attacker intercepting the network traffic. Use an SSLSocket created by 'SSLSocketFactory' or 'SSLServerSocketFactory' instead."
apache/zookeeper,zookeeper-server/src/main/java/org/apache/zookeeper/server/controller/ControllerServerConfig.java,java.lang.security.audit.crypto.unencrypted-socket.unencrypted-socket,WARNING,CWE-319: Cleartext Transmission of Sensitive Information,"Detected use of a Java socket that is not encrypted. As a result, the traffic could be read by an attacker intercepting the network traffic. Use an SSLSocket created by 'SSLSocketFactory' or 'SSLServerSocketFactory' instead."
apache/zookeeper,zookeeper-server/src/main/java/org/apache/zookeeper/server/quorum/Leader.java,java.lang.security.audit.crypto.unencrypted-socket.unencrypted-socket,WARNING,CWE-319: Cleartext Transmission of Sensitive Information,"Detected use of a Java socket that is not encrypted. As a result, the traffic could be read by an attacker intercepting the network traffic. Use an SSLSocket created by 'SSLSocketFactory' or 'SSLServerSocketFactory' instead."
apache/zookeeper,zookeeper-server/src/main/java/org/apache/zookeeper/server/quorum/Learner.java,java.lang.security.audit.crypto.unencrypted-socket.unencrypted-socket,WARNING,CWE-319: Cleartext Transmission of Sensitive Information,"Detected use of a Java socket that is not encrypted. As a result, the traffic could be read by an attacker intercepting the network traffic. Use an SSLSocket created by 'SSLSocketFactory' or 'SSLServerSocketFactory' instead."
apache/zookeeper,zookeeper-server/src/main/java/org/apache/zookeeper/server/quorum/ObserverMaster.java,java.lang.security.audit.crypto.unencrypted-socket.unencrypted-socket,WARNING,CWE-319: Cleartext Transmission of Sensitive Information,"Detected use of a Java socket that is not encrypted. As a result, the traffic could be read by an attacker intercepting the network traffic. Use an SSLSocket created by 'SSLSocketFactory' or 'SSLServerSocketFactory' instead."
apache/zookeeper,zookeeper-server/src/main/java/org/apache/zookeeper/server/quorum/ObserverMaster.java,java.lang.security.audit.crypto.unencrypted-socket.unencrypted-socket,WARNING,CWE-319: Cleartext Transmission of Sensitive Information,"Detected use of a Java socket that is not encrypted. As a result, the traffic could be read by an attacker intercepting the network traffic. Use an SSLSocket created by 'SSLSocketFactory' or 'SSLServerSocketFactory' instead."
apache/zookeeper,zookeeper-server/src/main/java/org/apache/zookeeper/server/quorum/QuorumCnxManager.java,java.lang.security.audit.crypto.unencrypted-socket.unencrypted-socket,WARNING,CWE-319: Cleartext Transmission of Sensitive Information,"Detected use of a Java socket that is not encrypted. As a result, the traffic could be read by an attacker intercepting the network traffic. Use an SSLSocket created by 'SSLSocketFactory' or 'SSLServerSocketFactory' instead."
apache/zookeeper,zookeeper-server/src/main/java/org/apache/zookeeper/server/quorum/QuorumCnxManager.java,java.lang.security.audit.crypto.unencrypted-socket.unencrypted-socket,WARNING,CWE-319: Cleartext Transmission of Sensitive Information,"Detected use of a Java socket that is not encrypted. As a result, the traffic could be read by an attacker intercepting the network traffic. Use an SSLSocket created by 'SSLSocketFactory' or 'SSLServerSocketFactory' instead."
apache/zookeeper,zookeeper-server/src/main/java/org/apache/zookeeper/server/quorum/QuorumPeerConfig.java,java.lang.security.audit.unsafe-reflection.unsafe-reflection,WARNING,CWE-470: Use of Externally-Controlled Input to Select Classes or Code ('Unsafe Reflection'),"If an attacker can supply values that the application then uses to determine which class to instantiate or which method to invoke, the potential exists for the attacker to create control flow paths through the application that were not intended by the application developers. This attack vector may allow the attacker to bypass authentication or access control checks or otherwise cause the application to behave in an unexpected manner."
apache/zookeeper,zookeeper-server/src/main/java/org/apache/zookeeper/server/watch/WatchManagerFactory.java,java.lang.security.audit.unsafe-reflection.unsafe-reflection,WARNING,CWE-470: Use of Externally-Controlled Input to Select Classes or Code ('Unsafe Reflection'),"If an attacker can supply values that the application then uses to determine which class to instantiate or which method to invoke, the potential exists for the attacker to create control flow paths through the application that were not intended by the application developers. This attack vector may allow the attacker to bypass authentication or access control checks or otherwise cause the application to behave in an unexpected manner."
apache/zookeeper,zookeeper-website/app/components/docs/search/static.ts,javascript.lang.security.audit.detect-non-literal-regexp.detect-non-literal-regexp,WARNING,CWE-1333: Inefficient Regular Expression Complexity,"RegExp() called with a `searchTerm` function argument, this might allow an attacker to cause a Regular Expression Denial-of-Service (ReDoS) within your application as RegExP blocks the main thread. For this reason, it is recommended to use hardcoded regexes instead. If your regex is run on user-controlled input, consider performing input validation or use a regex checking/sanitization library such as https://www.npmjs.com/package/recheck to verify that the regex does not appear vulnerable to ReD"
apache/zookeeper,zookeeper-website/scripts/build-docs.ts,javascript.lang.security.detect-child-process.detect-child-process,ERROR,CWE-78: Improper Neutralization of Special Elements used in an OS Command ('OS Command Injection'),"Detected calls to child_process from a function argument `command`. This could lead to a command injection if the input is user controllable. Try to avoid calls to child_process, and if it is needed ensure user input is correctly sanitized or sandboxed. "
apache/zookeeper,zookeeper-website/scripts/build-site.ts,javascript.lang.security.detect-child-process.detect-child-process,ERROR,CWE-78: Improper Neutralization of Special Elements used in an OS Command ('OS Command Injection'),"Detected calls to child_process from a function argument `command`. This could lead to a command injection if the input is user controllable. Try to avoid calls to child_process, and if it is needed ensure user input is correctly sanitized or sandboxed. "
apache/zookeeper,zookeeper-website/scripts/extract-developers.js,javascript.lang.security.audit.detect-non-literal-regexp.detect-non-literal-regexp,WARNING,CWE-1333: Inefficient Regular Expression Complexity,"RegExp() called with a `fieldName` function argument, this might allow an attacker to cause a Regular Expression Denial-of-Service (ReDoS) within your application as RegExP blocks the main thread. For this reason, it is recommended to use hardcoded regexes instead. If your regex is run on user-controlled input, consider performing input validation or use a regex checking/sanitization library such as https://www.npmjs.com/package/recheck to verify that the regex does not appear vulnerable to ReDo"
jenkinsci/jenkins,.github/renovate.json,package_managers.renovate.renovate-missing-minimum-release-age.renovate-missing-minimum-release-age,MEDIUM,CWE-829: Inclusion of Functionality from Untrusted Control Sphere,"This Renovate configuration does not set a minimum release age. Newly published packages can be malicious or unstable. Add `""minimumReleaseAge"": ""7 days""` within a `packageRules` entry to wait 7 days before proposing updates to newly published package versions. Set `""minimumReleaseAge"": false` to set an exception for minimal release age for the package rule. Added in: v42"
jenkinsci/jenkins,.github/renovate.json,package_managers.renovate.renovate-missing-minimum-release-age.renovate-missing-minimum-release-age,MEDIUM,CWE-829: Inclusion of Functionality from Untrusted Control Sphere,"This Renovate configuration does not set a minimum release age. Newly published packages can be malicious or unstable. Add `""minimumReleaseAge"": ""7 days""` within a `packageRules` entry to wait 7 days before proposing updates to newly published package versions. Set `""minimumReleaseAge"": false` to set an exception for minimal release age for the package rule. Added in: v42"
jenkinsci/jenkins,.github/renovate.json,package_managers.renovate.renovate-missing-minimum-release-age.renovate-missing-minimum-release-age,MEDIUM,CWE-829: Inclusion of Functionality from Untrusted Control Sphere,"This Renovate configuration does not set a minimum release age. Newly published packages can be malicious or unstable. Add `""minimumReleaseAge"": ""7 days""` within a `packageRules` entry to wait 7 days before proposing updates to newly published package versions. Set `""minimumReleaseAge"": false` to set an exception for minimal release age for the package rule. Added in: v42"
jenkinsci/jenkins,.github/renovate.json,package_managers.renovate.renovate-missing-minimum-release-age.renovate-missing-minimum-release-age,MEDIUM,CWE-829: Inclusion of Functionality from Untrusted Control Sphere,"This Renovate configuration does not set a minimum release age. Newly published packages can be malicious or unstable. Add `""minimumReleaseAge"": ""7 days""` within a `packageRules` entry to wait 7 days before proposing updates to newly published package versions. Set `""minimumReleaseAge"": false` to set an exception for minimal release age for the package rule. Added in: v42"
jenkinsci/jenkins,.github/renovate.json,package_managers.renovate.renovate-missing-minimum-release-age.renovate-missing-minimum-release-age,MEDIUM,CWE-829: Inclusion of Functionality from Untrusted Control Sphere,"This Renovate configuration does not set a minimum release age. Newly published packages can be malicious or unstable. Add `""minimumReleaseAge"": ""7 days""` within a `packageRules` entry to wait 7 days before proposing updates to newly published package versions. Set `""minimumReleaseAge"": false` to set an exception for minimal release age for the package rule. Added in: v42"
jenkinsci/jenkins,.github/renovate.json,package_managers.renovate.renovate-missing-minimum-release-age.renovate-missing-minimum-release-age,MEDIUM,CWE-829: Inclusion of Functionality from Untrusted Control Sphere,"This Renovate configuration does not set a minimum release age. Newly published packages can be malicious or unstable. Add `""minimumReleaseAge"": ""7 days""` within a `packageRules` entry to wait 7 days before proposing updates to newly published package versions. Set `""minimumReleaseAge"": false` to set an exception for minimal release age for the package rule. Added in: v42"
jenkinsci/jenkins,.github/renovate.json,package_managers.renovate.renovate-missing-minimum-release-age.renovate-missing-minimum-release-age,MEDIUM,CWE-829: Inclusion of Functionality from Untrusted Control Sphere,"This Renovate configuration does not set a minimum release age. Newly published packages can be malicious or unstable. Add `""minimumReleaseAge"": ""7 days""` within a `packageRules` entry to wait 7 days before proposing updates to newly published package versions. Set `""minimumReleaseAge"": false` to set an exception for minimal release age for the package rule. Added in: v42"
jenkinsci/jenkins,.yarnrc.yml,package_managers.yarn.yarn-missing-minimal-age-gate.yarn-missing-minimal-age-gate,MEDIUM,CWE-829: Inclusion of Functionality from Untrusted Control Sphere,"This .yarnrc.yml does not set a minimal age gate or sets it too low. Newly published packages can be malicious or unstable. Add `npmMinimalAgeGate: ""7d""` to wait 7 days before resolving newly published package versions. Added in: 4.10 Reference: https://yarnpkg.com/configuration/yarnrc#npmMinimalAgeGate"
jenkinsci/jenkins,cli/src/main/java/hudson/cli/CLI.java,java.lang.security.audit.weak-ssl-context.weak-ssl-context,WARNING,CWE-326: Inadequate Encryption Strength,"An insecure SSL context was detected. TLS versions 1.0, 1.1, and all SSL versions are considered weak encryption and are deprecated. Use SSLContext.getInstance(""TLSv1.2"") for the best security."
jenkinsci/jenkins,cli/src/main/java/hudson/cli/CLI.java,java.lang.security.audit.weak-ssl-context.weak-ssl-context,WARNING,CWE-326: Inadequate Encryption Strength,"An insecure SSL context was detected. TLS versions 1.0, 1.1, and all SSL versions are considered weak encryption and are deprecated. Use SSLContext.getInstance(""TLSv1.2"") for the best security."
jenkinsci/jenkins,cli/src/main/java/hudson/cli/NoCheckTrustManager.java,java.lang.security.audit.crypto.ssl.insecure-trust-manager.insecure-trust-manager,WARNING,CWE-295: Improper Certificate Validation,"Detected empty trust manager implementations. This is dangerous because it accepts any certificate, enabling man-in-the-middle attacks. Consider using a KeyStore and TrustManagerFactory instead. See https://stackoverflow.com/questions/2642777/trusting-all-certificates-using-httpclient-over-https for more information."
jenkinsci/jenkins,cli/src/main/java/hudson/cli/NoCheckTrustManager.java,java.lang.security.audit.crypto.ssl.insecure-trust-manager.insecure-trust-manager,WARNING,CWE-295: Improper Certificate Validation,"Detected empty trust manager implementations. This is dangerous because it accepts any certificate, enabling man-in-the-middle attacks. Consider using a KeyStore and TrustManagerFactory instead. See https://stackoverflow.com/questions/2642777/trusting-all-certificates-using-httpclient-over-https for more information."
jenkinsci/jenkins,core/src/main/java/hudson/ExtensionFinder.java,java.lang.security.audit.unsafe-reflection.unsafe-reflection,WARNING,CWE-470: Use of Externally-Controlled Input to Select Classes or Code ('Unsafe Reflection'),"If an attacker can supply values that the application then uses to determine which class to instantiate or which method to invoke, the potential exists for the attacker to create control flow paths through the application that were not intended by the application developers. This attack vector may allow the attacker to bypass authentication or access control checks or otherwise cause the application to behave in an unexpected manner."
jenkinsci/jenkins,core/src/main/java/hudson/Launcher.java,java.lang.security.audit.command-injection-process-builder.command-injection-process-builder,ERROR,CWE-78: Improper Neutralization of Special Elements used in an OS Command ('OS Command Injection'),A formatted or concatenated string was detected as input to a ProcessBuilder call. This is dangerous if a variable is controlled by user input and could result in a command injection. Ensure your variables are not controlled by users or sufficiently sanitized.
jenkinsci/jenkins,core/src/main/java/hudson/PluginManager.java,java.lang.security.audit.unsafe-reflection.unsafe-reflection,WARNING,CWE-470: Use of Externally-Controlled Input to Select Classes or Code ('Unsafe Reflection'),"If an attacker can supply values that the application then uses to determine which class to instantiate or which method to invoke, the potential exists for the attacker to create control flow paths through the application that were not intended by the application developers. This attack vector may allow the attacker to bypass authentication or access control checks or otherwise cause the application to behave in an unexpected manner."
jenkinsci/jenkins,core/src/main/java/hudson/Proc.java,java.lang.security.audit.command-injection-process-builder.command-injection-process-builder,ERROR,CWE-78: Improper Neutralization of Special Elements used in an OS Command ('OS Command Injection'),A formatted or concatenated string was detected as input to a ProcessBuilder call. This is dangerous if a variable is controlled by user input and could result in a command injection. Ensure your variables are not controlled by users or sufficiently sanitized.
jenkinsci/jenkins,core/src/main/java/hudson/TcpSlaveAgentListener.java,java.lang.security.audit.crypto.unencrypted-socket.unencrypted-socket,WARNING,CWE-319: Cleartext Transmission of Sensitive Information,"Detected use of a Java socket that is not encrypted. As a result, the traffic could be read by an attacker intercepting the network traffic. Use an SSLSocket created by 'SSLSocketFactory' or 'SSLServerSocketFactory' instead."
jenkinsci/jenkins,core/src/main/java/hudson/Util.java,java.lang.security.audit.crypto.use-of-md5.use-of-md5,WARNING,CWE-328: Use of Weak Hash,Detected MD5 hash algorithm which is considered insecure. MD5 is not collision resistant and is therefore not suitable as a cryptographic signature. Use HMAC instead.
jenkinsci/jenkins,core/src/main/java/hudson/model/UpdateCenter.java,java.lang.security.audit.unsafe-reflection.unsafe-reflection,WARNING,CWE-470: Use of Externally-Controlled Input to Select Classes or Code ('Unsafe Reflection'),"If an attacker can supply values that the application then uses to determine which class to instantiate or which method to invoke, the potential exists for the attacker to create control flow paths through the application that were not intended by the application developers. This attack vector may allow the attacker to bypass authentication or access control checks or otherwise cause the application to behave in an unexpected manner."
jenkinsci/jenkins,core/src/main/java/hudson/model/UpdateCenter.java,java.lang.security.audit.crypto.use-of-sha1.use-of-sha1,WARNING,CWE-328: Use of Weak Hash,"Detected SHA1 hash algorithm which is considered insecure. SHA1 is not collision resistant and is therefore not suitable as a cryptographic signature. Instead, use PBKDF2 for password hashing or SHA256 or SHA512 for other hash function applications."
jenkinsci/jenkins,core/src/main/java/hudson/model/UpdateCenter.java,java.lang.security.audit.crypto.use-of-sha1.use-of-sha1,WARNING,CWE-328: Use of Weak Hash,"Detected SHA1 hash algorithm which is considered insecure. SHA1 is not collision resistant and is therefore not suitable as a cryptographic signature. Instead, use PBKDF2 for password hashing or SHA256 or SHA512 for other hash function applications."
jenkinsci/jenkins,core/src/main/java/hudson/scheduler/Hash.java,java.lang.security.audit.crypto.use-of-md5.use-of-md5,WARNING,CWE-328: Use of Weak Hash,Detected MD5 hash algorithm which is considered insecure. MD5 is not collision resistant and is therefore not suitable as a cryptographic signature. Use HMAC instead.
jenkinsci/jenkins,core/src/main/java/hudson/security/HudsonPrivateSecurityRealm.java,java.lang.security.audit.crypto.weak-random.weak-random,WARNING,CWE-330: Use of Insufficiently Random Values,"Detected use of the functions `Math.random()` or `java.util.Random()`. These are both not cryptographically strong random number generators (RNGs). If you are using these RNGs to create passwords or secret tokens, use `java.security.SecureRandom` instead."
jenkinsci/jenkins,core/src/main/java/hudson/security/Permission.java,java.lang.security.audit.unsafe-reflection.unsafe-reflection,WARNING,CWE-470: Use of Externally-Controlled Input to Select Classes or Code ('Unsafe Reflection'),"If an attacker can supply values that the application then uses to determine which class to instantiate or which method to invoke, the potential exists for the attacker to create control flow paths through the application that were not intended by the application developers. This attack vector may allow the attacker to bypass authentication or access control checks or otherwise cause the application to behave in an unexpected manner."
jenkinsci/jenkins,core/src/main/java/hudson/slaves/Channels.java,java.lang.security.audit.crypto.unencrypted-socket.unencrypted-socket,WARNING,CWE-319: Cleartext Transmission of Sensitive Information,"Detected use of a Java socket that is not encrypted. As a result, the traffic could be read by an attacker intercepting the network traffic. Use an SSLSocket created by 'SSLSocketFactory' or 'SSLServerSocketFactory' instead."
jenkinsci/jenkins,core/src/main/java/hudson/util/DescriptorList.java,java.lang.security.audit.unsafe-reflection.unsafe-reflection,WARNING,CWE-470: Use of Externally-Controlled Input to Select Classes or Code ('Unsafe Reflection'),"If an attacker can supply values that the application then uses to determine which class to instantiate or which method to invoke, the potential exists for the attacker to create control flow paths through the application that were not intended by the application developers. This attack vector may allow the attacker to bypass authentication or access control checks or otherwise cause the application to behave in an unexpected manner."
jenkinsci/jenkins,core/src/main/java/jenkins/model/GlobalProjectNamingStrategyConfiguration.java,java.lang.security.audit.unsafe-reflection.unsafe-reflection,WARNING,CWE-470: Use of Externally-Controlled Input to Select Classes or Code ('Unsafe Reflection'),"If an attacker can supply values that the application then uses to determine which class to instantiate or which method to invoke, the potential exists for the attacker to create control flow paths through the application that were not intended by the application developers. This attack vector may allow the attacker to bypass authentication or access control checks or otherwise cause the application to behave in an unexpected manner."
jenkinsci/jenkins,core/src/main/java/jenkins/slaves/JnlpSlaveAgentProtocol4.java,java.lang.security.audit.weak-ssl-context.weak-ssl-context,WARNING,CWE-326: Inadequate Encryption Strength,"An insecure SSL context was detected. TLS versions 1.0, 1.1, and all SSL versions are considered weak encryption and are deprecated. Use SSLContext.getInstance(""TLSv1.2"") for the best security."
jenkinsci/jenkins,core/src/main/java/jenkins/slaves/restarter/WinswSlaveRestarter.java,java.lang.security.audit.command-injection-process-builder.command-injection-process-builder,ERROR,CWE-78: Improper Neutralization of Special Elements used in an OS Command ('OS Command Injection'),A formatted or concatenated string was detected as input to a ProcessBuilder call. This is dangerous if a variable is controlled by user input and could result in a command injection. Ensure your variables are not controlled by users or sufficiently sanitized.
jenkinsci/jenkins,core/src/main/java/jenkins/util/JSONSignatureValidator.java,java.lang.security.audit.crypto.use-of-sha1.use-of-sha1,WARNING,CWE-328: Use of Weak Hash,"Detected SHA1 hash algorithm which is considered insecure. SHA1 is not collision resistant and is therefore not suitable as a cryptographic signature. Instead, use PBKDF2 for password hashing or SHA256 or SHA512 for other hash function applications."
jenkinsci/jenkins,core/src/main/java/jenkins/util/xml/XMLUtils.java,java.lang.security.audit.xxe.transformerfactory-dtds-not-disabled.transformerfactory-dtds-not-disabled,ERROR,CWE-611: Improper Restriction of XML External Entity Reference,"DOCTYPE declarations are enabled for this TransformerFactory. This is vulnerable to XML external entity attacks. Disable this by setting the attributes ""accessExternalDTD"" and ""accessExternalStylesheet"" to """"."
jenkinsci/jenkins,core/src/main/java/org/jenkins/ui/symbol/Symbol.java,java.lang.security.audit.xxe.documentbuilderfactory-disallow-doctype-decl-missing.documentbuilderfactory-disallow-doctype-decl-missing,ERROR,CWE-611: Improper Restriction of XML External Entity Reference,"DOCTYPE declarations are enabled for this DocumentBuilderFactory. This is vulnerable to XML external entity attacks. Disable this by setting the feature ""http://apache.org/xml/features/disallow-doctype-decl"" to true. Alternatively, allow DOCTYPE declarations and only prohibit external entities declarations. This can be done by setting the features ""http://xml.org/sax/features/external-general-entities"" and ""http://xml.org/sax/features/external-parameter-entities"" to false."
jenkinsci/jenkins,core/src/main/java/org/jenkins/ui/symbol/Symbol.java,java.lang.security.audit.xxe.transformerfactory-dtds-not-disabled.transformerfactory-dtds-not-disabled,ERROR,CWE-611: Improper Restriction of XML External Entity Reference,"DOCTYPE declarations are enabled for this TransformerFactory. This is vulnerable to XML external entity attacks. Disable this by setting the attributes ""accessExternalDTD"" and ""accessExternalStylesheet"" to """"."
jenkinsci/jenkins,core/src/main/resources/hudson/node_monitors/SwapSpaceMonitor/help_ja.html,html.security.plaintext-http-link.plaintext-http-link,WARNING,CWE-319: Cleartext Transmission of Sensitive Information,This link points to a plaintext HTTP URL. Prefer an encrypted HTTPS URL if possible.
jenkinsci/jenkins,core/src/main/resources/hudson/tools/AbstractCommandInstaller/help.html,html.security.plaintext-http-link.plaintext-http-link,WARNING,CWE-319: Cleartext Transmission of Sensitive Information,This link points to a plaintext HTTP URL. Prefer an encrypted HTTPS URL if possible.
jenkinsci/jenkins,core/src/main/resources/hudson/tools/AbstractCommandInstaller/help_bg.html,html.security.plaintext-http-link.plaintext-http-link,WARNING,CWE-319: Cleartext Transmission of Sensitive Information,This link points to a plaintext HTTP URL. Prefer an encrypted HTTPS URL if possible.
jenkinsci/jenkins,core/src/main/resources/hudson/tools/AbstractCommandInstaller/help_it.html,html.security.plaintext-http-link.plaintext-http-link,WARNING,CWE-319: Cleartext Transmission of Sensitive Information,This link points to a plaintext HTTP URL. Prefer an encrypted HTTPS URL if possible.
jenkinsci/jenkins,core/src/main/resources/hudson/tools/AbstractCommandInstaller/help_sv_SE.html,html.security.plaintext-http-link.plaintext-http-link,WARNING,CWE-319: Cleartext Transmission of Sensitive Information,This link points to a plaintext HTTP URL. Prefer an encrypted HTTPS URL if possible.
jenkinsci/jenkins,core/src/main/resources/hudson/tools/AbstractCommandInstaller/help_zh_TW.html,html.security.plaintext-http-link.plaintext-http-link,WARNING,CWE-319: Cleartext Transmission of Sensitive Information,This link points to a plaintext HTTP URL. Prefer an encrypted HTTPS URL if possible.
jenkinsci/jenkins,core/src/main/resources/jenkins/install/SetupWizard/_wizard-ui.js,javascript.lang.security.audit.incomplete-sanitization.incomplete-sanitization,WARNING,CWE-116: Improper Encoding or Escaping of Output,"`defaultSiteId.replace` method will only replace the first occurrence when used with a string argument (""'""). If this method is used for escaping of dangerous data then there is a possibility for a bypass. Try to use sanitization library instead or use a Regex with a global flag."
jenkinsci/jenkins,core/src/main/resources/lib/form/textarea/textarea.js,javascript.lang.security.audit.unsafe-formatstring.unsafe-formatstring,INFO,CWE-134: Use of Externally-Controlled Format String,"Detected string concatenation with a non-literal variable in a util.format / console.log function. If an attacker injects a format specifier in the string, it will forge the log message. Try to use constant values for the format string."
jenkinsci/jenkins,src/main/js/plugin-manager-ui.js,typescript.react.security.audit.react-unsanitized-method.react-unsanitized-method,WARNING,CWE-79: Improper Neutralization of Input During Web Page Generation ('Cross-site Scripting'),"Detection of insertAdjacentHTML from non-constant definition. This can inadvertently expose users to cross-site scripting (XSS) attacks if this comes from user-provided input. If you have to use insertAdjacentHTML, consider using a sanitization library such as DOMPurify to sanitize your HTML."
jenkinsci/jenkins,src/main/js/templates/configureInstance.hbs,javascript.express.security.audit.xss.mustache.explicit-unescape.template-explicit-unescape,WARNING,CWE-79: Improper Neutralization of Input During Web Page Generation ('Cross-site Scripting'),"Detected an explicit unescape in a Mustache template, using triple braces '{{{...}}}' or ampersand '&'. If external data can reach these locations, your application is exposed to a cross-site scripting (XSS) vulnerability. If you must do this, ensure no external data can reach this location."
jenkinsci/jenkins,src/main/js/templates/offlinePanel.hbs,javascript.express.security.audit.xss.mustache.explicit-unescape.template-explicit-unescape,WARNING,CWE-79: Improper Neutralization of Input During Web Page Generation ('Cross-site Scripting'),"Detected an explicit unescape in a Mustache template, using triple braces '{{{...}}}' or ampersand '&'. If external data can reach these locations, your application is exposed to a cross-site scripting (XSS) vulnerability. If you must do this, ensure no external data can reach this location."
jenkinsci/jenkins,src/main/js/templates/plugin-manager/available.hbs,javascript.express.security.audit.xss.mustache.explicit-unescape.template-explicit-unescape,WARNING,CWE-79: Improper Neutralization of Input During Web Page Generation ('Cross-site Scripting'),"Detected an explicit unescape in a Mustache template, using triple braces '{{{...}}}' or ampersand '&'. If external data can reach these locations, your application is exposed to a cross-site scripting (XSS) vulnerability. If you must do this, ensure no external data can reach this location."
jenkinsci/jenkins,src/main/js/templates/plugin-manager/available.hbs,javascript.express.security.audit.xss.mustache.explicit-unescape.template-explicit-unescape,WARNING,CWE-79: Improper Neutralization of Input During Web Page Generation ('Cross-site Scripting'),"Detected an explicit unescape in a Mustache template, using triple braces '{{{...}}}' or ampersand '&'. If external data can reach these locations, your application is exposed to a cross-site scripting (XSS) vulnerability. If you must do this, ensure no external data can reach this location."
jenkinsci/jenkins,src/main/js/templates/plugin-manager/available.hbs,javascript.express.security.audit.xss.mustache.explicit-unescape.template-explicit-unescape,WARNING,CWE-79: Improper Neutralization of Input During Web Page Generation ('Cross-site Scripting'),"Detected an explicit unescape in a Mustache template, using triple braces '{{{...}}}' or ampersand '&'. If external data can reach these locations, your application is exposed to a cross-site scripting (XSS) vulnerability. If you must do this, ensure no external data can reach this location."
jenkinsci/jenkins,src/main/js/templates/plugin-manager/available.hbs,javascript.express.security.audit.xss.mustache.explicit-unescape.template-explicit-unescape,WARNING,CWE-79: Improper Neutralization of Input During Web Page Generation ('Cross-site Scripting'),"Detected an explicit unescape in a Mustache template, using triple braces '{{{...}}}' or ampersand '&'. If external data can reach these locations, your application is exposed to a cross-site scripting (XSS) vulnerability. If you must do this, ensure no external data can reach this location."
jenkinsci/jenkins,src/main/js/templates/pluginSelectList.hbs,javascript.express.security.audit.xss.mustache.explicit-unescape.template-explicit-unescape,WARNING,CWE-79: Improper Neutralization of Input During Web Page Generation ('Cross-site Scripting'),"Detected an explicit unescape in a Mustache template, using triple braces '{{{...}}}' or ampersand '&'. If external data can reach these locations, your application is exposed to a cross-site scripting (XSS) vulnerability. If you must do this, ensure no external data can reach this location."
jenkinsci/jenkins,src/main/js/templates/pluginSelectionPanel.hbs,javascript.express.security.audit.xss.mustache.explicit-unescape.template-explicit-unescape,WARNING,CWE-79: Improper Neutralization of Input During Web Page Generation ('Cross-site Scripting'),"Detected an explicit unescape in a Mustache template, using triple braces '{{{...}}}' or ampersand '&'. If external data can reach these locations, your application is exposed to a cross-site scripting (XSS) vulnerability. If you must do this, ensure no external data can reach this location."
jenkinsci/jenkins,src/main/js/templates/setupCompletePanel.hbs,javascript.express.security.audit.xss.mustache.explicit-unescape.template-explicit-unescape,WARNING,CWE-79: Improper Neutralization of Input During Web Page Generation ('Cross-site Scripting'),"Detected an explicit unescape in a Mustache template, using triple braces '{{{...}}}' or ampersand '&'. If external data can reach these locations, your application is exposed to a cross-site scripting (XSS) vulnerability. If you must do this, ensure no external data can reach this location."
jenkinsci/jenkins,war/src/main/webapp/scripts/hudson-behavior.js,javascript.browser.security.eval-detected.eval-detected,WARNING,CWE-95: Improper Neutralization of Directives in Dynamically Evaluated Code ('Eval Injection'),"Detected the use of eval(). eval() can be dangerous if used to evaluate dynamic content. If this content can be input from outside the program, this may be a code injection vulnerability. Ensure evaluated content is not definable by external sources."
netty/netty,.github/scripts/check_java_ea_version.sh,bash.curl.security.curl-pipe-bash.curl-pipe-bash,WARNING,CWE-95: Improper Neutralization of Directives in Dynamically Evaluated Code ('Eval Injection'),"Data is being piped into `bash` from a `curl` command. An attacker with control of the server in the `curl` command could inject malicious code into the pipe, resulting in a system compromise. Avoid piping untrusted data into `bash` or any other shell if you can. If you must do this, consider checking the SHA sum of the content returned by the server to verify its integrity."
netty/netty,.github/workflows/autoport-41.yml,yaml.github-actions.security.github-actions-mutable-action-tag.github-actions-mutable-action-tag,WARNING,CWE-1357: Reliance on Insufficiently Trustworthy Component; CWE-353: Missing Support for Integrity Check,"GitHub Actions step uses a mutable tag or branch reference. Tags and branch names can be silently repointed by the action owner, enabling supply-chain attacks — as seen in the trivy-action and kics-github-action compromises. Pin the reference to a full 40-character commit SHA instead, e.g. `uses: actions/checkout@8ade135a41bc03ea155e62e844d188df1ea18608`."
netty/netty,.github/workflows/autoport-41.yml,yaml.github-actions.security.github-actions-mutable-action-tag.github-actions-mutable-action-tag,WARNING,CWE-1357: Reliance on Insufficiently Trustworthy Component; CWE-353: Missing Support for Integrity Check,"GitHub Actions step uses a mutable tag or branch reference. Tags and branch names can be silently repointed by the action owner, enabling supply-chain attacks — as seen in the trivy-action and kics-github-action compromises. Pin the reference to a full 40-character commit SHA instead, e.g. `uses: actions/checkout@8ade135a41bc03ea155e62e844d188df1ea18608`."
netty/netty,.github/workflows/autoport-41.yml,yaml.github-actions.security.github-actions-mutable-action-tag.github-actions-mutable-action-tag,WARNING,CWE-1357: Reliance on Insufficiently Trustworthy Component; CWE-353: Missing Support for Integrity Check,"GitHub Actions step uses a mutable tag or branch reference. Tags and branch names can be silently repointed by the action owner, enabling supply-chain attacks — as seen in the trivy-action and kics-github-action compromises. Pin the reference to a full 40-character commit SHA instead, e.g. `uses: actions/checkout@8ade135a41bc03ea155e62e844d188df1ea18608`."
netty/netty,.github/workflows/autoport-41.yml,yaml.github-actions.security.github-actions-mutable-action-tag.github-actions-mutable-action-tag,WARNING,CWE-1357: Reliance on Insufficiently Trustworthy Component; CWE-353: Missing Support for Integrity Check,"GitHub Actions step uses a mutable tag or branch reference. Tags and branch names can be silently repointed by the action owner, enabling supply-chain attacks — as seen in the trivy-action and kics-github-action compromises. Pin the reference to a full 40-character commit SHA instead, e.g. `uses: actions/checkout@8ade135a41bc03ea155e62e844d188df1ea18608`."
netty/netty,.github/workflows/autoport-41.yml,yaml.github-actions.security.github-actions-mutable-action-tag.github-actions-mutable-action-tag,WARNING,CWE-1357: Reliance on Insufficiently Trustworthy Component; CWE-353: Missing Support for Integrity Check,"GitHub Actions step uses a mutable tag or branch reference. Tags and branch names can be silently repointed by the action owner, enabling supply-chain attacks — as seen in the trivy-action and kics-github-action compromises. Pin the reference to a full 40-character commit SHA instead, e.g. `uses: actions/checkout@8ade135a41bc03ea155e62e844d188df1ea18608`."
netty/netty,.github/workflows/autoport-42.yml,yaml.github-actions.security.github-actions-mutable-action-tag.github-actions-mutable-action-tag,WARNING,CWE-1357: Reliance on Insufficiently Trustworthy Component; CWE-353: Missing Support for Integrity Check,"GitHub Actions step uses a mutable tag or branch reference. Tags and branch names can be silently repointed by the action owner, enabling supply-chain attacks — as seen in the trivy-action and kics-github-action compromises. Pin the reference to a full 40-character commit SHA instead, e.g. `uses: actions/checkout@8ade135a41bc03ea155e62e844d188df1ea18608`."
netty/netty,.github/workflows/autoport-42.yml,yaml.github-actions.security.github-actions-mutable-action-tag.github-actions-mutable-action-tag,WARNING,CWE-1357: Reliance on Insufficiently Trustworthy Component; CWE-353: Missing Support for Integrity Check,"GitHub Actions step uses a mutable tag or branch reference. Tags and branch names can be silently repointed by the action owner, enabling supply-chain attacks — as seen in the trivy-action and kics-github-action compromises. Pin the reference to a full 40-character commit SHA instead, e.g. `uses: actions/checkout@8ade135a41bc03ea155e62e844d188df1ea18608`."
netty/netty,.github/workflows/autoport-42.yml,yaml.github-actions.security.github-actions-mutable-action-tag.github-actions-mutable-action-tag,WARNING,CWE-1357: Reliance on Insufficiently Trustworthy Component; CWE-353: Missing Support for Integrity Check,"GitHub Actions step uses a mutable tag or branch reference. Tags and branch names can be silently repointed by the action owner, enabling supply-chain attacks — as seen in the trivy-action and kics-github-action compromises. Pin the reference to a full 40-character commit SHA instead, e.g. `uses: actions/checkout@8ade135a41bc03ea155e62e844d188df1ea18608`."
netty/netty,.github/workflows/autoport-42.yml,yaml.github-actions.security.github-actions-mutable-action-tag.github-actions-mutable-action-tag,WARNING,CWE-1357: Reliance on Insufficiently Trustworthy Component; CWE-353: Missing Support for Integrity Check,"GitHub Actions step uses a mutable tag or branch reference. Tags and branch names can be silently repointed by the action owner, enabling supply-chain attacks — as seen in the trivy-action and kics-github-action compromises. Pin the reference to a full 40-character commit SHA instead, e.g. `uses: actions/checkout@8ade135a41bc03ea155e62e844d188df1ea18608`."
netty/netty,.github/workflows/autoport-42.yml,yaml.github-actions.security.github-actions-mutable-action-tag.github-actions-mutable-action-tag,WARNING,CWE-1357: Reliance on Insufficiently Trustworthy Component; CWE-353: Missing Support for Integrity Check,"GitHub Actions step uses a mutable tag or branch reference. Tags and branch names can be silently repointed by the action owner, enabling supply-chain attacks — as seen in the trivy-action and kics-github-action compromises. Pin the reference to a full 40-character commit SHA instead, e.g. `uses: actions/checkout@8ade135a41bc03ea155e62e844d188df1ea18608`."
netty/netty,.github/workflows/autoport-50.yml,yaml.github-actions.security.github-actions-mutable-action-tag.github-actions-mutable-action-tag,WARNING,CWE-1357: Reliance on Insufficiently Trustworthy Component; CWE-353: Missing Support for Integrity Check,"GitHub Actions step uses a mutable tag or branch reference. Tags and branch names can be silently repointed by the action owner, enabling supply-chain attacks — as seen in the trivy-action and kics-github-action compromises. Pin the reference to a full 40-character commit SHA instead, e.g. `uses: actions/checkout@8ade135a41bc03ea155e62e844d188df1ea18608`."
netty/netty,.github/workflows/autoport-50.yml,yaml.github-actions.security.github-actions-mutable-action-tag.github-actions-mutable-action-tag,WARNING,CWE-1357: Reliance on Insufficiently Trustworthy Component; CWE-353: Missing Support for Integrity Check,"GitHub Actions step uses a mutable tag or branch reference. Tags and branch names can be silently repointed by the action owner, enabling supply-chain attacks — as seen in the trivy-action and kics-github-action compromises. Pin the reference to a full 40-character commit SHA instead, e.g. `uses: actions/checkout@8ade135a41bc03ea155e62e844d188df1ea18608`."
netty/netty,.github/workflows/autoport-50.yml,yaml.github-actions.security.github-actions-mutable-action-tag.github-actions-mutable-action-tag,WARNING,CWE-1357: Reliance on Insufficiently Trustworthy Component; CWE-353: Missing Support for Integrity Check,"GitHub Actions step uses a mutable tag or branch reference. Tags and branch names can be silently repointed by the action owner, enabling supply-chain attacks — as seen in the trivy-action and kics-github-action compromises. Pin the reference to a full 40-character commit SHA instead, e.g. `uses: actions/checkout@8ade135a41bc03ea155e62e844d188df1ea18608`."
netty/netty,.github/workflows/autoport-50.yml,yaml.github-actions.security.github-actions-mutable-action-tag.github-actions-mutable-action-tag,WARNING,CWE-1357: Reliance on Insufficiently Trustworthy Component; CWE-353: Missing Support for Integrity Check,"GitHub Actions step uses a mutable tag or branch reference. Tags and branch names can be silently repointed by the action owner, enabling supply-chain attacks — as seen in the trivy-action and kics-github-action compromises. Pin the reference to a full 40-character commit SHA instead, e.g. `uses: actions/checkout@8ade135a41bc03ea155e62e844d188df1ea18608`."
netty/netty,.github/workflows/autoport-50.yml,yaml.github-actions.security.github-actions-mutable-action-tag.github-actions-mutable-action-tag,WARNING,CWE-1357: Reliance on Insufficiently Trustworthy Component; CWE-353: Missing Support for Integrity Check,"GitHub Actions step uses a mutable tag or branch reference. Tags and branch names can be silently repointed by the action owner, enabling supply-chain attacks — as seen in the trivy-action and kics-github-action compromises. Pin the reference to a full 40-character commit SHA instead, e.g. `uses: actions/checkout@8ade135a41bc03ea155e62e844d188df1ea18608`."
netty/netty,.github/workflows/ci-build-riscv64.yml,yaml.github-actions.security.github-actions-mutable-action-tag.github-actions-mutable-action-tag,WARNING,CWE-1357: Reliance on Insufficiently Trustworthy Component; CWE-353: Missing Support for Integrity Check,"GitHub Actions step uses a mutable tag or branch reference. Tags and branch names can be silently repointed by the action owner, enabling supply-chain attacks — as seen in the trivy-action and kics-github-action compromises. Pin the reference to a full 40-character commit SHA instead, e.g. `uses: actions/checkout@8ade135a41bc03ea155e62e844d188df1ea18608`."
netty/netty,.github/workflows/ci-pr.yml,yaml.github-actions.security.github-actions-mutable-action-tag.github-actions-mutable-action-tag,WARNING,CWE-1357: Reliance on Insufficiently Trustworthy Component; CWE-353: Missing Support for Integrity Check,"GitHub Actions step uses a mutable tag or branch reference. Tags and branch names can be silently repointed by the action owner, enabling supply-chain attacks — as seen in the trivy-action and kics-github-action compromises. Pin the reference to a full 40-character commit SHA instead, e.g. `uses: actions/checkout@8ade135a41bc03ea155e62e844d188df1ea18608`."
netty/netty,.github/workflows/ci-pr.yml,yaml.github-actions.security.github-actions-mutable-action-tag.github-actions-mutable-action-tag,WARNING,CWE-1357: Reliance on Insufficiently Trustworthy Component; CWE-353: Missing Support for Integrity Check,"GitHub Actions step uses a mutable tag or branch reference. Tags and branch names can be silently repointed by the action owner, enabling supply-chain attacks — as seen in the trivy-action and kics-github-action compromises. Pin the reference to a full 40-character commit SHA instead, e.g. `uses: actions/checkout@8ade135a41bc03ea155e62e844d188df1ea18608`."
netty/netty,.github/workflows/ci-verify-load.yml,yaml.github-actions.security.github-actions-mutable-action-tag.github-actions-mutable-action-tag,WARNING,CWE-1357: Reliance on Insufficiently Trustworthy Component; CWE-353: Missing Support for Integrity Check,"GitHub Actions step uses a mutable tag or branch reference. Tags and branch names can be silently repointed by the action owner, enabling supply-chain attacks — as seen in the trivy-action and kics-github-action compromises. Pin the reference to a full 40-character commit SHA instead, e.g. `uses: actions/checkout@8ade135a41bc03ea155e62e844d188df1ea18608`."
netty/netty,.github/workflows/codeql-analysis.yml,yaml.github-actions.security.github-actions-mutable-action-tag.github-actions-mutable-action-tag,WARNING,CWE-1357: Reliance on Insufficiently Trustworthy Component; CWE-353: Missing Support for Integrity Check,"GitHub Actions step uses a mutable tag or branch reference. Tags and branch names can be silently repointed by the action owner, enabling supply-chain attacks — as seen in the trivy-action and kics-github-action compromises. Pin the reference to a full 40-character commit SHA instead, e.g. `uses: actions/checkout@8ade135a41bc03ea155e62e844d188df1ea18608`."
netty/netty,.github/workflows/codeql-analysis.yml,yaml.github-actions.security.github-actions-mutable-action-tag.github-actions-mutable-action-tag,WARNING,CWE-1357: Reliance on Insufficiently Trustworthy Component; CWE-353: Missing Support for Integrity Check,"GitHub Actions step uses a mutable tag or branch reference. Tags and branch names can be silently repointed by the action owner, enabling supply-chain attacks — as seen in the trivy-action and kics-github-action compromises. Pin the reference to a full 40-character commit SHA instead, e.g. `uses: actions/checkout@8ade135a41bc03ea155e62e844d188df1ea18608`."
netty/netty,codec-base/src/main/java/io/netty/handler/codec/serialization/ClassLoaderClassResolver.java,java.lang.security.audit.unsafe-reflection.unsafe-reflection,WARNING,CWE-470: Use of Externally-Controlled Input to Select Classes or Code ('Unsafe Reflection'),"If an attacker can supply values that the application then uses to determine which class to instantiate or which method to invoke, the potential exists for the attacker to create control flow paths through the application that were not intended by the application developers. This attack vector may allow the attacker to bypass authentication or access control checks or otherwise cause the application to behave in an unexpected manner."
netty/netty,codec-http/src/main/java/io/netty/handler/codec/http/websocketx/WebSocketClientHandshaker.java,javascript.lang.security.detect-insecure-websocket.detect-insecure-websocket,ERROR,CWE-319: Cleartext Transmission of Sensitive Information,Insecure WebSocket Detected. WebSocket Secure (wss) should be used for all WebSocket connections.
netty/netty,codec-http/src/main/java/io/netty/handler/codec/http/websocketx/WebSocketClientHandshaker.java,javascript.lang.security.detect-insecure-websocket.detect-insecure-websocket,ERROR,CWE-319: Cleartext Transmission of Sensitive Information,Insecure WebSocket Detected. WebSocket Secure (wss) should be used for all WebSocket connections.
netty/netty,codec-http/src/main/java/io/netty/handler/codec/http/websocketx/WebSocketClientHandshaker.java,javascript.lang.security.detect-insecure-websocket.detect-insecure-websocket,ERROR,CWE-319: Cleartext Transmission of Sensitive Information,Insecure WebSocket Detected. WebSocket Secure (wss) should be used for all WebSocket connections.
netty/netty,codec-http/src/main/java/io/netty/handler/codec/http/websocketx/WebSocketClientHandshaker.java,javascript.lang.security.detect-insecure-websocket.detect-insecure-websocket,ERROR,CWE-319: Cleartext Transmission of Sensitive Information,Insecure WebSocket Detected. WebSocket Secure (wss) should be used for all WebSocket connections.
netty/netty,codec-http/src/main/java/io/netty/handler/codec/http/websocketx/WebSocketClientHandshaker.java,javascript.lang.security.detect-insecure-websocket.detect-insecure-websocket,ERROR,CWE-319: Cleartext Transmission of Sensitive Information,Insecure WebSocket Detected. WebSocket Secure (wss) should be used for all WebSocket connections.
netty/netty,codec-http/src/main/java/io/netty/handler/codec/http/websocketx/WebSocketClientHandshaker00.java,javascript.lang.security.detect-insecure-websocket.detect-insecure-websocket,ERROR,CWE-319: Cleartext Transmission of Sensitive Information,Insecure WebSocket Detected. WebSocket Secure (wss) should be used for all WebSocket connections.
netty/netty,codec-http/src/main/java/io/netty/handler/codec/http/websocketx/WebSocketClientHandshaker00.java,javascript.lang.security.detect-insecure-websocket.detect-insecure-websocket,ERROR,CWE-319: Cleartext Transmission of Sensitive Information,Insecure WebSocket Detected. WebSocket Secure (wss) should be used for all WebSocket connections.
netty/netty,codec-http/src/main/java/io/netty/handler/codec/http/websocketx/WebSocketClientHandshaker00.java,javascript.lang.security.detect-insecure-websocket.detect-insecure-websocket,ERROR,CWE-319: Cleartext Transmission of Sensitive Information,Insecure WebSocket Detected. WebSocket Secure (wss) should be used for all WebSocket connections.
netty/netty,codec-http/src/main/java/io/netty/handler/codec/http/websocketx/WebSocketClientHandshaker00.java,javascript.lang.security.detect-insecure-websocket.detect-insecure-websocket,ERROR,CWE-319: Cleartext Transmission of Sensitive Information,Insecure WebSocket Detected. WebSocket Secure (wss) should be used for all WebSocket connections.
netty/netty,codec-http/src/main/java/io/netty/handler/codec/http/websocketx/WebSocketClientHandshaker00.java,javascript.lang.security.detect-insecure-websocket.detect-insecure-websocket,ERROR,CWE-319: Cleartext Transmission of Sensitive Information,Insecure WebSocket Detected. WebSocket Secure (wss) should be used for all WebSocket connections.
netty/netty,codec-http/src/main/java/io/netty/handler/codec/http/websocketx/WebSocketClientHandshaker07.java,javascript.lang.security.detect-insecure-websocket.detect-insecure-websocket,ERROR,CWE-319: Cleartext Transmission of Sensitive Information,Insecure WebSocket Detected. WebSocket Secure (wss) should be used for all WebSocket connections.
netty/netty,codec-http/src/main/java/io/netty/handler/codec/http/websocketx/WebSocketClientHandshaker07.java,javascript.lang.security.detect-insecure-websocket.detect-insecure-websocket,ERROR,CWE-319: Cleartext Transmission of Sensitive Information,Insecure WebSocket Detected. WebSocket Secure (wss) should be used for all WebSocket connections.
netty/netty,codec-http/src/main/java/io/netty/handler/codec/http/websocketx/WebSocketClientHandshaker07.java,javascript.lang.security.detect-insecure-websocket.detect-insecure-websocket,ERROR,CWE-319: Cleartext Transmission of Sensitive Information,Insecure WebSocket Detected. WebSocket Secure (wss) should be used for all WebSocket connections.
netty/netty,codec-http/src/main/java/io/netty/handler/codec/http/websocketx/WebSocketClientHandshaker07.java,javascript.lang.security.detect-insecure-websocket.detect-insecure-websocket,ERROR,CWE-319: Cleartext Transmission of Sensitive Information,Insecure WebSocket Detected. WebSocket Secure (wss) should be used for all WebSocket connections.
netty/netty,codec-http/src/main/java/io/netty/handler/codec/http/websocketx/WebSocketClientHandshaker07.java,javascript.lang.security.detect-insecure-websocket.detect-insecure-websocket,ERROR,CWE-319: Cleartext Transmission of Sensitive Information,Insecure WebSocket Detected. WebSocket Secure (wss) should be used for all WebSocket connections.
netty/netty,codec-http/src/main/java/io/netty/handler/codec/http/websocketx/WebSocketClientHandshaker08.java,javascript.lang.security.detect-insecure-websocket.detect-insecure-websocket,ERROR,CWE-319: Cleartext Transmission of Sensitive Information,Insecure WebSocket Detected. WebSocket Secure (wss) should be used for all WebSocket connections.
netty/netty,codec-http/src/main/java/io/netty/handler/codec/http/websocketx/WebSocketClientHandshaker08.java,javascript.lang.security.detect-insecure-websocket.detect-insecure-websocket,ERROR,CWE-319: Cleartext Transmission of Sensitive Information,Insecure WebSocket Detected. WebSocket Secure (wss) should be used for all WebSocket connections.
netty/netty,codec-http/src/main/java/io/netty/handler/codec/http/websocketx/WebSocketClientHandshaker08.java,javascript.lang.security.detect-insecure-websocket.detect-insecure-websocket,ERROR,CWE-319: Cleartext Transmission of Sensitive Information,Insecure WebSocket Detected. WebSocket Secure (wss) should be used for all WebSocket connections.
netty/netty,codec-http/src/main/java/io/netty/handler/codec/http/websocketx/WebSocketClientHandshaker08.java,javascript.lang.security.detect-insecure-websocket.detect-insecure-websocket,ERROR,CWE-319: Cleartext Transmission of Sensitive Information,Insecure WebSocket Detected. WebSocket Secure (wss) should be used for all WebSocket connections.
netty/netty,codec-http/src/main/java/io/netty/handler/codec/http/websocketx/WebSocketClientHandshaker08.java,javascript.lang.security.detect-insecure-websocket.detect-insecure-websocket,ERROR,CWE-319: Cleartext Transmission of Sensitive Information,Insecure WebSocket Detected. WebSocket Secure (wss) should be used for all WebSocket connections.
netty/netty,codec-http/src/main/java/io/netty/handler/codec/http/websocketx/WebSocketClientHandshaker13.java,javascript.lang.security.detect-insecure-websocket.detect-insecure-websocket,ERROR,CWE-319: Cleartext Transmission of Sensitive Information,Insecure WebSocket Detected. WebSocket Secure (wss) should be used for all WebSocket connections.
netty/netty,codec-http/src/main/java/io/netty/handler/codec/http/websocketx/WebSocketClientHandshaker13.java,javascript.lang.security.detect-insecure-websocket.detect-insecure-websocket,ERROR,CWE-319: Cleartext Transmission of Sensitive Information,Insecure WebSocket Detected. WebSocket Secure (wss) should be used for all WebSocket connections.
netty/netty,codec-http/src/main/java/io/netty/handler/codec/http/websocketx/WebSocketClientHandshaker13.java,javascript.lang.security.detect-insecure-websocket.detect-insecure-websocket,ERROR,CWE-319: Cleartext Transmission of Sensitive Information,Insecure WebSocket Detected. WebSocket Secure (wss) should be used for all WebSocket connections.
netty/netty,codec-http/src/main/java/io/netty/handler/codec/http/websocketx/WebSocketClientHandshaker13.java,javascript.lang.security.detect-insecure-websocket.detect-insecure-websocket,ERROR,CWE-319: Cleartext Transmission of Sensitive Information,Insecure WebSocket Detected. WebSocket Secure (wss) should be used for all WebSocket connections.
netty/netty,codec-http/src/main/java/io/netty/handler/codec/http/websocketx/WebSocketClientHandshaker13.java,javascript.lang.security.detect-insecure-websocket.detect-insecure-websocket,ERROR,CWE-319: Cleartext Transmission of Sensitive Information,Insecure WebSocket Detected. WebSocket Secure (wss) should be used for all WebSocket connections.
netty/netty,codec-http/src/main/java/io/netty/handler/codec/http/websocketx/WebSocketClientHandshakerFactory.java,javascript.lang.security.detect-insecure-websocket.detect-insecure-websocket,ERROR,CWE-319: Cleartext Transmission of Sensitive Information,Insecure WebSocket Detected. WebSocket Secure (wss) should be used for all WebSocket connections.
netty/netty,codec-http/src/main/java/io/netty/handler/codec/http/websocketx/WebSocketClientHandshakerFactory.java,javascript.lang.security.detect-insecure-websocket.detect-insecure-websocket,ERROR,CWE-319: Cleartext Transmission of Sensitive Information,Insecure WebSocket Detected. WebSocket Secure (wss) should be used for all WebSocket connections.
netty/netty,codec-http/src/main/java/io/netty/handler/codec/http/websocketx/WebSocketClientHandshakerFactory.java,javascript.lang.security.detect-insecure-websocket.detect-insecure-websocket,ERROR,CWE-319: Cleartext Transmission of Sensitive Information,Insecure WebSocket Detected. WebSocket Secure (wss) should be used for all WebSocket connections.
netty/netty,codec-http/src/main/java/io/netty/handler/codec/http/websocketx/WebSocketClientHandshakerFactory.java,javascript.lang.security.detect-insecure-websocket.detect-insecure-websocket,ERROR,CWE-319: Cleartext Transmission of Sensitive Information,Insecure WebSocket Detected. WebSocket Secure (wss) should be used for all WebSocket connections.
netty/netty,codec-http/src/main/java/io/netty/handler/codec/http/websocketx/WebSocketClientHandshakerFactory.java,javascript.lang.security.detect-insecure-websocket.detect-insecure-websocket,ERROR,CWE-319: Cleartext Transmission of Sensitive Information,Insecure WebSocket Detected. WebSocket Secure (wss) should be used for all WebSocket connections.
netty/netty,codec-http/src/main/java/io/netty/handler/codec/http/websocketx/WebSocketClientHandshakerFactory.java,javascript.lang.security.detect-insecure-websocket.detect-insecure-websocket,ERROR,CWE-319: Cleartext Transmission of Sensitive Information,Insecure WebSocket Detected. WebSocket Secure (wss) should be used for all WebSocket connections.
netty/netty,codec-http/src/main/java/io/netty/handler/codec/http/websocketx/WebSocketClientProtocolConfig.java,javascript.lang.security.detect-insecure-websocket.detect-insecure-websocket,ERROR,CWE-319: Cleartext Transmission of Sensitive Information,Insecure WebSocket Detected. WebSocket Secure (wss) should be used for all WebSocket connections.
netty/netty,codec-http/src/main/java/io/netty/handler/codec/http/websocketx/WebSocketClientProtocolConfig.java,javascript.lang.security.detect-insecure-websocket.detect-insecure-websocket,ERROR,CWE-319: Cleartext Transmission of Sensitive Information,Insecure WebSocket Detected. WebSocket Secure (wss) should be used for all WebSocket connections.
netty/netty,codec-http/src/main/java/io/netty/handler/codec/http/websocketx/WebSocketClientProtocolHandler.java,javascript.lang.security.detect-insecure-websocket.detect-insecure-websocket,ERROR,CWE-319: Cleartext Transmission of Sensitive Information,Insecure WebSocket Detected. WebSocket Secure (wss) should be used for all WebSocket connections.
netty/netty,codec-http/src/main/java/io/netty/handler/codec/http/websocketx/WebSocketClientProtocolHandler.java,javascript.lang.security.detect-insecure-websocket.detect-insecure-websocket,ERROR,CWE-319: Cleartext Transmission of Sensitive Information,Insecure WebSocket Detected. WebSocket Secure (wss) should be used for all WebSocket connections.
netty/netty,codec-http/src/main/java/io/netty/handler/codec/http/websocketx/WebSocketClientProtocolHandler.java,javascript.lang.security.detect-insecure-websocket.detect-insecure-websocket,ERROR,CWE-319: Cleartext Transmission of Sensitive Information,Insecure WebSocket Detected. WebSocket Secure (wss) should be used for all WebSocket connections.
netty/netty,codec-http/src/main/java/io/netty/handler/codec/http/websocketx/WebSocketClientProtocolHandler.java,javascript.lang.security.detect-insecure-websocket.detect-insecure-websocket,ERROR,CWE-319: Cleartext Transmission of Sensitive Information,Insecure WebSocket Detected. WebSocket Secure (wss) should be used for all WebSocket connections.
netty/netty,codec-http/src/main/java/io/netty/handler/codec/http/websocketx/WebSocketClientProtocolHandler.java,javascript.lang.security.detect-insecure-websocket.detect-insecure-websocket,ERROR,CWE-319: Cleartext Transmission of Sensitive Information,Insecure WebSocket Detected. WebSocket Secure (wss) should be used for all WebSocket connections.
netty/netty,codec-http/src/main/java/io/netty/handler/codec/http/websocketx/WebSocketClientProtocolHandler.java,javascript.lang.security.detect-insecure-websocket.detect-insecure-websocket,ERROR,CWE-319: Cleartext Transmission of Sensitive Information,Insecure WebSocket Detected. WebSocket Secure (wss) should be used for all WebSocket connections.
netty/netty,codec-http/src/main/java/io/netty/handler/codec/http/websocketx/WebSocketServerHandshaker.java,javascript.lang.security.detect-insecure-websocket.detect-insecure-websocket,ERROR,CWE-319: Cleartext Transmission of Sensitive Information,Insecure WebSocket Detected. WebSocket Secure (wss) should be used for all WebSocket connections.
netty/netty,codec-http/src/main/java/io/netty/handler/codec/http/websocketx/WebSocketServerHandshaker.java,javascript.lang.security.detect-insecure-websocket.detect-insecure-websocket,ERROR,CWE-319: Cleartext Transmission of Sensitive Information,Insecure WebSocket Detected. WebSocket Secure (wss) should be used for all WebSocket connections.
netty/netty,codec-http/src/main/java/io/netty/handler/codec/http/websocketx/WebSocketServerHandshaker00.java,javascript.lang.security.detect-insecure-websocket.detect-insecure-websocket,ERROR,CWE-319: Cleartext Transmission of Sensitive Information,Insecure WebSocket Detected. WebSocket Secure (wss) should be used for all WebSocket connections.
netty/netty,codec-http/src/main/java/io/netty/handler/codec/http/websocketx/WebSocketServerHandshaker00.java,javascript.lang.security.detect-insecure-websocket.detect-insecure-websocket,ERROR,CWE-319: Cleartext Transmission of Sensitive Information,Insecure WebSocket Detected. WebSocket Secure (wss) should be used for all WebSocket connections.
netty/netty,codec-http/src/main/java/io/netty/handler/codec/http/websocketx/WebSocketServerHandshaker00.java,javascript.lang.security.detect-insecure-websocket.detect-insecure-websocket,ERROR,CWE-319: Cleartext Transmission of Sensitive Information,Insecure WebSocket Detected. WebSocket Secure (wss) should be used for all WebSocket connections.
netty/netty,codec-http/src/main/java/io/netty/handler/codec/http/websocketx/WebSocketServerHandshaker07.java,javascript.lang.security.detect-insecure-websocket.detect-insecure-websocket,ERROR,CWE-319: Cleartext Transmission of Sensitive Information,Insecure WebSocket Detected. WebSocket Secure (wss) should be used for all WebSocket connections.
netty/netty,codec-http/src/main/java/io/netty/handler/codec/http/websocketx/WebSocketServerHandshaker07.java,javascript.lang.security.detect-insecure-websocket.detect-insecure-websocket,ERROR,CWE-319: Cleartext Transmission of Sensitive Information,Insecure WebSocket Detected. WebSocket Secure (wss) should be used for all WebSocket connections.
netty/netty,codec-http/src/main/java/io/netty/handler/codec/http/websocketx/WebSocketServerHandshaker08.java,javascript.lang.security.detect-insecure-websocket.detect-insecure-websocket,ERROR,CWE-319: Cleartext Transmission of Sensitive Information,Insecure WebSocket Detected. WebSocket Secure (wss) should be used for all WebSocket connections.
netty/netty,codec-http/src/main/java/io/netty/handler/codec/http/websocketx/WebSocketServerHandshaker08.java,javascript.lang.security.detect-insecure-websocket.detect-insecure-websocket,ERROR,CWE-319: Cleartext Transmission of Sensitive Information,Insecure WebSocket Detected. WebSocket Secure (wss) should be used for all WebSocket connections.
netty/netty,codec-http/src/main/java/io/netty/handler/codec/http/websocketx/WebSocketServerHandshaker08.java,javascript.lang.security.detect-insecure-websocket.detect-insecure-websocket,ERROR,CWE-319: Cleartext Transmission of Sensitive Information,Insecure WebSocket Detected. WebSocket Secure (wss) should be used for all WebSocket connections.
netty/netty,codec-http/src/main/java/io/netty/handler/codec/http/websocketx/WebSocketServerHandshaker13.java,javascript.lang.security.detect-insecure-websocket.detect-insecure-websocket,ERROR,CWE-319: Cleartext Transmission of Sensitive Information,Insecure WebSocket Detected. WebSocket Secure (wss) should be used for all WebSocket connections.
netty/netty,codec-http/src/main/java/io/netty/handler/codec/http/websocketx/WebSocketServerHandshaker13.java,javascript.lang.security.detect-insecure-websocket.detect-insecure-websocket,ERROR,CWE-319: Cleartext Transmission of Sensitive Information,Insecure WebSocket Detected. WebSocket Secure (wss) should be used for all WebSocket connections.
netty/netty,codec-http/src/main/java/io/netty/handler/codec/http/websocketx/WebSocketServerHandshaker13.java,javascript.lang.security.detect-insecure-websocket.detect-insecure-websocket,ERROR,CWE-319: Cleartext Transmission of Sensitive Information,Insecure WebSocket Detected. WebSocket Secure (wss) should be used for all WebSocket connections.
netty/netty,codec-http/src/main/java/io/netty/handler/codec/http/websocketx/WebSocketServerHandshakerFactory.java,javascript.lang.security.detect-insecure-websocket.detect-insecure-websocket,ERROR,CWE-319: Cleartext Transmission of Sensitive Information,Insecure WebSocket Detected. WebSocket Secure (wss) should be used for all WebSocket connections.
netty/netty,codec-http/src/main/java/io/netty/handler/codec/http/websocketx/WebSocketServerHandshakerFactory.java,javascript.lang.security.detect-insecure-websocket.detect-insecure-websocket,ERROR,CWE-319: Cleartext Transmission of Sensitive Information,Insecure WebSocket Detected. WebSocket Secure (wss) should be used for all WebSocket connections.
netty/netty,codec-http/src/main/java/io/netty/handler/codec/http/websocketx/WebSocketServerHandshakerFactory.java,javascript.lang.security.detect-insecure-websocket.detect-insecure-websocket,ERROR,CWE-319: Cleartext Transmission of Sensitive Information,Insecure WebSocket Detected. WebSocket Secure (wss) should be used for all WebSocket connections.
netty/netty,codec-http/src/main/java/io/netty/handler/codec/http/websocketx/WebSocketServerHandshakerFactory.java,javascript.lang.security.detect-insecure-websocket.detect-insecure-websocket,ERROR,CWE-319: Cleartext Transmission of Sensitive Information,Insecure WebSocket Detected. WebSocket Secure (wss) should be used for all WebSocket connections.
netty/netty,codec-http/src/main/java/io/netty/handler/codec/http/websocketx/WebSocketServerHandshakerFactory.java,javascript.lang.security.detect-insecure-websocket.detect-insecure-websocket,ERROR,CWE-319: Cleartext Transmission of Sensitive Information,Insecure WebSocket Detected. WebSocket Secure (wss) should be used for all WebSocket connections.
netty/netty,codec-http/src/main/java/io/netty/handler/codec/http/websocketx/WebSocketUtil.java,java.lang.security.audit.crypto.use-of-md5.use-of-md5,WARNING,CWE-328: Use of Weak Hash,Detected MD5 hash algorithm which is considered insecure. MD5 is not collision resistant and is therefore not suitable as a cryptographic signature. Use HMAC instead.
netty/netty,codec-http/src/main/java/io/netty/handler/codec/http/websocketx/WebSocketUtil.java,java.lang.security.audit.crypto.use-of-sha1.use-of-sha1,WARNING,CWE-328: Use of Weak Hash,"Detected SHA1 hash algorithm which is considered insecure. SHA1 is not collision resistant and is therefore not suitable as a cryptographic signature. Instead, use PBKDF2 for password hashing or SHA256 or SHA512 for other hash function applications."
netty/netty,common/src/main/java/io/netty/util/ResourceLeakDetectorFactory.java,java.lang.security.audit.unsafe-reflection.unsafe-reflection,WARNING,CWE-470: Use of Externally-Controlled Input to Select Classes or Code ('Unsafe Reflection'),"If an attacker can supply values that the application then uses to determine which class to instantiate or which method to invoke, the potential exists for the attacker to create control flow paths through the application that were not intended by the application developers. This attack vector may allow the attacker to bypass authentication or access control checks or otherwise cause the application to behave in an unexpected manner."
netty/netty,common/src/main/java/io/netty/util/ResourceLeakDetectorFactory.java,java.lang.security.audit.unsafe-reflection.unsafe-reflection,WARNING,CWE-470: Use of Externally-Controlled Input to Select Classes or Code ('Unsafe Reflection'),"If an attacker can supply values that the application then uses to determine which class to instantiate or which method to invoke, the potential exists for the attacker to create control flow paths through the application that were not intended by the application developers. This attack vector may allow the attacker to bypass authentication or access control checks or otherwise cause the application to behave in an unexpected manner."
netty/netty,common/src/main/java/io/netty/util/internal/ClassInitializerUtil.java,java.lang.security.audit.unsafe-reflection.unsafe-reflection,WARNING,CWE-470: Use of Externally-Controlled Input to Select Classes or Code ('Unsafe Reflection'),"If an attacker can supply values that the application then uses to determine which class to instantiate or which method to invoke, the potential exists for the attacker to create control flow paths through the application that were not intended by the application developers. This attack vector may allow the attacker to bypass authentication or access control checks or otherwise cause the application to behave in an unexpected manner."
netty/netty,common/src/main/java/io/netty/util/internal/NativeLibraryLoader.java,java.lang.security.audit.unsafe-reflection.unsafe-reflection,WARNING,CWE-470: Use of Externally-Controlled Input to Select Classes or Code ('Unsafe Reflection'),"If an attacker can supply values that the application then uses to determine which class to instantiate or which method to invoke, the potential exists for the attacker to create control flow paths through the application that were not intended by the application developers. This attack vector may allow the attacker to bypass authentication or access control checks or otherwise cause the application to behave in an unexpected manner."
netty/netty,docker/docker-compose.centos-6.18.yaml,yaml.docker-compose.security.no-new-privileges.no-new-privileges,WARNING,CWE-732: Incorrect Permission Assignment for Critical Resource,Service 'runtime-setup' allows for privilege escalation via setuid or setgid binaries. Add 'no-new-privileges:true' in 'security_opt' to prevent this.
netty/netty,docker/docker-compose.centos-6.18.yaml,yaml.docker-compose.security.writable-filesystem-service.writable-filesystem-service,WARNING,CWE-732: Incorrect Permission Assignment for Critical Resource,"Service 'runtime-setup' is running with a writable root filesystem. This may allow malicious applications to download and run additional payloads, or modify container files. If an application inside a container has to save something temporarily consider using a tmpfs. Add 'read_only: true' to this service to prevent this."
netty/netty,docker/docker-compose.centos-6.18.yaml,yaml.docker-compose.security.no-new-privileges.no-new-privileges,WARNING,CWE-732: Incorrect Permission Assignment for Critical Resource,Service 'build' allows for privilege escalation via setuid or setgid binaries. Add 'no-new-privileges:true' in 'security_opt' to prevent this.
netty/netty,docker/docker-compose.centos-6.18.yaml,yaml.docker-compose.security.writable-filesystem-service.writable-filesystem-service,WARNING,CWE-732: Incorrect Permission Assignment for Critical Resource,"Service 'build' is running with a writable root filesystem. This may allow malicious applications to download and run additional payloads, or modify container files. If an application inside a container has to save something temporarily consider using a tmpfs. Add 'read_only: true' to this service to prevent this."
netty/netty,docker/docker-compose.centos-6.18.yaml,yaml.docker-compose.security.no-new-privileges.no-new-privileges,WARNING,CWE-732: Incorrect Permission Assignment for Critical Resource,Service 'build-leak' allows for privilege escalation via setuid or setgid binaries. Add 'no-new-privileges:true' in 'security_opt' to prevent this.
netty/netty,docker/docker-compose.centos-6.18.yaml,yaml.docker-compose.security.writable-filesystem-service.writable-filesystem-service,WARNING,CWE-732: Incorrect Permission Assignment for Critical Resource,"Service 'build-leak' is running with a writable root filesystem. This may allow malicious applications to download and run additional payloads, or modify container files. If an application inside a container has to save something temporarily consider using a tmpfs. Add 'read_only: true' to this service to prevent this."
netty/netty,docker/docker-compose.centos-6.18.yaml,yaml.docker-compose.security.no-new-privileges.no-new-privileges,WARNING,CWE-732: Incorrect Permission Assignment for Critical Resource,Service 'build-with-oio-testsuite' allows for privilege escalation via setuid or setgid binaries. Add 'no-new-privileges:true' in 'security_opt' to prevent this.
netty/netty,docker/docker-compose.centos-6.18.yaml,yaml.docker-compose.security.writable-filesystem-service.writable-filesystem-service,WARNING,CWE-732: Incorrect Permission Assignment for Critical Resource,"Service 'build-with-oio-testsuite' is running with a writable root filesystem. This may allow malicious applications to download and run additional payloads, or modify container files. If an application inside a container has to save something temporarily consider using a tmpfs. Add 'read_only: true' to this service to prevent this."
netty/netty,docker/docker-compose.centos-6.18.yaml,yaml.docker-compose.security.no-new-privileges.no-new-privileges,WARNING,CWE-732: Incorrect Permission Assignment for Critical Resource,Service 'build-boringssl-static' allows for privilege escalation via setuid or setgid binaries. Add 'no-new-privileges:true' in 'security_opt' to prevent this.
netty/netty,docker/docker-compose.centos-6.18.yaml,yaml.docker-compose.security.writable-filesystem-service.writable-filesystem-service,WARNING,CWE-732: Incorrect Permission Assignment for Critical Resource,"Service 'build-boringssl-static' is running with a writable root filesystem. This may allow malicious applications to download and run additional payloads, or modify container files. If an application inside a container has to save something temporarily consider using a tmpfs. Add 'read_only: true' to this service to prevent this."
netty/netty,docker/docker-compose.centos-6.18.yaml,yaml.docker-compose.security.no-new-privileges.no-new-privileges,WARNING,CWE-732: Incorrect Permission Assignment for Critical Resource,Service 'build-leak-boringssl-static' allows for privilege escalation via setuid or setgid binaries. Add 'no-new-privileges:true' in 'security_opt' to prevent this.
netty/netty,docker/docker-compose.centos-6.18.yaml,yaml.docker-compose.security.writable-filesystem-service.writable-filesystem-service,WARNING,CWE-732: Incorrect Permission Assignment for Critical Resource,"Service 'build-leak-boringssl-static' is running with a writable root filesystem. This may allow malicious applications to download and run additional payloads, or modify container files. If an application inside a container has to save something temporarily consider using a tmpfs. Add 'read_only: true' to this service to prevent this."
netty/netty,docker/docker-compose.centos-6.18.yaml,yaml.docker-compose.security.no-new-privileges.no-new-privileges,WARNING,CWE-732: Incorrect Permission Assignment for Critical Resource,Service 'build-boringssl-snapshot' allows for privilege escalation via setuid or setgid binaries. Add 'no-new-privileges:true' in 'security_opt' to prevent this.
netty/netty,docker/docker-compose.centos-6.18.yaml,yaml.docker-compose.security.writable-filesystem-service.writable-filesystem-service,WARNING,CWE-732: Incorrect Permission Assignment for Critical Resource,"Service 'build-boringssl-snapshot' is running with a writable root filesystem. This may allow malicious applications to download and run additional payloads, or modify container files. If an application inside a container has to save something temporarily consider using a tmpfs. Add 'read_only: true' to this service to prevent this."
netty/netty,docker/docker-compose.centos-6.18.yaml,yaml.docker-compose.security.no-new-privileges.no-new-privileges,WARNING,CWE-732: Incorrect Permission Assignment for Critical Resource,Service 'build-boringssl-static-jdk8-tests' allows for privilege escalation via setuid or setgid binaries. Add 'no-new-privileges:true' in 'security_opt' to prevent this.
netty/netty,docker/docker-compose.centos-6.18.yaml,yaml.docker-compose.security.writable-filesystem-service.writable-filesystem-service,WARNING,CWE-732: Incorrect Permission Assignment for Critical Resource,"Service 'build-boringssl-static-jdk8-tests' is running with a writable root filesystem. This may allow malicious applications to download and run additional payloads, or modify container files. If an application inside a container has to save something temporarily consider using a tmpfs. Add 'read_only: true' to this service to prevent this."
netty/netty,docker/docker-compose.centos-6.18.yaml,yaml.docker-compose.security.no-new-privileges.no-new-privileges,WARNING,CWE-732: Incorrect Permission Assignment for Critical Resource,Service 'stage-snapshot' allows for privilege escalation via setuid or setgid binaries. Add 'no-new-privileges:true' in 'security_opt' to prevent this.
netty/netty,docker/docker-compose.centos-6.18.yaml,yaml.docker-compose.security.writable-filesystem-service.writable-filesystem-service,WARNING,CWE-732: Incorrect Permission Assignment for Critical Resource,"Service 'stage-snapshot' is running with a writable root filesystem. This may allow malicious applications to download and run additional payloads, or modify container files. If an application inside a container has to save something temporarily consider using a tmpfs. Add 'read_only: true' to this service to prevent this."
netty/netty,docker/docker-compose.centos-6.18.yaml,yaml.docker-compose.security.no-new-privileges.no-new-privileges,WARNING,CWE-732: Incorrect Permission Assignment for Critical Resource,Service 'stage-release' allows for privilege escalation via setuid or setgid binaries. Add 'no-new-privileges:true' in 'security_opt' to prevent this.
netty/netty,docker/docker-compose.centos-6.18.yaml,yaml.docker-compose.security.writable-filesystem-service.writable-filesystem-service,WARNING,CWE-732: Incorrect Permission Assignment for Critical Resource,"Service 'stage-release' is running with a writable root filesystem. This may allow malicious applications to download and run additional payloads, or modify container files. If an application inside a container has to save something temporarily consider using a tmpfs. Add 'read_only: true' to this service to prevent this."
netty/netty,docker/docker-compose.centos-6.18.yaml,yaml.docker-compose.security.no-new-privileges.no-new-privileges,WARNING,CWE-732: Incorrect Permission Assignment for Critical Resource,Service 'deploy' allows for privilege escalation via setuid or setgid binaries. Add 'no-new-privileges:true' in 'security_opt' to prevent this.
netty/netty,docker/docker-compose.centos-6.18.yaml,yaml.docker-compose.security.writable-filesystem-service.writable-filesystem-service,WARNING,CWE-732: Incorrect Permission Assignment for Critical Resource,"Service 'deploy' is running with a writable root filesystem. This may allow malicious applications to download and run additional payloads, or modify container files. If an application inside a container has to save something temporarily consider using a tmpfs. Add 'read_only: true' to this service to prevent this."
netty/netty,docker/docker-compose.centos-6.18.yaml,yaml.docker-compose.security.no-new-privileges.no-new-privileges,WARNING,CWE-732: Incorrect Permission Assignment for Critical Resource,Service 'shell' allows for privilege escalation via setuid or setgid binaries. Add 'no-new-privileges:true' in 'security_opt' to prevent this.
netty/netty,docker/docker-compose.centos-6.18.yaml,yaml.docker-compose.security.writable-filesystem-service.writable-filesystem-service,WARNING,CWE-732: Incorrect Permission Assignment for Critical Resource,"Service 'shell' is running with a writable root filesystem. This may allow malicious applications to download and run additional payloads, or modify container files. If an application inside a container has to save something temporarily consider using a tmpfs. Add 'read_only: true' to this service to prevent this."
netty/netty,docker/docker-compose.centos-7.111.yaml,yaml.docker-compose.security.no-new-privileges.no-new-privileges,WARNING,CWE-732: Incorrect Permission Assignment for Critical Resource,Service 'runtime-setup' allows for privilege escalation via setuid or setgid binaries. Add 'no-new-privileges:true' in 'security_opt' to prevent this.
netty/netty,docker/docker-compose.centos-7.111.yaml,yaml.docker-compose.security.writable-filesystem-service.writable-filesystem-service,WARNING,CWE-732: Incorrect Permission Assignment for Critical Resource,"Service 'runtime-setup' is running with a writable root filesystem. This may allow malicious applications to download and run additional payloads, or modify container files. If an application inside a container has to save something temporarily consider using a tmpfs. Add 'read_only: true' to this service to prevent this."
netty/netty,docker/docker-compose.centos-7.111.yaml,yaml.docker-compose.security.no-new-privileges.no-new-privileges,WARNING,CWE-732: Incorrect Permission Assignment for Critical Resource,Service 'build' allows for privilege escalation via setuid or setgid binaries. Add 'no-new-privileges:true' in 'security_opt' to prevent this.
netty/netty,docker/docker-compose.centos-7.111.yaml,yaml.docker-compose.security.writable-filesystem-service.writable-filesystem-service,WARNING,CWE-732: Incorrect Permission Assignment for Critical Resource,"Service 'build' is running with a writable root filesystem. This may allow malicious applications to download and run additional payloads, or modify container files. If an application inside a container has to save something temporarily consider using a tmpfs. Add 'read_only: true' to this service to prevent this."
netty/netty,docker/docker-compose.centos-7.111.yaml,yaml.docker-compose.security.no-new-privileges.no-new-privileges,WARNING,CWE-732: Incorrect Permission Assignment for Critical Resource,Service 'build-native-quic' allows for privilege escalation via setuid or setgid binaries. Add 'no-new-privileges:true' in 'security_opt' to prevent this.
netty/netty,docker/docker-compose.centos-7.111.yaml,yaml.docker-compose.security.writable-filesystem-service.writable-filesystem-service,WARNING,CWE-732: Incorrect Permission Assignment for Critical Resource,"Service 'build-native-quic' is running with a writable root filesystem. This may allow malicious applications to download and run additional payloads, or modify container files. If an application inside a container has to save something temporarily consider using a tmpfs. Add 'read_only: true' to this service to prevent this."
netty/netty,docker/docker-compose.centos-7.111.yaml,yaml.docker-compose.security.no-new-privileges.no-new-privileges,WARNING,CWE-732: Incorrect Permission Assignment for Critical Resource,Service 'build-leak' allows for privilege escalation via setuid or setgid binaries. Add 'no-new-privileges:true' in 'security_opt' to prevent this.
netty/netty,docker/docker-compose.centos-7.111.yaml,yaml.docker-compose.security.writable-filesystem-service.writable-filesystem-service,WARNING,CWE-732: Incorrect Permission Assignment for Critical Resource,"Service 'build-leak' is running with a writable root filesystem. This may allow malicious applications to download and run additional payloads, or modify container files. If an application inside a container has to save something temporarily consider using a tmpfs. Add 'read_only: true' to this service to prevent this."
netty/netty,docker/docker-compose.centos-7.111.yaml,yaml.docker-compose.security.no-new-privileges.no-new-privileges,WARNING,CWE-732: Incorrect Permission Assignment for Critical Resource,Service 'build-with-oio-testsuite' allows for privilege escalation via setuid or setgid binaries. Add 'no-new-privileges:true' in 'security_opt' to prevent this.
netty/netty,docker/docker-compose.centos-7.111.yaml,yaml.docker-compose.security.writable-filesystem-service.writable-filesystem-service,WARNING,CWE-732: Incorrect Permission Assignment for Critical Resource,"Service 'build-with-oio-testsuite' is running with a writable root filesystem. This may allow malicious applications to download and run additional payloads, or modify container files. If an application inside a container has to save something temporarily consider using a tmpfs. Add 'read_only: true' to this service to prevent this."
netty/netty,docker/docker-compose.centos-7.111.yaml,yaml.docker-compose.security.no-new-privileges.no-new-privileges,WARNING,CWE-732: Incorrect Permission Assignment for Critical Resource,Service 'build-boringssl-static' allows for privilege escalation via setuid or setgid binaries. Add 'no-new-privileges:true' in 'security_opt' to prevent this.
netty/netty,docker/docker-compose.centos-7.111.yaml,yaml.docker-compose.security.writable-filesystem-service.writable-filesystem-service,WARNING,CWE-732: Incorrect Permission Assignment for Critical Resource,"Service 'build-boringssl-static' is running with a writable root filesystem. This may allow malicious applications to download and run additional payloads, or modify container files. If an application inside a container has to save something temporarily consider using a tmpfs. Add 'read_only: true' to this service to prevent this."
netty/netty,docker/docker-compose.centos-7.111.yaml,yaml.docker-compose.security.no-new-privileges.no-new-privileges,WARNING,CWE-732: Incorrect Permission Assignment for Critical Resource,Service 'build-leak-boringssl-static' allows for privilege escalation via setuid or setgid binaries. Add 'no-new-privileges:true' in 'security_opt' to prevent this.
netty/netty,docker/docker-compose.centos-7.111.yaml,yaml.docker-compose.security.writable-filesystem-service.writable-filesystem-service,WARNING,CWE-732: Incorrect Permission Assignment for Critical Resource,"Service 'build-leak-boringssl-static' is running with a writable root filesystem. This may allow malicious applications to download and run additional payloads, or modify container files. If an application inside a container has to save something temporarily consider using a tmpfs. Add 'read_only: true' to this service to prevent this."
netty/netty,docker/docker-compose.centos-7.111.yaml,yaml.docker-compose.security.no-new-privileges.no-new-privileges,WARNING,CWE-732: Incorrect Permission Assignment for Critical Resource,Service 'build-leak-pooled' allows for privilege escalation via setuid or setgid binaries. Add 'no-new-privileges:true' in 'security_opt' to prevent this.
netty/netty,docker/docker-compose.centos-7.111.yaml,yaml.docker-compose.security.writable-filesystem-service.writable-filesystem-service,WARNING,CWE-732: Incorrect Permission Assignment for Critical Resource,"Service 'build-leak-pooled' is running with a writable root filesystem. This may allow malicious applications to download and run additional payloads, or modify container files. If an application inside a container has to save something temporarily consider using a tmpfs. Add 'read_only: true' to this service to prevent this."
netty/netty,docker/docker-compose.centos-7.111.yaml,yaml.docker-compose.security.no-new-privileges.no-new-privileges,WARNING,CWE-732: Incorrect Permission Assignment for Critical Resource,Service 'build-boringssl-snapshot' allows for privilege escalation via setuid or setgid binaries. Add 'no-new-privileges:true' in 'security_opt' to prevent this.
netty/netty,docker/docker-compose.centos-7.111.yaml,yaml.docker-compose.security.writable-filesystem-service.writable-filesystem-service,WARNING,CWE-732: Incorrect Permission Assignment for Critical Resource,"Service 'build-boringssl-snapshot' is running with a writable root filesystem. This may allow malicious applications to download and run additional payloads, or modify container files. If an application inside a container has to save something temporarily consider using a tmpfs. Add 'read_only: true' to this service to prevent this."
netty/netty,docker/docker-compose.centos-7.111.yaml,yaml.docker-compose.security.no-new-privileges.no-new-privileges,WARNING,CWE-732: Incorrect Permission Assignment for Critical Resource,Service 'build-boringssl-static-jdk8-tests' allows for privilege escalation via setuid or setgid binaries. Add 'no-new-privileges:true' in 'security_opt' to prevent this.
netty/netty,docker/docker-compose.centos-7.111.yaml,yaml.docker-compose.security.writable-filesystem-service.writable-filesystem-service,WARNING,CWE-732: Incorrect Permission Assignment for Critical Resource,"Service 'build-boringssl-static-jdk8-tests' is running with a writable root filesystem. This may allow malicious applications to download and run additional payloads, or modify container files. If an application inside a container has to save something temporarily consider using a tmpfs. Add 'read_only: true' to this service to prevent this."
netty/netty,docker/docker-compose.centos-7.111.yaml,yaml.docker-compose.security.no-new-privileges.no-new-privileges,WARNING,CWE-732: Incorrect Permission Assignment for Critical Resource,Service 'shell' allows for privilege escalation via setuid or setgid binaries. Add 'no-new-privileges:true' in 'security_opt' to prevent this.
netty/netty,docker/docker-compose.centos-7.111.yaml,yaml.docker-compose.security.writable-filesystem-service.writable-filesystem-service,WARNING,CWE-732: Incorrect Permission Assignment for Critical Resource,"Service 'shell' is running with a writable root filesystem. This may allow malicious applications to download and run additional payloads, or modify container files. If an application inside a container has to save something temporarily consider using a tmpfs. Add 'read_only: true' to this service to prevent this."
netty/netty,docker/docker-compose.centos-7.111.yaml,yaml.docker-compose.security.no-new-privileges.no-new-privileges,WARNING,CWE-732: Incorrect Permission Assignment for Critical Resource,Service 'stage-snapshot' allows for privilege escalation via setuid or setgid binaries. Add 'no-new-privileges:true' in 'security_opt' to prevent this.
netty/netty,docker/docker-compose.centos-7.111.yaml,yaml.docker-compose.security.writable-filesystem-service.writable-filesystem-service,WARNING,CWE-732: Incorrect Permission Assignment for Critical Resource,"Service 'stage-snapshot' is running with a writable root filesystem. This may allow malicious applications to download and run additional payloads, or modify container files. If an application inside a container has to save something temporarily consider using a tmpfs. Add 'read_only: true' to this service to prevent this."
netty/netty,docker/docker-compose.centos-7.111.yaml,yaml.docker-compose.security.no-new-privileges.no-new-privileges,WARNING,CWE-732: Incorrect Permission Assignment for Critical Resource,Service 'stage-release' allows for privilege escalation via setuid or setgid binaries. Add 'no-new-privileges:true' in 'security_opt' to prevent this.
netty/netty,docker/docker-compose.centos-7.111.yaml,yaml.docker-compose.security.writable-filesystem-service.writable-filesystem-service,WARNING,CWE-732: Incorrect Permission Assignment for Critical Resource,"Service 'stage-release' is running with a writable root filesystem. This may allow malicious applications to download and run additional payloads, or modify container files. If an application inside a container has to save something temporarily consider using a tmpfs. Add 'read_only: true' to this service to prevent this."
netty/netty,docker/docker-compose.centos-7.117.yaml,yaml.docker-compose.security.no-new-privileges.no-new-privileges,WARNING,CWE-732: Incorrect Permission Assignment for Critical Resource,Service 'runtime-setup' allows for privilege escalation via setuid or setgid binaries. Add 'no-new-privileges:true' in 'security_opt' to prevent this.
netty/netty,docker/docker-compose.centos-7.117.yaml,yaml.docker-compose.security.writable-filesystem-service.writable-filesystem-service,WARNING,CWE-732: Incorrect Permission Assignment for Critical Resource,"Service 'runtime-setup' is running with a writable root filesystem. This may allow malicious applications to download and run additional payloads, or modify container files. If an application inside a container has to save something temporarily consider using a tmpfs. Add 'read_only: true' to this service to prevent this."
netty/netty,docker/docker-compose.centos-7.117.yaml,yaml.docker-compose.security.no-new-privileges.no-new-privileges,WARNING,CWE-732: Incorrect Permission Assignment for Critical Resource,Service 'build' allows for privilege escalation via setuid or setgid binaries. Add 'no-new-privileges:true' in 'security_opt' to prevent this.
netty/netty,docker/docker-compose.centos-7.117.yaml,yaml.docker-compose.security.writable-filesystem-service.writable-filesystem-service,WARNING,CWE-732: Incorrect Permission Assignment for Critical Resource,"Service 'build' is running with a writable root filesystem. This may allow malicious applications to download and run additional payloads, or modify container files. If an application inside a container has to save something temporarily consider using a tmpfs. Add 'read_only: true' to this service to prevent this."
netty/netty,docker/docker-compose.centos-7.117.yaml,yaml.docker-compose.security.no-new-privileges.no-new-privileges,WARNING,CWE-732: Incorrect Permission Assignment for Critical Resource,Service 'build-leak' allows for privilege escalation via setuid or setgid binaries. Add 'no-new-privileges:true' in 'security_opt' to prevent this.
netty/netty,docker/docker-compose.centos-7.117.yaml,yaml.docker-compose.security.writable-filesystem-service.writable-filesystem-service,WARNING,CWE-732: Incorrect Permission Assignment for Critical Resource,"Service 'build-leak' is running with a writable root filesystem. This may allow malicious applications to download and run additional payloads, or modify container files. If an application inside a container has to save something temporarily consider using a tmpfs. Add 'read_only: true' to this service to prevent this."
netty/netty,docker/docker-compose.centos-7.117.yaml,yaml.docker-compose.security.no-new-privileges.no-new-privileges,WARNING,CWE-732: Incorrect Permission Assignment for Critical Resource,Service 'build-with-oio-testsuite' allows for privilege escalation via setuid or setgid binaries. Add 'no-new-privileges:true' in 'security_opt' to prevent this.
netty/netty,docker/docker-compose.centos-7.117.yaml,yaml.docker-compose.security.writable-filesystem-service.writable-filesystem-service,WARNING,CWE-732: Incorrect Permission Assignment for Critical Resource,"Service 'build-with-oio-testsuite' is running with a writable root filesystem. This may allow malicious applications to download and run additional payloads, or modify container files. If an application inside a container has to save something temporarily consider using a tmpfs. Add 'read_only: true' to this service to prevent this."
netty/netty,docker/docker-compose.centos-7.117.yaml,yaml.docker-compose.security.no-new-privileges.no-new-privileges,WARNING,CWE-732: Incorrect Permission Assignment for Critical Resource,Service 'build-boringssl-static' allows for privilege escalation via setuid or setgid binaries. Add 'no-new-privileges:true' in 'security_opt' to prevent this.
netty/netty,docker/docker-compose.centos-7.117.yaml,yaml.docker-compose.security.writable-filesystem-service.writable-filesystem-service,WARNING,CWE-732: Incorrect Permission Assignment for Critical Resource,"Service 'build-boringssl-static' is running with a writable root filesystem. This may allow malicious applications to download and run additional payloads, or modify container files. If an application inside a container has to save something temporarily consider using a tmpfs. Add 'read_only: true' to this service to prevent this."
netty/netty,docker/docker-compose.centos-7.117.yaml,yaml.docker-compose.security.no-new-privileges.no-new-privileges,WARNING,CWE-732: Incorrect Permission Assignment for Critical Resource,Service 'build-leak-boringssl-static' allows for privilege escalation via setuid or setgid binaries. Add 'no-new-privileges:true' in 'security_opt' to prevent this.
netty/netty,docker/docker-compose.centos-7.117.yaml,yaml.docker-compose.security.writable-filesystem-service.writable-filesystem-service,WARNING,CWE-732: Incorrect Permission Assignment for Critical Resource,"Service 'build-leak-boringssl-static' is running with a writable root filesystem. This may allow malicious applications to download and run additional payloads, or modify container files. If an application inside a container has to save something temporarily consider using a tmpfs. Add 'read_only: true' to this service to prevent this."
netty/netty,docker/docker-compose.centos-7.117.yaml,yaml.docker-compose.security.no-new-privileges.no-new-privileges,WARNING,CWE-732: Incorrect Permission Assignment for Critical Resource,Service 'build-boringssl-snapshot' allows for privilege escalation via setuid or setgid binaries. Add 'no-new-privileges:true' in 'security_opt' to prevent this.
netty/netty,docker/docker-compose.centos-7.117.yaml,yaml.docker-compose.security.writable-filesystem-service.writable-filesystem-service,WARNING,CWE-732: Incorrect Permission Assignment for Critical Resource,"Service 'build-boringssl-snapshot' is running with a writable root filesystem. This may allow malicious applications to download and run additional payloads, or modify container files. If an application inside a container has to save something temporarily consider using a tmpfs. Add 'read_only: true' to this service to prevent this."
netty/netty,docker/docker-compose.centos-7.117.yaml,yaml.docker-compose.security.no-new-privileges.no-new-privileges,WARNING,CWE-732: Incorrect Permission Assignment for Critical Resource,Service 'build-boringssl-static-jdk8-tests' allows for privilege escalation via setuid or setgid binaries. Add 'no-new-privileges:true' in 'security_opt' to prevent this.
netty/netty,docker/docker-compose.centos-7.117.yaml,yaml.docker-compose.security.writable-filesystem-service.writable-filesystem-service,WARNING,CWE-732: Incorrect Permission Assignment for Critical Resource,"Service 'build-boringssl-static-jdk8-tests' is running with a writable root filesystem. This may allow malicious applications to download and run additional payloads, or modify container files. If an application inside a container has to save something temporarily consider using a tmpfs. Add 'read_only: true' to this service to prevent this."
netty/netty,docker/docker-compose.centos-7.117.yaml,yaml.docker-compose.security.no-new-privileges.no-new-privileges,WARNING,CWE-732: Incorrect Permission Assignment for Critical Resource,Service 'shell' allows for privilege escalation via setuid or setgid binaries. Add 'no-new-privileges:true' in 'security_opt' to prevent this.
netty/netty,docker/docker-compose.centos-7.117.yaml,yaml.docker-compose.security.writable-filesystem-service.writable-filesystem-service,WARNING,CWE-732: Incorrect Permission Assignment for Critical Resource,"Service 'shell' is running with a writable root filesystem. This may allow malicious applications to download and run additional payloads, or modify container files. If an application inside a container has to save something temporarily consider using a tmpfs. Add 'read_only: true' to this service to prevent this."
netty/netty,docker/docker-compose.centos-7.18.yaml,yaml.docker-compose.security.no-new-privileges.no-new-privileges,WARNING,CWE-732: Incorrect Permission Assignment for Critical Resource,Service 'runtime-setup' allows for privilege escalation via setuid or setgid binaries. Add 'no-new-privileges:true' in 'security_opt' to prevent this.
netty/netty,docker/docker-compose.centos-7.18.yaml,yaml.docker-compose.security.writable-filesystem-service.writable-filesystem-service,WARNING,CWE-732: Incorrect Permission Assignment for Critical Resource,"Service 'runtime-setup' is running with a writable root filesystem. This may allow malicious applications to download and run additional payloads, or modify container files. If an application inside a container has to save something temporarily consider using a tmpfs. Add 'read_only: true' to this service to prevent this."
netty/netty,docker/docker-compose.centos-7.18.yaml,yaml.docker-compose.security.no-new-privileges.no-new-privileges,WARNING,CWE-732: Incorrect Permission Assignment for Critical Resource,Service 'build' allows for privilege escalation via setuid or setgid binaries. Add 'no-new-privileges:true' in 'security_opt' to prevent this.
netty/netty,docker/docker-compose.centos-7.18.yaml,yaml.docker-compose.security.writable-filesystem-service.writable-filesystem-service,WARNING,CWE-732: Incorrect Permission Assignment for Critical Resource,"Service 'build' is running with a writable root filesystem. This may allow malicious applications to download and run additional payloads, or modify container files. If an application inside a container has to save something temporarily consider using a tmpfs. Add 'read_only: true' to this service to prevent this."
netty/netty,docker/docker-compose.centos-7.18.yaml,yaml.docker-compose.security.no-new-privileges.no-new-privileges,WARNING,CWE-732: Incorrect Permission Assignment for Critical Resource,Service 'build-leak' allows for privilege escalation via setuid or setgid binaries. Add 'no-new-privileges:true' in 'security_opt' to prevent this.
netty/netty,docker/docker-compose.centos-7.18.yaml,yaml.docker-compose.security.writable-filesystem-service.writable-filesystem-service,WARNING,CWE-732: Incorrect Permission Assignment for Critical Resource,"Service 'build-leak' is running with a writable root filesystem. This may allow malicious applications to download and run additional payloads, or modify container files. If an application inside a container has to save something temporarily consider using a tmpfs. Add 'read_only: true' to this service to prevent this."
netty/netty,docker/docker-compose.centos-7.18.yaml,yaml.docker-compose.security.no-new-privileges.no-new-privileges,WARNING,CWE-732: Incorrect Permission Assignment for Critical Resource,Service 'build-with-oio-testsuite' allows for privilege escalation via setuid or setgid binaries. Add 'no-new-privileges:true' in 'security_opt' to prevent this.
netty/netty,docker/docker-compose.centos-7.18.yaml,yaml.docker-compose.security.writable-filesystem-service.writable-filesystem-service,WARNING,CWE-732: Incorrect Permission Assignment for Critical Resource,"Service 'build-with-oio-testsuite' is running with a writable root filesystem. This may allow malicious applications to download and run additional payloads, or modify container files. If an application inside a container has to save something temporarily consider using a tmpfs. Add 'read_only: true' to this service to prevent this."
netty/netty,docker/docker-compose.centos-7.18.yaml,yaml.docker-compose.security.no-new-privileges.no-new-privileges,WARNING,CWE-732: Incorrect Permission Assignment for Critical Resource,Service 'build-boringssl-static' allows for privilege escalation via setuid or setgid binaries. Add 'no-new-privileges:true' in 'security_opt' to prevent this.
netty/netty,docker/docker-compose.centos-7.18.yaml,yaml.docker-compose.security.writable-filesystem-service.writable-filesystem-service,WARNING,CWE-732: Incorrect Permission Assignment for Critical Resource,"Service 'build-boringssl-static' is running with a writable root filesystem. This may allow malicious applications to download and run additional payloads, or modify container files. If an application inside a container has to save something temporarily consider using a tmpfs. Add 'read_only: true' to this service to prevent this."
netty/netty,docker/docker-compose.centos-7.18.yaml,yaml.docker-compose.security.no-new-privileges.no-new-privileges,WARNING,CWE-732: Incorrect Permission Assignment for Critical Resource,Service 'build-leak-boringssl-static' allows for privilege escalation via setuid or setgid binaries. Add 'no-new-privileges:true' in 'security_opt' to prevent this.
netty/netty,docker/docker-compose.centos-7.18.yaml,yaml.docker-compose.security.writable-filesystem-service.writable-filesystem-service,WARNING,CWE-732: Incorrect Permission Assignment for Critical Resource,"Service 'build-leak-boringssl-static' is running with a writable root filesystem. This may allow malicious applications to download and run additional payloads, or modify container files. If an application inside a container has to save something temporarily consider using a tmpfs. Add 'read_only: true' to this service to prevent this."
netty/netty,docker/docker-compose.centos-7.18.yaml,yaml.docker-compose.security.no-new-privileges.no-new-privileges,WARNING,CWE-732: Incorrect Permission Assignment for Critical Resource,Service 'build-boringssl-snapshot' allows for privilege escalation via setuid or setgid binaries. Add 'no-new-privileges:true' in 'security_opt' to prevent this.
netty/netty,docker/docker-compose.centos-7.18.yaml,yaml.docker-compose.security.writable-filesystem-service.writable-filesystem-service,WARNING,CWE-732: Incorrect Permission Assignment for Critical Resource,"Service 'build-boringssl-snapshot' is running with a writable root filesystem. This may allow malicious applications to download and run additional payloads, or modify container files. If an application inside a container has to save something temporarily consider using a tmpfs. Add 'read_only: true' to this service to prevent this."
netty/netty,docker/docker-compose.centos-7.18.yaml,yaml.docker-compose.security.no-new-privileges.no-new-privileges,WARNING,CWE-732: Incorrect Permission Assignment for Critical Resource,Service 'build-boringssl-static-jdk8-tests' allows for privilege escalation via setuid or setgid binaries. Add 'no-new-privileges:true' in 'security_opt' to prevent this.
netty/netty,docker/docker-compose.centos-7.18.yaml,yaml.docker-compose.security.writable-filesystem-service.writable-filesystem-service,WARNING,CWE-732: Incorrect Permission Assignment for Critical Resource,"Service 'build-boringssl-static-jdk8-tests' is running with a writable root filesystem. This may allow malicious applications to download and run additional payloads, or modify container files. If an application inside a container has to save something temporarily consider using a tmpfs. Add 'read_only: true' to this service to prevent this."
netty/netty,docker/docker-compose.centos-7.18.yaml,yaml.docker-compose.security.no-new-privileges.no-new-privileges,WARNING,CWE-732: Incorrect Permission Assignment for Critical Resource,Service 'stage-snapshot' allows for privilege escalation via setuid or setgid binaries. Add 'no-new-privileges:true' in 'security_opt' to prevent this.
netty/netty,docker/docker-compose.centos-7.18.yaml,yaml.docker-compose.security.writable-filesystem-service.writable-filesystem-service,WARNING,CWE-732: Incorrect Permission Assignment for Critical Resource,"Service 'stage-snapshot' is running with a writable root filesystem. This may allow malicious applications to download and run additional payloads, or modify container files. If an application inside a container has to save something temporarily consider using a tmpfs. Add 'read_only: true' to this service to prevent this."
netty/netty,docker/docker-compose.centos-7.18.yaml,yaml.docker-compose.security.no-new-privileges.no-new-privileges,WARNING,CWE-732: Incorrect Permission Assignment for Critical Resource,Service 'stage-release' allows for privilege escalation via setuid or setgid binaries. Add 'no-new-privileges:true' in 'security_opt' to prevent this.
netty/netty,docker/docker-compose.centos-7.18.yaml,yaml.docker-compose.security.writable-filesystem-service.writable-filesystem-service,WARNING,CWE-732: Incorrect Permission Assignment for Critical Resource,"Service 'stage-release' is running with a writable root filesystem. This may allow malicious applications to download and run additional payloads, or modify container files. If an application inside a container has to save something temporarily consider using a tmpfs. Add 'read_only: true' to this service to prevent this."
netty/netty,docker/docker-compose.centos-7.18.yaml,yaml.docker-compose.security.no-new-privileges.no-new-privileges,WARNING,CWE-732: Incorrect Permission Assignment for Critical Resource,Service 'deploy' allows for privilege escalation via setuid or setgid binaries. Add 'no-new-privileges:true' in 'security_opt' to prevent this.
netty/netty,docker/docker-compose.centos-7.18.yaml,yaml.docker-compose.security.writable-filesystem-service.writable-filesystem-service,WARNING,CWE-732: Incorrect Permission Assignment for Critical Resource,"Service 'deploy' is running with a writable root filesystem. This may allow malicious applications to download and run additional payloads, or modify container files. If an application inside a container has to save something temporarily consider using a tmpfs. Add 'read_only: true' to this service to prevent this."
netty/netty,docker/docker-compose.centos-7.18.yaml,yaml.docker-compose.security.no-new-privileges.no-new-privileges,WARNING,CWE-732: Incorrect Permission Assignment for Critical Resource,Service 'shell' allows for privilege escalation via setuid or setgid binaries. Add 'no-new-privileges:true' in 'security_opt' to prevent this.
netty/netty,docker/docker-compose.centos-7.18.yaml,yaml.docker-compose.security.writable-filesystem-service.writable-filesystem-service,WARNING,CWE-732: Incorrect Permission Assignment for Critical Resource,"Service 'shell' is running with a writable root filesystem. This may allow malicious applications to download and run additional payloads, or modify container files. If an application inside a container has to save something temporarily consider using a tmpfs. Add 'read_only: true' to this service to prevent this."
netty/netty,docker/docker-compose.centos-7.21.yaml,yaml.docker-compose.security.no-new-privileges.no-new-privileges,WARNING,CWE-732: Incorrect Permission Assignment for Critical Resource,Service 'runtime-setup' allows for privilege escalation via setuid or setgid binaries. Add 'no-new-privileges:true' in 'security_opt' to prevent this.
netty/netty,docker/docker-compose.centos-7.21.yaml,yaml.docker-compose.security.writable-filesystem-service.writable-filesystem-service,WARNING,CWE-732: Incorrect Permission Assignment for Critical Resource,"Service 'runtime-setup' is running with a writable root filesystem. This may allow malicious applications to download and run additional payloads, or modify container files. If an application inside a container has to save something temporarily consider using a tmpfs. Add 'read_only: true' to this service to prevent this."
netty/netty,docker/docker-compose.centos-7.21.yaml,yaml.docker-compose.security.no-new-privileges.no-new-privileges,WARNING,CWE-732: Incorrect Permission Assignment for Critical Resource,Service 'build' allows for privilege escalation via setuid or setgid binaries. Add 'no-new-privileges:true' in 'security_opt' to prevent this.
netty/netty,docker/docker-compose.centos-7.21.yaml,yaml.docker-compose.security.writable-filesystem-service.writable-filesystem-service,WARNING,CWE-732: Incorrect Permission Assignment for Critical Resource,"Service 'build' is running with a writable root filesystem. This may allow malicious applications to download and run additional payloads, or modify container files. If an application inside a container has to save something temporarily consider using a tmpfs. Add 'read_only: true' to this service to prevent this."
netty/netty,docker/docker-compose.centos-7.21.yaml,yaml.docker-compose.security.no-new-privileges.no-new-privileges,WARNING,CWE-732: Incorrect Permission Assignment for Critical Resource,Service 'build-leak' allows for privilege escalation via setuid or setgid binaries. Add 'no-new-privileges:true' in 'security_opt' to prevent this.
netty/netty,docker/docker-compose.centos-7.21.yaml,yaml.docker-compose.security.writable-filesystem-service.writable-filesystem-service,WARNING,CWE-732: Incorrect Permission Assignment for Critical Resource,"Service 'build-leak' is running with a writable root filesystem. This may allow malicious applications to download and run additional payloads, or modify container files. If an application inside a container has to save something temporarily consider using a tmpfs. Add 'read_only: true' to this service to prevent this."
netty/netty,docker/docker-compose.centos-7.21.yaml,yaml.docker-compose.security.no-new-privileges.no-new-privileges,WARNING,CWE-732: Incorrect Permission Assignment for Critical Resource,Service 'build-with-oio-testsuite' allows for privilege escalation via setuid or setgid binaries. Add 'no-new-privileges:true' in 'security_opt' to prevent this.
netty/netty,docker/docker-compose.centos-7.21.yaml,yaml.docker-compose.security.writable-filesystem-service.writable-filesystem-service,WARNING,CWE-732: Incorrect Permission Assignment for Critical Resource,"Service 'build-with-oio-testsuite' is running with a writable root filesystem. This may allow malicious applications to download and run additional payloads, or modify container files. If an application inside a container has to save something temporarily consider using a tmpfs. Add 'read_only: true' to this service to prevent this."
netty/netty,docker/docker-compose.centos-7.21.yaml,yaml.docker-compose.security.no-new-privileges.no-new-privileges,WARNING,CWE-732: Incorrect Permission Assignment for Critical Resource,Service 'build-boringssl-static' allows for privilege escalation via setuid or setgid binaries. Add 'no-new-privileges:true' in 'security_opt' to prevent this.
netty/netty,docker/docker-compose.centos-7.21.yaml,yaml.docker-compose.security.writable-filesystem-service.writable-filesystem-service,WARNING,CWE-732: Incorrect Permission Assignment for Critical Resource,"Service 'build-boringssl-static' is running with a writable root filesystem. This may allow malicious applications to download and run additional payloads, or modify container files. If an application inside a container has to save something temporarily consider using a tmpfs. Add 'read_only: true' to this service to prevent this."
netty/netty,docker/docker-compose.centos-7.21.yaml,yaml.docker-compose.security.no-new-privileges.no-new-privileges,WARNING,CWE-732: Incorrect Permission Assignment for Critical Resource,Service 'build-leak-boringssl-static' allows for privilege escalation via setuid or setgid binaries. Add 'no-new-privileges:true' in 'security_opt' to prevent this.
netty/netty,docker/docker-compose.centos-7.21.yaml,yaml.docker-compose.security.writable-filesystem-service.writable-filesystem-service,WARNING,CWE-732: Incorrect Permission Assignment for Critical Resource,"Service 'build-leak-boringssl-static' is running with a writable root filesystem. This may allow malicious applications to download and run additional payloads, or modify container files. If an application inside a container has to save something temporarily consider using a tmpfs. Add 'read_only: true' to this service to prevent this."
netty/netty,docker/docker-compose.centos-7.21.yaml,yaml.docker-compose.security.no-new-privileges.no-new-privileges,WARNING,CWE-732: Incorrect Permission Assignment for Critical Resource,Service 'build-boringssl-snapshot' allows for privilege escalation via setuid or setgid binaries. Add 'no-new-privileges:true' in 'security_opt' to prevent this.
netty/netty,docker/docker-compose.centos-7.21.yaml,yaml.docker-compose.security.writable-filesystem-service.writable-filesystem-service,WARNING,CWE-732: Incorrect Permission Assignment for Critical Resource,"Service 'build-boringssl-snapshot' is running with a writable root filesystem. This may allow malicious applications to download and run additional payloads, or modify container files. If an application inside a container has to save something temporarily consider using a tmpfs. Add 'read_only: true' to this service to prevent this."
netty/netty,docker/docker-compose.centos-7.21.yaml,yaml.docker-compose.security.no-new-privileges.no-new-privileges,WARNING,CWE-732: Incorrect Permission Assignment for Critical Resource,Service 'build-boringssl-static-jdk8-tests' allows for privilege escalation via setuid or setgid binaries. Add 'no-new-privileges:true' in 'security_opt' to prevent this.
netty/netty,docker/docker-compose.centos-7.21.yaml,yaml.docker-compose.security.writable-filesystem-service.writable-filesystem-service,WARNING,CWE-732: Incorrect Permission Assignment for Critical Resource,"Service 'build-boringssl-static-jdk8-tests' is running with a writable root filesystem. This may allow malicious applications to download and run additional payloads, or modify container files. If an application inside a container has to save something temporarily consider using a tmpfs. Add 'read_only: true' to this service to prevent this."
netty/netty,docker/docker-compose.centos-7.21.yaml,yaml.docker-compose.security.no-new-privileges.no-new-privileges,WARNING,CWE-732: Incorrect Permission Assignment for Critical Resource,Service 'shell' allows for privilege escalation via setuid or setgid binaries. Add 'no-new-privileges:true' in 'security_opt' to prevent this.
netty/netty,docker/docker-compose.centos-7.21.yaml,yaml.docker-compose.security.writable-filesystem-service.writable-filesystem-service,WARNING,CWE-732: Incorrect Permission Assignment for Critical Resource,"Service 'shell' is running with a writable root filesystem. This may allow malicious applications to download and run additional payloads, or modify container files. If an application inside a container has to save something temporarily consider using a tmpfs. Add 'read_only: true' to this service to prevent this."
netty/netty,docker/docker-compose.centos-7.24.yaml,yaml.docker-compose.security.no-new-privileges.no-new-privileges,WARNING,CWE-732: Incorrect Permission Assignment for Critical Resource,Service 'runtime-setup' allows for privilege escalation via setuid or setgid binaries. Add 'no-new-privileges:true' in 'security_opt' to prevent this.
netty/netty,docker/docker-compose.centos-7.24.yaml,yaml.docker-compose.security.writable-filesystem-service.writable-filesystem-service,WARNING,CWE-732: Incorrect Permission Assignment for Critical Resource,"Service 'runtime-setup' is running with a writable root filesystem. This may allow malicious applications to download and run additional payloads, or modify container files. If an application inside a container has to save something temporarily consider using a tmpfs. Add 'read_only: true' to this service to prevent this."
netty/netty,docker/docker-compose.centos-7.24.yaml,yaml.docker-compose.security.no-new-privileges.no-new-privileges,WARNING,CWE-732: Incorrect Permission Assignment for Critical Resource,Service 'build' allows for privilege escalation via setuid or setgid binaries. Add 'no-new-privileges:true' in 'security_opt' to prevent this.
netty/netty,docker/docker-compose.centos-7.24.yaml,yaml.docker-compose.security.writable-filesystem-service.writable-filesystem-service,WARNING,CWE-732: Incorrect Permission Assignment for Critical Resource,"Service 'build' is running with a writable root filesystem. This may allow malicious applications to download and run additional payloads, or modify container files. If an application inside a container has to save something temporarily consider using a tmpfs. Add 'read_only: true' to this service to prevent this."
netty/netty,docker/docker-compose.centos-7.24.yaml,yaml.docker-compose.security.no-new-privileges.no-new-privileges,WARNING,CWE-732: Incorrect Permission Assignment for Critical Resource,Service 'build-leak' allows for privilege escalation via setuid or setgid binaries. Add 'no-new-privileges:true' in 'security_opt' to prevent this.
netty/netty,docker/docker-compose.centos-7.24.yaml,yaml.docker-compose.security.writable-filesystem-service.writable-filesystem-service,WARNING,CWE-732: Incorrect Permission Assignment for Critical Resource,"Service 'build-leak' is running with a writable root filesystem. This may allow malicious applications to download and run additional payloads, or modify container files. If an application inside a container has to save something temporarily consider using a tmpfs. Add 'read_only: true' to this service to prevent this."
netty/netty,docker/docker-compose.centos-7.24.yaml,yaml.docker-compose.security.no-new-privileges.no-new-privileges,WARNING,CWE-732: Incorrect Permission Assignment for Critical Resource,Service 'build-with-oio-testsuite' allows for privilege escalation via setuid or setgid binaries. Add 'no-new-privileges:true' in 'security_opt' to prevent this.
netty/netty,docker/docker-compose.centos-7.24.yaml,yaml.docker-compose.security.writable-filesystem-service.writable-filesystem-service,WARNING,CWE-732: Incorrect Permission Assignment for Critical Resource,"Service 'build-with-oio-testsuite' is running with a writable root filesystem. This may allow malicious applications to download and run additional payloads, or modify container files. If an application inside a container has to save something temporarily consider using a tmpfs. Add 'read_only: true' to this service to prevent this."
netty/netty,docker/docker-compose.centos-7.24.yaml,yaml.docker-compose.security.no-new-privileges.no-new-privileges,WARNING,CWE-732: Incorrect Permission Assignment for Critical Resource,Service 'build-boringssl-static' allows for privilege escalation via setuid or setgid binaries. Add 'no-new-privileges:true' in 'security_opt' to prevent this.
netty/netty,docker/docker-compose.centos-7.24.yaml,yaml.docker-compose.security.writable-filesystem-service.writable-filesystem-service,WARNING,CWE-732: Incorrect Permission Assignment for Critical Resource,"Service 'build-boringssl-static' is running with a writable root filesystem. This may allow malicious applications to download and run additional payloads, or modify container files. If an application inside a container has to save something temporarily consider using a tmpfs. Add 'read_only: true' to this service to prevent this."
netty/netty,docker/docker-compose.centos-7.24.yaml,yaml.docker-compose.security.no-new-privileges.no-new-privileges,WARNING,CWE-732: Incorrect Permission Assignment for Critical Resource,Service 'build-leak-boringssl-static' allows for privilege escalation via setuid or setgid binaries. Add 'no-new-privileges:true' in 'security_opt' to prevent this.
netty/netty,docker/docker-compose.centos-7.24.yaml,yaml.docker-compose.security.writable-filesystem-service.writable-filesystem-service,WARNING,CWE-732: Incorrect Permission Assignment for Critical Resource,"Service 'build-leak-boringssl-static' is running with a writable root filesystem. This may allow malicious applications to download and run additional payloads, or modify container files. If an application inside a container has to save something temporarily consider using a tmpfs. Add 'read_only: true' to this service to prevent this."
netty/netty,docker/docker-compose.centos-7.24.yaml,yaml.docker-compose.security.no-new-privileges.no-new-privileges,WARNING,CWE-732: Incorrect Permission Assignment for Critical Resource,Service 'build-boringssl-snapshot' allows for privilege escalation via setuid or setgid binaries. Add 'no-new-privileges:true' in 'security_opt' to prevent this.
netty/netty,docker/docker-compose.centos-7.24.yaml,yaml.docker-compose.security.writable-filesystem-service.writable-filesystem-service,WARNING,CWE-732: Incorrect Permission Assignment for Critical Resource,"Service 'build-boringssl-snapshot' is running with a writable root filesystem. This may allow malicious applications to download and run additional payloads, or modify container files. If an application inside a container has to save something temporarily consider using a tmpfs. Add 'read_only: true' to this service to prevent this."
netty/netty,docker/docker-compose.centos-7.24.yaml,yaml.docker-compose.security.no-new-privileges.no-new-privileges,WARNING,CWE-732: Incorrect Permission Assignment for Critical Resource,Service 'build-boringssl-static-jdk8-tests' allows for privilege escalation via setuid or setgid binaries. Add 'no-new-privileges:true' in 'security_opt' to prevent this.
netty/netty,docker/docker-compose.centos-7.24.yaml,yaml.docker-compose.security.writable-filesystem-service.writable-filesystem-service,WARNING,CWE-732: Incorrect Permission Assignment for Critical Resource,"Service 'build-boringssl-static-jdk8-tests' is running with a writable root filesystem. This may allow malicious applications to download and run additional payloads, or modify container files. If an application inside a container has to save something temporarily consider using a tmpfs. Add 'read_only: true' to this service to prevent this."
netty/netty,docker/docker-compose.centos-7.24.yaml,yaml.docker-compose.security.no-new-privileges.no-new-privileges,WARNING,CWE-732: Incorrect Permission Assignment for Critical Resource,Service 'shell' allows for privilege escalation via setuid or setgid binaries. Add 'no-new-privileges:true' in 'security_opt' to prevent this.
netty/netty,docker/docker-compose.centos-7.24.yaml,yaml.docker-compose.security.writable-filesystem-service.writable-filesystem-service,WARNING,CWE-732: Incorrect Permission Assignment for Critical Resource,"Service 'shell' is running with a writable root filesystem. This may allow malicious applications to download and run additional payloads, or modify container files. If an application inside a container has to save something temporarily consider using a tmpfs. Add 'read_only: true' to this service to prevent this."
netty/netty,docker/docker-compose.centos-7.25.yaml,yaml.docker-compose.security.no-new-privileges.no-new-privileges,WARNING,CWE-732: Incorrect Permission Assignment for Critical Resource,Service 'runtime-setup' allows for privilege escalation via setuid or setgid binaries. Add 'no-new-privileges:true' in 'security_opt' to prevent this.
netty/netty,docker/docker-compose.centos-7.25.yaml,yaml.docker-compose.security.writable-filesystem-service.writable-filesystem-service,WARNING,CWE-732: Incorrect Permission Assignment for Critical Resource,"Service 'runtime-setup' is running with a writable root filesystem. This may allow malicious applications to download and run additional payloads, or modify container files. If an application inside a container has to save something temporarily consider using a tmpfs. Add 'read_only: true' to this service to prevent this."
netty/netty,docker/docker-compose.centos-7.25.yaml,yaml.docker-compose.security.no-new-privileges.no-new-privileges,WARNING,CWE-732: Incorrect Permission Assignment for Critical Resource,Service 'build' allows for privilege escalation via setuid or setgid binaries. Add 'no-new-privileges:true' in 'security_opt' to prevent this.
netty/netty,docker/docker-compose.centos-7.25.yaml,yaml.docker-compose.security.writable-filesystem-service.writable-filesystem-service,WARNING,CWE-732: Incorrect Permission Assignment for Critical Resource,"Service 'build' is running with a writable root filesystem. This may allow malicious applications to download and run additional payloads, or modify container files. If an application inside a container has to save something temporarily consider using a tmpfs. Add 'read_only: true' to this service to prevent this."
netty/netty,docker/docker-compose.centos-7.25.yaml,yaml.docker-compose.security.no-new-privileges.no-new-privileges,WARNING,CWE-732: Incorrect Permission Assignment for Critical Resource,Service 'build-leak' allows for privilege escalation via setuid or setgid binaries. Add 'no-new-privileges:true' in 'security_opt' to prevent this.
netty/netty,docker/docker-compose.centos-7.25.yaml,yaml.docker-compose.security.writable-filesystem-service.writable-filesystem-service,WARNING,CWE-732: Incorrect Permission Assignment for Critical Resource,"Service 'build-leak' is running with a writable root filesystem. This may allow malicious applications to download and run additional payloads, or modify container files. If an application inside a container has to save something temporarily consider using a tmpfs. Add 'read_only: true' to this service to prevent this."
netty/netty,docker/docker-compose.centos-7.25.yaml,yaml.docker-compose.security.no-new-privileges.no-new-privileges,WARNING,CWE-732: Incorrect Permission Assignment for Critical Resource,Service 'build-with-oio-testsuite' allows for privilege escalation via setuid or setgid binaries. Add 'no-new-privileges:true' in 'security_opt' to prevent this.
netty/netty,docker/docker-compose.centos-7.25.yaml,yaml.docker-compose.security.writable-filesystem-service.writable-filesystem-service,WARNING,CWE-732: Incorrect Permission Assignment for Critical Resource,"Service 'build-with-oio-testsuite' is running with a writable root filesystem. This may allow malicious applications to download and run additional payloads, or modify container files. If an application inside a container has to save something temporarily consider using a tmpfs. Add 'read_only: true' to this service to prevent this."
netty/netty,docker/docker-compose.centos-7.25.yaml,yaml.docker-compose.security.no-new-privileges.no-new-privileges,WARNING,CWE-732: Incorrect Permission Assignment for Critical Resource,Service 'build-boringssl-static' allows for privilege escalation via setuid or setgid binaries. Add 'no-new-privileges:true' in 'security_opt' to prevent this.
netty/netty,docker/docker-compose.centos-7.25.yaml,yaml.docker-compose.security.writable-filesystem-service.writable-filesystem-service,WARNING,CWE-732: Incorrect Permission Assignment for Critical Resource,"Service 'build-boringssl-static' is running with a writable root filesystem. This may allow malicious applications to download and run additional payloads, or modify container files. If an application inside a container has to save something temporarily consider using a tmpfs. Add 'read_only: true' to this service to prevent this."
netty/netty,docker/docker-compose.centos-7.25.yaml,yaml.docker-compose.security.no-new-privileges.no-new-privileges,WARNING,CWE-732: Incorrect Permission Assignment for Critical Resource,Service 'build-leak-boringssl-static' allows for privilege escalation via setuid or setgid binaries. Add 'no-new-privileges:true' in 'security_opt' to prevent this.
netty/netty,docker/docker-compose.centos-7.25.yaml,yaml.docker-compose.security.writable-filesystem-service.writable-filesystem-service,WARNING,CWE-732: Incorrect Permission Assignment for Critical Resource,"Service 'build-leak-boringssl-static' is running with a writable root filesystem. This may allow malicious applications to download and run additional payloads, or modify container files. If an application inside a container has to save something temporarily consider using a tmpfs. Add 'read_only: true' to this service to prevent this."
netty/netty,docker/docker-compose.centos-7.25.yaml,yaml.docker-compose.security.no-new-privileges.no-new-privileges,WARNING,CWE-732: Incorrect Permission Assignment for Critical Resource,Service 'build-boringssl-snapshot' allows for privilege escalation via setuid or setgid binaries. Add 'no-new-privileges:true' in 'security_opt' to prevent this.
netty/netty,docker/docker-compose.centos-7.25.yaml,yaml.docker-compose.security.writable-filesystem-service.writable-filesystem-service,WARNING,CWE-732: Incorrect Permission Assignment for Critical Resource,"Service 'build-boringssl-snapshot' is running with a writable root filesystem. This may allow malicious applications to download and run additional payloads, or modify container files. If an application inside a container has to save something temporarily consider using a tmpfs. Add 'read_only: true' to this service to prevent this."
netty/netty,docker/docker-compose.centos-7.25.yaml,yaml.docker-compose.security.no-new-privileges.no-new-privileges,WARNING,CWE-732: Incorrect Permission Assignment for Critical Resource,Service 'build-boringssl-static-jdk8-tests' allows for privilege escalation via setuid or setgid binaries. Add 'no-new-privileges:true' in 'security_opt' to prevent this.
netty/netty,docker/docker-compose.centos-7.25.yaml,yaml.docker-compose.security.writable-filesystem-service.writable-filesystem-service,WARNING,CWE-732: Incorrect Permission Assignment for Critical Resource,"Service 'build-boringssl-static-jdk8-tests' is running with a writable root filesystem. This may allow malicious applications to download and run additional payloads, or modify container files. If an application inside a container has to save something temporarily consider using a tmpfs. Add 'read_only: true' to this service to prevent this."
netty/netty,docker/docker-compose.centos-7.25.yaml,yaml.docker-compose.security.no-new-privileges.no-new-privileges,WARNING,CWE-732: Incorrect Permission Assignment for Critical Resource,Service 'shell' allows for privilege escalation via setuid or setgid binaries. Add 'no-new-privileges:true' in 'security_opt' to prevent this.
netty/netty,docker/docker-compose.centos-7.25.yaml,yaml.docker-compose.security.writable-filesystem-service.writable-filesystem-service,WARNING,CWE-732: Incorrect Permission Assignment for Critical Resource,"Service 'shell' is running with a writable root filesystem. This may allow malicious applications to download and run additional payloads, or modify container files. If an application inside a container has to save something temporarily consider using a tmpfs. Add 'read_only: true' to this service to prevent this."
netty/netty,docker/docker-compose.centos-7.26.yaml,yaml.docker-compose.security.no-new-privileges.no-new-privileges,WARNING,CWE-732: Incorrect Permission Assignment for Critical Resource,Service 'runtime-setup' allows for privilege escalation via setuid or setgid binaries. Add 'no-new-privileges:true' in 'security_opt' to prevent this.
netty/netty,docker/docker-compose.centos-7.26.yaml,yaml.docker-compose.security.writable-filesystem-service.writable-filesystem-service,WARNING,CWE-732: Incorrect Permission Assignment for Critical Resource,"Service 'runtime-setup' is running with a writable root filesystem. This may allow malicious applications to download and run additional payloads, or modify container files. If an application inside a container has to save something temporarily consider using a tmpfs. Add 'read_only: true' to this service to prevent this."
netty/netty,docker/docker-compose.centos-7.26.yaml,yaml.docker-compose.security.no-new-privileges.no-new-privileges,WARNING,CWE-732: Incorrect Permission Assignment for Critical Resource,Service 'build' allows for privilege escalation via setuid or setgid binaries. Add 'no-new-privileges:true' in 'security_opt' to prevent this.
netty/netty,docker/docker-compose.centos-7.26.yaml,yaml.docker-compose.security.writable-filesystem-service.writable-filesystem-service,WARNING,CWE-732: Incorrect Permission Assignment for Critical Resource,"Service 'build' is running with a writable root filesystem. This may allow malicious applications to download and run additional payloads, or modify container files. If an application inside a container has to save something temporarily consider using a tmpfs. Add 'read_only: true' to this service to prevent this."
netty/netty,docker/docker-compose.centos-7.26.yaml,yaml.docker-compose.security.no-new-privileges.no-new-privileges,WARNING,CWE-732: Incorrect Permission Assignment for Critical Resource,Service 'build-leak' allows for privilege escalation via setuid or setgid binaries. Add 'no-new-privileges:true' in 'security_opt' to prevent this.
netty/netty,docker/docker-compose.centos-7.26.yaml,yaml.docker-compose.security.writable-filesystem-service.writable-filesystem-service,WARNING,CWE-732: Incorrect Permission Assignment for Critical Resource,"Service 'build-leak' is running with a writable root filesystem. This may allow malicious applications to download and run additional payloads, or modify container files. If an application inside a container has to save something temporarily consider using a tmpfs. Add 'read_only: true' to this service to prevent this."
netty/netty,docker/docker-compose.centos-7.26.yaml,yaml.docker-compose.security.no-new-privileges.no-new-privileges,WARNING,CWE-732: Incorrect Permission Assignment for Critical Resource,Service 'build-with-oio-testsuite' allows for privilege escalation via setuid or setgid binaries. Add 'no-new-privileges:true' in 'security_opt' to prevent this.
netty/netty,docker/docker-compose.centos-7.26.yaml,yaml.docker-compose.security.writable-filesystem-service.writable-filesystem-service,WARNING,CWE-732: Incorrect Permission Assignment for Critical Resource,"Service 'build-with-oio-testsuite' is running with a writable root filesystem. This may allow malicious applications to download and run additional payloads, or modify container files. If an application inside a container has to save something temporarily consider using a tmpfs. Add 'read_only: true' to this service to prevent this."
netty/netty,docker/docker-compose.centos-7.26.yaml,yaml.docker-compose.security.no-new-privileges.no-new-privileges,WARNING,CWE-732: Incorrect Permission Assignment for Critical Resource,Service 'build-boringssl-static' allows for privilege escalation via setuid or setgid binaries. Add 'no-new-privileges:true' in 'security_opt' to prevent this.
netty/netty,docker/docker-compose.centos-7.26.yaml,yaml.docker-compose.security.writable-filesystem-service.writable-filesystem-service,WARNING,CWE-732: Incorrect Permission Assignment for Critical Resource,"Service 'build-boringssl-static' is running with a writable root filesystem. This may allow malicious applications to download and run additional payloads, or modify container files. If an application inside a container has to save something temporarily consider using a tmpfs. Add 'read_only: true' to this service to prevent this."
netty/netty,docker/docker-compose.centos-7.26.yaml,yaml.docker-compose.security.no-new-privileges.no-new-privileges,WARNING,CWE-732: Incorrect Permission Assignment for Critical Resource,Service 'build-leak-boringssl-static' allows for privilege escalation via setuid or setgid binaries. Add 'no-new-privileges:true' in 'security_opt' to prevent this.
netty/netty,docker/docker-compose.centos-7.26.yaml,yaml.docker-compose.security.writable-filesystem-service.writable-filesystem-service,WARNING,CWE-732: Incorrect Permission Assignment for Critical Resource,"Service 'build-leak-boringssl-static' is running with a writable root filesystem. This may allow malicious applications to download and run additional payloads, or modify container files. If an application inside a container has to save something temporarily consider using a tmpfs. Add 'read_only: true' to this service to prevent this."
netty/netty,docker/docker-compose.centos-7.26.yaml,yaml.docker-compose.security.no-new-privileges.no-new-privileges,WARNING,CWE-732: Incorrect Permission Assignment for Critical Resource,Service 'build-boringssl-snapshot' allows for privilege escalation via setuid or setgid binaries. Add 'no-new-privileges:true' in 'security_opt' to prevent this.
netty/netty,docker/docker-compose.centos-7.26.yaml,yaml.docker-compose.security.writable-filesystem-service.writable-filesystem-service,WARNING,CWE-732: Incorrect Permission Assignment for Critical Resource,"Service 'build-boringssl-snapshot' is running with a writable root filesystem. This may allow malicious applications to download and run additional payloads, or modify container files. If an application inside a container has to save something temporarily consider using a tmpfs. Add 'read_only: true' to this service to prevent this."
netty/netty,docker/docker-compose.centos-7.26.yaml,yaml.docker-compose.security.no-new-privileges.no-new-privileges,WARNING,CWE-732: Incorrect Permission Assignment for Critical Resource,Service 'build-boringssl-static-jdk8-tests' allows for privilege escalation via setuid or setgid binaries. Add 'no-new-privileges:true' in 'security_opt' to prevent this.
netty/netty,docker/docker-compose.centos-7.26.yaml,yaml.docker-compose.security.writable-filesystem-service.writable-filesystem-service,WARNING,CWE-732: Incorrect Permission Assignment for Critical Resource,"Service 'build-boringssl-static-jdk8-tests' is running with a writable root filesystem. This may allow malicious applications to download and run additional payloads, or modify container files. If an application inside a container has to save something temporarily consider using a tmpfs. Add 'read_only: true' to this service to prevent this."
netty/netty,docker/docker-compose.centos-7.26.yaml,yaml.docker-compose.security.no-new-privileges.no-new-privileges,WARNING,CWE-732: Incorrect Permission Assignment for Critical Resource,Service 'shell' allows for privilege escalation via setuid or setgid binaries. Add 'no-new-privileges:true' in 'security_opt' to prevent this.
netty/netty,docker/docker-compose.centos-7.26.yaml,yaml.docker-compose.security.writable-filesystem-service.writable-filesystem-service,WARNING,CWE-732: Incorrect Permission Assignment for Critical Resource,"Service 'shell' is running with a writable root filesystem. This may allow malicious applications to download and run additional payloads, or modify container files. If an application inside a container has to save something temporarily consider using a tmpfs. Add 'read_only: true' to this service to prevent this."
netty/netty,docker/docker-compose.centos-7.cross.yaml,yaml.docker-compose.security.no-new-privileges.no-new-privileges,WARNING,CWE-732: Incorrect Permission Assignment for Critical Resource,Service 'cross-compile-aarch64-runtime-setup' allows for privilege escalation via setuid or setgid binaries. Add 'no-new-privileges:true' in 'security_opt' to prevent this.
netty/netty,docker/docker-compose.centos-7.cross.yaml,yaml.docker-compose.security.writable-filesystem-service.writable-filesystem-service,WARNING,CWE-732: Incorrect Permission Assignment for Critical Resource,"Service 'cross-compile-aarch64-runtime-setup' is running with a writable root filesystem. This may allow malicious applications to download and run additional payloads, or modify container files. If an application inside a container has to save something temporarily consider using a tmpfs. Add 'read_only: true' to this service to prevent this."
netty/netty,docker/docker-compose.centos-7.cross.yaml,yaml.docker-compose.security.no-new-privileges.no-new-privileges,WARNING,CWE-732: Incorrect Permission Assignment for Critical Resource,Service 'cross-compile-aarch64-common' allows for privilege escalation via setuid or setgid binaries. Add 'no-new-privileges:true' in 'security_opt' to prevent this.
netty/netty,docker/docker-compose.centos-7.cross.yaml,yaml.docker-compose.security.writable-filesystem-service.writable-filesystem-service,WARNING,CWE-732: Incorrect Permission Assignment for Critical Resource,"Service 'cross-compile-aarch64-common' is running with a writable root filesystem. This may allow malicious applications to download and run additional payloads, or modify container files. If an application inside a container has to save something temporarily consider using a tmpfs. Add 'read_only: true' to this service to prevent this."
netty/netty,docker/docker-compose.centos-7.cross.yaml,yaml.docker-compose.security.no-new-privileges.no-new-privileges,WARNING,CWE-732: Incorrect Permission Assignment for Critical Resource,Service '<<' allows for privilege escalation via setuid or setgid binaries. Add 'no-new-privileges:true' in 'security_opt' to prevent this.
netty/netty,docker/docker-compose.centos-7.cross.yaml,yaml.docker-compose.security.writable-filesystem-service.writable-filesystem-service,WARNING,CWE-732: Incorrect Permission Assignment for Critical Resource,"Service '<<' is running with a writable root filesystem. This may allow malicious applications to download and run additional payloads, or modify container files. If an application inside a container has to save something temporarily consider using a tmpfs. Add 'read_only: true' to this service to prevent this."
netty/netty,docker/docker-compose.centos-7.cross.yaml,yaml.docker-compose.security.no-new-privileges.no-new-privileges,WARNING,CWE-732: Incorrect Permission Assignment for Critical Resource,Service '<<' allows for privilege escalation via setuid or setgid binaries. Add 'no-new-privileges:true' in 'security_opt' to prevent this.
netty/netty,docker/docker-compose.centos-7.cross.yaml,yaml.docker-compose.security.writable-filesystem-service.writable-filesystem-service,WARNING,CWE-732: Incorrect Permission Assignment for Critical Resource,"Service '<<' is running with a writable root filesystem. This may allow malicious applications to download and run additional payloads, or modify container files. If an application inside a container has to save something temporarily consider using a tmpfs. Add 'read_only: true' to this service to prevent this."
netty/netty,docker/docker-compose.centos-7.cross.yaml,yaml.docker-compose.security.no-new-privileges.no-new-privileges,WARNING,CWE-732: Incorrect Permission Assignment for Critical Resource,Service '<<' allows for privilege escalation via setuid or setgid binaries. Add 'no-new-privileges:true' in 'security_opt' to prevent this.
netty/netty,docker/docker-compose.centos-7.cross.yaml,yaml.docker-compose.security.writable-filesystem-service.writable-filesystem-service,WARNING,CWE-732: Incorrect Permission Assignment for Critical Resource,"Service '<<' is running with a writable root filesystem. This may allow malicious applications to download and run additional payloads, or modify container files. If an application inside a container has to save something temporarily consider using a tmpfs. Add 'read_only: true' to this service to prevent this."
netty/netty,docker/docker-compose.centos-7.cross.yaml,yaml.docker-compose.security.no-new-privileges.no-new-privileges,WARNING,CWE-732: Incorrect Permission Assignment for Critical Resource,Service '<<' allows for privilege escalation via setuid or setgid binaries. Add 'no-new-privileges:true' in 'security_opt' to prevent this.
netty/netty,docker/docker-compose.centos-7.cross.yaml,yaml.docker-compose.security.writable-filesystem-service.writable-filesystem-service,WARNING,CWE-732: Incorrect Permission Assignment for Critical Resource,"Service '<<' is running with a writable root filesystem. This may allow malicious applications to download and run additional payloads, or modify container files. If an application inside a container has to save something temporarily consider using a tmpfs. Add 'read_only: true' to this service to prevent this."
netty/netty,docker/docker-compose.centos-7.cross.yaml,yaml.docker-compose.security.no-new-privileges.no-new-privileges,WARNING,CWE-732: Incorrect Permission Assignment for Critical Resource,Service '<<' allows for privilege escalation via setuid or setgid binaries. Add 'no-new-privileges:true' in 'security_opt' to prevent this.
netty/netty,docker/docker-compose.centos-7.cross.yaml,yaml.docker-compose.security.writable-filesystem-service.writable-filesystem-service,WARNING,CWE-732: Incorrect Permission Assignment for Critical Resource,"Service '<<' is running with a writable root filesystem. This may allow malicious applications to download and run additional payloads, or modify container files. If an application inside a container has to save something temporarily consider using a tmpfs. Add 'read_only: true' to this service to prevent this."
netty/netty,docker/docker-compose.centos-7.cross.yaml,yaml.docker-compose.security.no-new-privileges.no-new-privileges,WARNING,CWE-732: Incorrect Permission Assignment for Critical Resource,Service '<<' allows for privilege escalation via setuid or setgid binaries. Add 'no-new-privileges:true' in 'security_opt' to prevent this.
netty/netty,docker/docker-compose.centos-7.cross.yaml,yaml.docker-compose.security.writable-filesystem-service.writable-filesystem-service,WARNING,CWE-732: Incorrect Permission Assignment for Critical Resource,"Service '<<' is running with a writable root filesystem. This may allow malicious applications to download and run additional payloads, or modify container files. If an application inside a container has to save something temporarily consider using a tmpfs. Add 'read_only: true' to this service to prevent this."
netty/netty,docker/docker-compose.centos-7.graalvm121.yaml,yaml.docker-compose.security.no-new-privileges.no-new-privileges,WARNING,CWE-732: Incorrect Permission Assignment for Critical Resource,Service 'runtime-setup' allows for privilege escalation via setuid or setgid binaries. Add 'no-new-privileges:true' in 'security_opt' to prevent this.
netty/netty,docker/docker-compose.centos-7.graalvm121.yaml,yaml.docker-compose.security.writable-filesystem-service.writable-filesystem-service,WARNING,CWE-732: Incorrect Permission Assignment for Critical Resource,"Service 'runtime-setup' is running with a writable root filesystem. This may allow malicious applications to download and run additional payloads, or modify container files. If an application inside a container has to save something temporarily consider using a tmpfs. Add 'read_only: true' to this service to prevent this."
netty/netty,docker/docker-compose.centos-7.graalvm121.yaml,yaml.docker-compose.security.no-new-privileges.no-new-privileges,WARNING,CWE-732: Incorrect Permission Assignment for Critical Resource,Service 'build' allows for privilege escalation via setuid or setgid binaries. Add 'no-new-privileges:true' in 'security_opt' to prevent this.
netty/netty,docker/docker-compose.centos-7.graalvm121.yaml,yaml.docker-compose.security.writable-filesystem-service.writable-filesystem-service,WARNING,CWE-732: Incorrect Permission Assignment for Critical Resource,"Service 'build' is running with a writable root filesystem. This may allow malicious applications to download and run additional payloads, or modify container files. If an application inside a container has to save something temporarily consider using a tmpfs. Add 'read_only: true' to this service to prevent this."
netty/netty,docker/docker-compose.centos-7.graalvm121.yaml,yaml.docker-compose.security.no-new-privileges.no-new-privileges,WARNING,CWE-732: Incorrect Permission Assignment for Critical Resource,Service 'build-leak' allows for privilege escalation via setuid or setgid binaries. Add 'no-new-privileges:true' in 'security_opt' to prevent this.
netty/netty,docker/docker-compose.centos-7.graalvm121.yaml,yaml.docker-compose.security.writable-filesystem-service.writable-filesystem-service,WARNING,CWE-732: Incorrect Permission Assignment for Critical Resource,"Service 'build-leak' is running with a writable root filesystem. This may allow malicious applications to download and run additional payloads, or modify container files. If an application inside a container has to save something temporarily consider using a tmpfs. Add 'read_only: true' to this service to prevent this."
netty/netty,docker/docker-compose.centos-7.graalvm121.yaml,yaml.docker-compose.security.no-new-privileges.no-new-privileges,WARNING,CWE-732: Incorrect Permission Assignment for Critical Resource,Service 'build-boringssl-static' allows for privilege escalation via setuid or setgid binaries. Add 'no-new-privileges:true' in 'security_opt' to prevent this.
netty/netty,docker/docker-compose.centos-7.graalvm121.yaml,yaml.docker-compose.security.writable-filesystem-service.writable-filesystem-service,WARNING,CWE-732: Incorrect Permission Assignment for Critical Resource,"Service 'build-boringssl-static' is running with a writable root filesystem. This may allow malicious applications to download and run additional payloads, or modify container files. If an application inside a container has to save something temporarily consider using a tmpfs. Add 'read_only: true' to this service to prevent this."
netty/netty,docker/docker-compose.centos-7.graalvm121.yaml,yaml.docker-compose.security.no-new-privileges.no-new-privileges,WARNING,CWE-732: Incorrect Permission Assignment for Critical Resource,Service 'build-leak-boringssl-static' allows for privilege escalation via setuid or setgid binaries. Add 'no-new-privileges:true' in 'security_opt' to prevent this.
netty/netty,docker/docker-compose.centos-7.graalvm121.yaml,yaml.docker-compose.security.writable-filesystem-service.writable-filesystem-service,WARNING,CWE-732: Incorrect Permission Assignment for Critical Resource,"Service 'build-leak-boringssl-static' is running with a writable root filesystem. This may allow malicious applications to download and run additional payloads, or modify container files. If an application inside a container has to save something temporarily consider using a tmpfs. Add 'read_only: true' to this service to prevent this."
netty/netty,docker/docker-compose.centos-7.graalvm121.yaml,yaml.docker-compose.security.no-new-privileges.no-new-privileges,WARNING,CWE-732: Incorrect Permission Assignment for Critical Resource,Service 'build-boringssl-snapshot' allows for privilege escalation via setuid or setgid binaries. Add 'no-new-privileges:true' in 'security_opt' to prevent this.
netty/netty,docker/docker-compose.centos-7.graalvm121.yaml,yaml.docker-compose.security.writable-filesystem-service.writable-filesystem-service,WARNING,CWE-732: Incorrect Permission Assignment for Critical Resource,"Service 'build-boringssl-snapshot' is running with a writable root filesystem. This may allow malicious applications to download and run additional payloads, or modify container files. If an application inside a container has to save something temporarily consider using a tmpfs. Add 'read_only: true' to this service to prevent this."
netty/netty,docker/docker-compose.centos-7.graalvm121.yaml,yaml.docker-compose.security.no-new-privileges.no-new-privileges,WARNING,CWE-732: Incorrect Permission Assignment for Critical Resource,Service 'shell' allows for privilege escalation via setuid or setgid binaries. Add 'no-new-privileges:true' in 'security_opt' to prevent this.
netty/netty,docker/docker-compose.centos-7.graalvm121.yaml,yaml.docker-compose.security.writable-filesystem-service.writable-filesystem-service,WARNING,CWE-732: Incorrect Permission Assignment for Critical Resource,"Service 'shell' is running with a writable root filesystem. This may allow malicious applications to download and run additional payloads, or modify container files. If an application inside a container has to save something temporarily consider using a tmpfs. Add 'read_only: true' to this service to prevent this."
netty/netty,docker/docker-compose.centos-7.yaml,yaml.docker-compose.security.no-new-privileges.no-new-privileges,WARNING,CWE-732: Incorrect Permission Assignment for Critical Resource,Service 'runtime-setup' allows for privilege escalation via setuid or setgid binaries. Add 'no-new-privileges:true' in 'security_opt' to prevent this.
netty/netty,docker/docker-compose.centos-7.yaml,yaml.docker-compose.security.writable-filesystem-service.writable-filesystem-service,WARNING,CWE-732: Incorrect Permission Assignment for Critical Resource,"Service 'runtime-setup' is running with a writable root filesystem. This may allow malicious applications to download and run additional payloads, or modify container files. If an application inside a container has to save something temporarily consider using a tmpfs. Add 'read_only: true' to this service to prevent this."
netty/netty,docker/docker-compose.centos-7.yaml,yaml.docker-compose.security.no-new-privileges.no-new-privileges,WARNING,CWE-732: Incorrect Permission Assignment for Critical Resource,Service 'common' allows for privilege escalation via setuid or setgid binaries. Add 'no-new-privileges:true' in 'security_opt' to prevent this.
netty/netty,docker/docker-compose.centos-7.yaml,yaml.docker-compose.security.writable-filesystem-service.writable-filesystem-service,WARNING,CWE-732: Incorrect Permission Assignment for Critical Resource,"Service 'common' is running with a writable root filesystem. This may allow malicious applications to download and run additional payloads, or modify container files. If an application inside a container has to save something temporarily consider using a tmpfs. Add 'read_only: true' to this service to prevent this."
netty/netty,docker/docker-compose.centos-7.yaml,yaml.docker-compose.security.no-new-privileges.no-new-privileges,WARNING,CWE-732: Incorrect Permission Assignment for Critical Resource,Service '<<' allows for privilege escalation via setuid or setgid binaries. Add 'no-new-privileges:true' in 'security_opt' to prevent this.
netty/netty,docker/docker-compose.centos-7.yaml,yaml.docker-compose.security.writable-filesystem-service.writable-filesystem-service,WARNING,CWE-732: Incorrect Permission Assignment for Critical Resource,"Service '<<' is running with a writable root filesystem. This may allow malicious applications to download and run additional payloads, or modify container files. If an application inside a container has to save something temporarily consider using a tmpfs. Add 'read_only: true' to this service to prevent this."
netty/netty,docker/docker-compose.centos-7.yaml,yaml.docker-compose.security.no-new-privileges.no-new-privileges,WARNING,CWE-732: Incorrect Permission Assignment for Critical Resource,Service '<<' allows for privilege escalation via setuid or setgid binaries. Add 'no-new-privileges:true' in 'security_opt' to prevent this.
netty/netty,docker/docker-compose.centos-7.yaml,yaml.docker-compose.security.writable-filesystem-service.writable-filesystem-service,WARNING,CWE-732: Incorrect Permission Assignment for Critical Resource,"Service '<<' is running with a writable root filesystem. This may allow malicious applications to download and run additional payloads, or modify container files. If an application inside a container has to save something temporarily consider using a tmpfs. Add 'read_only: true' to this service to prevent this."
netty/netty,docker/docker-compose.centos-7.yaml,yaml.docker-compose.security.no-new-privileges.no-new-privileges,WARNING,CWE-732: Incorrect Permission Assignment for Critical Resource,Service '<<' allows for privilege escalation via setuid or setgid binaries. Add 'no-new-privileges:true' in 'security_opt' to prevent this.
netty/netty,docker/docker-compose.centos-7.yaml,yaml.docker-compose.security.writable-filesystem-service.writable-filesystem-service,WARNING,CWE-732: Incorrect Permission Assignment for Critical Resource,"Service '<<' is running with a writable root filesystem. This may allow malicious applications to download and run additional payloads, or modify container files. If an application inside a container has to save something temporarily consider using a tmpfs. Add 'read_only: true' to this service to prevent this."
netty/netty,docker/docker-compose.centos-7.yaml,yaml.docker-compose.security.no-new-privileges.no-new-privileges,WARNING,CWE-732: Incorrect Permission Assignment for Critical Resource,Service '<<' allows for privilege escalation via setuid or setgid binaries. Add 'no-new-privileges:true' in 'security_opt' to prevent this.
netty/netty,docker/docker-compose.centos-7.yaml,yaml.docker-compose.security.writable-filesystem-service.writable-filesystem-service,WARNING,CWE-732: Incorrect Permission Assignment for Critical Resource,"Service '<<' is running with a writable root filesystem. This may allow malicious applications to download and run additional payloads, or modify container files. If an application inside a container has to save something temporarily consider using a tmpfs. Add 'read_only: true' to this service to prevent this."
netty/netty,docker/docker-compose.ubuntu-20.04.cross.yaml,yaml.docker-compose.security.no-new-privileges.no-new-privileges,WARNING,CWE-732: Incorrect Permission Assignment for Critical Resource,Service 'cross-compile-riscv64-runtime-setup' allows for privilege escalation via setuid or setgid binaries. Add 'no-new-privileges:true' in 'security_opt' to prevent this.
netty/netty,docker/docker-compose.ubuntu-20.04.cross.yaml,yaml.docker-compose.security.writable-filesystem-service.writable-filesystem-service,WARNING,CWE-732: Incorrect Permission Assignment for Critical Resource,"Service 'cross-compile-riscv64-runtime-setup' is running with a writable root filesystem. This may allow malicious applications to download and run additional payloads, or modify container files. If an application inside a container has to save something temporarily consider using a tmpfs. Add 'read_only: true' to this service to prevent this."
netty/netty,docker/docker-compose.ubuntu-20.04.cross.yaml,yaml.docker-compose.security.no-new-privileges.no-new-privileges,WARNING,CWE-732: Incorrect Permission Assignment for Critical Resource,Service 'cross-compile-riscv64-common' allows for privilege escalation via setuid or setgid binaries. Add 'no-new-privileges:true' in 'security_opt' to prevent this.
netty/netty,docker/docker-compose.ubuntu-20.04.cross.yaml,yaml.docker-compose.security.writable-filesystem-service.writable-filesystem-service,WARNING,CWE-732: Incorrect Permission Assignment for Critical Resource,"Service 'cross-compile-riscv64-common' is running with a writable root filesystem. This may allow malicious applications to download and run additional payloads, or modify container files. If an application inside a container has to save something temporarily consider using a tmpfs. Add 'read_only: true' to this service to prevent this."
netty/netty,docker/docker-compose.ubuntu-20.04.cross.yaml,yaml.docker-compose.security.no-new-privileges.no-new-privileges,WARNING,CWE-732: Incorrect Permission Assignment for Critical Resource,Service '<<' allows for privilege escalation via setuid or setgid binaries. Add 'no-new-privileges:true' in 'security_opt' to prevent this.
netty/netty,docker/docker-compose.ubuntu-20.04.cross.yaml,yaml.docker-compose.security.writable-filesystem-service.writable-filesystem-service,WARNING,CWE-732: Incorrect Permission Assignment for Critical Resource,"Service '<<' is running with a writable root filesystem. This may allow malicious applications to download and run additional payloads, or modify container files. If an application inside a container has to save something temporarily consider using a tmpfs. Add 'read_only: true' to this service to prevent this."
netty/netty,docker/docker-compose.ubuntu-20.04.cross.yaml,yaml.docker-compose.security.no-new-privileges.no-new-privileges,WARNING,CWE-732: Incorrect Permission Assignment for Critical Resource,Service '<<' allows for privilege escalation via setuid or setgid binaries. Add 'no-new-privileges:true' in 'security_opt' to prevent this.
netty/netty,docker/docker-compose.ubuntu-20.04.cross.yaml,yaml.docker-compose.security.writable-filesystem-service.writable-filesystem-service,WARNING,CWE-732: Incorrect Permission Assignment for Critical Resource,"Service '<<' is running with a writable root filesystem. This may allow malicious applications to download and run additional payloads, or modify container files. If an application inside a container has to save something temporarily consider using a tmpfs. Add 'read_only: true' to this service to prevent this."
netty/netty,docker/docker-compose.ubuntu-20.04.cross.yaml,yaml.docker-compose.security.no-new-privileges.no-new-privileges,WARNING,CWE-732: Incorrect Permission Assignment for Critical Resource,Service '<<' allows for privilege escalation via setuid or setgid binaries. Add 'no-new-privileges:true' in 'security_opt' to prevent this.
netty/netty,docker/docker-compose.ubuntu-20.04.cross.yaml,yaml.docker-compose.security.writable-filesystem-service.writable-filesystem-service,WARNING,CWE-732: Incorrect Permission Assignment for Critical Resource,"Service '<<' is running with a writable root filesystem. This may allow malicious applications to download and run additional payloads, or modify container files. If an application inside a container has to save something temporarily consider using a tmpfs. Add 'read_only: true' to this service to prevent this."
netty/netty,docker/docker-compose.ubuntu-20.04.cross.yaml,yaml.docker-compose.security.no-new-privileges.no-new-privileges,WARNING,CWE-732: Incorrect Permission Assignment for Critical Resource,Service '<<' allows for privilege escalation via setuid or setgid binaries. Add 'no-new-privileges:true' in 'security_opt' to prevent this.
netty/netty,docker/docker-compose.ubuntu-20.04.cross.yaml,yaml.docker-compose.security.writable-filesystem-service.writable-filesystem-service,WARNING,CWE-732: Incorrect Permission Assignment for Critical Resource,"Service '<<' is running with a writable root filesystem. This may allow malicious applications to download and run additional payloads, or modify container files. If an application inside a container has to save something temporarily consider using a tmpfs. Add 'read_only: true' to this service to prevent this."
netty/netty,docker/docker-compose.ubuntu-20.04.cross.yaml,yaml.docker-compose.security.no-new-privileges.no-new-privileges,WARNING,CWE-732: Incorrect Permission Assignment for Critical Resource,Service '<<' allows for privilege escalation via setuid or setgid binaries. Add 'no-new-privileges:true' in 'security_opt' to prevent this.
netty/netty,docker/docker-compose.ubuntu-20.04.cross.yaml,yaml.docker-compose.security.writable-filesystem-service.writable-filesystem-service,WARNING,CWE-732: Incorrect Permission Assignment for Critical Resource,"Service '<<' is running with a writable root filesystem. This may allow malicious applications to download and run additional payloads, or modify container files. If an application inside a container has to save something temporarily consider using a tmpfs. Add 'read_only: true' to this service to prevent this."
netty/netty,docker/docker-compose.yaml,yaml.docker-compose.security.no-new-privileges.no-new-privileges,WARNING,CWE-732: Incorrect Permission Assignment for Critical Resource,Service 'runtime-setup' allows for privilege escalation via setuid or setgid binaries. Add 'no-new-privileges:true' in 'security_opt' to prevent this.
netty/netty,docker/docker-compose.yaml,yaml.docker-compose.security.writable-filesystem-service.writable-filesystem-service,WARNING,CWE-732: Incorrect Permission Assignment for Critical Resource,"Service 'runtime-setup' is running with a writable root filesystem. This may allow malicious applications to download and run additional payloads, or modify container files. If an application inside a container has to save something temporarily consider using a tmpfs. Add 'read_only: true' to this service to prevent this."
netty/netty,docker/docker-compose.yaml,yaml.docker-compose.security.no-new-privileges.no-new-privileges,WARNING,CWE-732: Incorrect Permission Assignment for Critical Resource,Service 'common' allows for privilege escalation via setuid or setgid binaries. Add 'no-new-privileges:true' in 'security_opt' to prevent this.
netty/netty,docker/docker-compose.yaml,yaml.docker-compose.security.writable-filesystem-service.writable-filesystem-service,WARNING,CWE-732: Incorrect Permission Assignment for Critical Resource,"Service 'common' is running with a writable root filesystem. This may allow malicious applications to download and run additional payloads, or modify container files. If an application inside a container has to save something temporarily consider using a tmpfs. Add 'read_only: true' to this service to prevent this."
netty/netty,docker/docker-compose.yaml,yaml.docker-compose.security.seccomp-confinement-disabled.seccomp-confinement-disabled,WARNING,CWE-284: Improper Access Control,Service 'common' is explicitly disabling seccomp confinement. This runs the service in an unrestricted state. Remove 'seccomp:unconfined' to prevent this.
netty/netty,docker/docker-compose.yaml,yaml.docker-compose.security.no-new-privileges.no-new-privileges,WARNING,CWE-732: Incorrect Permission Assignment for Critical Resource,Service '<<' allows for privilege escalation via setuid or setgid binaries. Add 'no-new-privileges:true' in 'security_opt' to prevent this.
netty/netty,docker/docker-compose.yaml,yaml.docker-compose.security.writable-filesystem-service.writable-filesystem-service,WARNING,CWE-732: Incorrect Permission Assignment for Critical Resource,"Service '<<' is running with a writable root filesystem. This may allow malicious applications to download and run additional payloads, or modify container files. If an application inside a container has to save something temporarily consider using a tmpfs. Add 'read_only: true' to this service to prevent this."
netty/netty,docker/docker-compose.yaml,yaml.docker-compose.security.seccomp-confinement-disabled.seccomp-confinement-disabled,WARNING,CWE-284: Improper Access Control,Service '<<' is explicitly disabling seccomp confinement. This runs the service in an unrestricted state. Remove 'seccomp:unconfined' to prevent this.
netty/netty,docker/docker-compose.yaml,yaml.docker-compose.security.no-new-privileges.no-new-privileges,WARNING,CWE-732: Incorrect Permission Assignment for Critical Resource,Service '<<' allows for privilege escalation via setuid or setgid binaries. Add 'no-new-privileges:true' in 'security_opt' to prevent this.
netty/netty,docker/docker-compose.yaml,yaml.docker-compose.security.writable-filesystem-service.writable-filesystem-service,WARNING,CWE-732: Incorrect Permission Assignment for Critical Resource,"Service '<<' is running with a writable root filesystem. This may allow malicious applications to download and run additional payloads, or modify container files. If an application inside a container has to save something temporarily consider using a tmpfs. Add 'read_only: true' to this service to prevent this."
netty/netty,docker/docker-compose.yaml,yaml.docker-compose.security.seccomp-confinement-disabled.seccomp-confinement-disabled,WARNING,CWE-284: Improper Access Control,Service '<<' is explicitly disabling seccomp confinement. This runs the service in an unrestricted state. Remove 'seccomp:unconfined' to prevent this.
netty/netty,docker/docker-compose.yaml,yaml.docker-compose.security.no-new-privileges.no-new-privileges,WARNING,CWE-732: Incorrect Permission Assignment for Critical Resource,Service '<<' allows for privilege escalation via setuid or setgid binaries. Add 'no-new-privileges:true' in 'security_opt' to prevent this.
netty/netty,docker/docker-compose.yaml,yaml.docker-compose.security.writable-filesystem-service.writable-filesystem-service,WARNING,CWE-732: Incorrect Permission Assignment for Critical Resource,"Service '<<' is running with a writable root filesystem. This may allow malicious applications to download and run additional payloads, or modify container files. If an application inside a container has to save something temporarily consider using a tmpfs. Add 'read_only: true' to this service to prevent this."
netty/netty,docker/docker-compose.yaml,yaml.docker-compose.security.seccomp-confinement-disabled.seccomp-confinement-disabled,WARNING,CWE-284: Improper Access Control,Service '<<' is explicitly disabling seccomp confinement. This runs the service in an unrestricted state. Remove 'seccomp:unconfined' to prevent this.
netty/netty,docker/docker-compose.yaml,yaml.docker-compose.security.no-new-privileges.no-new-privileges,WARNING,CWE-732: Incorrect Permission Assignment for Critical Resource,Service '<<' allows for privilege escalation via setuid or setgid binaries. Add 'no-new-privileges:true' in 'security_opt' to prevent this.
netty/netty,docker/docker-compose.yaml,yaml.docker-compose.security.writable-filesystem-service.writable-filesystem-service,WARNING,CWE-732: Incorrect Permission Assignment for Critical Resource,"Service '<<' is running with a writable root filesystem. This may allow malicious applications to download and run additional payloads, or modify container files. If an application inside a container has to save something temporarily consider using a tmpfs. Add 'read_only: true' to this service to prevent this."
netty/netty,docker/docker-compose.yaml,yaml.docker-compose.security.seccomp-confinement-disabled.seccomp-confinement-disabled,WARNING,CWE-284: Improper Access Control,Service '<<' is explicitly disabling seccomp confinement. This runs the service in an unrestricted state. Remove 'seccomp:unconfined' to prevent this.
netty/netty,docker/docker-compose.yaml,yaml.docker-compose.security.no-new-privileges.no-new-privileges,WARNING,CWE-732: Incorrect Permission Assignment for Critical Resource,Service '<<' allows for privilege escalation via setuid or setgid binaries. Add 'no-new-privileges:true' in 'security_opt' to prevent this.
netty/netty,docker/docker-compose.yaml,yaml.docker-compose.security.writable-filesystem-service.writable-filesystem-service,WARNING,CWE-732: Incorrect Permission Assignment for Critical Resource,"Service '<<' is running with a writable root filesystem. This may allow malicious applications to download and run additional payloads, or modify container files. If an application inside a container has to save something temporarily consider using a tmpfs. Add 'read_only: true' to this service to prevent this."
netty/netty,docker/docker-compose.yaml,yaml.docker-compose.security.seccomp-confinement-disabled.seccomp-confinement-disabled,WARNING,CWE-284: Improper Access Control,Service '<<' is explicitly disabling seccomp confinement. This runs the service in an unrestricted state. Remove 'seccomp:unconfined' to prevent this.
netty/netty,docker/docker-compose.yaml,yaml.docker-compose.security.no-new-privileges.no-new-privileges,WARNING,CWE-732: Incorrect Permission Assignment for Critical Resource,Service '<<' allows for privilege escalation via setuid or setgid binaries. Add 'no-new-privileges:true' in 'security_opt' to prevent this.
netty/netty,docker/docker-compose.yaml,yaml.docker-compose.security.writable-filesystem-service.writable-filesystem-service,WARNING,CWE-732: Incorrect Permission Assignment for Critical Resource,"Service '<<' is running with a writable root filesystem. This may allow malicious applications to download and run additional payloads, or modify container files. If an application inside a container has to save something temporarily consider using a tmpfs. Add 'read_only: true' to this service to prevent this."
netty/netty,docker/docker-compose.yaml,yaml.docker-compose.security.seccomp-confinement-disabled.seccomp-confinement-disabled,WARNING,CWE-284: Improper Access Control,Service '<<' is explicitly disabling seccomp confinement. This runs the service in an unrestricted state. Remove 'seccomp:unconfined' to prevent this.
netty/netty,docker/docker-compose.yaml,yaml.docker-compose.security.no-new-privileges.no-new-privileges,WARNING,CWE-732: Incorrect Permission Assignment for Critical Resource,Service '<<' allows for privilege escalation via setuid or setgid binaries. Add 'no-new-privileges:true' in 'security_opt' to prevent this.
netty/netty,docker/docker-compose.yaml,yaml.docker-compose.security.writable-filesystem-service.writable-filesystem-service,WARNING,CWE-732: Incorrect Permission Assignment for Critical Resource,"Service '<<' is running with a writable root filesystem. This may allow malicious applications to download and run additional payloads, or modify container files. If an application inside a container has to save something temporarily consider using a tmpfs. Add 'read_only: true' to this service to prevent this."
netty/netty,docker/docker-compose.yaml,yaml.docker-compose.security.seccomp-confinement-disabled.seccomp-confinement-disabled,WARNING,CWE-284: Improper Access Control,Service '<<' is explicitly disabling seccomp confinement. This runs the service in an unrestricted state. Remove 'seccomp:unconfined' to prevent this.
netty/netty,docker/docker-compose.yaml,yaml.docker-compose.security.no-new-privileges.no-new-privileges,WARNING,CWE-732: Incorrect Permission Assignment for Critical Resource,Service '<<' allows for privilege escalation via setuid or setgid binaries. Add 'no-new-privileges:true' in 'security_opt' to prevent this.
netty/netty,docker/docker-compose.yaml,yaml.docker-compose.security.writable-filesystem-service.writable-filesystem-service,WARNING,CWE-732: Incorrect Permission Assignment for Critical Resource,"Service '<<' is running with a writable root filesystem. This may allow malicious applications to download and run additional payloads, or modify container files. If an application inside a container has to save something temporarily consider using a tmpfs. Add 'read_only: true' to this service to prevent this."
netty/netty,docker/docker-compose.yaml,yaml.docker-compose.security.seccomp-confinement-disabled.seccomp-confinement-disabled,WARNING,CWE-284: Improper Access Control,Service '<<' is explicitly disabling seccomp confinement. This runs the service in an unrestricted state. Remove 'seccomp:unconfined' to prevent this.
netty/netty,docker/docker-compose.yaml,yaml.docker-compose.security.no-new-privileges.no-new-privileges,WARNING,CWE-732: Incorrect Permission Assignment for Critical Resource,Service '<<' allows for privilege escalation via setuid or setgid binaries. Add 'no-new-privileges:true' in 'security_opt' to prevent this.
netty/netty,docker/docker-compose.yaml,yaml.docker-compose.security.writable-filesystem-service.writable-filesystem-service,WARNING,CWE-732: Incorrect Permission Assignment for Critical Resource,"Service '<<' is running with a writable root filesystem. This may allow malicious applications to download and run additional payloads, or modify container files. If an application inside a container has to save something temporarily consider using a tmpfs. Add 'read_only: true' to this service to prevent this."
netty/netty,docker/docker-compose.yaml,yaml.docker-compose.security.seccomp-confinement-disabled.seccomp-confinement-disabled,WARNING,CWE-284: Improper Access Control,Service '<<' is explicitly disabling seccomp confinement. This runs the service in an unrestricted state. Remove 'seccomp:unconfined' to prevent this.
netty/netty,docker/docker-compose.yaml,yaml.docker-compose.security.no-new-privileges.no-new-privileges,WARNING,CWE-732: Incorrect Permission Assignment for Critical Resource,Service '<<' allows for privilege escalation via setuid or setgid binaries. Add 'no-new-privileges:true' in 'security_opt' to prevent this.
netty/netty,docker/docker-compose.yaml,yaml.docker-compose.security.writable-filesystem-service.writable-filesystem-service,WARNING,CWE-732: Incorrect Permission Assignment for Critical Resource,"Service '<<' is running with a writable root filesystem. This may allow malicious applications to download and run additional payloads, or modify container files. If an application inside a container has to save something temporarily consider using a tmpfs. Add 'read_only: true' to this service to prevent this."
netty/netty,docker/docker-compose.yaml,yaml.docker-compose.security.seccomp-confinement-disabled.seccomp-confinement-disabled,WARNING,CWE-284: Improper Access Control,Service '<<' is explicitly disabling seccomp confinement. This runs the service in an unrestricted state. Remove 'seccomp:unconfined' to prevent this.
netty/netty,docker/docker-compose.yaml,yaml.docker-compose.security.no-new-privileges.no-new-privileges,WARNING,CWE-732: Incorrect Permission Assignment for Critical Resource,Service '<<' allows for privilege escalation via setuid or setgid binaries. Add 'no-new-privileges:true' in 'security_opt' to prevent this.
netty/netty,docker/docker-compose.yaml,yaml.docker-compose.security.writable-filesystem-service.writable-filesystem-service,WARNING,CWE-732: Incorrect Permission Assignment for Critical Resource,"Service '<<' is running with a writable root filesystem. This may allow malicious applications to download and run additional payloads, or modify container files. If an application inside a container has to save something temporarily consider using a tmpfs. Add 'read_only: true' to this service to prevent this."
netty/netty,docker/docker-compose.yaml,yaml.docker-compose.security.seccomp-confinement-disabled.seccomp-confinement-disabled,WARNING,CWE-284: Improper Access Control,Service '<<' is explicitly disabling seccomp confinement. This runs the service in an unrestricted state. Remove 'seccomp:unconfined' to prevent this.
netty/netty,docker/docker-compose.yaml,yaml.docker-compose.security.no-new-privileges.no-new-privileges,WARNING,CWE-732: Incorrect Permission Assignment for Critical Resource,Service '<<' allows for privilege escalation via setuid or setgid binaries. Add 'no-new-privileges:true' in 'security_opt' to prevent this.
netty/netty,docker/docker-compose.yaml,yaml.docker-compose.security.writable-filesystem-service.writable-filesystem-service,WARNING,CWE-732: Incorrect Permission Assignment for Critical Resource,"Service '<<' is running with a writable root filesystem. This may allow malicious applications to download and run additional payloads, or modify container files. If an application inside a container has to save something temporarily consider using a tmpfs. Add 'read_only: true' to this service to prevent this."
netty/netty,docker/docker-compose.yaml,yaml.docker-compose.security.seccomp-confinement-disabled.seccomp-confinement-disabled,WARNING,CWE-284: Improper Access Control,Service '<<' is explicitly disabling seccomp confinement. This runs the service in an unrestricted state. Remove 'seccomp:unconfined' to prevent this.
netty/netty,docker/docker-compose.yaml,yaml.docker-compose.security.no-new-privileges.no-new-privileges,WARNING,CWE-732: Incorrect Permission Assignment for Critical Resource,Service '<<' allows for privilege escalation via setuid or setgid binaries. Add 'no-new-privileges:true' in 'security_opt' to prevent this.
netty/netty,docker/docker-compose.yaml,yaml.docker-compose.security.writable-filesystem-service.writable-filesystem-service,WARNING,CWE-732: Incorrect Permission Assignment for Critical Resource,"Service '<<' is running with a writable root filesystem. This may allow malicious applications to download and run additional payloads, or modify container files. If an application inside a container has to save something temporarily consider using a tmpfs. Add 'read_only: true' to this service to prevent this."
netty/netty,docker/docker-compose.yaml,yaml.docker-compose.security.seccomp-confinement-disabled.seccomp-confinement-disabled,WARNING,CWE-284: Improper Access Control,Service '<<' is explicitly disabling seccomp confinement. This runs the service in an unrestricted state. Remove 'seccomp:unconfined' to prevent this.
netty/netty,example/src/main/java/io/netty/example/dns/dot/DoTClient.java,java.lang.security.audit.crypto.weak-random.weak-random,WARNING,CWE-330: Use of Insufficiently Random Values,"Detected use of the functions `Math.random()` or `java.util.Random()`. These are both not cryptographically strong random number generators (RNGs). If you are using these RNGs to create passwords or secret tokens, use `java.security.SecureRandom` instead."
netty/netty,example/src/main/java/io/netty/example/dns/tcp/TcpDnsClient.java,java.lang.security.audit.crypto.weak-random.weak-random,WARNING,CWE-330: Use of Insufficiently Random Values,"Detected use of the functions `Math.random()` or `java.util.Random()`. These are both not cryptographically strong random number generators (RNGs). If you are using these RNGs to create passwords or secret tokens, use `java.security.SecureRandom` instead."
netty/netty,example/src/main/java/io/netty/example/dns/tcp/TcpDnsServer.java,java.lang.security.audit.crypto.weak-random.weak-random,WARNING,CWE-330: Use of Insufficiently Random Values,"Detected use of the functions `Math.random()` or `java.util.Random()`. These are both not cryptographically strong random number generators (RNGs). If you are using these RNGs to create passwords or secret tokens, use `java.security.SecureRandom` instead."
netty/netty,example/src/main/java/io/netty/example/http2/tiles/Html.java,java.lang.security.audit.crypto.weak-random.weak-random,WARNING,CWE-330: Use of Insufficiently Random Values,"Detected use of the functions `Math.random()` or `java.util.Random()`. These are both not cryptographically strong random number generators (RNGs). If you are using these RNGs to create passwords or secret tokens, use `java.security.SecureRandom` instead."
netty/netty,example/src/main/java/io/netty/example/http/websocketx/benchmarkserver/WebSocketServerHandler.java,javascript.lang.security.detect-insecure-websocket.detect-insecure-websocket,ERROR,CWE-319: Cleartext Transmission of Sensitive Information,Insecure WebSocket Detected. WebSocket Secure (wss) should be used for all WebSocket connections.
netty/netty,example/src/main/java/io/netty/example/http/websocketx/client/WebSocketClient.java,javascript.lang.security.detect-insecure-websocket.detect-insecure-websocket,ERROR,CWE-319: Cleartext Transmission of Sensitive Information,Insecure WebSocket Detected. WebSocket Secure (wss) should be used for all WebSocket connections.
netty/netty,example/src/main/resources/io/netty/example/stomp/websocket/index.html,html.security.audit.missing-integrity.missing-integrity,WARNING,CWE-353: Missing Support for Integrity Check,"This tag is missing an 'integrity' subresource integrity attribute. The 'integrity' attribute allows for the browser to verify that externally hosted files (for example from a CDN) are delivered without unexpected manipulation. Without this attribute, if an attacker can modify the externally hosted resource, this could lead to XSS and other types of attacks. To prevent this, include the base64-encoded cryptographic hash of the resource (file) you’re telling the browser to fetch in the 'integrity"
netty/netty,handler/src/main/java/io/netty/handler/ssl/JdkSslContext.java,java.lang.security.audit.weak-ssl-context.weak-ssl-context,WARNING,CWE-326: Inadequate Encryption Strength,"An insecure SSL context was detected. TLS versions 1.0, 1.1, and all SSL versions are considered weak encryption and are deprecated. Use SSLContext.getInstance(""TLSv1.2"") for the best security."
netty/netty,handler/src/main/java/io/netty/handler/ssl/SslUtils.java,java.lang.security.audit.weak-ssl-context.weak-ssl-context,WARNING,CWE-326: Inadequate Encryption Strength,"An insecure SSL context was detected. TLS versions 1.0, 1.1, and all SSL versions are considered weak encryption and are deprecated. Use SSLContext.getInstance(""TLSv1.2"") for the best security."
netty/netty,microbench/src/main/java/io/netty/microbench/buffer/HeapByteBufBenchmark.java,java.lang.security.audit.unsafe-reflection.unsafe-reflection,WARNING,CWE-470: Use of Externally-Controlled Input to Select Classes or Code ('Unsafe Reflection'),"If an attacker can supply values that the application then uses to determine which class to instantiate or which method to invoke, the potential exists for the attacker to create control flow paths through the application that were not intended by the application developers. This attack vector may allow the attacker to bypass authentication or access control checks or otherwise cause the application to behave in an unexpected manner."
netty/netty,microbench/src/main/resources/io/netty/microbench/handler/ssl/test_unencrypted.pem,generic.secrets.security.detected-private-key.detected-private-key,ERROR,CWE-798: Use of Hard-coded Credentials,"Private Key detected. This is a sensitive credential and should not be hardcoded here. Instead, store this in a separate, private file."
netty/netty,microbench/src/main/resources/io/netty/microbench/search/netty-io-news.html,html.security.audit.missing-integrity.missing-integrity,WARNING,CWE-353: Missing Support for Integrity Check,"This tag is missing an 'integrity' subresource integrity attribute. The 'integrity' attribute allows for the browser to verify that externally hosted files (for example from a CDN) are delivered without unexpected manipulation. Without this attribute, if an attacker can modify the externally hosted resource, this could lead to XSS and other types of attacks. To prevent this, include the base64-encoded cryptographic hash of the resource (file) you’re telling the browser to fetch in the 'integrity"
netty/netty,microbench/src/main/resources/io/netty/microbench/search/netty-io-news.html,html.security.audit.missing-integrity.missing-integrity,WARNING,CWE-353: Missing Support for Integrity Check,"This tag is missing an 'integrity' subresource integrity attribute. The 'integrity' attribute allows for the browser to verify that externally hosted files (for example from a CDN) are delivered without unexpected manipulation. Without this attribute, if an attacker can modify the externally hosted resource, this could lead to XSS and other types of attacks. To prevent this, include the base64-encoded cryptographic hash of the resource (file) you’re telling the browser to fetch in the 'integrity"
netty/netty,microbench/src/main/resources/io/netty/microbench/search/netty-io-news.html,html.security.audit.missing-integrity.missing-integrity,WARNING,CWE-353: Missing Support for Integrity Check,"This tag is missing an 'integrity' subresource integrity attribute. The 'integrity' attribute allows for the browser to verify that externally hosted files (for example from a CDN) are delivered without unexpected manipulation. Without this attribute, if an attacker can modify the externally hosted resource, this could lead to XSS and other types of attacks. To prevent this, include the base64-encoded cryptographic hash of the resource (file) you’re telling the browser to fetch in the 'integrity"
netty/netty,microbench/src/main/resources/io/netty/microbench/search/netty-io-news.html,html.security.audit.missing-integrity.missing-integrity,WARNING,CWE-353: Missing Support for Integrity Check,"This tag is missing an 'integrity' subresource integrity attribute. The 'integrity' attribute allows for the browser to verify that externally hosted files (for example from a CDN) are delivered without unexpected manipulation. Without this attribute, if an attacker can modify the externally hosted resource, this could lead to XSS and other types of attacks. To prevent this, include the base64-encoded cryptographic hash of the resource (file) you’re telling the browser to fetch in the 'integrity"
netty/netty,microbench/src/main/resources/io/netty/microbench/search/netty-io-news.html,html.security.audit.missing-integrity.missing-integrity,WARNING,CWE-353: Missing Support for Integrity Check,"This tag is missing an 'integrity' subresource integrity attribute. The 'integrity' attribute allows for the browser to verify that externally hosted files (for example from a CDN) are delivered without unexpected manipulation. Without this attribute, if an attacker can modify the externally hosted resource, this could lead to XSS and other types of attacks. To prevent this, include the base64-encoded cryptographic hash of the resource (file) you’re telling the browser to fetch in the 'integrity"
netty/netty,microbench/src/main/resources/io/netty/microbench/search/netty-io-news.html,html.security.audit.missing-integrity.missing-integrity,WARNING,CWE-353: Missing Support for Integrity Check,"This tag is missing an 'integrity' subresource integrity attribute. The 'integrity' attribute allows for the browser to verify that externally hosted files (for example from a CDN) are delivered without unexpected manipulation. Without this attribute, if an attacker can modify the externally hosted resource, this could lead to XSS and other types of attacks. To prevent this, include the base64-encoded cryptographic hash of the resource (file) you’re telling the browser to fetch in the 'integrity"
netty/netty,microbench/src/main/resources/io/netty/microbench/search/netty-io-news.html,html.security.audit.missing-integrity.missing-integrity,WARNING,CWE-353: Missing Support for Integrity Check,"This tag is missing an 'integrity' subresource integrity attribute. The 'integrity' attribute allows for the browser to verify that externally hosted files (for example from a CDN) are delivered without unexpected manipulation. Without this attribute, if an attacker can modify the externally hosted resource, this could lead to XSS and other types of attacks. To prevent this, include the base64-encoded cryptographic hash of the resource (file) you’re telling the browser to fetch in the 'integrity"
netty/netty,resolver-dns/src/main/java/io/netty/resolver/dns/DefaultDnsCache.java,java.lang.security.audit.object-deserialization.object-deserialization,WARNING,CWE-502: Deserialization of Untrusted Data,"Found object deserialization using ObjectInputStream. Deserializing entire Java objects is dangerous because malicious actors can create Java object streams with unintended consequences. Ensure that the objects being deserialized are not user-controlled. If this must be done, consider using HMACs to sign the data stream to make sure it is not tampered with, or consider only transmitting object fields and populating a new object."
netty/netty,transport-classes-epoll/src/main/java/io/netty/channel/epoll/EpollServerDomainSocketChannel.java,java.lang.security.audit.crypto.unencrypted-socket.unencrypted-socket,WARNING,CWE-319: Cleartext Transmission of Sensitive Information,"Detected use of a Java socket that is not encrypted. As a result, the traffic could be read by an attacker intercepting the network traffic. Use an SSLSocket created by 'SSLSocketFactory' or 'SSLServerSocketFactory' instead."
netty/netty,transport-native-unix-common/src/main/java/io/netty/channel/unix/Socket.java,java.lang.security.audit.crypto.unencrypted-socket.unencrypted-socket,WARNING,CWE-319: Cleartext Transmission of Sensitive Information,"Detected use of a Java socket that is not encrypted. As a result, the traffic could be read by an attacker intercepting the network traffic. Use an SSLSocket created by 'SSLSocketFactory' or 'SSLServerSocketFactory' instead."
netty/netty,transport-native-unix-common/src/main/java/io/netty/channel/unix/Socket.java,java.lang.security.audit.crypto.unencrypted-socket.unencrypted-socket,WARNING,CWE-319: Cleartext Transmission of Sensitive Information,"Detected use of a Java socket that is not encrypted. As a result, the traffic could be read by an attacker intercepting the network traffic. Use an SSLSocket created by 'SSLSocketFactory' or 'SSLServerSocketFactory' instead."
netty/netty,transport-native-unix-common/src/main/java/io/netty/channel/unix/Socket.java,java.lang.security.audit.crypto.unencrypted-socket.unencrypted-socket,WARNING,CWE-319: Cleartext Transmission of Sensitive Information,"Detected use of a Java socket that is not encrypted. As a result, the traffic could be read by an attacker intercepting the network traffic. Use an SSLSocket created by 'SSLSocketFactory' or 'SSLServerSocketFactory' instead."
netty/netty,transport-native-unix-common/src/main/java/io/netty/channel/unix/Socket.java,java.lang.security.audit.crypto.unencrypted-socket.unencrypted-socket,WARNING,CWE-319: Cleartext Transmission of Sensitive Information,"Detected use of a Java socket that is not encrypted. As a result, the traffic could be read by an attacker intercepting the network traffic. Use an SSLSocket created by 'SSLSocketFactory' or 'SSLServerSocketFactory' instead."
netty/netty,transport/src/main/java/io/netty/channel/socket/oio/OioServerSocketChannel.java,java.lang.security.audit.crypto.unencrypted-socket.unencrypted-socket,WARNING,CWE-319: Cleartext Transmission of Sensitive Information,"Detected use of a Java socket that is not encrypted. As a result, the traffic could be read by an attacker intercepting the network traffic. Use an SSLSocket created by 'SSLSocketFactory' or 'SSLServerSocketFactory' instead."
netty/netty,transport/src/main/java/io/netty/channel/socket/oio/OioSocketChannel.java,java.lang.security.audit.crypto.unencrypted-socket.unencrypted-socket,WARNING,CWE-319: Cleartext Transmission of Sensitive Information,"Detected use of a Java socket that is not encrypted. As a result, the traffic could be read by an attacker intercepting the network traffic. Use an SSLSocket created by 'SSLSocketFactory' or 'SSLServerSocketFactory' instead."
thingsboard/thingsboard,.github/workflows/check-configuration-files.yml,yaml.github-actions.security.github-actions-mutable-action-tag.github-actions-mutable-action-tag,WARNING,CWE-1357: Reliance on Insufficiently Trustworthy Component; CWE-353: Missing Support for Integrity Check,"GitHub Actions step uses a mutable tag or branch reference. Tags and branch names can be silently repointed by the action owner, enabling supply-chain attacks — as seen in the trivy-action and kics-github-action compromises. Pin the reference to a full 40-character commit SHA instead, e.g. `uses: actions/checkout@8ade135a41bc03ea155e62e844d188df1ea18608`."
thingsboard/thingsboard,.github/workflows/check-configuration-files.yml,yaml.github-actions.security.github-actions-mutable-action-tag.github-actions-mutable-action-tag,WARNING,CWE-1357: Reliance on Insufficiently Trustworthy Component; CWE-353: Missing Support for Integrity Check,"GitHub Actions step uses a mutable tag or branch reference. Tags and branch names can be silently repointed by the action owner, enabling supply-chain attacks — as seen in the trivy-action and kics-github-action compromises. Pin the reference to a full 40-character commit SHA instead, e.g. `uses: actions/checkout@8ade135a41bc03ea155e62e844d188df1ea18608`."
thingsboard/thingsboard,.github/workflows/license-header-format.yml,yaml.github-actions.security.github-actions-mutable-action-tag.github-actions-mutable-action-tag,WARNING,CWE-1357: Reliance on Insufficiently Trustworthy Component; CWE-353: Missing Support for Integrity Check,"GitHub Actions step uses a mutable tag or branch reference. Tags and branch names can be silently repointed by the action owner, enabling supply-chain attacks — as seen in the trivy-action and kics-github-action compromises. Pin the reference to a full 40-character commit SHA instead, e.g. `uses: actions/checkout@8ade135a41bc03ea155e62e844d188df1ea18608`."
thingsboard/thingsboard,.github/workflows/license-header-format.yml,yaml.github-actions.security.github-actions-mutable-action-tag.github-actions-mutable-action-tag,WARNING,CWE-1357: Reliance on Insufficiently Trustworthy Component; CWE-353: Missing Support for Integrity Check,"GitHub Actions step uses a mutable tag or branch reference. Tags and branch names can be silently repointed by the action owner, enabling supply-chain attacks — as seen in the trivy-action and kics-github-action compromises. Pin the reference to a full 40-character commit SHA instead, e.g. `uses: actions/checkout@8ade135a41bc03ea155e62e844d188df1ea18608`."
thingsboard/thingsboard,application/src/main/java/org/thingsboard/server/actors/ruleChain/RuleNodeActorMessageProcessor.java,java.lang.security.audit.unsafe-reflection.unsafe-reflection,WARNING,CWE-470: Use of Externally-Controlled Input to Select Classes or Code ('Unsafe Reflection'),"If an attacker can supply values that the application then uses to determine which class to instantiate or which method to invoke, the potential exists for the attacker to create control flow paths through the application that were not intended by the application developers. This attack vector may allow the attacker to bypass authentication or access control checks or otherwise cause the application to behave in an unexpected manner."
thingsboard/thingsboard,application/src/main/java/org/thingsboard/server/config/WebConfig.java,java.spring.security.unrestricted-request-mapping.unrestricted-request-mapping,WARNING,CWE-352: Cross-Site Request Forgery (CSRF),"Detected a method annotated with 'RequestMapping' that does not specify the HTTP method. CSRF protections are not enabled for GET, HEAD, TRACE, or OPTIONS, and by default all HTTP methods are allowed when the HTTP method is not explicitly specified. This means that a method that performs state changes could be vulnerable to CSRF attacks. To mitigate, add the 'method' field and specify the HTTP method (such as 'RequestMethod.POST')."
thingsboard/thingsboard,application/src/main/java/org/thingsboard/server/config/WebConfig.java,java.spring.security.unrestricted-request-mapping.unrestricted-request-mapping,WARNING,CWE-352: Cross-Site Request Forgery (CSRF),"Detected a method annotated with 'RequestMapping' that does not specify the HTTP method. CSRF protections are not enabled for GET, HEAD, TRACE, or OPTIONS, and by default all HTTP methods are allowed when the HTTP method is not explicitly specified. This means that a method that performs state changes could be vulnerable to CSRF attacks. To mitigate, add the 'method' field and specify the HTTP method (such as 'RequestMethod.POST')."
thingsboard/thingsboard,application/src/main/java/org/thingsboard/server/config/WebConfig.java,java.spring.security.unrestricted-request-mapping.unrestricted-request-mapping,WARNING,CWE-352: Cross-Site Request Forgery (CSRF),"Detected a method annotated with 'RequestMapping' that does not specify the HTTP method. CSRF protections are not enabled for GET, HEAD, TRACE, or OPTIONS, and by default all HTTP methods are allowed when the HTTP method is not explicitly specified. This means that a method that performs state changes could be vulnerable to CSRF attacks. To mitigate, add the 'method' field and specify the HTTP method (such as 'RequestMethod.POST')."
thingsboard/thingsboard,application/src/main/java/org/thingsboard/server/controller/TwoFactorAuthConfigController.java,generic.secrets.security.detected-generic-secret.detected-generic-secret,ERROR,CWE-798: Use of Hard-coded Credentials,Generic Secret detected
thingsboard/thingsboard,application/src/main/java/org/thingsboard/server/controller/TwoFactorAuthConfigController.java,generic.secrets.security.detected-generic-secret.detected-generic-secret,ERROR,CWE-798: Use of Hard-coded Credentials,Generic Secret detected
thingsboard/thingsboard,application/src/main/java/org/thingsboard/server/exception/ThingsboardErrorResponseHandler.java,java.spring.security.unrestricted-request-mapping.unrestricted-request-mapping,WARNING,CWE-352: Cross-Site Request Forgery (CSRF),"Detected a method annotated with 'RequestMapping' that does not specify the HTTP method. CSRF protections are not enabled for GET, HEAD, TRACE, or OPTIONS, and by default all HTTP methods are allowed when the HTTP method is not explicitly specified. This means that a method that performs state changes could be vulnerable to CSRF attacks. To mitigate, add the 'method' field and specify the HTTP method (such as 'RequestMethod.POST')."
thingsboard/thingsboard,application/src/main/java/org/thingsboard/server/service/component/AnnotationComponentDiscoveryService.java,java.lang.security.audit.unsafe-reflection.unsafe-reflection,WARNING,CWE-470: Use of Externally-Controlled Input to Select Classes or Code ('Unsafe Reflection'),"If an attacker can supply values that the application then uses to determine which class to instantiate or which method to invoke, the potential exists for the attacker to create control flow paths through the application that were not intended by the application developers. This attack vector may allow the attacker to bypass authentication or access control checks or otherwise cause the application to behave in an unexpected manner."
thingsboard/thingsboard,application/src/main/java/org/thingsboard/server/service/install/DefaultDatabaseSchemaSettingsService.java,java.spring.security.audit.spring-sqli.spring-sqli,WARNING,CWE-89: Improper Neutralization of Special Elements used in an SQL Command ('SQL Injection'),Detected a string argument from a public method contract in a raw SQL statement. This could lead to SQL injection if variables in the SQL statement are not properly sanitized. Use a prepared statements (java.sql.PreparedStatement) instead. You can obtain a PreparedStatement using 'connection.prepareStatement'.
thingsboard/thingsboard,application/src/main/java/org/thingsboard/server/service/security/auth/oauth2/CookieUtils.java,java.servlets.security.cookie-issecure-false.cookie-issecure-false,WARNING,CWE-319: Cleartext Transmission of Sensitive Information,Default session middleware settings: `setSecure` not set to true. This ensures that the cookie is sent only over HTTPS to prevent cross-site scripting attacks.
thingsboard/thingsboard,application/src/main/java/org/thingsboard/server/service/security/auth/oauth2/CookieUtils.java,java.lang.security.audit.cookie-missing-secure-flag.cookie-missing-secure-flag,WARNING,CWE-614: Sensitive Cookie in HTTPS Session Without 'Secure' Attribute,A cookie was detected without setting the 'secure' flag. The 'secure' flag for cookies prevents the client from transmitting the cookie over insecure channels such as HTTP. Set the 'secure' flag by calling 'cookie.setSecure(true);'
thingsboard/thingsboard,application/src/main/java/org/thingsboard/server/service/security/auth/rest/LoginResponse.java,generic.secrets.security.detected-jwt-token.detected-jwt-token,ERROR,CWE-321: Use of Hard-coded Cryptographic Key,JWT token detected
thingsboard/thingsboard,application/src/main/java/org/thingsboard/server/service/security/auth/rest/LoginResponse.java,generic.secrets.security.detected-jwt-token.detected-jwt-token,ERROR,CWE-321: Use of Hard-coded Cryptographic Key,JWT token detected
thingsboard/thingsboard,application/src/main/java/org/thingsboard/server/service/solutions/data/emulator/AbstractEmulatorLauncher.java,java.lang.security.audit.unsafe-reflection.unsafe-reflection,WARNING,CWE-470: Use of Externally-Controlled Input to Select Classes or Code ('Unsafe Reflection'),"If an attacker can supply values that the application then uses to determine which class to instantiate or which method to invoke, the potential exists for the attacker to create control flow paths through the application that were not intended by the application developers. This attack vector may allow the attacker to bypass authentication or access control checks or otherwise cause the application to behave in an unexpected manner."
thingsboard/thingsboard,application/src/main/java/org/thingsboard/server/service/solutions/data/values/SequenceValueStrategyGenerator.java,java.lang.security.audit.crypto.weak-random.weak-random,WARNING,CWE-330: Use of Insufficiently Random Values,"Detected use of the functions `Math.random()` or `java.util.Random()`. These are both not cryptographically strong random number generators (RNGs). If you are using these RNGs to create passwords or secret tokens, use `java.security.SecureRandom` instead."
thingsboard/thingsboard,application/src/main/java/org/thingsboard/server/service/state/DefaultDeviceStateService.java,java.lang.security.audit.crypto.weak-random.weak-random,WARNING,CWE-330: Use of Insufficiently Random Values,"Detected use of the functions `Math.random()` or `java.util.Random()`. These are both not cryptographically strong random number generators (RNGs). If you are using these RNGs to create passwords or secret tokens, use `java.security.SecureRandom` instead."
thingsboard/thingsboard,common/cache/src/main/java/org/thingsboard/server/cache/TBRedisCacheConfiguration.java,java.lang.security.audit.weak-ssl-context.weak-ssl-context,WARNING,CWE-326: Inadequate Encryption Strength,"An insecure SSL context was detected. TLS versions 1.0, 1.1, and all SSL versions are considered weak encryption and are deprecated. Use SSLContext.getInstance(""TLSv1.2"") for the best security."
thingsboard/thingsboard,common/coap-server/src/main/java/org/thingsboard/server/coapserver/DefaultCoapServerService.java,java.lang.security.audit.crypto.weak-random.weak-random,WARNING,CWE-330: Use of Insufficiently Random Values,"Detected use of the functions `Math.random()` or `java.util.Random()`. These are both not cryptographically strong random number generators (RNGs). If you are using these RNGs to create passwords or secret tokens, use `java.security.SecureRandom` instead."
thingsboard/thingsboard,common/data/src/main/java/org/thingsboard/server/common/data/JavaSerDesUtil.java,java.lang.security.audit.object-deserialization.object-deserialization,WARNING,CWE-502: Deserialization of Untrusted Data,"Found object deserialization using ObjectInputStream. Deserializing entire Java objects is dangerous because malicious actors can create Java object streams with unintended consequences. Ensure that the objects being deserialized are not user-controlled. If this must be done, consider using HMACs to sign the data stream to make sure it is not tampered with, or consider only transmitting object fields and populating a new object."
thingsboard/thingsboard,common/data/src/main/java/org/thingsboard/server/common/data/util/ReflectionUtils.java,java.lang.security.audit.unsafe-reflection.unsafe-reflection,WARNING,CWE-470: Use of Externally-Controlled Input to Select Classes or Code ('Unsafe Reflection'),"If an attacker can supply values that the application then uses to determine which class to instantiate or which method to invoke, the potential exists for the attacker to create control flow paths through the application that were not intended by the application developers. This attack vector may allow the attacker to bypass authentication or access control checks or otherwise cause the application to behave in an unexpected manner."
thingsboard/thingsboard,common/data/src/main/java/org/thingsboard/server/common/data/util/ReflectionUtils.java,java.lang.security.audit.unsafe-reflection.unsafe-reflection,WARNING,CWE-470: Use of Externally-Controlled Input to Select Classes or Code ('Unsafe Reflection'),"If an attacker can supply values that the application then uses to determine which class to instantiate or which method to invoke, the potential exists for the attacker to create control flow paths through the application that were not intended by the application developers. This attack vector may allow the attacker to bypass authentication or access control checks or otherwise cause the application to behave in an unexpected manner."
thingsboard/thingsboard,common/script/script-api/src/main/java/org/thingsboard/script/api/js/NashornJsInvokeService.java,java.lang.security.audit.script-engine-injection.script-engine-injection,WARNING,CWE-94: Improper Control of Generation of Code ('Code Injection'),"Detected potential code injection using ScriptEngine. Ensure user-controlled data cannot enter '.eval()', otherwise, this is a code injection vulnerability."
thingsboard/thingsboard,common/script/script-api/src/main/java/org/thingsboard/script/api/js/NashornJsInvokeService.java,java.lang.security.audit.script-engine-injection.script-engine-injection,WARNING,CWE-94: Improper Control of Generation of Code ('Code Injection'),"Detected potential code injection using ScriptEngine. Ensure user-controlled data cannot enter '.eval()', otherwise, this is a code injection vulnerability."
thingsboard/thingsboard,common/transport/coap/src/main/java/org/thingsboard/server/transport/coap/CoapTransportResource.java,java.lang.security.audit.crypto.weak-random.weak-random,WARNING,CWE-330: Use of Insufficiently Random Values,"Detected use of the functions `Math.random()` or `java.util.Random()`. These are both not cryptographically strong random number generators (RNGs). If you are using these RNGs to create passwords or secret tokens, use `java.security.SecureRandom` instead."
thingsboard/thingsboard,common/transport/lwm2m/src/main/java/org/thingsboard/server/transport/lwm2m/server/uplink/DefaultLwM2mUplinkMsgHandler.java,java.lang.security.audit.crypto.weak-random.weak-random,WARNING,CWE-330: Use of Insufficiently Random Values,"Detected use of the functions `Math.random()` or `java.util.Random()`. These are both not cryptographically strong random number generators (RNGs). If you are using these RNGs to create passwords or secret tokens, use `java.security.SecureRandom` instead."
thingsboard/thingsboard,common/transport/transport-api/src/main/java/org/thingsboard/server/common/transport/activity/AbstractActivityManager.java,java.lang.security.audit.crypto.weak-random.weak-random,WARNING,CWE-330: Use of Insufficiently Random Values,"Detected use of the functions `Math.random()` or `java.util.Random()`. These are both not cryptographically strong random number generators (RNGs). If you are using these RNGs to create passwords or secret tokens, use `java.security.SecureRandom` instead."
thingsboard/thingsboard,common/transport/transport-api/src/main/java/org/thingsboard/server/common/transport/service/DefaultTransportService.java,java.lang.security.audit.crypto.weak-random.weak-random,WARNING,CWE-330: Use of Insufficiently Random Values,"Detected use of the functions `Math.random()` or `java.util.Random()`. These are both not cryptographically strong random number generators (RNGs). If you are using these RNGs to create passwords or secret tokens, use `java.security.SecureRandom` instead."
thingsboard/thingsboard,msa/js-executor/install.js,javascript.lang.security.audit.path-traversal.path-join-resolve-traversal.path-join-resolve-traversal,WARNING,CWE-22: Improper Limitation of a Pathname to a Restricted Directory ('Path Traversal'),"Detected possible user input going into a `path.join` or `path.resolve` function. This could possibly lead to a path traversal vulnerability,  where the attacker can access arbitrary files stored in the file system. Instead, be sure to sanitize or validate user input first."
thingsboard/thingsboard,msa/web-ui/install.js,javascript.lang.security.audit.path-traversal.path-join-resolve-traversal.path-join-resolve-traversal,WARNING,CWE-22: Improper Limitation of a Pathname to a Restricted Directory ('Path Traversal'),"Detected possible user input going into a `path.join` or `path.resolve` function. This could possibly lead to a path traversal vulnerability,  where the attacker can access arbitrary files stored in the file system. Instead, be sure to sanitize or validate user input first."
thingsboard/thingsboard,rest-client/src/main/java/org/thingsboard/rest/client/RestClient.java,java.java-jwt.security.audit.jwt-decode-without-verify.java-jwt-decode-without-verify,WARNING,CWE-345: Insufficient Verification of Data Authenticity,"Detected the decoding of a JWT token without a verify step. JWT tokens must be verified before use, otherwise the token's integrity is unknown. This means a malicious actor could forge a JWT token with any claims. Call '.verify()' before using the token."
thingsboard/thingsboard,rest-client/src/main/java/org/thingsboard/rest/client/RestClient.java,java.java-jwt.security.audit.jwt-decode-without-verify.java-jwt-decode-without-verify,WARNING,CWE-345: Insufficient Verification of Data Authenticity,"Detected the decoding of a JWT token without a verify step. JWT tokens must be verified before use, otherwise the token's integrity is unknown. This means a malicious actor could forge a JWT token with any claims. Call '.verify()' before using the token."
thingsboard/thingsboard,rest-client/src/main/java/org/thingsboard/rest/client/RestClient.java,java.java-jwt.security.audit.jwt-decode-without-verify.java-jwt-decode-without-verify,WARNING,CWE-345: Insufficient Verification of Data Authenticity,"Detected the decoding of a JWT token without a verify step. JWT tokens must be verified before use, otherwise the token's integrity is unknown. This means a malicious actor could forge a JWT token with any claims. Call '.verify()' before using the token."
thingsboard/thingsboard,tools/src/main/java/org/thingsboard/client/tools/MqttSslClient.java,java.lang.security.audit.weak-ssl-context.weak-ssl-context,WARNING,CWE-326: Inadequate Encryption Strength,"An insecure SSL context was detected. TLS versions 1.0, 1.1, and all SSL versions are considered weak encryption and are deprecated. Use SSLContext.getInstance(""TLSv1.2"") for the best security."
thingsboard/thingsboard,tools/src/main/python/one-way-ssl-mqtt-client.py,python.lang.security.audit.weak-ssl-version.weak-ssl-version,WARNING,CWE-326: Inadequate Encryption Strength,"An insecure SSL version was detected. TLS versions 1.0, 1.1, and all SSL versions are considered weak encryption and are deprecated. Use 'ssl.PROTOCOL_TLSv1_2' or higher."
thingsboard/thingsboard,tools/src/main/python/two-way-ssl-mqtt-client.py,python.lang.security.audit.weak-ssl-version.weak-ssl-version,WARNING,CWE-326: Inadequate Encryption Strength,"An insecure SSL version was detected. TLS versions 1.0, 1.1, and all SSL versions are considered weak encryption and are deprecated. Use 'ssl.PROTOCOL_TLSv1_2' or higher."
thingsboard/thingsboard,ui-ngx/generate-types.js,javascript.lang.security.detect-child-process.detect-child-process,ERROR,CWE-78: Improper Neutralization of Special Elements used in an OS Command ('OS Command Injection'),"Detected calls to child_process from a function argument `cliCommand`. This could lead to a command injection if the input is user controllable. Try to avoid calls to child_process, and if it is needed ensure user input is correctly sanitized or sandboxed. "
thingsboard/thingsboard,ui-ngx/generate-types.js,javascript.lang.security.audit.path-traversal.path-join-resolve-traversal.path-join-resolve-traversal,WARNING,CWE-22: Improper Limitation of a Pathname to a Restricted Directory ('Path Traversal'),"Detected possible user input going into a `path.join` or `path.resolve` function. This could possibly lead to a path traversal vulnerability,  where the attacker can access arbitrary files stored in the file system. Instead, be sure to sanitize or validate user input first."
thingsboard/thingsboard,ui-ngx/generate-types.js,javascript.lang.security.audit.path-traversal.path-join-resolve-traversal.path-join-resolve-traversal,WARNING,CWE-22: Improper Limitation of a Pathname to a Restricted Directory ('Path Traversal'),"Detected possible user input going into a `path.join` or `path.resolve` function. This could possibly lead to a path traversal vulnerability,  where the attacker can access arbitrary files stored in the file system. Instead, be sure to sanitize or validate user input first."
thingsboard/thingsboard,ui-ngx/src/app/core/http/image.service.ts,typescript.angular.security.audit.angular-domsanitizer.angular-bypasssecuritytrust,WARNING,CWE-79: Improper Neutralization of Input During Web Page Generation ('Cross-site Scripting'),"Detected the use of `bypassSecurityTrustUrl`. This can introduce a Cross-Site-Scripting (XSS) vulnerability if this comes from user-provided input. If you have to use `bypassSecurityTrustUrl`, ensure it does not come from user-input or use the appropriate prevention mechanism e.g. input validation or sanitization depending on the context."
thingsboard/thingsboard,ui-ngx/src/app/core/local-storage/local-storage.service.ts,javascript.lang.security.audit.prototype-pollution.prototype-pollution-loop.prototype-pollution-loop,WARNING,CWE-915: Improperly Controlled Modification of Dynamically-Determined Object Attributes,"Possibility of prototype polluting function detected. By adding or modifying attributes of an object prototype, it is possible to create attributes that exist on every object, or replace critical attributes with malicious ones. This can be problematic if the software depends on existence or non-existence of certain attributes, or uses pre-defined attributes of object prototype (such as hasOwnProperty, toString or valueOf). Possible mitigations might be: freezing the object prototype, using an ob"
thingsboard/thingsboard,ui-ngx/src/app/core/meta-reducers/debug.reducer.ts,javascript.lang.security.audit.unsafe-formatstring.unsafe-formatstring,INFO,CWE-134: Use of Externally-Controlled Format String,"Detected string concatenation with a non-literal variable in a util.format / console.log function. If an attacker injects a format specifier in the string, it will forge the log message. Try to use constant values for the format string."
thingsboard/thingsboard,ui-ngx/src/app/core/services/help.service.ts,javascript.lang.security.audit.detect-non-literal-regexp.detect-non-literal-regexp,WARNING,CWE-1333: Inefficient Regular Expression Complexity,"RegExp() called with a `helpData` function argument, this might allow an attacker to cause a Regular Expression Denial-of-Service (ReDoS) within your application as RegExP blocks the main thread. For this reason, it is recommended to use hardcoded regexes instead. If your regex is run on user-controlled input, consider performing input validation or use a regex checking/sanitization library such as https://www.npmjs.com/package/recheck to verify that the regex does not appear vulnerable to ReDoS"
thingsboard/thingsboard,ui-ngx/src/app/core/services/resources.service.ts,javascript.lang.security.audit.unsafe-formatstring.unsafe-formatstring,INFO,CWE-134: Use of Externally-Controlled Format String,"Detected string concatenation with a non-literal variable in a util.format / console.log function. If an attacker injects a format specifier in the string, it will forge the log message. Try to use constant values for the format string."
thingsboard/thingsboard,ui-ngx/src/app/core/services/utils.service.ts,javascript.browser.security.wildcard-postmessage-configuration.wildcard-postmessage-configuration,WARNING,CWE-345: Insufficient Verification of Data Authenticity,"The target origin of the window.postMessage() API is set to ""*"". This could allow for information disclosure due to the possibility of any origin allowed to receive the message."
thingsboard/thingsboard,ui-ngx/src/app/core/services/utils.service.ts,javascript.lang.security.audit.detect-non-literal-regexp.detect-non-literal-regexp,WARNING,CWE-1333: Inefficient Regular Expression Complexity,"RegExp() called with a `name` function argument, this might allow an attacker to cause a Regular Expression Denial-of-Service (ReDoS) within your application as RegExP blocks the main thread. For this reason, it is recommended to use hardcoded regexes instead. If your regex is run on user-controlled input, consider performing input validation or use a regex checking/sanitization library such as https://www.npmjs.com/package/recheck to verify that the regex does not appear vulnerable to ReDoS."
thingsboard/thingsboard,ui-ngx/src/app/core/services/utils.service.ts,javascript.lang.security.audit.detect-non-literal-regexp.detect-non-literal-regexp,WARNING,CWE-1333: Inefficient Regular Expression Complexity,"RegExp() called with a `name` function argument, this might allow an attacker to cause a Regular Expression Denial-of-Service (ReDoS) within your application as RegExP blocks the main thread. For this reason, it is recommended to use hardcoded regexes instead. If your regex is run on user-controlled input, consider performing input validation or use a regex checking/sanitization library such as https://www.npmjs.com/package/recheck to verify that the regex does not appear vulnerable to ReDoS."
thingsboard/thingsboard,ui-ngx/src/app/modules/home/components/dashboard-page/dashboard-page.component.ts,javascript.browser.security.wildcard-postmessage-configuration.wildcard-postmessage-configuration,WARNING,CWE-345: Insufficient Verification of Data Authenticity,"The target origin of the window.postMessage() API is set to ""*"". This could allow for information disclosure due to the possibility of any origin allowed to receive the message."
thingsboard/thingsboard,ui-ngx/src/app/modules/home/components/dashboard-page/dashboard-page.component.ts,javascript.browser.security.wildcard-postmessage-configuration.wildcard-postmessage-configuration,WARNING,CWE-345: Insufficient Verification of Data Authenticity,"The target origin of the window.postMessage() API is set to ""*"". This could allow for information disclosure due to the possibility of any origin allowed to receive the message."
thingsboard/thingsboard,ui-ngx/src/app/modules/home/components/dashboard-page/dashboard-page.component.ts,javascript.browser.security.wildcard-postmessage-configuration.wildcard-postmessage-configuration,WARNING,CWE-345: Insufficient Verification of Data Authenticity,"The target origin of the window.postMessage() API is set to ""*"". This could allow for information disclosure due to the possibility of any origin allowed to receive the message."
thingsboard/thingsboard,ui-ngx/src/app/modules/home/components/widget/lib/maps-legacy/map-models.ts,generic.secrets.security.detected-generic-api-key.detected-generic-api-key,ERROR,CWE-798: Use of Hard-coded Credentials,Generic API Key detected
thingsboard/thingsboard,ui-ngx/src/app/modules/home/components/widget/lib/maps-legacy/map-models.ts,generic.secrets.security.detected-generic-api-key.detected-generic-api-key,ERROR,CWE-798: Use of Hard-coded Credentials,Generic API Key detected
thingsboard/thingsboard,ui-ngx/src/app/modules/home/components/widget/lib/maps-legacy/providers/google-map.ts,generic.secrets.security.detected-generic-api-key.detected-generic-api-key,ERROR,CWE-798: Use of Hard-coded Credentials,Generic API Key detected
thingsboard/thingsboard,ui-ngx/src/app/modules/home/components/widget/lib/maps/leaflet/leaflet-tb.ts,javascript.lang.security.audit.detect-non-literal-regexp.detect-non-literal-regexp,WARNING,CWE-1333: Inefficient Regular Expression Complexity,"RegExp() called with a `options` function argument, this might allow an attacker to cause a Regular Expression Denial-of-Service (ReDoS) within your application as RegExP blocks the main thread. For this reason, it is recommended to use hardcoded regexes instead. If your regex is run on user-controlled input, consider performing input validation or use a regex checking/sanitization library such as https://www.npmjs.com/package/recheck to verify that the regex does not appear vulnerable to ReDoS."
thingsboard/thingsboard,ui-ngx/src/app/modules/home/components/widget/lib/multiple-input-widget.component.ts,javascript.lang.security.audit.unsafe-formatstring.unsafe-formatstring,INFO,CWE-134: Use of Externally-Controlled Format String,"Detected string concatenation with a non-literal variable in a util.format / console.log function. If an attacker injects a format specifier in the string, it will forge the log message. Try to use constant values for the format string."
thingsboard/thingsboard,ui-ngx/src/app/modules/home/components/widget/lib/multiple-input-widget.component.ts,javascript.lang.security.audit.unsafe-formatstring.unsafe-formatstring,INFO,CWE-134: Use of Externally-Controlled Format String,"Detected string concatenation with a non-literal variable in a util.format / console.log function. If an attacker injects a format specifier in the string, it will forge the log message. Try to use constant values for the format string."
thingsboard/thingsboard,ui-ngx/src/app/modules/home/components/widget/lib/scada/scada-symbol.models.ts,javascript.lang.security.audit.detect-non-literal-regexp.detect-non-literal-regexp,WARNING,CWE-1333: Inefficient Regular Expression Complexity,"RegExp() called with a `attrName` function argument, this might allow an attacker to cause a Regular Expression Denial-of-Service (ReDoS) within your application as RegExP blocks the main thread. For this reason, it is recommended to use hardcoded regexes instead. If your regex is run on user-controlled input, consider performing input validation or use a regex checking/sanitization library such as https://www.npmjs.com/package/recheck to verify that the regex does not appear vulnerable to ReDoS"
thingsboard/thingsboard,ui-ngx/src/app/shared/components/image-input.component.ts,typescript.angular.security.audit.angular-domsanitizer.angular-bypasssecuritytrust,WARNING,CWE-79: Improper Neutralization of Input During Web Page Generation ('Cross-site Scripting'),"Detected the use of `bypassSecurityTrustUrl`. This can introduce a Cross-Site-Scripting (XSS) vulnerability if this comes from user-provided input. If you have to use `bypassSecurityTrustUrl`, ensure it does not come from user-input or use the appropriate prevention mechanism e.g. input validation or sanitization depending on the context."
thingsboard/thingsboard,ui-ngx/src/app/shared/import-export/import-dialog-csv.component.ts,javascript.lang.security.audit.incomplete-sanitization.incomplete-sanitization,WARNING,CWE-116: Improper Encoding or Escaping of Output,`error.replace` method will only replace the first occurrence when used with a string argument ('\n'). If this method is used for escaping of dangerous data then there is a possibility for a bypass. Try to use sanitization library instead or use a Regex with a global flag.
thingsboard/thingsboard,ui-ngx/src/app/shared/models/ace/tbel/mode-tbel.js,javascript.lang.security.audit.detect-non-literal-regexp.detect-non-literal-regexp,WARNING,CWE-1333: Inefficient Regular Expression Complexity,"RegExp() called with a `commentRegex` function argument, this might allow an attacker to cause a Regular Expression Denial-of-Service (ReDoS) within your application as RegExP blocks the main thread. For this reason, it is recommended to use hardcoded regexes instead. If your regex is run on user-controlled input, consider performing input validation or use a regex checking/sanitization library such as https://www.npmjs.com/package/recheck to verify that the regex does not appear vulnerable to R"
thingsboard/thingsboard,ui-ngx/src/app/shared/models/ace/tbel/mode-tbel.js,javascript.lang.security.audit.detect-non-literal-regexp.detect-non-literal-regexp,WARNING,CWE-1333: Inefficient Regular Expression Complexity,"RegExp() called with a `commentRegex` function argument, this might allow an attacker to cause a Regular Expression Denial-of-Service (ReDoS) within your application as RegExP blocks the main thread. For this reason, it is recommended to use hardcoded regexes instead. If your regex is run on user-controlled input, consider performing input validation or use a regex checking/sanitization library such as https://www.npmjs.com/package/recheck to verify that the regex does not appear vulnerable to R"
thingsboard/thingsboard,ui-ngx/src/app/shared/models/ace/tbel/worker-tbel.js,javascript.lang.security.audit.prototype-pollution.prototype-pollution-loop.prototype-pollution-loop,WARNING,CWE-915: Improperly Controlled Modification of Dynamically-Determined Object Attributes,"Possibility of prototype polluting function detected. By adding or modifying attributes of an object prototype, it is possible to create attributes that exist on every object, or replace critical attributes with malicious ones. This can be problematic if the software depends on existence or non-existence of certain attributes, or uses pre-defined attributes of object prototype (such as hasOwnProperty, toString or valueOf). Possible mitigations might be: freezing the object prototype, using an ob"
thingsboard/thingsboard,ui-ngx/src/app/shared/models/ace/tbel/worker-tbel.js,javascript.lang.security.audit.prototype-pollution.prototype-pollution-loop.prototype-pollution-loop,WARNING,CWE-915: Improperly Controlled Modification of Dynamically-Determined Object Attributes,"Possibility of prototype polluting function detected. By adding or modifying attributes of an object prototype, it is possible to create attributes that exist on every object, or replace critical attributes with malicious ones. This can be problematic if the software depends on existence or non-existence of certain attributes, or uses pre-defined attributes of object prototype (such as hasOwnProperty, toString or valueOf). Possible mitigations might be: freezing the object prototype, using an ob"
thingsboard/thingsboard,ui-ngx/src/app/shared/models/ace/tbel/worker-tbel.js,javascript.lang.security.audit.detect-non-literal-regexp.detect-non-literal-regexp,WARNING,CWE-1333: Inefficient Regular Expression Complexity,"RegExp() called with a `map` function argument, this might allow an attacker to cause a Regular Expression Denial-of-Service (ReDoS) within your application as RegExP blocks the main thread. For this reason, it is recommended to use hardcoded regexes instead. If your regex is run on user-controlled input, consider performing input validation or use a regex checking/sanitization library such as https://www.npmjs.com/package/recheck to verify that the regex does not appear vulnerable to ReDoS."
thingsboard/thingsboard,ui-ngx/src/app/shared/models/ace/tbel/worker-tbel.js,javascript.lang.security.audit.detect-non-literal-regexp.detect-non-literal-regexp,WARNING,CWE-1333: Inefficient Regular Expression Complexity,"RegExp() called with a `map` function argument, this might allow an attacker to cause a Regular Expression Denial-of-Service (ReDoS) within your application as RegExP blocks the main thread. For this reason, it is recommended to use hardcoded regexes instead. If your regex is run on user-controlled input, consider performing input validation or use a regex checking/sanitization library such as https://www.npmjs.com/package/recheck to verify that the regex does not appear vulnerable to ReDoS."
thingsboard/thingsboard,ui-ngx/src/app/shared/models/ace/tbel/worker-tbel.js,javascript.lang.security.audit.detect-non-literal-regexp.detect-non-literal-regexp,WARNING,CWE-1333: Inefficient Regular Expression Complexity,"RegExp() called with a `oldSettings` function argument, this might allow an attacker to cause a Regular Expression Denial-of-Service (ReDoS) within your application as RegExP blocks the main thread. For this reason, it is recommended to use hardcoded regexes instead. If your regex is run on user-controlled input, consider performing input validation or use a regex checking/sanitization library such as https://www.npmjs.com/package/recheck to verify that the regex does not appear vulnerable to Re"
thingsboard/thingsboard,ui-ngx/src/app/shared/models/ace/tbel/worker-tbel.js,javascript.lang.security.audit.detect-non-literal-regexp.detect-non-literal-regexp,WARNING,CWE-1333: Inefficient Regular Expression Complexity,"RegExp() called with a `settings` function argument, this might allow an attacker to cause a Regular Expression Denial-of-Service (ReDoS) within your application as RegExP blocks the main thread. For this reason, it is recommended to use hardcoded regexes instead. If your regex is run on user-controlled input, consider performing input validation or use a regex checking/sanitization library such as https://www.npmjs.com/package/recheck to verify that the regex does not appear vulnerable to ReDoS"
thingsboard/thingsboard,ui-ngx/src/app/shared/models/ace/tbel/worker-tbel.js,javascript.lang.security.audit.detect-non-literal-regexp.detect-non-literal-regexp,WARNING,CWE-1333: Inefficient Regular Expression Complexity,"RegExp() called with a `set` function argument, this might allow an attacker to cause a Regular Expression Denial-of-Service (ReDoS) within your application as RegExP blocks the main thread. For this reason, it is recommended to use hardcoded regexes instead. If your regex is run on user-controlled input, consider performing input validation or use a regex checking/sanitization library such as https://www.npmjs.com/package/recheck to verify that the regex does not appear vulnerable to ReDoS."
thingsboard/thingsboard,ui-ngx/src/app/shared/models/ace/tbel/worker-tbel.js,javascript.lang.security.audit.detect-non-literal-regexp.detect-non-literal-regexp,WARNING,CWE-1333: Inefficient Regular Expression Complexity,"RegExp() called with a `arr` function argument, this might allow an attacker to cause a Regular Expression Denial-of-Service (ReDoS) within your application as RegExP blocks the main thread. For this reason, it is recommended to use hardcoded regexes instead. If your regex is run on user-controlled input, consider performing input validation or use a regex checking/sanitization library such as https://www.npmjs.com/package/recheck to verify that the regex does not appear vulnerable to ReDoS."
thingsboard/thingsboard,ui-ngx/src/app/shared/models/password.models.ts,javascript.lang.security.audit.detect-non-literal-regexp.detect-non-literal-regexp,WARNING,CWE-1333: Inefficient Regular Expression Complexity,"RegExp() called with a `passwordPolicy` function argument, this might allow an attacker to cause a Regular Expression Denial-of-Service (ReDoS) within your application as RegExP blocks the main thread. For this reason, it is recommended to use hardcoded regexes instead. If your regex is run on user-controlled input, consider performing input validation or use a regex checking/sanitization library such as https://www.npmjs.com/package/recheck to verify that the regex does not appear vulnerable to"
thingsboard/thingsboard,ui-ngx/src/app/shared/models/password.models.ts,javascript.lang.security.audit.detect-non-literal-regexp.detect-non-literal-regexp,WARNING,CWE-1333: Inefficient Regular Expression Complexity,"RegExp() called with a `passwordPolicy` function argument, this might allow an attacker to cause a Regular Expression Denial-of-Service (ReDoS) within your application as RegExP blocks the main thread. For this reason, it is recommended to use hardcoded regexes instead. If your regex is run on user-controlled input, consider performing input validation or use a regex checking/sanitization library such as https://www.npmjs.com/package/recheck to verify that the regex does not appear vulnerable to"
thingsboard/thingsboard,ui-ngx/src/app/shared/models/password.models.ts,javascript.lang.security.audit.detect-non-literal-regexp.detect-non-literal-regexp,WARNING,CWE-1333: Inefficient Regular Expression Complexity,"RegExp() called with a `passwordPolicy` function argument, this might allow an attacker to cause a Regular Expression Denial-of-Service (ReDoS) within your application as RegExP blocks the main thread. For this reason, it is recommended to use hardcoded regexes instead. If your regex is run on user-controlled input, consider performing input validation or use a regex checking/sanitization library such as https://www.npmjs.com/package/recheck to verify that the regex does not appear vulnerable to"
thingsboard/thingsboard,ui-ngx/src/app/shared/models/password.models.ts,javascript.lang.security.audit.detect-non-literal-regexp.detect-non-literal-regexp,WARNING,CWE-1333: Inefficient Regular Expression Complexity,"RegExp() called with a `passwordPolicy` function argument, this might allow an attacker to cause a Regular Expression Denial-of-Service (ReDoS) within your application as RegExP blocks the main thread. For this reason, it is recommended to use hardcoded regexes instead. If your regex is run on user-controlled input, consider performing input validation or use a regex checking/sanitization library such as https://www.npmjs.com/package/recheck to verify that the regex does not appear vulnerable to"
thingsboard/thingsboard,ui-ngx/src/app/shared/models/widget/maps/map.models.ts,generic.secrets.security.detected-generic-api-key.detected-generic-api-key,ERROR,CWE-798: Use of Hard-coded Credentials,Generic API Key detected
thingsboard/thingsboard,ui-ngx/src/app/shared/models/widget/maps/map.models.ts,generic.secrets.security.detected-generic-api-key.detected-generic-api-key,ERROR,CWE-798: Use of Hard-coded Credentials,Generic API Key detected
thingsboard/thingsboard,ui-ngx/src/app/shared/models/widget/maps/marker-shape.models.ts,typescript.angular.security.audit.angular-domsanitizer.angular-bypasssecuritytrust,WARNING,CWE-79: Improper Neutralization of Input During Web Page Generation ('Cross-site Scripting'),"Detected the use of `bypassSecurityTrustResourceUrl`. This can introduce a Cross-Site-Scripting (XSS) vulnerability if this comes from user-provided input. If you have to use `bypassSecurityTrustResourceUrl`, ensure it does not come from user-input or use the appropriate prevention mechanism e.g. input validation or sanitization depending on the context."
thingsboard/thingsboard,ui-ngx/src/app/shared/pipe/highlight.pipe.ts,javascript.lang.security.audit.detect-non-literal-regexp.detect-non-literal-regexp,WARNING,CWE-1333: Inefficient Regular Expression Complexity,"RegExp() called with a `flags` function argument, this might allow an attacker to cause a Regular Expression Denial-of-Service (ReDoS) within your application as RegExP blocks the main thread. For this reason, it is recommended to use hardcoded regexes instead. If your regex is run on user-controlled input, consider performing input validation or use a regex checking/sanitization library such as https://www.npmjs.com/package/recheck to verify that the regex does not appear vulnerable to ReDoS."
thingsboard/thingsboard,ui-ngx/src/app/shared/pipe/highlight.pipe.ts,javascript.lang.security.audit.detect-non-literal-regexp.detect-non-literal-regexp,WARNING,CWE-1333: Inefficient Regular Expression Complexity,"RegExp() called with a `search` function argument, this might allow an attacker to cause a Regular Expression Denial-of-Service (ReDoS) within your application as RegExP blocks the main thread. For this reason, it is recommended to use hardcoded regexes instead. If your regex is run on user-controlled input, consider performing input validation or use a regex checking/sanitization library such as https://www.npmjs.com/package/recheck to verify that the regex does not appear vulnerable to ReDoS."
